ISO-10303-21;
HEADER;
FILE_DESCRIPTION(('KiCad electronic assembly'),'2;1');
FILE_NAME('HW-C2-PCB-DCBUSCAP-A.step','2026-08-16T18:25:17',('Pcbnew'),(
    'Kicad'),'Open CASCADE STEP processor 7.9','KiCad to STEP converter'
  ,'Unknown');
FILE_SCHEMA(('AUTOMOTIVE_DESIGN { 1 0 10303 214 1 1 1 1 }'));
ENDSEC;
DATA;
#1 = APPLICATION_PROTOCOL_DEFINITION('international standard',
  'automotive_design',2000,#2);
#2 = APPLICATION_CONTEXT(
  'core data for automotive mechanical design processes');
#3 = SHAPE_DEFINITION_REPRESENTATION(#4,#10);
#4 = PRODUCT_DEFINITION_SHAPE('','',#5);
#5 = PRODUCT_DEFINITION('design','',#6,#9);
#6 = PRODUCT_DEFINITION_FORMATION('','',#7);
#7 = PRODUCT('HW-C2-PCB-DCBUSCAP-A 1','HW-C2-PCB-DCBUSCAP-A 1','',(#8));
#8 = PRODUCT_CONTEXT('',#2,'mechanical');
#9 = PRODUCT_DEFINITION_CONTEXT('part definition',#2,'design');
#10 = SHAPE_REPRESENTATION('',(#11,#15),#19);
#11 = AXIS2_PLACEMENT_3D('',#12,#13,#14);
#12 = CARTESIAN_POINT('',(0.,0.,0.));
#13 = DIRECTION('',(0.,0.,1.));
#14 = DIRECTION('',(1.,0.,-0.));
#15 = AXIS2_PLACEMENT_3D('',#16,#17,#18);
#16 = CARTESIAN_POINT('',(0.,0.,0.));
#17 = DIRECTION('',(0.,0.,1.));
#18 = DIRECTION('',(1.,0.,-0.));
#19 = ( GEOMETRIC_REPRESENTATION_CONTEXT(3) 
GLOBAL_UNCERTAINTY_ASSIGNED_CONTEXT((#23)) GLOBAL_UNIT_ASSIGNED_CONTEXT(
(#20,#21,#22)) REPRESENTATION_CONTEXT('Context #1',
  '3D Context with UNIT and UNCERTAINTY') );
#20 = ( LENGTH_UNIT() NAMED_UNIT(*) SI_UNIT(.MILLI.,.METRE.) );
#21 = ( NAMED_UNIT(*) PLANE_ANGLE_UNIT() SI_UNIT($,.RADIAN.) );
#22 = ( NAMED_UNIT(*) SI_UNIT($,.STERADIAN.) SOLID_ANGLE_UNIT() );
#23 = UNCERTAINTY_MEASURE_WITH_UNIT(LENGTH_MEASURE(1.E-07),#20,
  'distance_accuracy_value','confusion accuracy');
#24 = PRODUCT_RELATED_PRODUCT_CATEGORY('part',$,(#7));
#25 = SHAPE_DEFINITION_REPRESENTATION(#26,#32);
#26 = PRODUCT_DEFINITION_SHAPE('','',#27);
#27 = PRODUCT_DEFINITION('design','',#28,#31);
#28 = PRODUCT_DEFINITION_FORMATION('','',#29);
#29 = PRODUCT('DCBusCapacitorBoard_PCB','DCBusCapacitorBoard_PCB','',(
    #30));
#30 = PRODUCT_CONTEXT('',#2,'mechanical');
#31 = PRODUCT_DEFINITION_CONTEXT('part definition',#2,'design');
#32 = ADVANCED_BREP_SHAPE_REPRESENTATION('',(#11,#33),#6501);
#33 = MANIFOLD_SOLID_BREP('',#34);
#34 = CLOSED_SHELL('',(#35,#75,#106,#137,#1902,#3667,#3684,#3701,#3718,
    #3735,#3752,#3769,#3786,#3803,#3820,#3837,#3854,#3871,#3888,#3905,
    #3922,#3939,#3956,#3973,#3990,#4007,#4024,#4041,#4058,#4075,#4092,
    #4109,#4121,#4138,#4155,#4172,#4189,#4206,#4223,#4240,#4257,#4274,
    #4291,#4308,#4325,#4342,#4359,#4376,#4393,#4410,#4427,#4444,#4461,
    #4478,#4495,#4512,#4529,#4546,#4563,#4580,#4597,#4614,#4631,#4648,
    #4665,#4682,#4699,#4716,#4733,#4750,#4767,#4784,#4801,#4818,#4835,
    #4852,#4869,#4886,#4903,#4920,#4937,#4954,#4971,#4988,#5005,#5022,
    #5039,#5056,#5073,#5090,#5107,#5124,#5141,#5158,#5175,#5192,#5209,
    #5226,#5243,#5260,#5277,#5294,#5311,#5328,#5345,#5362,#5379,#5396,
    #5413,#5430,#5447,#5464,#5481,#5498,#5515,#5532,#5549,#5566,#5583,
    #5600,#5617,#5634,#5651,#5668,#5685,#5702,#5719,#5736,#5753,#5770,
    #5787,#5804,#5821,#5838,#5855,#5872,#5889,#5906,#5923,#5940,#5957,
    #5974,#5991,#6008,#6025,#6042,#6059,#6076,#6093,#6110,#6127,#6144,
    #6161,#6178,#6195,#6212,#6229,#6246,#6263,#6280,#6297,#6314,#6331,
    #6348,#6365,#6382,#6399,#6416,#6433,#6450,#6467,#6484));
#35 = ADVANCED_FACE('',(#36),#70,.T.);
#36 = FACE_BOUND('',#37,.T.);
#37 = EDGE_LOOP('',(#38,#48,#56,#64));
#38 = ORIENTED_EDGE('',*,*,#39,.T.);
#39 = EDGE_CURVE('',#40,#42,#44,.T.);
#40 = VERTEX_POINT('',#41);
#41 = CARTESIAN_POINT('',(217.,9.006807,0.));
#42 = VERTEX_POINT('',#43);
#43 = CARTESIAN_POINT('',(217.,9.006807,1.51));
#44 = LINE('',#45,#46);
#45 = CARTESIAN_POINT('',(217.,9.006807,0.));
#46 = VECTOR('',#47,1.);
#47 = DIRECTION('',(0.,0.,1.));
#48 = ORIENTED_EDGE('',*,*,#49,.T.);
#49 = EDGE_CURVE('',#42,#50,#52,.T.);
#50 = VERTEX_POINT('',#51);
#51 = CARTESIAN_POINT('',(217.,-5.,1.51));
#52 = LINE('',#53,#54);
#53 = CARTESIAN_POINT('',(217.,9.006807,1.51));
#54 = VECTOR('',#55,1.);
#55 = DIRECTION('',(0.,-1.,0.));
#56 = ORIENTED_EDGE('',*,*,#57,.F.);
#57 = EDGE_CURVE('',#58,#50,#60,.T.);
#58 = VERTEX_POINT('',#59);
#59 = CARTESIAN_POINT('',(217.,-5.,0.));
#60 = LINE('',#61,#62);
#61 = CARTESIAN_POINT('',(217.,-5.,0.));
#62 = VECTOR('',#63,1.);
#63 = DIRECTION('',(0.,0.,1.));
#64 = ORIENTED_EDGE('',*,*,#65,.F.);
#65 = EDGE_CURVE('',#40,#58,#66,.T.);
#66 = LINE('',#67,#68);
#67 = CARTESIAN_POINT('',(217.,9.006807,0.));
#68 = VECTOR('',#69,1.);
#69 = DIRECTION('',(0.,-1.,0.));
#70 = PLANE('',#71);
#71 = AXIS2_PLACEMENT_3D('',#72,#73,#74);
#72 = CARTESIAN_POINT('',(217.,9.006807,0.));
#73 = DIRECTION('',(1.,0.,-0.));
#74 = DIRECTION('',(0.,-1.,0.));
#75 = ADVANCED_FACE('',(#76),#101,.T.);
#76 = FACE_BOUND('',#77,.T.);
#77 = EDGE_LOOP('',(#78,#88,#94,#95));
#78 = ORIENTED_EDGE('',*,*,#79,.T.);
#79 = EDGE_CURVE('',#80,#82,#84,.T.);
#80 = VERTEX_POINT('',#81);
#81 = CARTESIAN_POINT('',(152.995016,9.061263,0.));
#82 = VERTEX_POINT('',#83);
#83 = CARTESIAN_POINT('',(152.995016,9.061263,1.51));
#84 = LINE('',#85,#86);
#85 = CARTESIAN_POINT('',(152.995016,9.061263,0.));
#86 = VECTOR('',#87,1.);
#87 = DIRECTION('',(0.,0.,1.));
#88 = ORIENTED_EDGE('',*,*,#89,.T.);
#89 = EDGE_CURVE('',#82,#42,#90,.T.);
#90 = LINE('',#91,#92);
#91 = CARTESIAN_POINT('',(152.995016,9.061263,1.51));
#92 = VECTOR('',#93,1.);
#93 = DIRECTION('',(0.999999638062,-8.508084353295E-04,0.));
#94 = ORIENTED_EDGE('',*,*,#39,.F.);
#95 = ORIENTED_EDGE('',*,*,#96,.F.);
#96 = EDGE_CURVE('',#80,#40,#97,.T.);
#97 = LINE('',#98,#99);
#98 = CARTESIAN_POINT('',(152.995016,9.061263,0.));
#99 = VECTOR('',#100,1.);
#100 = DIRECTION('',(0.999999638062,-8.508084353295E-04,0.));
#101 = PLANE('',#102);
#102 = AXIS2_PLACEMENT_3D('',#103,#104,#105);
#103 = CARTESIAN_POINT('',(152.995016,9.061263,0.));
#104 = DIRECTION('',(8.508084353295E-04,0.999999638062,-0.));
#105 = DIRECTION('',(0.999999638062,-8.508084353295E-04,0.));
#106 = ADVANCED_FACE('',(#107),#132,.T.);
#107 = FACE_BOUND('',#108,.T.);
#108 = EDGE_LOOP('',(#109,#110,#118,#126));
#109 = ORIENTED_EDGE('',*,*,#57,.T.);
#110 = ORIENTED_EDGE('',*,*,#111,.T.);
#111 = EDGE_CURVE('',#50,#112,#114,.T.);
#112 = VERTEX_POINT('',#113);
#113 = CARTESIAN_POINT('',(243.,-5.,1.51));
#114 = LINE('',#115,#116);
#115 = CARTESIAN_POINT('',(217.,-5.,1.51));
#116 = VECTOR('',#117,1.);
#117 = DIRECTION('',(1.,0.,0.));
#118 = ORIENTED_EDGE('',*,*,#119,.F.);
#119 = EDGE_CURVE('',#120,#112,#122,.T.);
#120 = VERTEX_POINT('',#121);
#121 = CARTESIAN_POINT('',(243.,-5.,0.));
#122 = LINE('',#123,#124);
#123 = CARTESIAN_POINT('',(243.,-5.,0.));
#124 = VECTOR('',#125,1.);
#125 = DIRECTION('',(0.,0.,1.));
#126 = ORIENTED_EDGE('',*,*,#127,.F.);
#127 = EDGE_CURVE('',#58,#120,#128,.T.);
#128 = LINE('',#129,#130);
#129 = CARTESIAN_POINT('',(217.,-5.,0.));
#130 = VECTOR('',#131,1.);
#131 = DIRECTION('',(1.,0.,0.));
#132 = PLANE('',#133);
#133 = AXIS2_PLACEMENT_3D('',#134,#135,#136);
#134 = CARTESIAN_POINT('',(217.,-5.,0.));
#135 = DIRECTION('',(0.,1.,0.));
#136 = DIRECTION('',(1.,0.,0.));
#137 = ADVANCED_FACE('',(#138,#357,#368,#379,#390,#401,#412,#423,#434,
    #445,#456,#467,#478,#489,#500,#511,#522,#533,#544,#555,#566,#577,
    #588,#599,#610,#621,#632,#643,#654,#665,#676,#687,#698,#709,#720,
    #731,#742,#753,#764,#775,#786,#797,#808,#819,#830,#841,#852,#863,
    #874,#885,#896,#907,#918,#929,#940,#951,#962,#973,#984,#995,#1006,
    #1017,#1028,#1039,#1050,#1061,#1072,#1083,#1094,#1105,#1116,#1127,
    #1138,#1149,#1160,#1171,#1182,#1193,#1204,#1215,#1226,#1237,#1248,
    #1259,#1270,#1281,#1292,#1303,#1314,#1325,#1336,#1347,#1358,#1369,
    #1380,#1391,#1402,#1413,#1424,#1435,#1446,#1457,#1468,#1479,#1490,
    #1501,#1512,#1523,#1534,#1545,#1556,#1567,#1578,#1589,#1600,#1611,
    #1622,#1633,#1644,#1655,#1666,#1677,#1688,#1699,#1710,#1721,#1732,
    #1743,#1754,#1765,#1776,#1787,#1798,#1809,#1820,#1831,#1842,#1853,
    #1864,#1875,#1886),#1897,.F.);
#138 = FACE_BOUND('',#139,.F.);
#139 = EDGE_LOOP('',(#140,#141,#142,#150,#158,#166,#174,#182,#190,#198,
    #206,#214,#222,#230,#238,#246,#254,#262,#270,#278,#286,#294,#302,
    #310,#318,#326,#334,#342,#350,#356));
#140 = ORIENTED_EDGE('',*,*,#65,.F.);
#141 = ORIENTED_EDGE('',*,*,#96,.F.);
#142 = ORIENTED_EDGE('',*,*,#143,.F.);
#143 = EDGE_CURVE('',#144,#80,#146,.T.);
#144 = VERTEX_POINT('',#145);
#145 = CARTESIAN_POINT('',(152.983024,-5.033842,0.));
#146 = LINE('',#147,#148);
#147 = CARTESIAN_POINT('',(152.983024,-5.033842,0.));
#148 = VECTOR('',#149,1.);
#149 = DIRECTION('',(8.507915095212E-04,0.999999638077,0.));
#150 = ORIENTED_EDGE('',*,*,#151,.F.);
#151 = EDGE_CURVE('',#152,#144,#154,.T.);
#152 = VERTEX_POINT('',#153);
#153 = CARTESIAN_POINT('',(126.991997,-5.017863,0.));
#154 = LINE('',#155,#156);
#155 = CARTESIAN_POINT('',(126.991997,-5.017863,0.));
#156 = VECTOR('',#157,1.);
#157 = DIRECTION('',(0.999999811017,-6.147889800678E-04,0.));
#158 = ORIENTED_EDGE('',*,*,#159,.F.);
#159 = EDGE_CURVE('',#160,#152,#162,.T.);
#160 = VERTEX_POINT('',#161);
#161 = CARTESIAN_POINT('',(127.000615,8.999999,0.));
#162 = LINE('',#163,#164);
#163 = CARTESIAN_POINT('',(127.000615,8.999999,0.));
#164 = VECTOR('',#165,1.);
#165 = DIRECTION('',(-6.147869319413E-04,-0.999999811018,0.));
#166 = ORIENTED_EDGE('',*,*,#167,.F.);
#167 = EDGE_CURVE('',#168,#160,#170,.T.);
#168 = VERTEX_POINT('',#169);
#169 = CARTESIAN_POINT('',(127.000614,9.,0.));
#170 = LINE('',#171,#172);
#171 = CARTESIAN_POINT('',(127.000614,9.,0.));
#172 = VECTOR('',#173,1.);
#173 = DIRECTION('',(0.707106780559,-0.707106781815,0.));
#174 = ORIENTED_EDGE('',*,*,#175,.F.);
#175 = EDGE_CURVE('',#176,#168,#178,.T.);
#176 = VERTEX_POINT('',#177);
#177 = CARTESIAN_POINT('',(63.,9.,0.));
#178 = LINE('',#179,#180);
#179 = CARTESIAN_POINT('',(63.,9.,0.));
#180 = VECTOR('',#181,1.);
#181 = DIRECTION('',(1.,0.,0.));
#182 = ORIENTED_EDGE('',*,*,#183,.F.);
#183 = EDGE_CURVE('',#184,#176,#186,.T.);
#184 = VERTEX_POINT('',#185);
#185 = CARTESIAN_POINT('',(63.,-5.,0.));
#186 = LINE('',#187,#188);
#187 = CARTESIAN_POINT('',(63.,-5.,0.));
#188 = VECTOR('',#189,1.);
#189 = DIRECTION('',(0.,1.,0.));
#190 = ORIENTED_EDGE('',*,*,#191,.F.);
#191 = EDGE_CURVE('',#192,#184,#194,.T.);
#192 = VERTEX_POINT('',#193);
#193 = CARTESIAN_POINT('',(37.,-5.,0.));
#194 = LINE('',#195,#196);
#195 = CARTESIAN_POINT('',(37.,-5.,0.));
#196 = VECTOR('',#197,1.);
#197 = DIRECTION('',(1.,0.,0.));
#198 = ORIENTED_EDGE('',*,*,#199,.F.);
#199 = EDGE_CURVE('',#200,#192,#202,.T.);
#200 = VERTEX_POINT('',#201);
#201 = CARTESIAN_POINT('',(37.,8.,0.));
#202 = LINE('',#203,#204);
#203 = CARTESIAN_POINT('',(37.,8.,0.));
#204 = VECTOR('',#205,1.);
#205 = DIRECTION('',(0.,-1.,0.));
#206 = ORIENTED_EDGE('',*,*,#207,.F.);
#207 = EDGE_CURVE('',#208,#200,#210,.T.);
#208 = VERTEX_POINT('',#209);
#209 = CARTESIAN_POINT('',(36.,9.,0.));
#210 = LINE('',#211,#212);
#211 = CARTESIAN_POINT('',(36.,9.,0.));
#212 = VECTOR('',#213,1.);
#213 = DIRECTION('',(0.707106781187,-0.707106781187,0.));
#214 = ORIENTED_EDGE('',*,*,#215,.F.);
#215 = EDGE_CURVE('',#216,#208,#218,.T.);
#216 = VERTEX_POINT('',#217);
#217 = CARTESIAN_POINT('',(9.,9.,0.));
#218 = LINE('',#219,#220);
#219 = CARTESIAN_POINT('',(9.,9.,0.));
#220 = VECTOR('',#221,1.);
#221 = DIRECTION('',(1.,0.,0.));
#222 = ORIENTED_EDGE('',*,*,#223,.F.);
#223 = EDGE_CURVE('',#224,#216,#226,.T.);
#224 = VERTEX_POINT('',#225);
#225 = CARTESIAN_POINT('',(0.,-0.,0.));
#226 = LINE('',#227,#228);
#227 = CARTESIAN_POINT('',(0.,-0.,0.));
#228 = VECTOR('',#229,1.);
#229 = DIRECTION('',(0.707106781187,0.707106781187,0.));
#230 = ORIENTED_EDGE('',*,*,#231,.F.);
#231 = EDGE_CURVE('',#232,#224,#234,.T.);
#232 = VERTEX_POINT('',#233);
#233 = CARTESIAN_POINT('',(0.,-85.,0.));
#234 = LINE('',#235,#236);
#235 = CARTESIAN_POINT('',(0.,-85.,0.));
#236 = VECTOR('',#237,1.);
#237 = DIRECTION('',(0.,1.,0.));
#238 = ORIENTED_EDGE('',*,*,#239,.F.);
#239 = EDGE_CURVE('',#240,#232,#242,.T.);
#240 = VERTEX_POINT('',#241);
#241 = CARTESIAN_POINT('',(2.,-87.,0.));
#242 = LINE('',#243,#244);
#243 = CARTESIAN_POINT('',(2.,-87.,0.));
#244 = VECTOR('',#245,1.);
#245 = DIRECTION('',(-0.707106781187,0.707106781187,0.));
#246 = ORIENTED_EDGE('',*,*,#247,.F.);
#247 = EDGE_CURVE('',#248,#240,#250,.T.);
#248 = VERTEX_POINT('',#249);
#249 = CARTESIAN_POINT('',(277.,-87.,0.));
#250 = LINE('',#251,#252);
#251 = CARTESIAN_POINT('',(277.,-87.,0.));
#252 = VECTOR('',#253,1.);
#253 = DIRECTION('',(-1.,0.,0.));
#254 = ORIENTED_EDGE('',*,*,#255,.F.);
#255 = EDGE_CURVE('',#256,#248,#258,.T.);
#256 = VERTEX_POINT('',#257);
#257 = CARTESIAN_POINT('',(292.,-87.,0.));
#258 = LINE('',#259,#260);
#259 = CARTESIAN_POINT('',(292.,-87.,0.));
#260 = VECTOR('',#261,1.);
#261 = DIRECTION('',(-1.,0.,0.));
#262 = ORIENTED_EDGE('',*,*,#263,.F.);
#263 = EDGE_CURVE('',#264,#256,#266,.T.);
#264 = VERTEX_POINT('',#265);
#265 = CARTESIAN_POINT('',(292.,-79.,0.));
#266 = LINE('',#267,#268);
#267 = CARTESIAN_POINT('',(292.,-79.,0.));
#268 = VECTOR('',#269,1.);
#269 = DIRECTION('',(0.,-1.,0.));
#270 = ORIENTED_EDGE('',*,*,#271,.F.);
#271 = EDGE_CURVE('',#272,#264,#274,.T.);
#272 = VERTEX_POINT('',#273);
#273 = CARTESIAN_POINT('',(287.,-74.,0.));
#274 = LINE('',#275,#276);
#275 = CARTESIAN_POINT('',(287.,-74.,0.));
#276 = VECTOR('',#277,1.);
#277 = DIRECTION('',(0.707106781187,-0.707106781187,0.));
#278 = ORIENTED_EDGE('',*,*,#279,.F.);
#279 = EDGE_CURVE('',#280,#272,#282,.T.);
#280 = VERTEX_POINT('',#281);
#281 = CARTESIAN_POINT('',(277.,-74.,0.));
#282 = LINE('',#283,#284);
#283 = CARTESIAN_POINT('',(277.,-74.,0.));
#284 = VECTOR('',#285,1.);
#285 = DIRECTION('',(1.,0.,0.));
#286 = ORIENTED_EDGE('',*,*,#287,.F.);
#287 = EDGE_CURVE('',#288,#280,#290,.T.);
#288 = VERTEX_POINT('',#289);
#289 = CARTESIAN_POINT('',(277.,-22.,0.));
#290 = LINE('',#291,#292);
#291 = CARTESIAN_POINT('',(277.,-22.,0.));
#292 = VECTOR('',#293,1.);
#293 = DIRECTION('',(0.,-1.,0.));
#294 = ORIENTED_EDGE('',*,*,#295,.F.);
#295 = EDGE_CURVE('',#296,#288,#298,.T.);
#296 = VERTEX_POINT('',#297);
#297 = CARTESIAN_POINT('',(278.,-21.,0.));
#298 = LINE('',#299,#300);
#299 = CARTESIAN_POINT('',(278.,-21.,0.));
#300 = VECTOR('',#301,1.);
#301 = DIRECTION('',(-0.707106781187,-0.707106781187,0.));
#302 = ORIENTED_EDGE('',*,*,#303,.F.);
#303 = EDGE_CURVE('',#304,#296,#306,.T.);
#304 = VERTEX_POINT('',#305);
#305 = CARTESIAN_POINT('',(296.99371,-20.980456,0.));
#306 = LINE('',#307,#308);
#307 = CARTESIAN_POINT('',(296.99371,-20.980456,0.));
#308 = VECTOR('',#309,1.);
#309 = DIRECTION('',(-0.999999470609,-1.02897167818E-03,0.));
#310 = ORIENTED_EDGE('',*,*,#311,.F.);
#311 = EDGE_CURVE('',#312,#304,#314,.T.);
#312 = VERTEX_POINT('',#313);
#313 = CARTESIAN_POINT('',(296.981852,-3.988134,0.));
#314 = LINE('',#315,#316);
#315 = CARTESIAN_POINT('',(296.981852,-3.988134,0.));
#316 = VECTOR('',#317,1.);
#317 = DIRECTION('',(6.978444213023E-04,-0.999999756507,0.));
#318 = ORIENTED_EDGE('',*,*,#319,.F.);
#319 = EDGE_CURVE('',#320,#312,#322,.T.);
#320 = VERTEX_POINT('',#321);
#321 = CARTESIAN_POINT('',(284.,9.,0.));
#322 = LINE('',#323,#324);
#323 = CARTESIAN_POINT('',(284.,9.,0.));
#324 = VECTOR('',#325,1.);
#325 = DIRECTION('',(0.706935715175,-0.707277805823,0.));
#326 = ORIENTED_EDGE('',*,*,#327,.F.);
#327 = EDGE_CURVE('',#328,#320,#330,.T.);
#328 = VERTEX_POINT('',#329);
#329 = CARTESIAN_POINT('',(275.,9.,0.));
#330 = LINE('',#331,#332);
#331 = CARTESIAN_POINT('',(275.,9.,0.));
#332 = VECTOR('',#333,1.);
#333 = DIRECTION('',(1.,0.,0.));
#334 = ORIENTED_EDGE('',*,*,#335,.F.);
#335 = EDGE_CURVE('',#336,#328,#338,.T.);
#336 = VERTEX_POINT('',#337);
#337 = CARTESIAN_POINT('',(244.,9.,0.));
#338 = LINE('',#339,#340);
#339 = CARTESIAN_POINT('',(244.,9.,0.));
#340 = VECTOR('',#341,1.);
#341 = DIRECTION('',(1.,0.,0.));
#342 = ORIENTED_EDGE('',*,*,#343,.F.);
#343 = EDGE_CURVE('',#344,#336,#346,.T.);
#344 = VERTEX_POINT('',#345);
#345 = CARTESIAN_POINT('',(243.,8.,0.));
#346 = LINE('',#347,#348);
#347 = CARTESIAN_POINT('',(243.,8.,0.));
#348 = VECTOR('',#349,1.);
#349 = DIRECTION('',(0.707106781187,0.707106781187,0.));
#350 = ORIENTED_EDGE('',*,*,#351,.F.);
#351 = EDGE_CURVE('',#120,#344,#352,.T.);
#352 = LINE('',#353,#354);
#353 = CARTESIAN_POINT('',(243.,-5.,0.));
#354 = VECTOR('',#355,1.);
#355 = DIRECTION('',(0.,1.,0.));
#356 = ORIENTED_EDGE('',*,*,#127,.F.);
#357 = FACE_BOUND('',#358,.F.);
#358 = EDGE_LOOP('',(#359));
#359 = ORIENTED_EDGE('',*,*,#360,.T.);
#360 = EDGE_CURVE('',#361,#361,#363,.T.);
#361 = VERTEX_POINT('',#362);
#362 = CARTESIAN_POINT('',(6.,-84.2,0.));
#363 = CIRCLE('',#364,3.2);
#364 = AXIS2_PLACEMENT_3D('',#365,#366,#367);
#365 = CARTESIAN_POINT('',(6.,-81.,0.));
#366 = DIRECTION('',(-0.,0.,-1.));
#367 = DIRECTION('',(-0.,-1.,0.));
#368 = FACE_BOUND('',#369,.F.);
#369 = EDGE_LOOP('',(#370));
#370 = ORIENTED_EDGE('',*,*,#371,.T.);
#371 = EDGE_CURVE('',#372,#372,#374,.T.);
#372 = VERTEX_POINT('',#373);
#373 = CARTESIAN_POINT('',(22.,-84.,0.));
#374 = CIRCLE('',#375,3.);
#375 = AXIS2_PLACEMENT_3D('',#376,#377,#378);
#376 = CARTESIAN_POINT('',(22.,-81.,0.));
#377 = DIRECTION('',(-0.,0.,-1.));
#378 = DIRECTION('',(-0.,-1.,0.));
#379 = FACE_BOUND('',#380,.F.);
#380 = EDGE_LOOP('',(#381));
#381 = ORIENTED_EDGE('',*,*,#382,.T.);
#382 = EDGE_CURVE('',#383,#383,#385,.T.);
#383 = VERTEX_POINT('',#384);
#384 = CARTESIAN_POINT('',(33.25,-77.5,0.));
#385 = CIRCLE('',#386,0.5);
#386 = AXIS2_PLACEMENT_3D('',#387,#388,#389);
#387 = CARTESIAN_POINT('',(33.25,-77.,0.));
#388 = DIRECTION('',(-0.,0.,-1.));
#389 = DIRECTION('',(-0.,-1.,0.));
#390 = FACE_BOUND('',#391,.F.);
#391 = EDGE_LOOP('',(#392));
#392 = ORIENTED_EDGE('',*,*,#393,.T.);
#393 = EDGE_CURVE('',#394,#394,#396,.T.);
#394 = VERTEX_POINT('',#395);
#395 = CARTESIAN_POINT('',(40.75,-77.5,0.));
#396 = CIRCLE('',#397,0.5);
#397 = AXIS2_PLACEMENT_3D('',#398,#399,#400);
#398 = CARTESIAN_POINT('',(40.75,-77.,0.));
#399 = DIRECTION('',(-0.,0.,-1.));
#400 = DIRECTION('',(-0.,-1.,0.));
#401 = FACE_BOUND('',#402,.F.);
#402 = EDGE_LOOP('',(#403));
#403 = ORIENTED_EDGE('',*,*,#404,.T.);
#404 = EDGE_CURVE('',#405,#405,#407,.T.);
#405 = VERTEX_POINT('',#406);
#406 = CARTESIAN_POINT('',(54.25,-78.,0.));
#407 = CIRCLE('',#408,0.5);
#408 = AXIS2_PLACEMENT_3D('',#409,#410,#411);
#409 = CARTESIAN_POINT('',(54.25,-77.5,0.));
#410 = DIRECTION('',(-0.,0.,-1.));
#411 = DIRECTION('',(-0.,-1.,0.));
#412 = FACE_BOUND('',#413,.F.);
#413 = EDGE_LOOP('',(#414));
#414 = ORIENTED_EDGE('',*,*,#415,.T.);
#415 = EDGE_CURVE('',#416,#416,#418,.T.);
#416 = VERTEX_POINT('',#417);
#417 = CARTESIAN_POINT('',(61.75,-78.,0.));
#418 = CIRCLE('',#419,0.5);
#419 = AXIS2_PLACEMENT_3D('',#420,#421,#422);
#420 = CARTESIAN_POINT('',(61.75,-77.5,0.));
#421 = DIRECTION('',(-0.,0.,-1.));
#422 = DIRECTION('',(-0.,-1.,0.));
#423 = FACE_BOUND('',#424,.F.);
#424 = EDGE_LOOP('',(#425));
#425 = ORIENTED_EDGE('',*,*,#426,.T.);
#426 = EDGE_CURVE('',#427,#427,#429,.T.);
#427 = VERTEX_POINT('',#428);
#428 = CARTESIAN_POINT('',(73.25,-76.5,0.));
#429 = CIRCLE('',#430,0.5);
#430 = AXIS2_PLACEMENT_3D('',#431,#432,#433);
#431 = CARTESIAN_POINT('',(73.25,-76.,0.));
#432 = DIRECTION('',(-0.,0.,-1.));
#433 = DIRECTION('',(-0.,-1.,0.));
#434 = FACE_BOUND('',#435,.F.);
#435 = EDGE_LOOP('',(#436));
#436 = ORIENTED_EDGE('',*,*,#437,.T.);
#437 = EDGE_CURVE('',#438,#438,#440,.T.);
#438 = VERTEX_POINT('',#439);
#439 = CARTESIAN_POINT('',(13.25,-67.,0.));
#440 = CIRCLE('',#441,0.5);
#441 = AXIS2_PLACEMENT_3D('',#442,#443,#444);
#442 = CARTESIAN_POINT('',(13.25,-66.5,0.));
#443 = DIRECTION('',(-0.,0.,-1.));
#444 = DIRECTION('',(-0.,-1.,0.));
#445 = FACE_BOUND('',#446,.F.);
#446 = EDGE_LOOP('',(#447));
#447 = ORIENTED_EDGE('',*,*,#448,.T.);
#448 = EDGE_CURVE('',#449,#449,#451,.T.);
#449 = VERTEX_POINT('',#450);
#450 = CARTESIAN_POINT('',(20.75,-67.,0.));
#451 = CIRCLE('',#452,0.5);
#452 = AXIS2_PLACEMENT_3D('',#453,#454,#455);
#453 = CARTESIAN_POINT('',(20.75,-66.5,0.));
#454 = DIRECTION('',(-0.,0.,-1.));
#455 = DIRECTION('',(-0.,-1.,0.));
#456 = FACE_BOUND('',#457,.F.);
#457 = EDGE_LOOP('',(#458));
#458 = ORIENTED_EDGE('',*,*,#459,.T.);
#459 = EDGE_CURVE('',#460,#460,#462,.T.);
#460 = VERTEX_POINT('',#461);
#461 = CARTESIAN_POINT('',(50.,-66.2,0.));
#462 = CIRCLE('',#463,3.2);
#463 = AXIS2_PLACEMENT_3D('',#464,#465,#466);
#464 = CARTESIAN_POINT('',(50.,-63.,0.));
#465 = DIRECTION('',(-0.,0.,-1.));
#466 = DIRECTION('',(-0.,-1.,0.));
#467 = FACE_BOUND('',#468,.F.);
#468 = EDGE_LOOP('',(#469));
#469 = ORIENTED_EDGE('',*,*,#470,.T.);
#470 = EDGE_CURVE('',#471,#471,#473,.T.);
#471 = VERTEX_POINT('',#472);
#472 = CARTESIAN_POINT('',(80.75,-76.5,0.));
#473 = CIRCLE('',#474,0.5);
#474 = AXIS2_PLACEMENT_3D('',#475,#476,#477);
#475 = CARTESIAN_POINT('',(80.75,-76.,0.));
#476 = DIRECTION('',(-0.,0.,-1.));
#477 = DIRECTION('',(-0.,-1.,0.));
#478 = FACE_BOUND('',#479,.F.);
#479 = EDGE_LOOP('',(#480));
#480 = ORIENTED_EDGE('',*,*,#481,.T.);
#481 = EDGE_CURVE('',#482,#482,#484,.T.);
#482 = VERTEX_POINT('',#483);
#483 = CARTESIAN_POINT('',(91.75,-78.,0.));
#484 = CIRCLE('',#485,0.5);
#485 = AXIS2_PLACEMENT_3D('',#486,#487,#488);
#486 = CARTESIAN_POINT('',(91.75,-77.5,0.));
#487 = DIRECTION('',(-0.,0.,-1.));
#488 = DIRECTION('',(-0.,-1.,0.));
#489 = FACE_BOUND('',#490,.F.);
#490 = EDGE_LOOP('',(#491));
#491 = ORIENTED_EDGE('',*,*,#492,.T.);
#492 = EDGE_CURVE('',#493,#493,#495,.T.);
#493 = VERTEX_POINT('',#494);
#494 = CARTESIAN_POINT('',(99.25,-78.,0.));
#495 = CIRCLE('',#496,0.5);
#496 = AXIS2_PLACEMENT_3D('',#497,#498,#499);
#497 = CARTESIAN_POINT('',(99.25,-77.5,0.));
#498 = DIRECTION('',(-0.,0.,-1.));
#499 = DIRECTION('',(-0.,-1.,0.));
#500 = FACE_BOUND('',#501,.F.);
#501 = EDGE_LOOP('',(#502));
#502 = ORIENTED_EDGE('',*,*,#503,.T.);
#503 = EDGE_CURVE('',#504,#504,#506,.T.);
#504 = VERTEX_POINT('',#505);
#505 = CARTESIAN_POINT('',(110.25,-77.,0.));
#506 = CIRCLE('',#507,0.5);
#507 = AXIS2_PLACEMENT_3D('',#508,#509,#510);
#508 = CARTESIAN_POINT('',(110.25,-76.5,0.));
#509 = DIRECTION('',(-0.,0.,-1.));
#510 = DIRECTION('',(-0.,-1.,0.));
#511 = FACE_BOUND('',#512,.F.);
#512 = EDGE_LOOP('',(#513));
#513 = ORIENTED_EDGE('',*,*,#514,.T.);
#514 = EDGE_CURVE('',#515,#515,#517,.T.);
#515 = VERTEX_POINT('',#516);
#516 = CARTESIAN_POINT('',(117.75,-77.,0.));
#517 = CIRCLE('',#518,0.5);
#518 = AXIS2_PLACEMENT_3D('',#519,#520,#521);
#519 = CARTESIAN_POINT('',(117.75,-76.5,0.));
#520 = DIRECTION('',(-0.,0.,-1.));
#521 = DIRECTION('',(-0.,-1.,0.));
#522 = FACE_BOUND('',#523,.F.);
#523 = EDGE_LOOP('',(#524));
#524 = ORIENTED_EDGE('',*,*,#525,.T.);
#525 = EDGE_CURVE('',#526,#526,#528,.T.);
#526 = VERTEX_POINT('',#527);
#527 = CARTESIAN_POINT('',(128.75,-78.,0.));
#528 = CIRCLE('',#529,0.5);
#529 = AXIS2_PLACEMENT_3D('',#530,#531,#532);
#530 = CARTESIAN_POINT('',(128.75,-77.5,0.));
#531 = DIRECTION('',(-0.,0.,-1.));
#532 = DIRECTION('',(-0.,-1.,0.));
#533 = FACE_BOUND('',#534,.F.);
#534 = EDGE_LOOP('',(#535));
#535 = ORIENTED_EDGE('',*,*,#536,.T.);
#536 = EDGE_CURVE('',#537,#537,#539,.T.);
#537 = VERTEX_POINT('',#538);
#538 = CARTESIAN_POINT('',(136.25,-78.,0.));
#539 = CIRCLE('',#540,0.5);
#540 = AXIS2_PLACEMENT_3D('',#541,#542,#543);
#541 = CARTESIAN_POINT('',(136.25,-77.5,0.));
#542 = DIRECTION('',(-0.,0.,-1.));
#543 = DIRECTION('',(-0.,-1.,0.));
#544 = FACE_BOUND('',#545,.F.);
#545 = EDGE_LOOP('',(#546));
#546 = ORIENTED_EDGE('',*,*,#547,.T.);
#547 = EDGE_CURVE('',#548,#548,#550,.T.);
#548 = VERTEX_POINT('',#549);
#549 = CARTESIAN_POINT('',(147.,-78.,0.));
#550 = CIRCLE('',#551,0.5);
#551 = AXIS2_PLACEMENT_3D('',#552,#553,#554);
#552 = CARTESIAN_POINT('',(147.,-77.5,0.));
#553 = DIRECTION('',(-0.,0.,-1.));
#554 = DIRECTION('',(-0.,-1.,0.));
#555 = FACE_BOUND('',#556,.F.);
#556 = EDGE_LOOP('',(#557));
#557 = ORIENTED_EDGE('',*,*,#558,.T.);
#558 = EDGE_CURVE('',#559,#559,#561,.T.);
#559 = VERTEX_POINT('',#560);
#560 = CARTESIAN_POINT('',(140.,-66.2,0.));
#561 = CIRCLE('',#562,3.2);
#562 = AXIS2_PLACEMENT_3D('',#563,#564,#565);
#563 = CARTESIAN_POINT('',(140.,-63.,0.));
#564 = DIRECTION('',(-0.,0.,-1.));
#565 = DIRECTION('',(-0.,-1.,0.));
#566 = FACE_BOUND('',#567,.F.);
#567 = EDGE_LOOP('',(#568));
#568 = ORIENTED_EDGE('',*,*,#569,.T.);
#569 = EDGE_CURVE('',#570,#570,#572,.T.);
#570 = VERTEX_POINT('',#571);
#571 = CARTESIAN_POINT('',(28.75,-57.,0.));
#572 = CIRCLE('',#573,0.5);
#573 = AXIS2_PLACEMENT_3D('',#574,#575,#576);
#574 = CARTESIAN_POINT('',(28.75,-56.5,0.));
#575 = DIRECTION('',(-0.,0.,-1.));
#576 = DIRECTION('',(-0.,-1.,0.));
#577 = FACE_BOUND('',#578,.F.);
#578 = EDGE_LOOP('',(#579));
#579 = ORIENTED_EDGE('',*,*,#580,.T.);
#580 = EDGE_CURVE('',#581,#581,#583,.T.);
#581 = VERTEX_POINT('',#582);
#582 = CARTESIAN_POINT('',(36.25,-57.,0.));
#583 = CIRCLE('',#584,0.5);
#584 = AXIS2_PLACEMENT_3D('',#585,#586,#587);
#585 = CARTESIAN_POINT('',(36.25,-56.5,0.));
#586 = DIRECTION('',(-0.,0.,-1.));
#587 = DIRECTION('',(-0.,-1.,0.));
#588 = FACE_BOUND('',#589,.F.);
#589 = EDGE_LOOP('',(#590));
#590 = ORIENTED_EDGE('',*,*,#591,.T.);
#591 = EDGE_CURVE('',#592,#592,#594,.T.);
#592 = VERTEX_POINT('',#593);
#593 = CARTESIAN_POINT('',(64.75,-59.5,0.));
#594 = CIRCLE('',#595,0.5);
#595 = AXIS2_PLACEMENT_3D('',#596,#597,#598);
#596 = CARTESIAN_POINT('',(64.75,-59.,0.));
#597 = DIRECTION('',(-0.,0.,-1.));
#598 = DIRECTION('',(-0.,-1.,0.));
#599 = FACE_BOUND('',#600,.F.);
#600 = EDGE_LOOP('',(#601));
#601 = ORIENTED_EDGE('',*,*,#602,.T.);
#602 = EDGE_CURVE('',#603,#603,#605,.T.);
#603 = VERTEX_POINT('',#604);
#604 = CARTESIAN_POINT('',(72.25,-59.5,0.));
#605 = CIRCLE('',#606,0.5);
#606 = AXIS2_PLACEMENT_3D('',#607,#608,#609);
#607 = CARTESIAN_POINT('',(72.25,-59.,0.));
#608 = DIRECTION('',(-0.,0.,-1.));
#609 = DIRECTION('',(-0.,-1.,0.));
#610 = FACE_BOUND('',#611,.F.);
#611 = EDGE_LOOP('',(#612));
#612 = ORIENTED_EDGE('',*,*,#613,.T.);
#613 = EDGE_CURVE('',#614,#614,#616,.T.);
#614 = VERTEX_POINT('',#615);
#615 = CARTESIAN_POINT('',(6.25,-49.5,0.));
#616 = CIRCLE('',#617,0.5);
#617 = AXIS2_PLACEMENT_3D('',#618,#619,#620);
#618 = CARTESIAN_POINT('',(6.25,-49.,0.));
#619 = DIRECTION('',(-0.,0.,-1.));
#620 = DIRECTION('',(-0.,-1.,0.));
#621 = FACE_BOUND('',#622,.F.);
#622 = EDGE_LOOP('',(#623));
#623 = ORIENTED_EDGE('',*,*,#624,.T.);
#624 = EDGE_CURVE('',#625,#625,#627,.T.);
#625 = VERTEX_POINT('',#626);
#626 = CARTESIAN_POINT('',(13.75,-49.5,0.));
#627 = CIRCLE('',#628,0.5);
#628 = AXIS2_PLACEMENT_3D('',#629,#630,#631);
#629 = CARTESIAN_POINT('',(13.75,-49.,0.));
#630 = DIRECTION('',(-0.,0.,-1.));
#631 = DIRECTION('',(-0.,-1.,0.));
#632 = FACE_BOUND('',#633,.F.);
#633 = EDGE_LOOP('',(#634));
#634 = ORIENTED_EDGE('',*,*,#635,.T.);
#635 = EDGE_CURVE('',#636,#636,#638,.T.);
#636 = VERTEX_POINT('',#637);
#637 = CARTESIAN_POINT('',(22.75,-39.5,0.));
#638 = CIRCLE('',#639,0.5);
#639 = AXIS2_PLACEMENT_3D('',#640,#641,#642);
#640 = CARTESIAN_POINT('',(22.75,-39.,0.));
#641 = DIRECTION('',(-0.,0.,-1.));
#642 = DIRECTION('',(-0.,-1.,0.));
#643 = FACE_BOUND('',#644,.F.);
#644 = EDGE_LOOP('',(#645));
#645 = ORIENTED_EDGE('',*,*,#646,.T.);
#646 = EDGE_CURVE('',#647,#647,#649,.T.);
#647 = VERTEX_POINT('',#648);
#648 = CARTESIAN_POINT('',(30.25,-39.5,0.));
#649 = CIRCLE('',#650,0.5);
#650 = AXIS2_PLACEMENT_3D('',#651,#652,#653);
#651 = CARTESIAN_POINT('',(30.25,-39.,0.));
#652 = DIRECTION('',(-0.,0.,-1.));
#653 = DIRECTION('',(-0.,-1.,0.));
#654 = FACE_BOUND('',#655,.F.);
#655 = EDGE_LOOP('',(#656));
#656 = ORIENTED_EDGE('',*,*,#657,.T.);
#657 = EDGE_CURVE('',#658,#658,#660,.T.);
#658 = VERTEX_POINT('',#659);
#659 = CARTESIAN_POINT('',(62.5,-41.,0.));
#660 = CIRCLE('',#661,0.5);
#661 = AXIS2_PLACEMENT_3D('',#662,#663,#664);
#662 = CARTESIAN_POINT('',(62.5,-40.5,0.));
#663 = DIRECTION('',(-0.,0.,-1.));
#664 = DIRECTION('',(-0.,-1.,0.));
#665 = FACE_BOUND('',#666,.F.);
#666 = EDGE_LOOP('',(#667));
#667 = ORIENTED_EDGE('',*,*,#668,.T.);
#668 = EDGE_CURVE('',#669,#669,#671,.T.);
#669 = VERTEX_POINT('',#670);
#670 = CARTESIAN_POINT('',(70.,-41.,0.));
#671 = CIRCLE('',#672,0.5);
#672 = AXIS2_PLACEMENT_3D('',#673,#674,#675);
#673 = CARTESIAN_POINT('',(70.,-40.5,0.));
#674 = DIRECTION('',(-0.,0.,-1.));
#675 = DIRECTION('',(-0.,-1.,0.));
#676 = FACE_BOUND('',#677,.F.);
#677 = EDGE_LOOP('',(#678));
#678 = ORIENTED_EDGE('',*,*,#679,.T.);
#679 = EDGE_CURVE('',#680,#680,#682,.T.);
#680 = VERTEX_POINT('',#681);
#681 = CARTESIAN_POINT('',(83.,-60.5,0.));
#682 = CIRCLE('',#683,0.5);
#683 = AXIS2_PLACEMENT_3D('',#684,#685,#686);
#684 = CARTESIAN_POINT('',(83.,-60.,0.));
#685 = DIRECTION('',(-0.,0.,-1.));
#686 = DIRECTION('',(-0.,-1.,0.));
#687 = FACE_BOUND('',#688,.F.);
#688 = EDGE_LOOP('',(#689));
#689 = ORIENTED_EDGE('',*,*,#690,.T.);
#690 = EDGE_CURVE('',#691,#691,#693,.T.);
#691 = VERTEX_POINT('',#692);
#692 = CARTESIAN_POINT('',(90.5,-60.5,0.));
#693 = CIRCLE('',#694,0.5);
#694 = AXIS2_PLACEMENT_3D('',#695,#696,#697);
#695 = CARTESIAN_POINT('',(90.5,-60.,0.));
#696 = DIRECTION('',(-0.,0.,-1.));
#697 = DIRECTION('',(-0.,-1.,0.));
#698 = FACE_BOUND('',#699,.F.);
#699 = EDGE_LOOP('',(#700));
#700 = ORIENTED_EDGE('',*,*,#701,.T.);
#701 = EDGE_CURVE('',#702,#702,#704,.T.);
#702 = VERTEX_POINT('',#703);
#703 = CARTESIAN_POINT('',(106.5,-59.,0.));
#704 = CIRCLE('',#705,0.5);
#705 = AXIS2_PLACEMENT_3D('',#706,#707,#708);
#706 = CARTESIAN_POINT('',(106.5,-58.5,0.));
#707 = DIRECTION('',(-0.,0.,-1.));
#708 = DIRECTION('',(-0.,-1.,0.));
#709 = FACE_BOUND('',#710,.F.);
#710 = EDGE_LOOP('',(#711));
#711 = ORIENTED_EDGE('',*,*,#712,.T.);
#712 = EDGE_CURVE('',#713,#713,#715,.T.);
#713 = VERTEX_POINT('',#714);
#714 = CARTESIAN_POINT('',(114.,-59.,0.));
#715 = CIRCLE('',#716,0.5);
#716 = AXIS2_PLACEMENT_3D('',#717,#718,#719);
#717 = CARTESIAN_POINT('',(114.,-58.5,0.));
#718 = DIRECTION('',(-0.,0.,-1.));
#719 = DIRECTION('',(-0.,-1.,0.));
#720 = FACE_BOUND('',#721,.F.);
#721 = EDGE_LOOP('',(#722));
#722 = ORIENTED_EDGE('',*,*,#723,.T.);
#723 = EDGE_CURVE('',#724,#724,#726,.T.);
#724 = VERTEX_POINT('',#725);
#725 = CARTESIAN_POINT('',(123.75,-51.,0.));
#726 = CIRCLE('',#727,0.5);
#727 = AXIS2_PLACEMENT_3D('',#728,#729,#730);
#728 = CARTESIAN_POINT('',(123.75,-50.5,0.));
#729 = DIRECTION('',(-0.,0.,-1.));
#730 = DIRECTION('',(-0.,-1.,0.));
#731 = FACE_BOUND('',#732,.F.);
#732 = EDGE_LOOP('',(#733));
#733 = ORIENTED_EDGE('',*,*,#734,.T.);
#734 = EDGE_CURVE('',#735,#735,#737,.T.);
#735 = VERTEX_POINT('',#736);
#736 = CARTESIAN_POINT('',(131.25,-51.,0.));
#737 = CIRCLE('',#738,0.5);
#738 = AXIS2_PLACEMENT_3D('',#739,#740,#741);
#739 = CARTESIAN_POINT('',(131.25,-50.5,0.));
#740 = DIRECTION('',(-0.,0.,-1.));
#741 = DIRECTION('',(-0.,-1.,0.));
#742 = FACE_BOUND('',#743,.F.);
#743 = EDGE_LOOP('',(#744));
#744 = ORIENTED_EDGE('',*,*,#745,.T.);
#745 = EDGE_CURVE('',#746,#746,#748,.T.);
#746 = VERTEX_POINT('',#747);
#747 = CARTESIAN_POINT('',(82.5,-48.,0.));
#748 = CIRCLE('',#749,3.);
#749 = AXIS2_PLACEMENT_3D('',#750,#751,#752);
#750 = CARTESIAN_POINT('',(82.5,-45.,0.));
#751 = DIRECTION('',(-0.,0.,-1.));
#752 = DIRECTION('',(-0.,-1.,0.));
#753 = FACE_BOUND('',#754,.F.);
#754 = EDGE_LOOP('',(#755));
#755 = ORIENTED_EDGE('',*,*,#756,.T.);
#756 = EDGE_CURVE('',#757,#757,#759,.T.);
#757 = VERTEX_POINT('',#758);
#758 = CARTESIAN_POINT('',(94.,-45.,0.));
#759 = CIRCLE('',#760,0.5);
#760 = AXIS2_PLACEMENT_3D('',#761,#762,#763);
#761 = CARTESIAN_POINT('',(94.,-44.5,0.));
#762 = DIRECTION('',(-0.,0.,-1.));
#763 = DIRECTION('',(-0.,-1.,0.));
#764 = FACE_BOUND('',#765,.F.);
#765 = EDGE_LOOP('',(#766));
#766 = ORIENTED_EDGE('',*,*,#767,.T.);
#767 = EDGE_CURVE('',#768,#768,#770,.T.);
#768 = VERTEX_POINT('',#769);
#769 = CARTESIAN_POINT('',(101.5,-45.,0.));
#770 = CIRCLE('',#771,0.5);
#771 = AXIS2_PLACEMENT_3D('',#772,#773,#774);
#772 = CARTESIAN_POINT('',(101.5,-44.5,0.));
#773 = DIRECTION('',(-0.,0.,-1.));
#774 = DIRECTION('',(-0.,-1.,0.));
#775 = FACE_BOUND('',#776,.F.);
#776 = EDGE_LOOP('',(#777));
#777 = ORIENTED_EDGE('',*,*,#778,.T.);
#778 = EDGE_CURVE('',#779,#779,#781,.T.);
#779 = VERTEX_POINT('',#780);
#780 = CARTESIAN_POINT('',(154.5,-78.,0.));
#781 = CIRCLE('',#782,0.5);
#782 = AXIS2_PLACEMENT_3D('',#783,#784,#785);
#783 = CARTESIAN_POINT('',(154.5,-77.5,0.));
#784 = DIRECTION('',(-0.,0.,-1.));
#785 = DIRECTION('',(-0.,-1.,0.));
#786 = FACE_BOUND('',#787,.F.);
#787 = EDGE_LOOP('',(#788));
#788 = ORIENTED_EDGE('',*,*,#789,.T.);
#789 = EDGE_CURVE('',#790,#790,#792,.T.);
#790 = VERTEX_POINT('',#791);
#791 = CARTESIAN_POINT('',(165.75,-75.5,0.));
#792 = CIRCLE('',#793,0.5);
#793 = AXIS2_PLACEMENT_3D('',#794,#795,#796);
#794 = CARTESIAN_POINT('',(165.75,-75.,0.));
#795 = DIRECTION('',(-0.,0.,-1.));
#796 = DIRECTION('',(-0.,-1.,0.));
#797 = FACE_BOUND('',#798,.F.);
#798 = EDGE_LOOP('',(#799));
#799 = ORIENTED_EDGE('',*,*,#800,.T.);
#800 = EDGE_CURVE('',#801,#801,#803,.T.);
#801 = VERTEX_POINT('',#802);
#802 = CARTESIAN_POINT('',(173.25,-75.5,0.));
#803 = CIRCLE('',#804,0.5);
#804 = AXIS2_PLACEMENT_3D('',#805,#806,#807);
#805 = CARTESIAN_POINT('',(173.25,-75.,0.));
#806 = DIRECTION('',(-0.,0.,-1.));
#807 = DIRECTION('',(-0.,-1.,0.));
#808 = FACE_BOUND('',#809,.F.);
#809 = EDGE_LOOP('',(#810));
#810 = ORIENTED_EDGE('',*,*,#811,.T.);
#811 = EDGE_CURVE('',#812,#812,#814,.T.);
#812 = VERTEX_POINT('',#813);
#813 = CARTESIAN_POINT('',(185.,-84.2,0.));
#814 = CIRCLE('',#815,3.2);
#815 = AXIS2_PLACEMENT_3D('',#816,#817,#818);
#816 = CARTESIAN_POINT('',(185.,-81.,0.));
#817 = DIRECTION('',(-0.,0.,-1.));
#818 = DIRECTION('',(-0.,-1.,0.));
#819 = FACE_BOUND('',#820,.F.);
#820 = EDGE_LOOP('',(#821));
#821 = ORIENTED_EDGE('',*,*,#822,.T.);
#822 = EDGE_CURVE('',#823,#823,#825,.T.);
#823 = VERTEX_POINT('',#824);
#824 = CARTESIAN_POINT('',(198.75,-78.5,0.));
#825 = CIRCLE('',#826,0.5);
#826 = AXIS2_PLACEMENT_3D('',#827,#828,#829);
#827 = CARTESIAN_POINT('',(198.75,-78.,0.));
#828 = DIRECTION('',(-0.,0.,-1.));
#829 = DIRECTION('',(-0.,-1.,0.));
#830 = FACE_BOUND('',#831,.F.);
#831 = EDGE_LOOP('',(#832));
#832 = ORIENTED_EDGE('',*,*,#833,.T.);
#833 = EDGE_CURVE('',#834,#834,#836,.T.);
#834 = VERTEX_POINT('',#835);
#835 = CARTESIAN_POINT('',(206.25,-78.5,0.));
#836 = CIRCLE('',#837,0.5);
#837 = AXIS2_PLACEMENT_3D('',#838,#839,#840);
#838 = CARTESIAN_POINT('',(206.25,-78.,0.));
#839 = DIRECTION('',(-0.,0.,-1.));
#840 = DIRECTION('',(-0.,-1.,0.));
#841 = FACE_BOUND('',#842,.F.);
#842 = EDGE_LOOP('',(#843));
#843 = ORIENTED_EDGE('',*,*,#844,.T.);
#844 = EDGE_CURVE('',#845,#845,#847,.T.);
#845 = VERTEX_POINT('',#846);
#846 = CARTESIAN_POINT('',(217.25,-77.5,0.));
#847 = CIRCLE('',#848,0.5);
#848 = AXIS2_PLACEMENT_3D('',#849,#850,#851);
#849 = CARTESIAN_POINT('',(217.25,-77.,0.));
#850 = DIRECTION('',(-0.,0.,-1.));
#851 = DIRECTION('',(-0.,-1.,0.));
#852 = FACE_BOUND('',#853,.F.);
#853 = EDGE_LOOP('',(#854));
#854 = ORIENTED_EDGE('',*,*,#855,.T.);
#855 = EDGE_CURVE('',#856,#856,#858,.T.);
#856 = VERTEX_POINT('',#857);
#857 = CARTESIAN_POINT('',(181.25,-63.5,0.));
#858 = CIRCLE('',#859,0.5);
#859 = AXIS2_PLACEMENT_3D('',#860,#861,#862);
#860 = CARTESIAN_POINT('',(181.25,-63.,0.));
#861 = DIRECTION('',(-0.,0.,-1.));
#862 = DIRECTION('',(-0.,-1.,0.));
#863 = FACE_BOUND('',#864,.F.);
#864 = EDGE_LOOP('',(#865));
#865 = ORIENTED_EDGE('',*,*,#866,.T.);
#866 = EDGE_CURVE('',#867,#867,#869,.T.);
#867 = VERTEX_POINT('',#868);
#868 = CARTESIAN_POINT('',(188.75,-63.5,0.));
#869 = CIRCLE('',#870,0.5);
#870 = AXIS2_PLACEMENT_3D('',#871,#872,#873);
#871 = CARTESIAN_POINT('',(188.75,-63.,0.));
#872 = DIRECTION('',(-0.,0.,-1.));
#873 = DIRECTION('',(-0.,-1.,0.));
#874 = FACE_BOUND('',#875,.F.);
#875 = EDGE_LOOP('',(#876));
#876 = ORIENTED_EDGE('',*,*,#877,.T.);
#877 = EDGE_CURVE('',#878,#878,#880,.T.);
#878 = VERTEX_POINT('',#879);
#879 = CARTESIAN_POINT('',(254.,-82.,0.));
#880 = CIRCLE('',#881,3.);
#881 = AXIS2_PLACEMENT_3D('',#882,#883,#884);
#882 = CARTESIAN_POINT('',(254.,-79.,0.));
#883 = DIRECTION('',(-0.,0.,-1.));
#884 = DIRECTION('',(-0.,-1.,0.));
#885 = FACE_BOUND('',#886,.F.);
#886 = EDGE_LOOP('',(#887));
#887 = ORIENTED_EDGE('',*,*,#888,.T.);
#888 = EDGE_CURVE('',#889,#889,#891,.T.);
#889 = VERTEX_POINT('',#890);
#890 = CARTESIAN_POINT('',(224.75,-77.5,0.));
#891 = CIRCLE('',#892,0.5);
#892 = AXIS2_PLACEMENT_3D('',#893,#894,#895);
#893 = CARTESIAN_POINT('',(224.75,-77.,0.));
#894 = DIRECTION('',(-0.,0.,-1.));
#895 = DIRECTION('',(-0.,-1.,0.));
#896 = FACE_BOUND('',#897,.F.);
#897 = EDGE_LOOP('',(#898));
#898 = ORIENTED_EDGE('',*,*,#899,.T.);
#899 = EDGE_CURVE('',#900,#900,#902,.T.);
#900 = VERTEX_POINT('',#901);
#901 = CARTESIAN_POINT('',(236.25,-77.5,0.));
#902 = CIRCLE('',#903,0.5);
#903 = AXIS2_PLACEMENT_3D('',#904,#905,#906);
#904 = CARTESIAN_POINT('',(236.25,-77.,0.));
#905 = DIRECTION('',(-0.,0.,-1.));
#906 = DIRECTION('',(-0.,-1.,0.));
#907 = FACE_BOUND('',#908,.F.);
#908 = EDGE_LOOP('',(#909));
#909 = ORIENTED_EDGE('',*,*,#910,.T.);
#910 = EDGE_CURVE('',#911,#911,#913,.T.);
#911 = VERTEX_POINT('',#912);
#912 = CARTESIAN_POINT('',(243.75,-77.5,0.));
#913 = CIRCLE('',#914,0.5);
#914 = AXIS2_PLACEMENT_3D('',#915,#916,#917);
#915 = CARTESIAN_POINT('',(243.75,-77.,0.));
#916 = DIRECTION('',(-0.,0.,-1.));
#917 = DIRECTION('',(-0.,-1.,0.));
#918 = FACE_BOUND('',#919,.F.);
#919 = EDGE_LOOP('',(#920));
#920 = ORIENTED_EDGE('',*,*,#921,.T.);
#921 = EDGE_CURVE('',#922,#922,#924,.T.);
#922 = VERTEX_POINT('',#923);
#923 = CARTESIAN_POINT('',(285.,-84.2,0.));
#924 = CIRCLE('',#925,3.2);
#925 = AXIS2_PLACEMENT_3D('',#926,#927,#928);
#926 = CARTESIAN_POINT('',(285.,-81.,0.));
#927 = DIRECTION('',(-0.,0.,-1.));
#928 = DIRECTION('',(-0.,-1.,0.));
#929 = FACE_BOUND('',#930,.F.);
#930 = EDGE_LOOP('',(#931));
#931 = ORIENTED_EDGE('',*,*,#932,.T.);
#932 = EDGE_CURVE('',#933,#933,#935,.T.);
#933 = VERTEX_POINT('',#934);
#934 = CARTESIAN_POINT('',(264.5,-78.,0.));
#935 = CIRCLE('',#936,0.5);
#936 = AXIS2_PLACEMENT_3D('',#937,#938,#939);
#937 = CARTESIAN_POINT('',(264.5,-77.5,0.));
#938 = DIRECTION('',(-0.,0.,-1.));
#939 = DIRECTION('',(-0.,-1.,0.));
#940 = FACE_BOUND('',#941,.F.);
#941 = EDGE_LOOP('',(#942));
#942 = ORIENTED_EDGE('',*,*,#943,.T.);
#943 = EDGE_CURVE('',#944,#944,#946,.T.);
#944 = VERTEX_POINT('',#945);
#945 = CARTESIAN_POINT('',(272.,-78.,0.));
#946 = CIRCLE('',#947,0.5);
#947 = AXIS2_PLACEMENT_3D('',#948,#949,#950);
#948 = CARTESIAN_POINT('',(272.,-77.5,0.));
#949 = DIRECTION('',(-0.,0.,-1.));
#950 = DIRECTION('',(-0.,-1.,0.));
#951 = FACE_BOUND('',#952,.F.);
#952 = EDGE_LOOP('',(#953));
#953 = ORIENTED_EDGE('',*,*,#954,.T.);
#954 = EDGE_CURVE('',#955,#955,#957,.T.);
#955 = VERTEX_POINT('',#956);
#956 = CARTESIAN_POINT('',(230.,-66.2,0.));
#957 = CIRCLE('',#958,3.2);
#958 = AXIS2_PLACEMENT_3D('',#959,#960,#961);
#959 = CARTESIAN_POINT('',(230.,-63.,0.));
#960 = DIRECTION('',(-0.,0.,-1.));
#961 = DIRECTION('',(-0.,-1.,0.));
#962 = FACE_BOUND('',#963,.F.);
#963 = EDGE_LOOP('',(#964));
#964 = ORIENTED_EDGE('',*,*,#965,.T.);
#965 = EDGE_CURVE('',#966,#966,#968,.T.);
#966 = VERTEX_POINT('',#967);
#967 = CARTESIAN_POINT('',(251.25,-65.5,0.));
#968 = CIRCLE('',#969,0.5);
#969 = AXIS2_PLACEMENT_3D('',#970,#971,#972);
#970 = CARTESIAN_POINT('',(251.25,-65.,0.));
#971 = DIRECTION('',(-0.,0.,-1.));
#972 = DIRECTION('',(-0.,-1.,0.));
#973 = FACE_BOUND('',#974,.F.);
#974 = EDGE_LOOP('',(#975));
#975 = ORIENTED_EDGE('',*,*,#976,.T.);
#976 = EDGE_CURVE('',#977,#977,#979,.T.);
#977 = VERTEX_POINT('',#978);
#978 = CARTESIAN_POINT('',(258.75,-65.5,0.));
#979 = CIRCLE('',#980,0.5);
#980 = AXIS2_PLACEMENT_3D('',#981,#982,#983);
#981 = CARTESIAN_POINT('',(258.75,-65.,0.));
#982 = DIRECTION('',(-0.,0.,-1.));
#983 = DIRECTION('',(-0.,-1.,0.));
#984 = FACE_BOUND('',#985,.F.);
#985 = EDGE_LOOP('',(#986));
#986 = ORIENTED_EDGE('',*,*,#987,.T.);
#987 = EDGE_CURVE('',#988,#988,#990,.T.);
#988 = VERTEX_POINT('',#989);
#989 = CARTESIAN_POINT('',(269.,-67.,0.));
#990 = CIRCLE('',#991,3.);
#991 = AXIS2_PLACEMENT_3D('',#992,#993,#994);
#992 = CARTESIAN_POINT('',(269.,-64.,0.));
#993 = DIRECTION('',(-0.,0.,-1.));
#994 = DIRECTION('',(-0.,-1.,0.));
#995 = FACE_BOUND('',#996,.F.);
#996 = EDGE_LOOP('',(#997));
#997 = ORIENTED_EDGE('',*,*,#998,.T.);
#998 = EDGE_CURVE('',#999,#999,#1001,.T.);
#999 = VERTEX_POINT('',#1000);
#1000 = CARTESIAN_POINT('',(153.75,-61.,0.));
#1001 = CIRCLE('',#1002,0.5);
#1002 = AXIS2_PLACEMENT_3D('',#1003,#1004,#1005);
#1003 = CARTESIAN_POINT('',(153.75,-60.5,0.));
#1004 = DIRECTION('',(-0.,0.,-1.));
#1005 = DIRECTION('',(-0.,-1.,0.));
#1006 = FACE_BOUND('',#1007,.F.);
#1007 = EDGE_LOOP('',(#1008));
#1008 = ORIENTED_EDGE('',*,*,#1009,.T.);
#1009 = EDGE_CURVE('',#1010,#1010,#1012,.T.);
#1010 = VERTEX_POINT('',#1011);
#1011 = CARTESIAN_POINT('',(161.25,-61.,0.));
#1012 = CIRCLE('',#1013,0.5);
#1013 = AXIS2_PLACEMENT_3D('',#1014,#1015,#1016);
#1014 = CARTESIAN_POINT('',(161.25,-60.5,0.));
#1015 = DIRECTION('',(-0.,0.,-1.));
#1016 = DIRECTION('',(-0.,-1.,0.));
#1017 = FACE_BOUND('',#1018,.F.);
#1018 = EDGE_LOOP('',(#1019));
#1019 = ORIENTED_EDGE('',*,*,#1020,.T.);
#1020 = EDGE_CURVE('',#1021,#1021,#1023,.T.);
#1021 = VERTEX_POINT('',#1022);
#1022 = CARTESIAN_POINT('',(200.,-60.,0.));
#1023 = CIRCLE('',#1024,0.5);
#1024 = AXIS2_PLACEMENT_3D('',#1025,#1026,#1027);
#1025 = CARTESIAN_POINT('',(200.,-59.5,0.));
#1026 = DIRECTION('',(-0.,0.,-1.));
#1027 = DIRECTION('',(-0.,-1.,0.));
#1028 = FACE_BOUND('',#1029,.F.);
#1029 = EDGE_LOOP('',(#1030));
#1030 = ORIENTED_EDGE('',*,*,#1031,.T.);
#1031 = EDGE_CURVE('',#1032,#1032,#1034,.T.);
#1032 = VERTEX_POINT('',#1033);
#1033 = CARTESIAN_POINT('',(207.5,-60.,0.));
#1034 = CIRCLE('',#1035,0.5);
#1035 = AXIS2_PLACEMENT_3D('',#1036,#1037,#1038);
#1036 = CARTESIAN_POINT('',(207.5,-59.5,0.));
#1037 = DIRECTION('',(-0.,0.,-1.));
#1038 = DIRECTION('',(-0.,-1.,0.));
#1039 = FACE_BOUND('',#1040,.F.);
#1040 = EDGE_LOOP('',(#1041));
#1041 = ORIENTED_EDGE('',*,*,#1042,.T.);
#1042 = EDGE_CURVE('',#1043,#1043,#1045,.T.);
#1043 = VERTEX_POINT('',#1044);
#1044 = CARTESIAN_POINT('',(169.25,-49.5,0.));
#1045 = CIRCLE('',#1046,0.5);
#1046 = AXIS2_PLACEMENT_3D('',#1047,#1048,#1049);
#1047 = CARTESIAN_POINT('',(169.25,-49.,0.));
#1048 = DIRECTION('',(-0.,0.,-1.));
#1049 = DIRECTION('',(-0.,-1.,0.));
#1050 = FACE_BOUND('',#1051,.F.);
#1051 = EDGE_LOOP('',(#1052));
#1052 = ORIENTED_EDGE('',*,*,#1053,.T.);
#1053 = EDGE_CURVE('',#1054,#1054,#1056,.T.);
#1054 = VERTEX_POINT('',#1055);
#1055 = CARTESIAN_POINT('',(176.75,-49.5,0.));
#1056 = CIRCLE('',#1057,0.5);
#1057 = AXIS2_PLACEMENT_3D('',#1058,#1059,#1060);
#1058 = CARTESIAN_POINT('',(176.75,-49.,0.));
#1059 = DIRECTION('',(-0.,0.,-1.));
#1060 = DIRECTION('',(-0.,-1.,0.));
#1061 = FACE_BOUND('',#1062,.F.);
#1062 = EDGE_LOOP('',(#1063));
#1063 = ORIENTED_EDGE('',*,*,#1064,.T.);
#1064 = EDGE_CURVE('',#1065,#1065,#1067,.T.);
#1065 = VERTEX_POINT('',#1066);
#1066 = CARTESIAN_POINT('',(152.75,-41.5,0.));
#1067 = CIRCLE('',#1068,0.5);
#1068 = AXIS2_PLACEMENT_3D('',#1069,#1070,#1071);
#1069 = CARTESIAN_POINT('',(152.75,-41.,0.));
#1070 = DIRECTION('',(-0.,0.,-1.));
#1071 = DIRECTION('',(-0.,-1.,0.));
#1072 = FACE_BOUND('',#1073,.F.);
#1073 = EDGE_LOOP('',(#1074));
#1074 = ORIENTED_EDGE('',*,*,#1075,.T.);
#1075 = EDGE_CURVE('',#1076,#1076,#1078,.T.);
#1076 = VERTEX_POINT('',#1077);
#1077 = CARTESIAN_POINT('',(160.25,-41.5,0.));
#1078 = CIRCLE('',#1079,0.5);
#1079 = AXIS2_PLACEMENT_3D('',#1080,#1081,#1082);
#1080 = CARTESIAN_POINT('',(160.25,-41.,0.));
#1081 = DIRECTION('',(-0.,0.,-1.));
#1082 = DIRECTION('',(-0.,-1.,0.));
#1083 = FACE_BOUND('',#1084,.F.);
#1084 = EDGE_LOOP('',(#1085));
#1085 = ORIENTED_EDGE('',*,*,#1086,.T.);
#1086 = EDGE_CURVE('',#1087,#1087,#1089,.T.);
#1087 = VERTEX_POINT('',#1088);
#1088 = CARTESIAN_POINT('',(216.,-50.,0.));
#1089 = CIRCLE('',#1090,0.5);
#1090 = AXIS2_PLACEMENT_3D('',#1091,#1092,#1093);
#1091 = CARTESIAN_POINT('',(216.,-49.5,0.));
#1092 = DIRECTION('',(-0.,0.,-1.));
#1093 = DIRECTION('',(-0.,-1.,0.));
#1094 = FACE_BOUND('',#1095,.F.);
#1095 = EDGE_LOOP('',(#1096));
#1096 = ORIENTED_EDGE('',*,*,#1097,.T.);
#1097 = EDGE_CURVE('',#1098,#1098,#1100,.T.);
#1098 = VERTEX_POINT('',#1099);
#1099 = CARTESIAN_POINT('',(190.75,-44.,0.));
#1100 = CIRCLE('',#1101,0.5);
#1101 = AXIS2_PLACEMENT_3D('',#1102,#1103,#1104);
#1102 = CARTESIAN_POINT('',(190.75,-43.5,0.));
#1103 = DIRECTION('',(-0.,0.,-1.));
#1104 = DIRECTION('',(-0.,-1.,0.));
#1105 = FACE_BOUND('',#1106,.F.);
#1106 = EDGE_LOOP('',(#1107));
#1107 = ORIENTED_EDGE('',*,*,#1108,.T.);
#1108 = EDGE_CURVE('',#1109,#1109,#1111,.T.);
#1109 = VERTEX_POINT('',#1110);
#1110 = CARTESIAN_POINT('',(198.25,-44.,0.));
#1111 = CIRCLE('',#1112,0.5);
#1112 = AXIS2_PLACEMENT_3D('',#1113,#1114,#1115);
#1113 = CARTESIAN_POINT('',(198.25,-43.5,0.));
#1114 = DIRECTION('',(-0.,0.,-1.));
#1115 = DIRECTION('',(-0.,-1.,0.));
#1116 = FACE_BOUND('',#1117,.F.);
#1117 = EDGE_LOOP('',(#1118));
#1118 = ORIENTED_EDGE('',*,*,#1119,.T.);
#1119 = EDGE_CURVE('',#1120,#1120,#1122,.T.);
#1120 = VERTEX_POINT('',#1121);
#1121 = CARTESIAN_POINT('',(223.5,-50.,0.));
#1122 = CIRCLE('',#1123,0.5);
#1123 = AXIS2_PLACEMENT_3D('',#1124,#1125,#1126);
#1124 = CARTESIAN_POINT('',(223.5,-49.5,0.));
#1125 = DIRECTION('',(-0.,0.,-1.));
#1126 = DIRECTION('',(-0.,-1.,0.));
#1127 = FACE_BOUND('',#1128,.F.);
#1128 = EDGE_LOOP('',(#1129));
#1129 = ORIENTED_EDGE('',*,*,#1130,.T.);
#1130 = EDGE_CURVE('',#1131,#1131,#1133,.T.);
#1131 = VERTEX_POINT('',#1132);
#1132 = CARTESIAN_POINT('',(243.75,-49.,0.));
#1133 = CIRCLE('',#1134,0.5);
#1134 = AXIS2_PLACEMENT_3D('',#1135,#1136,#1137);
#1135 = CARTESIAN_POINT('',(243.75,-48.5,0.));
#1136 = DIRECTION('',(-0.,0.,-1.));
#1137 = DIRECTION('',(-0.,-1.,0.));
#1138 = FACE_BOUND('',#1139,.F.);
#1139 = EDGE_LOOP('',(#1140));
#1140 = ORIENTED_EDGE('',*,*,#1141,.T.);
#1141 = EDGE_CURVE('',#1142,#1142,#1144,.T.);
#1142 = VERTEX_POINT('',#1143);
#1143 = CARTESIAN_POINT('',(251.25,-49.,0.));
#1144 = CIRCLE('',#1145,0.5);
#1145 = AXIS2_PLACEMENT_3D('',#1146,#1147,#1148);
#1146 = CARTESIAN_POINT('',(251.25,-48.5,0.));
#1147 = DIRECTION('',(-0.,0.,-1.));
#1148 = DIRECTION('',(-0.,-1.,0.));
#1149 = FACE_BOUND('',#1150,.F.);
#1150 = EDGE_LOOP('',(#1151));
#1151 = ORIENTED_EDGE('',*,*,#1152,.T.);
#1152 = EDGE_CURVE('',#1153,#1153,#1155,.T.);
#1153 = VERTEX_POINT('',#1154);
#1154 = CARTESIAN_POINT('',(263.25,-50.5,0.));
#1155 = CIRCLE('',#1156,0.5);
#1156 = AXIS2_PLACEMENT_3D('',#1157,#1158,#1159);
#1157 = CARTESIAN_POINT('',(263.25,-50.,0.));
#1158 = DIRECTION('',(-0.,0.,-1.));
#1159 = DIRECTION('',(-0.,-1.,0.));
#1160 = FACE_BOUND('',#1161,.F.);
#1161 = EDGE_LOOP('',(#1162));
#1162 = ORIENTED_EDGE('',*,*,#1163,.T.);
#1163 = EDGE_CURVE('',#1164,#1164,#1166,.T.);
#1164 = VERTEX_POINT('',#1165);
#1165 = CARTESIAN_POINT('',(270.75,-50.5,0.));
#1166 = CIRCLE('',#1167,0.5);
#1167 = AXIS2_PLACEMENT_3D('',#1168,#1169,#1170);
#1168 = CARTESIAN_POINT('',(270.75,-50.,0.));
#1169 = DIRECTION('',(-0.,0.,-1.));
#1170 = DIRECTION('',(-0.,-1.,0.));
#1171 = FACE_BOUND('',#1172,.F.);
#1172 = EDGE_LOOP('',(#1173));
#1173 = ORIENTED_EDGE('',*,*,#1174,.T.);
#1174 = EDGE_CURVE('',#1175,#1175,#1177,.T.);
#1175 = VERTEX_POINT('',#1176);
#1176 = CARTESIAN_POINT('',(6.25,-30.5,0.));
#1177 = CIRCLE('',#1178,0.5);
#1178 = AXIS2_PLACEMENT_3D('',#1179,#1180,#1181);
#1179 = CARTESIAN_POINT('',(6.25,-30.,0.));
#1180 = DIRECTION('',(-0.,0.,-1.));
#1181 = DIRECTION('',(-0.,-1.,0.));
#1182 = FACE_BOUND('',#1183,.F.);
#1183 = EDGE_LOOP('',(#1184));
#1184 = ORIENTED_EDGE('',*,*,#1185,.T.);
#1185 = EDGE_CURVE('',#1186,#1186,#1188,.T.);
#1186 = VERTEX_POINT('',#1187);
#1187 = CARTESIAN_POINT('',(13.75,-30.5,0.));
#1188 = CIRCLE('',#1189,0.5);
#1189 = AXIS2_PLACEMENT_3D('',#1190,#1191,#1192);
#1190 = CARTESIAN_POINT('',(13.75,-30.,0.));
#1191 = DIRECTION('',(-0.,0.,-1.));
#1192 = DIRECTION('',(-0.,-1.,0.));
#1193 = FACE_BOUND('',#1194,.F.);
#1194 = EDGE_LOOP('',(#1195));
#1195 = ORIENTED_EDGE('',*,*,#1196,.T.);
#1196 = EDGE_CURVE('',#1197,#1197,#1199,.T.);
#1197 = VERTEX_POINT('',#1198);
#1198 = CARTESIAN_POINT('',(50.,-38.2,0.));
#1199 = CIRCLE('',#1200,3.2);
#1200 = AXIS2_PLACEMENT_3D('',#1201,#1202,#1203);
#1201 = CARTESIAN_POINT('',(50.,-35.,0.));
#1202 = DIRECTION('',(-0.,0.,-1.));
#1203 = DIRECTION('',(-0.,-1.,0.));
#1204 = FACE_BOUND('',#1205,.F.);
#1205 = EDGE_LOOP('',(#1206));
#1206 = ORIENTED_EDGE('',*,*,#1207,.T.);
#1207 = EDGE_CURVE('',#1208,#1208,#1210,.T.);
#1208 = VERTEX_POINT('',#1209);
#1209 = CARTESIAN_POINT('',(24.,-20.5,0.));
#1210 = CIRCLE('',#1211,0.5);
#1211 = AXIS2_PLACEMENT_3D('',#1212,#1213,#1214);
#1212 = CARTESIAN_POINT('',(24.,-20.,0.));
#1213 = DIRECTION('',(-0.,0.,-1.));
#1214 = DIRECTION('',(-0.,-1.,0.));
#1215 = FACE_BOUND('',#1216,.F.);
#1216 = EDGE_LOOP('',(#1217));
#1217 = ORIENTED_EDGE('',*,*,#1218,.T.);
#1218 = EDGE_CURVE('',#1219,#1219,#1221,.T.);
#1219 = VERTEX_POINT('',#1220);
#1220 = CARTESIAN_POINT('',(31.5,-20.5,0.));
#1221 = CIRCLE('',#1222,0.5);
#1222 = AXIS2_PLACEMENT_3D('',#1223,#1224,#1225);
#1223 = CARTESIAN_POINT('',(31.5,-20.,0.));
#1224 = DIRECTION('',(-0.,0.,-1.));
#1225 = DIRECTION('',(-0.,-1.,0.));
#1226 = FACE_BOUND('',#1227,.F.);
#1227 = EDGE_LOOP('',(#1228));
#1228 = ORIENTED_EDGE('',*,*,#1229,.T.);
#1229 = EDGE_CURVE('',#1230,#1230,#1232,.T.);
#1230 = VERTEX_POINT('',#1231);
#1231 = CARTESIAN_POINT('',(60.25,-19.,0.));
#1232 = CIRCLE('',#1233,0.5);
#1233 = AXIS2_PLACEMENT_3D('',#1234,#1235,#1236);
#1234 = CARTESIAN_POINT('',(60.25,-18.5,0.));
#1235 = DIRECTION('',(-0.,0.,-1.));
#1236 = DIRECTION('',(-0.,-1.,0.));
#1237 = FACE_BOUND('',#1238,.F.);
#1238 = EDGE_LOOP('',(#1239));
#1239 = ORIENTED_EDGE('',*,*,#1240,.T.);
#1240 = EDGE_CURVE('',#1241,#1241,#1243,.T.);
#1241 = VERTEX_POINT('',#1242);
#1242 = CARTESIAN_POINT('',(67.75,-19.,0.));
#1243 = CIRCLE('',#1244,0.5);
#1244 = AXIS2_PLACEMENT_3D('',#1245,#1246,#1247);
#1245 = CARTESIAN_POINT('',(67.75,-18.5,0.));
#1246 = DIRECTION('',(-0.,0.,-1.));
#1247 = DIRECTION('',(-0.,-1.,0.));
#1248 = FACE_BOUND('',#1249,.F.);
#1249 = EDGE_LOOP('',(#1250));
#1250 = ORIENTED_EDGE('',*,*,#1251,.T.);
#1251 = EDGE_CURVE('',#1252,#1252,#1254,.T.);
#1252 = VERTEX_POINT('',#1253);
#1253 = CARTESIAN_POINT('',(77.25,-30.5,0.));
#1254 = CIRCLE('',#1255,0.5);
#1255 = AXIS2_PLACEMENT_3D('',#1256,#1257,#1258);
#1256 = CARTESIAN_POINT('',(77.25,-30.,0.));
#1257 = DIRECTION('',(-0.,0.,-1.));
#1258 = DIRECTION('',(-0.,-1.,0.));
#1259 = FACE_BOUND('',#1260,.F.);
#1260 = EDGE_LOOP('',(#1261));
#1261 = ORIENTED_EDGE('',*,*,#1262,.T.);
#1262 = EDGE_CURVE('',#1263,#1263,#1265,.T.);
#1263 = VERTEX_POINT('',#1264);
#1264 = CARTESIAN_POINT('',(84.75,-30.5,0.));
#1265 = CIRCLE('',#1266,0.5);
#1266 = AXIS2_PLACEMENT_3D('',#1267,#1268,#1269);
#1267 = CARTESIAN_POINT('',(84.75,-30.,0.));
#1268 = DIRECTION('',(-0.,0.,-1.));
#1269 = DIRECTION('',(-0.,-1.,0.));
#1270 = FACE_BOUND('',#1271,.F.);
#1271 = EDGE_LOOP('',(#1272));
#1272 = ORIENTED_EDGE('',*,*,#1273,.T.);
#1273 = EDGE_CURVE('',#1274,#1274,#1276,.T.);
#1274 = VERTEX_POINT('',#1275);
#1275 = CARTESIAN_POINT('',(111.25,-37.5,0.));
#1276 = CIRCLE('',#1277,0.5);
#1277 = AXIS2_PLACEMENT_3D('',#1278,#1279,#1280);
#1278 = CARTESIAN_POINT('',(111.25,-37.,0.));
#1279 = DIRECTION('',(-0.,0.,-1.));
#1280 = DIRECTION('',(-0.,-1.,0.));
#1281 = FACE_BOUND('',#1282,.F.);
#1282 = EDGE_LOOP('',(#1283));
#1283 = ORIENTED_EDGE('',*,*,#1284,.T.);
#1284 = EDGE_CURVE('',#1285,#1285,#1287,.T.);
#1285 = VERTEX_POINT('',#1286);
#1286 = CARTESIAN_POINT('',(118.75,-37.5,0.));
#1287 = CIRCLE('',#1288,0.5);
#1288 = AXIS2_PLACEMENT_3D('',#1289,#1290,#1291);
#1289 = CARTESIAN_POINT('',(118.75,-37.,0.));
#1290 = DIRECTION('',(-0.,0.,-1.));
#1291 = DIRECTION('',(-0.,-1.,0.));
#1292 = FACE_BOUND('',#1293,.F.);
#1293 = EDGE_LOOP('',(#1294));
#1294 = ORIENTED_EDGE('',*,*,#1295,.T.);
#1295 = EDGE_CURVE('',#1296,#1296,#1298,.T.);
#1296 = VERTEX_POINT('',#1297);
#1297 = CARTESIAN_POINT('',(140.,-38.2,0.));
#1298 = CIRCLE('',#1299,3.2);
#1299 = AXIS2_PLACEMENT_3D('',#1300,#1301,#1302);
#1300 = CARTESIAN_POINT('',(140.,-35.,0.));
#1301 = DIRECTION('',(-0.,0.,-1.));
#1302 = DIRECTION('',(-0.,-1.,0.));
#1303 = FACE_BOUND('',#1304,.F.);
#1304 = EDGE_LOOP('',(#1305));
#1305 = ORIENTED_EDGE('',*,*,#1306,.T.);
#1306 = EDGE_CURVE('',#1307,#1307,#1309,.T.);
#1307 = VERTEX_POINT('',#1308);
#1308 = CARTESIAN_POINT('',(95.25,-26.5,0.));
#1309 = CIRCLE('',#1310,0.5);
#1310 = AXIS2_PLACEMENT_3D('',#1311,#1312,#1313);
#1311 = CARTESIAN_POINT('',(95.25,-26.,0.));
#1312 = DIRECTION('',(-0.,0.,-1.));
#1313 = DIRECTION('',(-0.,-1.,0.));
#1314 = FACE_BOUND('',#1315,.F.);
#1315 = EDGE_LOOP('',(#1316));
#1316 = ORIENTED_EDGE('',*,*,#1317,.T.);
#1317 = EDGE_CURVE('',#1318,#1318,#1320,.T.);
#1318 = VERTEX_POINT('',#1319);
#1319 = CARTESIAN_POINT('',(102.75,-26.5,0.));
#1320 = CIRCLE('',#1321,0.5);
#1321 = AXIS2_PLACEMENT_3D('',#1322,#1323,#1324);
#1322 = CARTESIAN_POINT('',(102.75,-26.,0.));
#1323 = DIRECTION('',(-0.,0.,-1.));
#1324 = DIRECTION('',(-0.,-1.,0.));
#1325 = FACE_BOUND('',#1326,.F.);
#1326 = EDGE_LOOP('',(#1327));
#1327 = ORIENTED_EDGE('',*,*,#1328,.T.);
#1328 = EDGE_CURVE('',#1329,#1329,#1331,.T.);
#1329 = VERTEX_POINT('',#1330);
#1330 = CARTESIAN_POINT('',(114.25,-19.,0.));
#1331 = CIRCLE('',#1332,0.5);
#1332 = AXIS2_PLACEMENT_3D('',#1333,#1334,#1335);
#1333 = CARTESIAN_POINT('',(114.25,-18.5,0.));
#1334 = DIRECTION('',(-0.,0.,-1.));
#1335 = DIRECTION('',(-0.,-1.,0.));
#1336 = FACE_BOUND('',#1337,.F.);
#1337 = EDGE_LOOP('',(#1338));
#1338 = ORIENTED_EDGE('',*,*,#1339,.T.);
#1339 = EDGE_CURVE('',#1340,#1340,#1342,.T.);
#1340 = VERTEX_POINT('',#1341);
#1341 = CARTESIAN_POINT('',(121.75,-19.,0.));
#1342 = CIRCLE('',#1343,0.5);
#1343 = AXIS2_PLACEMENT_3D('',#1344,#1345,#1346);
#1344 = CARTESIAN_POINT('',(121.75,-18.5,0.));
#1345 = DIRECTION('',(-0.,0.,-1.));
#1346 = DIRECTION('',(-0.,-1.,0.));
#1347 = FACE_BOUND('',#1348,.F.);
#1348 = EDGE_LOOP('',(#1349));
#1349 = ORIENTED_EDGE('',*,*,#1350,.T.);
#1350 = EDGE_CURVE('',#1351,#1351,#1353,.T.);
#1351 = VERTEX_POINT('',#1352);
#1352 = CARTESIAN_POINT('',(133.,-18.5,0.));
#1353 = CIRCLE('',#1354,0.5);
#1354 = AXIS2_PLACEMENT_3D('',#1355,#1356,#1357);
#1355 = CARTESIAN_POINT('',(133.,-18.,0.));
#1356 = DIRECTION('',(-0.,0.,-1.));
#1357 = DIRECTION('',(-0.,-1.,0.));
#1358 = FACE_BOUND('',#1359,.F.);
#1359 = EDGE_LOOP('',(#1360));
#1360 = ORIENTED_EDGE('',*,*,#1361,.T.);
#1361 = EDGE_CURVE('',#1362,#1362,#1364,.T.);
#1362 = VERTEX_POINT('',#1363);
#1363 = CARTESIAN_POINT('',(140.5,-18.5,0.));
#1364 = CIRCLE('',#1365,0.5);
#1365 = AXIS2_PLACEMENT_3D('',#1366,#1367,#1368);
#1366 = CARTESIAN_POINT('',(140.5,-18.,0.));
#1367 = DIRECTION('',(-0.,0.,-1.));
#1368 = DIRECTION('',(-0.,-1.,0.));
#1369 = FACE_BOUND('',#1370,.F.);
#1370 = EDGE_LOOP('',(#1371));
#1371 = ORIENTED_EDGE('',*,*,#1372,.T.);
#1372 = EDGE_CURVE('',#1373,#1373,#1375,.T.);
#1373 = VERTEX_POINT('',#1374);
#1374 = CARTESIAN_POINT('',(7.25,-11.5,0.));
#1375 = CIRCLE('',#1376,0.5);
#1376 = AXIS2_PLACEMENT_3D('',#1377,#1378,#1379);
#1377 = CARTESIAN_POINT('',(7.25,-11.,0.));
#1378 = DIRECTION('',(-0.,0.,-1.));
#1379 = DIRECTION('',(-0.,-1.,0.));
#1380 = FACE_BOUND('',#1381,.F.);
#1381 = EDGE_LOOP('',(#1382));
#1382 = ORIENTED_EDGE('',*,*,#1383,.T.);
#1383 = EDGE_CURVE('',#1384,#1384,#1386,.T.);
#1384 = VERTEX_POINT('',#1385);
#1385 = CARTESIAN_POINT('',(14.75,-11.5,0.));
#1386 = CIRCLE('',#1387,0.5);
#1387 = AXIS2_PLACEMENT_3D('',#1388,#1389,#1390);
#1388 = CARTESIAN_POINT('',(14.75,-11.,0.));
#1389 = DIRECTION('',(-0.,0.,-1.));
#1390 = DIRECTION('',(-0.,-1.,0.));
#1391 = FACE_BOUND('',#1392,.F.);
#1392 = EDGE_LOOP('',(#1393));
#1393 = ORIENTED_EDGE('',*,*,#1394,.T.);
#1394 = EDGE_CURVE('',#1395,#1395,#1397,.T.);
#1395 = VERTEX_POINT('',#1396);
#1396 = CARTESIAN_POINT('',(42.,-15.1,0.));
#1397 = CIRCLE('',#1398,0.5);
#1398 = AXIS2_PLACEMENT_3D('',#1399,#1400,#1401);
#1399 = CARTESIAN_POINT('',(42.,-14.6,0.));
#1400 = DIRECTION('',(-0.,0.,-1.));
#1401 = DIRECTION('',(-0.,-1.,0.));
#1402 = FACE_BOUND('',#1403,.F.);
#1403 = EDGE_LOOP('',(#1404));
#1404 = ORIENTED_EDGE('',*,*,#1405,.T.);
#1405 = EDGE_CURVE('',#1406,#1406,#1408,.T.);
#1406 = VERTEX_POINT('',#1407);
#1407 = CARTESIAN_POINT('',(49.5,-15.1,0.));
#1408 = CIRCLE('',#1409,0.5);
#1409 = AXIS2_PLACEMENT_3D('',#1410,#1411,#1412);
#1410 = CARTESIAN_POINT('',(49.5,-14.6,0.));
#1411 = DIRECTION('',(-0.,0.,-1.));
#1412 = DIRECTION('',(-0.,-1.,0.));
#1413 = FACE_BOUND('',#1414,.F.);
#1414 = EDGE_LOOP('',(#1415));
#1415 = ORIENTED_EDGE('',*,*,#1416,.T.);
#1416 = EDGE_CURVE('',#1417,#1417,#1419,.T.);
#1417 = VERTEX_POINT('',#1418);
#1418 = CARTESIAN_POINT('',(23.5,-1.5,0.));
#1419 = CIRCLE('',#1420,0.5);
#1420 = AXIS2_PLACEMENT_3D('',#1421,#1422,#1423);
#1421 = CARTESIAN_POINT('',(23.5,-1.,0.));
#1422 = DIRECTION('',(-0.,0.,-1.));
#1423 = DIRECTION('',(-0.,-1.,0.));
#1424 = FACE_BOUND('',#1425,.F.);
#1425 = EDGE_LOOP('',(#1426));
#1426 = ORIENTED_EDGE('',*,*,#1427,.T.);
#1427 = EDGE_CURVE('',#1428,#1428,#1430,.T.);
#1428 = VERTEX_POINT('',#1429);
#1429 = CARTESIAN_POINT('',(31.,-1.5,0.));
#1430 = CIRCLE('',#1431,0.5);
#1431 = AXIS2_PLACEMENT_3D('',#1432,#1433,#1434);
#1432 = CARTESIAN_POINT('',(31.,-1.,0.));
#1433 = DIRECTION('',(-0.,0.,-1.));
#1434 = DIRECTION('',(-0.,-1.,0.));
#1435 = FACE_BOUND('',#1436,.F.);
#1436 = EDGE_LOOP('',(#1437));
#1437 = ORIENTED_EDGE('',*,*,#1438,.T.);
#1438 = EDGE_CURVE('',#1439,#1439,#1441,.T.);
#1439 = VERTEX_POINT('',#1440);
#1440 = CARTESIAN_POINT('',(12.,-1.,0.));
#1441 = CIRCLE('',#1442,3.);
#1442 = AXIS2_PLACEMENT_3D('',#1443,#1444,#1445);
#1443 = CARTESIAN_POINT('',(12.,2.,0.));
#1444 = DIRECTION('',(-0.,0.,-1.));
#1445 = DIRECTION('',(-0.,-1.,0.));
#1446 = FACE_BOUND('',#1447,.F.);
#1447 = EDGE_LOOP('',(#1448));
#1448 = ORIENTED_EDGE('',*,*,#1449,.T.);
#1449 = EDGE_CURVE('',#1450,#1450,#1452,.T.);
#1450 = VERTEX_POINT('',#1451);
#1451 = CARTESIAN_POINT('',(68.75,-1.,0.));
#1452 = CIRCLE('',#1453,0.5);
#1453 = AXIS2_PLACEMENT_3D('',#1454,#1455,#1456);
#1454 = CARTESIAN_POINT('',(68.75,-0.5,0.));
#1455 = DIRECTION('',(-0.,0.,-1.));
#1456 = DIRECTION('',(-0.,-1.,0.));
#1457 = FACE_BOUND('',#1458,.F.);
#1458 = EDGE_LOOP('',(#1459));
#1459 = ORIENTED_EDGE('',*,*,#1460,.T.);
#1460 = EDGE_CURVE('',#1461,#1461,#1463,.T.);
#1461 = VERTEX_POINT('',#1462);
#1462 = CARTESIAN_POINT('',(83.25,-13.,0.));
#1463 = CIRCLE('',#1464,0.5);
#1464 = AXIS2_PLACEMENT_3D('',#1465,#1466,#1467);
#1465 = CARTESIAN_POINT('',(83.25,-12.5,0.));
#1466 = DIRECTION('',(-0.,0.,-1.));
#1467 = DIRECTION('',(-0.,-1.,0.));
#1468 = FACE_BOUND('',#1469,.F.);
#1469 = EDGE_LOOP('',(#1470));
#1470 = ORIENTED_EDGE('',*,*,#1471,.T.);
#1471 = EDGE_CURVE('',#1472,#1472,#1474,.T.);
#1472 = VERTEX_POINT('',#1473);
#1473 = CARTESIAN_POINT('',(90.75,-13.,0.));
#1474 = CIRCLE('',#1475,0.5);
#1475 = AXIS2_PLACEMENT_3D('',#1476,#1477,#1478);
#1476 = CARTESIAN_POINT('',(90.75,-12.5,0.));
#1477 = DIRECTION('',(-0.,0.,-1.));
#1478 = DIRECTION('',(-0.,-1.,0.));
#1479 = FACE_BOUND('',#1480,.F.);
#1480 = EDGE_LOOP('',(#1481));
#1481 = ORIENTED_EDGE('',*,*,#1482,.T.);
#1482 = EDGE_CURVE('',#1483,#1483,#1485,.T.);
#1483 = VERTEX_POINT('',#1484);
#1484 = CARTESIAN_POINT('',(103.,-16.,0.));
#1485 = CIRCLE('',#1486,3.);
#1486 = AXIS2_PLACEMENT_3D('',#1487,#1488,#1489);
#1487 = CARTESIAN_POINT('',(103.,-13.,0.));
#1488 = DIRECTION('',(-0.,0.,-1.));
#1489 = DIRECTION('',(-0.,-1.,0.));
#1490 = FACE_BOUND('',#1491,.F.);
#1491 = EDGE_LOOP('',(#1492));
#1492 = ORIENTED_EDGE('',*,*,#1493,.T.);
#1493 = EDGE_CURVE('',#1494,#1494,#1496,.T.);
#1494 = VERTEX_POINT('',#1495);
#1495 = CARTESIAN_POINT('',(76.25,-1.,0.));
#1496 = CIRCLE('',#1497,0.5);
#1497 = AXIS2_PLACEMENT_3D('',#1498,#1499,#1500);
#1498 = CARTESIAN_POINT('',(76.25,-0.5,0.));
#1499 = DIRECTION('',(-0.,0.,-1.));
#1500 = DIRECTION('',(-0.,-1.,0.));
#1501 = FACE_BOUND('',#1502,.F.);
#1502 = EDGE_LOOP('',(#1503));
#1503 = ORIENTED_EDGE('',*,*,#1504,.T.);
#1504 = EDGE_CURVE('',#1505,#1505,#1507,.T.);
#1505 = VERTEX_POINT('',#1506);
#1506 = CARTESIAN_POINT('',(108.75,-1.,0.));
#1507 = CIRCLE('',#1508,0.5);
#1508 = AXIS2_PLACEMENT_3D('',#1509,#1510,#1511);
#1509 = CARTESIAN_POINT('',(108.75,-0.5,0.));
#1510 = DIRECTION('',(-0.,0.,-1.));
#1511 = DIRECTION('',(-0.,-1.,0.));
#1512 = FACE_BOUND('',#1513,.F.);
#1513 = EDGE_LOOP('',(#1514));
#1514 = ORIENTED_EDGE('',*,*,#1515,.T.);
#1515 = EDGE_CURVE('',#1516,#1516,#1518,.T.);
#1516 = VERTEX_POINT('',#1517);
#1517 = CARTESIAN_POINT('',(95.,-0.2,0.));
#1518 = CIRCLE('',#1519,3.2);
#1519 = AXIS2_PLACEMENT_3D('',#1520,#1521,#1522);
#1520 = CARTESIAN_POINT('',(95.,3.,0.));
#1521 = DIRECTION('',(-0.,0.,-1.));
#1522 = DIRECTION('',(-0.,-1.,0.));
#1523 = FACE_BOUND('',#1524,.F.);
#1524 = EDGE_LOOP('',(#1525));
#1525 = ORIENTED_EDGE('',*,*,#1526,.T.);
#1526 = EDGE_CURVE('',#1527,#1527,#1529,.T.);
#1527 = VERTEX_POINT('',#1528);
#1528 = CARTESIAN_POINT('',(116.25,-1.,0.));
#1529 = CIRCLE('',#1530,0.5);
#1530 = AXIS2_PLACEMENT_3D('',#1531,#1532,#1533);
#1531 = CARTESIAN_POINT('',(116.25,-0.5,0.));
#1532 = DIRECTION('',(-0.,0.,-1.));
#1533 = DIRECTION('',(-0.,-1.,0.));
#1534 = FACE_BOUND('',#1535,.F.);
#1535 = EDGE_LOOP('',(#1536));
#1536 = ORIENTED_EDGE('',*,*,#1537,.T.);
#1537 = EDGE_CURVE('',#1538,#1538,#1540,.T.);
#1538 = VERTEX_POINT('',#1539);
#1539 = CARTESIAN_POINT('',(165.,-32.,0.));
#1540 = CIRCLE('',#1541,3.);
#1541 = AXIS2_PLACEMENT_3D('',#1542,#1543,#1544);
#1542 = CARTESIAN_POINT('',(165.,-29.,0.));
#1543 = DIRECTION('',(-0.,0.,-1.));
#1544 = DIRECTION('',(-0.,-1.,0.));
#1545 = FACE_BOUND('',#1546,.F.);
#1546 = EDGE_LOOP('',(#1547));
#1547 = ORIENTED_EDGE('',*,*,#1548,.T.);
#1548 = EDGE_CURVE('',#1549,#1549,#1551,.T.);
#1549 = VERTEX_POINT('',#1550);
#1550 = CARTESIAN_POINT('',(176.25,-32.5,0.));
#1551 = CIRCLE('',#1552,0.5);
#1552 = AXIS2_PLACEMENT_3D('',#1553,#1554,#1555);
#1553 = CARTESIAN_POINT('',(176.25,-32.,0.));
#1554 = DIRECTION('',(-0.,0.,-1.));
#1555 = DIRECTION('',(-0.,-1.,0.));
#1556 = FACE_BOUND('',#1557,.F.);
#1557 = EDGE_LOOP('',(#1558));
#1558 = ORIENTED_EDGE('',*,*,#1559,.T.);
#1559 = EDGE_CURVE('',#1560,#1560,#1562,.T.);
#1560 = VERTEX_POINT('',#1561);
#1561 = CARTESIAN_POINT('',(206.75,-34.,0.));
#1562 = CIRCLE('',#1563,0.5);
#1563 = AXIS2_PLACEMENT_3D('',#1564,#1565,#1566);
#1564 = CARTESIAN_POINT('',(206.75,-33.5,0.));
#1565 = DIRECTION('',(-0.,0.,-1.));
#1566 = DIRECTION('',(-0.,-1.,0.));
#1567 = FACE_BOUND('',#1568,.F.);
#1568 = EDGE_LOOP('',(#1569));
#1569 = ORIENTED_EDGE('',*,*,#1570,.T.);
#1570 = EDGE_CURVE('',#1571,#1571,#1573,.T.);
#1571 = VERTEX_POINT('',#1572);
#1572 = CARTESIAN_POINT('',(214.25,-34.,0.));
#1573 = CIRCLE('',#1574,0.5);
#1574 = AXIS2_PLACEMENT_3D('',#1575,#1576,#1577);
#1575 = CARTESIAN_POINT('',(214.25,-33.5,0.));
#1576 = DIRECTION('',(-0.,0.,-1.));
#1577 = DIRECTION('',(-0.,-1.,0.));
#1578 = FACE_BOUND('',#1579,.F.);
#1579 = EDGE_LOOP('',(#1580));
#1580 = ORIENTED_EDGE('',*,*,#1581,.T.);
#1581 = EDGE_CURVE('',#1582,#1582,#1584,.T.);
#1582 = VERTEX_POINT('',#1583);
#1583 = CARTESIAN_POINT('',(183.75,-32.5,0.));
#1584 = CIRCLE('',#1585,0.5);
#1585 = AXIS2_PLACEMENT_3D('',#1586,#1587,#1588);
#1586 = CARTESIAN_POINT('',(183.75,-32.,0.));
#1587 = DIRECTION('',(-0.,0.,-1.));
#1588 = DIRECTION('',(-0.,-1.,0.));
#1589 = FACE_BOUND('',#1590,.F.);
#1590 = EDGE_LOOP('',(#1591));
#1591 = ORIENTED_EDGE('',*,*,#1592,.T.);
#1592 = EDGE_CURVE('',#1593,#1593,#1595,.T.);
#1593 = VERTEX_POINT('',#1594);
#1594 = CARTESIAN_POINT('',(151.5,-18.5,0.));
#1595 = CIRCLE('',#1596,0.5);
#1596 = AXIS2_PLACEMENT_3D('',#1597,#1598,#1599);
#1597 = CARTESIAN_POINT('',(151.5,-18.,0.));
#1598 = DIRECTION('',(-0.,0.,-1.));
#1599 = DIRECTION('',(-0.,-1.,0.));
#1600 = FACE_BOUND('',#1601,.F.);
#1601 = EDGE_LOOP('',(#1602));
#1602 = ORIENTED_EDGE('',*,*,#1603,.T.);
#1603 = EDGE_CURVE('',#1604,#1604,#1606,.T.);
#1604 = VERTEX_POINT('',#1605);
#1605 = CARTESIAN_POINT('',(159.,-18.5,0.));
#1606 = CIRCLE('',#1607,0.5);
#1607 = AXIS2_PLACEMENT_3D('',#1608,#1609,#1610);
#1608 = CARTESIAN_POINT('',(159.,-18.,0.));
#1609 = DIRECTION('',(-0.,0.,-1.));
#1610 = DIRECTION('',(-0.,-1.,0.));
#1611 = FACE_BOUND('',#1612,.F.);
#1612 = EDGE_LOOP('',(#1613));
#1613 = ORIENTED_EDGE('',*,*,#1614,.T.);
#1614 = EDGE_CURVE('',#1615,#1615,#1617,.T.);
#1615 = VERTEX_POINT('',#1616);
#1616 = CARTESIAN_POINT('',(193.25,-21.5,0.));
#1617 = CIRCLE('',#1618,0.5);
#1618 = AXIS2_PLACEMENT_3D('',#1619,#1620,#1621);
#1619 = CARTESIAN_POINT('',(193.25,-21.,0.));
#1620 = DIRECTION('',(-0.,0.,-1.));
#1621 = DIRECTION('',(-0.,-1.,0.));
#1622 = FACE_BOUND('',#1623,.F.);
#1623 = EDGE_LOOP('',(#1624));
#1624 = ORIENTED_EDGE('',*,*,#1625,.T.);
#1625 = EDGE_CURVE('',#1626,#1626,#1628,.T.);
#1626 = VERTEX_POINT('',#1627);
#1627 = CARTESIAN_POINT('',(200.75,-21.5,0.));
#1628 = CIRCLE('',#1629,0.5);
#1629 = AXIS2_PLACEMENT_3D('',#1630,#1631,#1632);
#1630 = CARTESIAN_POINT('',(200.75,-21.,0.));
#1631 = DIRECTION('',(-0.,0.,-1.));
#1632 = DIRECTION('',(-0.,-1.,0.));
#1633 = FACE_BOUND('',#1634,.F.);
#1634 = EDGE_LOOP('',(#1635));
#1635 = ORIENTED_EDGE('',*,*,#1636,.T.);
#1636 = EDGE_CURVE('',#1637,#1637,#1639,.T.);
#1637 = VERTEX_POINT('',#1638);
#1638 = CARTESIAN_POINT('',(230.,-38.2,0.));
#1639 = CIRCLE('',#1640,3.2);
#1640 = AXIS2_PLACEMENT_3D('',#1641,#1642,#1643);
#1641 = CARTESIAN_POINT('',(230.,-35.,0.));
#1642 = DIRECTION('',(-0.,0.,-1.));
#1643 = DIRECTION('',(-0.,-1.,0.));
#1644 = FACE_BOUND('',#1645,.F.);
#1645 = EDGE_LOOP('',(#1646));
#1646 = ORIENTED_EDGE('',*,*,#1647,.T.);
#1647 = EDGE_CURVE('',#1648,#1648,#1650,.T.);
#1648 = VERTEX_POINT('',#1649);
#1649 = CARTESIAN_POINT('',(244.75,-30.5,0.));
#1650 = CIRCLE('',#1651,0.5);
#1651 = AXIS2_PLACEMENT_3D('',#1652,#1653,#1654);
#1652 = CARTESIAN_POINT('',(244.75,-30.,0.));
#1653 = DIRECTION('',(-0.,0.,-1.));
#1654 = DIRECTION('',(-0.,-1.,0.));
#1655 = FACE_BOUND('',#1656,.F.);
#1656 = EDGE_LOOP('',(#1657));
#1657 = ORIENTED_EDGE('',*,*,#1658,.T.);
#1658 = EDGE_CURVE('',#1659,#1659,#1661,.T.);
#1659 = VERTEX_POINT('',#1660);
#1660 = CARTESIAN_POINT('',(252.25,-30.5,0.));
#1661 = CIRCLE('',#1662,0.5);
#1662 = AXIS2_PLACEMENT_3D('',#1663,#1664,#1665);
#1663 = CARTESIAN_POINT('',(252.25,-30.,0.));
#1664 = DIRECTION('',(-0.,0.,-1.));
#1665 = DIRECTION('',(-0.,-1.,0.));
#1666 = FACE_BOUND('',#1667,.F.);
#1667 = EDGE_LOOP('',(#1668));
#1668 = ORIENTED_EDGE('',*,*,#1669,.T.);
#1669 = EDGE_CURVE('',#1670,#1670,#1672,.T.);
#1670 = VERTEX_POINT('',#1671);
#1671 = CARTESIAN_POINT('',(263.25,-32.,0.));
#1672 = CIRCLE('',#1673,0.5);
#1673 = AXIS2_PLACEMENT_3D('',#1674,#1675,#1676);
#1674 = CARTESIAN_POINT('',(263.25,-31.5,0.));
#1675 = DIRECTION('',(-0.,0.,-1.));
#1676 = DIRECTION('',(-0.,-1.,0.));
#1677 = FACE_BOUND('',#1678,.F.);
#1678 = EDGE_LOOP('',(#1679));
#1679 = ORIENTED_EDGE('',*,*,#1680,.T.);
#1680 = EDGE_CURVE('',#1681,#1681,#1683,.T.);
#1681 = VERTEX_POINT('',#1682);
#1682 = CARTESIAN_POINT('',(270.75,-32.,0.));
#1683 = CIRCLE('',#1684,0.5);
#1684 = AXIS2_PLACEMENT_3D('',#1685,#1686,#1687);
#1685 = CARTESIAN_POINT('',(270.75,-31.5,0.));
#1686 = DIRECTION('',(-0.,0.,-1.));
#1687 = DIRECTION('',(-0.,-1.,0.));
#1688 = FACE_BOUND('',#1689,.F.);
#1689 = EDGE_LOOP('',(#1690));
#1690 = ORIENTED_EDGE('',*,*,#1691,.T.);
#1691 = EDGE_CURVE('',#1692,#1692,#1694,.T.);
#1692 = VERTEX_POINT('',#1693);
#1693 = CARTESIAN_POINT('',(174.5,-13.5,0.));
#1694 = CIRCLE('',#1695,0.5);
#1695 = AXIS2_PLACEMENT_3D('',#1696,#1697,#1698);
#1696 = CARTESIAN_POINT('',(174.5,-13.,0.));
#1697 = DIRECTION('',(-0.,0.,-1.));
#1698 = DIRECTION('',(-0.,-1.,0.));
#1699 = FACE_BOUND('',#1700,.F.);
#1700 = EDGE_LOOP('',(#1701));
#1701 = ORIENTED_EDGE('',*,*,#1702,.T.);
#1702 = EDGE_CURVE('',#1703,#1703,#1705,.T.);
#1703 = VERTEX_POINT('',#1704);
#1704 = CARTESIAN_POINT('',(182.,-13.5,0.));
#1705 = CIRCLE('',#1706,0.5);
#1706 = AXIS2_PLACEMENT_3D('',#1707,#1708,#1709);
#1707 = CARTESIAN_POINT('',(182.,-13.,0.));
#1708 = DIRECTION('',(-0.,0.,-1.));
#1709 = DIRECTION('',(-0.,-1.,0.));
#1710 = FACE_BOUND('',#1711,.F.);
#1711 = EDGE_LOOP('',(#1712));
#1712 = ORIENTED_EDGE('',*,*,#1713,.T.);
#1713 = EDGE_CURVE('',#1714,#1714,#1716,.T.);
#1714 = VERTEX_POINT('',#1715);
#1715 = CARTESIAN_POINT('',(210.25,-15.5,0.));
#1716 = CIRCLE('',#1717,0.5);
#1717 = AXIS2_PLACEMENT_3D('',#1718,#1719,#1720);
#1718 = CARTESIAN_POINT('',(210.25,-15.,0.));
#1719 = DIRECTION('',(-0.,0.,-1.));
#1720 = DIRECTION('',(-0.,-1.,0.));
#1721 = FACE_BOUND('',#1722,.F.);
#1722 = EDGE_LOOP('',(#1723));
#1723 = ORIENTED_EDGE('',*,*,#1724,.T.);
#1724 = EDGE_CURVE('',#1725,#1725,#1727,.T.);
#1725 = VERTEX_POINT('',#1726);
#1726 = CARTESIAN_POINT('',(217.75,-15.5,0.));
#1727 = CIRCLE('',#1728,0.5);
#1728 = AXIS2_PLACEMENT_3D('',#1729,#1730,#1731);
#1729 = CARTESIAN_POINT('',(217.75,-15.,0.));
#1730 = DIRECTION('',(-0.,0.,-1.));
#1731 = DIRECTION('',(-0.,-1.,0.));
#1732 = FACE_BOUND('',#1733,.F.);
#1733 = EDGE_LOOP('',(#1734));
#1734 = ORIENTED_EDGE('',*,*,#1735,.T.);
#1735 = EDGE_CURVE('',#1736,#1736,#1738,.T.);
#1736 = VERTEX_POINT('',#1737);
#1737 = CARTESIAN_POINT('',(160.25,-1.5,0.));
#1738 = CIRCLE('',#1739,0.5);
#1739 = AXIS2_PLACEMENT_3D('',#1740,#1741,#1742);
#1740 = CARTESIAN_POINT('',(160.25,-1.,0.));
#1741 = DIRECTION('',(-0.,0.,-1.));
#1742 = DIRECTION('',(-0.,-1.,0.));
#1743 = FACE_BOUND('',#1744,.F.);
#1744 = EDGE_LOOP('',(#1745));
#1745 = ORIENTED_EDGE('',*,*,#1746,.T.);
#1746 = EDGE_CURVE('',#1747,#1747,#1749,.T.);
#1747 = VERTEX_POINT('',#1748);
#1748 = CARTESIAN_POINT('',(167.75,-1.5,0.));
#1749 = CIRCLE('',#1750,0.5);
#1750 = AXIS2_PLACEMENT_3D('',#1751,#1752,#1753);
#1751 = CARTESIAN_POINT('',(167.75,-1.,0.));
#1752 = DIRECTION('',(-0.,0.,-1.));
#1753 = DIRECTION('',(-0.,-1.,0.));
#1754 = FACE_BOUND('',#1755,.F.);
#1755 = EDGE_LOOP('',(#1756));
#1756 = ORIENTED_EDGE('',*,*,#1757,.T.);
#1757 = EDGE_CURVE('',#1758,#1758,#1760,.T.);
#1758 = VERTEX_POINT('',#1759);
#1759 = CARTESIAN_POINT('',(198.5,-1.,0.));
#1760 = CIRCLE('',#1761,0.5);
#1761 = AXIS2_PLACEMENT_3D('',#1762,#1763,#1764);
#1762 = CARTESIAN_POINT('',(198.5,-0.5,0.));
#1763 = DIRECTION('',(-0.,0.,-1.));
#1764 = DIRECTION('',(-0.,-1.,0.));
#1765 = FACE_BOUND('',#1766,.F.);
#1766 = EDGE_LOOP('',(#1767));
#1767 = ORIENTED_EDGE('',*,*,#1768,.T.);
#1768 = EDGE_CURVE('',#1769,#1769,#1771,.T.);
#1769 = VERTEX_POINT('',#1770);
#1770 = CARTESIAN_POINT('',(206.,-1.,0.));
#1771 = CIRCLE('',#1772,0.5);
#1772 = AXIS2_PLACEMENT_3D('',#1773,#1774,#1775);
#1773 = CARTESIAN_POINT('',(206.,-0.5,0.));
#1774 = DIRECTION('',(-0.,0.,-1.));
#1775 = DIRECTION('',(-0.,-1.,0.));
#1776 = FACE_BOUND('',#1777,.F.);
#1777 = EDGE_LOOP('',(#1778));
#1778 = ORIENTED_EDGE('',*,*,#1779,.T.);
#1779 = EDGE_CURVE('',#1780,#1780,#1782,.T.);
#1780 = VERTEX_POINT('',#1781);
#1781 = CARTESIAN_POINT('',(185.,-0.2,0.));
#1782 = CIRCLE('',#1783,3.2);
#1783 = AXIS2_PLACEMENT_3D('',#1784,#1785,#1786);
#1784 = CARTESIAN_POINT('',(185.,3.,0.));
#1785 = DIRECTION('',(-0.,0.,-1.));
#1786 = DIRECTION('',(-0.,-1.,0.));
#1787 = FACE_BOUND('',#1788,.F.);
#1788 = EDGE_LOOP('',(#1789));
#1789 = ORIENTED_EDGE('',*,*,#1790,.T.);
#1790 = EDGE_CURVE('',#1791,#1791,#1793,.T.);
#1791 = VERTEX_POINT('',#1792);
#1792 = CARTESIAN_POINT('',(229.25,-16.5,0.));
#1793 = CIRCLE('',#1794,0.5);
#1794 = AXIS2_PLACEMENT_3D('',#1795,#1796,#1797);
#1795 = CARTESIAN_POINT('',(229.25,-16.,0.));
#1796 = DIRECTION('',(-0.,0.,-1.));
#1797 = DIRECTION('',(-0.,-1.,0.));
#1798 = FACE_BOUND('',#1799,.F.);
#1799 = EDGE_LOOP('',(#1800));
#1800 = ORIENTED_EDGE('',*,*,#1801,.T.);
#1801 = EDGE_CURVE('',#1802,#1802,#1804,.T.);
#1802 = VERTEX_POINT('',#1803);
#1803 = CARTESIAN_POINT('',(236.75,-16.5,0.));
#1804 = CIRCLE('',#1805,0.5);
#1805 = AXIS2_PLACEMENT_3D('',#1806,#1807,#1808);
#1806 = CARTESIAN_POINT('',(236.75,-16.,0.));
#1807 = DIRECTION('',(-0.,0.,-1.));
#1808 = DIRECTION('',(-0.,-1.,0.));
#1809 = FACE_BOUND('',#1810,.F.);
#1810 = EDGE_LOOP('',(#1811));
#1811 = ORIENTED_EDGE('',*,*,#1812,.T.);
#1812 = EDGE_CURVE('',#1813,#1813,#1815,.T.);
#1813 = VERTEX_POINT('',#1814);
#1814 = CARTESIAN_POINT('',(247.25,-12.,0.));
#1815 = CIRCLE('',#1816,0.5);
#1816 = AXIS2_PLACEMENT_3D('',#1817,#1818,#1819);
#1817 = CARTESIAN_POINT('',(247.25,-11.5,0.));
#1818 = DIRECTION('',(-0.,0.,-1.));
#1819 = DIRECTION('',(-0.,-1.,0.));
#1820 = FACE_BOUND('',#1821,.F.);
#1821 = EDGE_LOOP('',(#1822));
#1822 = ORIENTED_EDGE('',*,*,#1823,.T.);
#1823 = EDGE_CURVE('',#1824,#1824,#1826,.T.);
#1824 = VERTEX_POINT('',#1825);
#1825 = CARTESIAN_POINT('',(254.75,-12.,0.));
#1826 = CIRCLE('',#1827,0.5);
#1827 = AXIS2_PLACEMENT_3D('',#1828,#1829,#1830);
#1828 = CARTESIAN_POINT('',(254.75,-11.5,0.));
#1829 = DIRECTION('',(-0.,0.,-1.));
#1830 = DIRECTION('',(-0.,-1.,0.));
#1831 = FACE_BOUND('',#1832,.F.);
#1832 = EDGE_LOOP('',(#1833));
#1833 = ORIENTED_EDGE('',*,*,#1834,.T.);
#1834 = EDGE_CURVE('',#1835,#1835,#1837,.T.);
#1835 = VERTEX_POINT('',#1836);
#1836 = CARTESIAN_POINT('',(265.75,-13.5,0.));
#1837 = CIRCLE('',#1838,0.5);
#1838 = AXIS2_PLACEMENT_3D('',#1839,#1840,#1841);
#1839 = CARTESIAN_POINT('',(265.75,-13.,0.));
#1840 = DIRECTION('',(-0.,0.,-1.));
#1841 = DIRECTION('',(-0.,-1.,0.));
#1842 = FACE_BOUND('',#1843,.F.);
#1843 = EDGE_LOOP('',(#1844));
#1844 = ORIENTED_EDGE('',*,*,#1845,.T.);
#1845 = EDGE_CURVE('',#1846,#1846,#1848,.T.);
#1846 = VERTEX_POINT('',#1847);
#1847 = CARTESIAN_POINT('',(273.25,-13.5,0.));
#1848 = CIRCLE('',#1849,0.5);
#1849 = AXIS2_PLACEMENT_3D('',#1850,#1851,#1852);
#1850 = CARTESIAN_POINT('',(273.25,-13.,0.));
#1851 = DIRECTION('',(-0.,0.,-1.));
#1852 = DIRECTION('',(-0.,-1.,0.));
#1853 = FACE_BOUND('',#1854,.F.);
#1854 = EDGE_LOOP('',(#1855));
#1855 = ORIENTED_EDGE('',*,*,#1856,.T.);
#1856 = EDGE_CURVE('',#1857,#1857,#1859,.T.);
#1857 = VERTEX_POINT('',#1858);
#1858 = CARTESIAN_POINT('',(284.,-11.,0.));
#1859 = CIRCLE('',#1860,0.5);
#1860 = AXIS2_PLACEMENT_3D('',#1861,#1862,#1863);
#1861 = CARTESIAN_POINT('',(284.,-10.5,0.));
#1862 = DIRECTION('',(-0.,0.,-1.));
#1863 = DIRECTION('',(-0.,-1.,0.));
#1864 = FACE_BOUND('',#1865,.F.);
#1865 = EDGE_LOOP('',(#1866));
#1866 = ORIENTED_EDGE('',*,*,#1867,.T.);
#1867 = EDGE_CURVE('',#1868,#1868,#1870,.T.);
#1868 = VERTEX_POINT('',#1869);
#1869 = CARTESIAN_POINT('',(291.5,-11.,0.));
#1870 = CIRCLE('',#1871,0.5);
#1871 = AXIS2_PLACEMENT_3D('',#1872,#1873,#1874);
#1872 = CARTESIAN_POINT('',(291.5,-10.5,0.));
#1873 = DIRECTION('',(-0.,0.,-1.));
#1874 = DIRECTION('',(-0.,-1.,0.));
#1875 = FACE_BOUND('',#1876,.F.);
#1876 = EDGE_LOOP('',(#1877));
#1877 = ORIENTED_EDGE('',*,*,#1878,.T.);
#1878 = EDGE_CURVE('',#1879,#1879,#1881,.T.);
#1879 = VERTEX_POINT('',#1880);
#1880 = CARTESIAN_POINT('',(249.,8.881784197001E-16,0.));
#1881 = CIRCLE('',#1882,3.);
#1882 = AXIS2_PLACEMENT_3D('',#1883,#1884,#1885);
#1883 = CARTESIAN_POINT('',(249.,3.,0.));
#1884 = DIRECTION('',(-0.,0.,-1.));
#1885 = DIRECTION('',(-0.,-1.,0.));
#1886 = FACE_BOUND('',#1887,.F.);
#1887 = EDGE_LOOP('',(#1888));
#1888 = ORIENTED_EDGE('',*,*,#1889,.T.);
#1889 = EDGE_CURVE('',#1890,#1890,#1892,.T.);
#1890 = VERTEX_POINT('',#1891);
#1891 = CARTESIAN_POINT('',(275.,-0.2,0.));
#1892 = CIRCLE('',#1893,3.2);
#1893 = AXIS2_PLACEMENT_3D('',#1894,#1895,#1896);
#1894 = CARTESIAN_POINT('',(275.,3.,0.));
#1895 = DIRECTION('',(-0.,0.,-1.));
#1896 = DIRECTION('',(-0.,-1.,0.));
#1897 = PLANE('',#1898);
#1898 = AXIS2_PLACEMENT_3D('',#1899,#1900,#1901);
#1899 = CARTESIAN_POINT('',(0.,0.,0.));
#1900 = DIRECTION('',(0.,0.,1.));
#1901 = DIRECTION('',(1.,0.,-0.));
#1902 = ADVANCED_FACE('',(#1903,#2122,#2133,#2144,#2155,#2166,#2177,
    #2188,#2199,#2210,#2221,#2232,#2243,#2254,#2265,#2276,#2287,#2298,
    #2309,#2320,#2331,#2342,#2353,#2364,#2375,#2386,#2397,#2408,#2419,
    #2430,#2441,#2452,#2463,#2474,#2485,#2496,#2507,#2518,#2529,#2540,
    #2551,#2562,#2573,#2584,#2595,#2606,#2617,#2628,#2639,#2650,#2661,
    #2672,#2683,#2694,#2705,#2716,#2727,#2738,#2749,#2760,#2771,#2782,
    #2793,#2804,#2815,#2826,#2837,#2848,#2859,#2870,#2881,#2892,#2903,
    #2914,#2925,#2936,#2947,#2958,#2969,#2980,#2991,#3002,#3013,#3024,
    #3035,#3046,#3057,#3068,#3079,#3090,#3101,#3112,#3123,#3134,#3145,
    #3156,#3167,#3178,#3189,#3200,#3211,#3222,#3233,#3244,#3255,#3266,
    #3277,#3288,#3299,#3310,#3321,#3332,#3343,#3354,#3365,#3376,#3387,
    #3398,#3409,#3420,#3431,#3442,#3453,#3464,#3475,#3486,#3497,#3508,
    #3519,#3530,#3541,#3552,#3563,#3574,#3585,#3596,#3607,#3618,#3629,
    #3640,#3651),#3662,.T.);
#1903 = FACE_BOUND('',#1904,.T.);
#1904 = EDGE_LOOP('',(#1905,#1906,#1907,#1915,#1923,#1931,#1939,#1947,
    #1955,#1963,#1971,#1979,#1987,#1995,#2003,#2011,#2019,#2027,#2035,
    #2043,#2051,#2059,#2067,#2075,#2083,#2091,#2099,#2107,#2115,#2121));
#1905 = ORIENTED_EDGE('',*,*,#49,.F.);
#1906 = ORIENTED_EDGE('',*,*,#89,.F.);
#1907 = ORIENTED_EDGE('',*,*,#1908,.F.);
#1908 = EDGE_CURVE('',#1909,#82,#1911,.T.);
#1909 = VERTEX_POINT('',#1910);
#1910 = CARTESIAN_POINT('',(152.983024,-5.033842,1.51));
#1911 = LINE('',#1912,#1913);
#1912 = CARTESIAN_POINT('',(152.983024,-5.033842,1.51));
#1913 = VECTOR('',#1914,1.);
#1914 = DIRECTION('',(8.507915095212E-04,0.999999638077,0.));
#1915 = ORIENTED_EDGE('',*,*,#1916,.F.);
#1916 = EDGE_CURVE('',#1917,#1909,#1919,.T.);
#1917 = VERTEX_POINT('',#1918);
#1918 = CARTESIAN_POINT('',(126.991997,-5.017863,1.51));
#1919 = LINE('',#1920,#1921);
#1920 = CARTESIAN_POINT('',(126.991997,-5.017863,1.51));
#1921 = VECTOR('',#1922,1.);
#1922 = DIRECTION('',(0.999999811017,-6.147889800678E-04,0.));
#1923 = ORIENTED_EDGE('',*,*,#1924,.F.);
#1924 = EDGE_CURVE('',#1925,#1917,#1927,.T.);
#1925 = VERTEX_POINT('',#1926);
#1926 = CARTESIAN_POINT('',(127.000615,8.999999,1.51));
#1927 = LINE('',#1928,#1929);
#1928 = CARTESIAN_POINT('',(127.000615,8.999999,1.51));
#1929 = VECTOR('',#1930,1.);
#1930 = DIRECTION('',(-6.147869319413E-04,-0.999999811018,0.));
#1931 = ORIENTED_EDGE('',*,*,#1932,.F.);
#1932 = EDGE_CURVE('',#1933,#1925,#1935,.T.);
#1933 = VERTEX_POINT('',#1934);
#1934 = CARTESIAN_POINT('',(127.000614,9.,1.51));
#1935 = LINE('',#1936,#1937);
#1936 = CARTESIAN_POINT('',(127.000614,9.,1.51));
#1937 = VECTOR('',#1938,1.);
#1938 = DIRECTION('',(0.707106780559,-0.707106781815,0.));
#1939 = ORIENTED_EDGE('',*,*,#1940,.F.);
#1940 = EDGE_CURVE('',#1941,#1933,#1943,.T.);
#1941 = VERTEX_POINT('',#1942);
#1942 = CARTESIAN_POINT('',(63.,9.,1.51));
#1943 = LINE('',#1944,#1945);
#1944 = CARTESIAN_POINT('',(63.,9.,1.51));
#1945 = VECTOR('',#1946,1.);
#1946 = DIRECTION('',(1.,0.,0.));
#1947 = ORIENTED_EDGE('',*,*,#1948,.F.);
#1948 = EDGE_CURVE('',#1949,#1941,#1951,.T.);
#1949 = VERTEX_POINT('',#1950);
#1950 = CARTESIAN_POINT('',(63.,-5.,1.51));
#1951 = LINE('',#1952,#1953);
#1952 = CARTESIAN_POINT('',(63.,-5.,1.51));
#1953 = VECTOR('',#1954,1.);
#1954 = DIRECTION('',(0.,1.,0.));
#1955 = ORIENTED_EDGE('',*,*,#1956,.F.);
#1956 = EDGE_CURVE('',#1957,#1949,#1959,.T.);
#1957 = VERTEX_POINT('',#1958);
#1958 = CARTESIAN_POINT('',(37.,-5.,1.51));
#1959 = LINE('',#1960,#1961);
#1960 = CARTESIAN_POINT('',(37.,-5.,1.51));
#1961 = VECTOR('',#1962,1.);
#1962 = DIRECTION('',(1.,0.,0.));
#1963 = ORIENTED_EDGE('',*,*,#1964,.F.);
#1964 = EDGE_CURVE('',#1965,#1957,#1967,.T.);
#1965 = VERTEX_POINT('',#1966);
#1966 = CARTESIAN_POINT('',(37.,8.,1.51));
#1967 = LINE('',#1968,#1969);
#1968 = CARTESIAN_POINT('',(37.,8.,1.51));
#1969 = VECTOR('',#1970,1.);
#1970 = DIRECTION('',(0.,-1.,0.));
#1971 = ORIENTED_EDGE('',*,*,#1972,.F.);
#1972 = EDGE_CURVE('',#1973,#1965,#1975,.T.);
#1973 = VERTEX_POINT('',#1974);
#1974 = CARTESIAN_POINT('',(36.,9.,1.51));
#1975 = LINE('',#1976,#1977);
#1976 = CARTESIAN_POINT('',(36.,9.,1.51));
#1977 = VECTOR('',#1978,1.);
#1978 = DIRECTION('',(0.707106781187,-0.707106781187,0.));
#1979 = ORIENTED_EDGE('',*,*,#1980,.F.);
#1980 = EDGE_CURVE('',#1981,#1973,#1983,.T.);
#1981 = VERTEX_POINT('',#1982);
#1982 = CARTESIAN_POINT('',(9.,9.,1.51));
#1983 = LINE('',#1984,#1985);
#1984 = CARTESIAN_POINT('',(9.,9.,1.51));
#1985 = VECTOR('',#1986,1.);
#1986 = DIRECTION('',(1.,0.,0.));
#1987 = ORIENTED_EDGE('',*,*,#1988,.F.);
#1988 = EDGE_CURVE('',#1989,#1981,#1991,.T.);
#1989 = VERTEX_POINT('',#1990);
#1990 = CARTESIAN_POINT('',(0.,0.,1.51));
#1991 = LINE('',#1992,#1993);
#1992 = CARTESIAN_POINT('',(0.,0.,1.51));
#1993 = VECTOR('',#1994,1.);
#1994 = DIRECTION('',(0.707106781187,0.707106781187,0.));
#1995 = ORIENTED_EDGE('',*,*,#1996,.F.);
#1996 = EDGE_CURVE('',#1997,#1989,#1999,.T.);
#1997 = VERTEX_POINT('',#1998);
#1998 = CARTESIAN_POINT('',(0.,-85.,1.51));
#1999 = LINE('',#2000,#2001);
#2000 = CARTESIAN_POINT('',(0.,-85.,1.51));
#2001 = VECTOR('',#2002,1.);
#2002 = DIRECTION('',(0.,1.,0.));
#2003 = ORIENTED_EDGE('',*,*,#2004,.F.);
#2004 = EDGE_CURVE('',#2005,#1997,#2007,.T.);
#2005 = VERTEX_POINT('',#2006);
#2006 = CARTESIAN_POINT('',(2.,-87.,1.51));
#2007 = LINE('',#2008,#2009);
#2008 = CARTESIAN_POINT('',(2.,-87.,1.51));
#2009 = VECTOR('',#2010,1.);
#2010 = DIRECTION('',(-0.707106781187,0.707106781187,0.));
#2011 = ORIENTED_EDGE('',*,*,#2012,.F.);
#2012 = EDGE_CURVE('',#2013,#2005,#2015,.T.);
#2013 = VERTEX_POINT('',#2014);
#2014 = CARTESIAN_POINT('',(277.,-87.,1.51));
#2015 = LINE('',#2016,#2017);
#2016 = CARTESIAN_POINT('',(277.,-87.,1.51));
#2017 = VECTOR('',#2018,1.);
#2018 = DIRECTION('',(-1.,0.,0.));
#2019 = ORIENTED_EDGE('',*,*,#2020,.F.);
#2020 = EDGE_CURVE('',#2021,#2013,#2023,.T.);
#2021 = VERTEX_POINT('',#2022);
#2022 = CARTESIAN_POINT('',(292.,-87.,1.51));
#2023 = LINE('',#2024,#2025);
#2024 = CARTESIAN_POINT('',(292.,-87.,1.51));
#2025 = VECTOR('',#2026,1.);
#2026 = DIRECTION('',(-1.,0.,0.));
#2027 = ORIENTED_EDGE('',*,*,#2028,.F.);
#2028 = EDGE_CURVE('',#2029,#2021,#2031,.T.);
#2029 = VERTEX_POINT('',#2030);
#2030 = CARTESIAN_POINT('',(292.,-79.,1.51));
#2031 = LINE('',#2032,#2033);
#2032 = CARTESIAN_POINT('',(292.,-79.,1.51));
#2033 = VECTOR('',#2034,1.);
#2034 = DIRECTION('',(0.,-1.,0.));
#2035 = ORIENTED_EDGE('',*,*,#2036,.F.);
#2036 = EDGE_CURVE('',#2037,#2029,#2039,.T.);
#2037 = VERTEX_POINT('',#2038);
#2038 = CARTESIAN_POINT('',(287.,-74.,1.51));
#2039 = LINE('',#2040,#2041);
#2040 = CARTESIAN_POINT('',(287.,-74.,1.51));
#2041 = VECTOR('',#2042,1.);
#2042 = DIRECTION('',(0.707106781187,-0.707106781187,0.));
#2043 = ORIENTED_EDGE('',*,*,#2044,.F.);
#2044 = EDGE_CURVE('',#2045,#2037,#2047,.T.);
#2045 = VERTEX_POINT('',#2046);
#2046 = CARTESIAN_POINT('',(277.,-74.,1.51));
#2047 = LINE('',#2048,#2049);
#2048 = CARTESIAN_POINT('',(277.,-74.,1.51));
#2049 = VECTOR('',#2050,1.);
#2050 = DIRECTION('',(1.,0.,0.));
#2051 = ORIENTED_EDGE('',*,*,#2052,.F.);
#2052 = EDGE_CURVE('',#2053,#2045,#2055,.T.);
#2053 = VERTEX_POINT('',#2054);
#2054 = CARTESIAN_POINT('',(277.,-22.,1.51));
#2055 = LINE('',#2056,#2057);
#2056 = CARTESIAN_POINT('',(277.,-22.,1.51));
#2057 = VECTOR('',#2058,1.);
#2058 = DIRECTION('',(0.,-1.,0.));
#2059 = ORIENTED_EDGE('',*,*,#2060,.F.);
#2060 = EDGE_CURVE('',#2061,#2053,#2063,.T.);
#2061 = VERTEX_POINT('',#2062);
#2062 = CARTESIAN_POINT('',(278.,-21.,1.51));
#2063 = LINE('',#2064,#2065);
#2064 = CARTESIAN_POINT('',(278.,-21.,1.51));
#2065 = VECTOR('',#2066,1.);
#2066 = DIRECTION('',(-0.707106781187,-0.707106781187,0.));
#2067 = ORIENTED_EDGE('',*,*,#2068,.F.);
#2068 = EDGE_CURVE('',#2069,#2061,#2071,.T.);
#2069 = VERTEX_POINT('',#2070);
#2070 = CARTESIAN_POINT('',(296.99371,-20.980456,1.51));
#2071 = LINE('',#2072,#2073);
#2072 = CARTESIAN_POINT('',(296.99371,-20.980456,1.51));
#2073 = VECTOR('',#2074,1.);
#2074 = DIRECTION('',(-0.999999470609,-1.02897167818E-03,0.));
#2075 = ORIENTED_EDGE('',*,*,#2076,.F.);
#2076 = EDGE_CURVE('',#2077,#2069,#2079,.T.);
#2077 = VERTEX_POINT('',#2078);
#2078 = CARTESIAN_POINT('',(296.981852,-3.988134,1.51));
#2079 = LINE('',#2080,#2081);
#2080 = CARTESIAN_POINT('',(296.981852,-3.988134,1.51));
#2081 = VECTOR('',#2082,1.);
#2082 = DIRECTION('',(6.978444213023E-04,-0.999999756507,0.));
#2083 = ORIENTED_EDGE('',*,*,#2084,.F.);
#2084 = EDGE_CURVE('',#2085,#2077,#2087,.T.);
#2085 = VERTEX_POINT('',#2086);
#2086 = CARTESIAN_POINT('',(284.,9.,1.51));
#2087 = LINE('',#2088,#2089);
#2088 = CARTESIAN_POINT('',(284.,9.,1.51));
#2089 = VECTOR('',#2090,1.);
#2090 = DIRECTION('',(0.706935715175,-0.707277805823,0.));
#2091 = ORIENTED_EDGE('',*,*,#2092,.F.);
#2092 = EDGE_CURVE('',#2093,#2085,#2095,.T.);
#2093 = VERTEX_POINT('',#2094);
#2094 = CARTESIAN_POINT('',(275.,9.,1.51));
#2095 = LINE('',#2096,#2097);
#2096 = CARTESIAN_POINT('',(275.,9.,1.51));
#2097 = VECTOR('',#2098,1.);
#2098 = DIRECTION('',(1.,0.,0.));
#2099 = ORIENTED_EDGE('',*,*,#2100,.F.);
#2100 = EDGE_CURVE('',#2101,#2093,#2103,.T.);
#2101 = VERTEX_POINT('',#2102);
#2102 = CARTESIAN_POINT('',(244.,9.,1.51));
#2103 = LINE('',#2104,#2105);
#2104 = CARTESIAN_POINT('',(244.,9.,1.51));
#2105 = VECTOR('',#2106,1.);
#2106 = DIRECTION('',(1.,0.,0.));
#2107 = ORIENTED_EDGE('',*,*,#2108,.F.);
#2108 = EDGE_CURVE('',#2109,#2101,#2111,.T.);
#2109 = VERTEX_POINT('',#2110);
#2110 = CARTESIAN_POINT('',(243.,8.,1.51));
#2111 = LINE('',#2112,#2113);
#2112 = CARTESIAN_POINT('',(243.,8.,1.51));
#2113 = VECTOR('',#2114,1.);
#2114 = DIRECTION('',(0.707106781187,0.707106781187,0.));
#2115 = ORIENTED_EDGE('',*,*,#2116,.F.);
#2116 = EDGE_CURVE('',#112,#2109,#2117,.T.);
#2117 = LINE('',#2118,#2119);
#2118 = CARTESIAN_POINT('',(243.,-5.,1.51));
#2119 = VECTOR('',#2120,1.);
#2120 = DIRECTION('',(0.,1.,0.));
#2121 = ORIENTED_EDGE('',*,*,#111,.F.);
#2122 = FACE_BOUND('',#2123,.T.);
#2123 = EDGE_LOOP('',(#2124));
#2124 = ORIENTED_EDGE('',*,*,#2125,.T.);
#2125 = EDGE_CURVE('',#2126,#2126,#2128,.T.);
#2126 = VERTEX_POINT('',#2127);
#2127 = CARTESIAN_POINT('',(6.,-84.2,1.51));
#2128 = CIRCLE('',#2129,3.2);
#2129 = AXIS2_PLACEMENT_3D('',#2130,#2131,#2132);
#2130 = CARTESIAN_POINT('',(6.,-81.,1.51));
#2131 = DIRECTION('',(-0.,0.,-1.));
#2132 = DIRECTION('',(-0.,-1.,0.));
#2133 = FACE_BOUND('',#2134,.T.);
#2134 = EDGE_LOOP('',(#2135));
#2135 = ORIENTED_EDGE('',*,*,#2136,.T.);
#2136 = EDGE_CURVE('',#2137,#2137,#2139,.T.);
#2137 = VERTEX_POINT('',#2138);
#2138 = CARTESIAN_POINT('',(22.,-84.,1.51));
#2139 = CIRCLE('',#2140,3.);
#2140 = AXIS2_PLACEMENT_3D('',#2141,#2142,#2143);
#2141 = CARTESIAN_POINT('',(22.,-81.,1.51));
#2142 = DIRECTION('',(-0.,0.,-1.));
#2143 = DIRECTION('',(-0.,-1.,0.));
#2144 = FACE_BOUND('',#2145,.T.);
#2145 = EDGE_LOOP('',(#2146));
#2146 = ORIENTED_EDGE('',*,*,#2147,.T.);
#2147 = EDGE_CURVE('',#2148,#2148,#2150,.T.);
#2148 = VERTEX_POINT('',#2149);
#2149 = CARTESIAN_POINT('',(33.25,-77.5,1.51));
#2150 = CIRCLE('',#2151,0.5);
#2151 = AXIS2_PLACEMENT_3D('',#2152,#2153,#2154);
#2152 = CARTESIAN_POINT('',(33.25,-77.,1.51));
#2153 = DIRECTION('',(-0.,0.,-1.));
#2154 = DIRECTION('',(-0.,-1.,0.));
#2155 = FACE_BOUND('',#2156,.T.);
#2156 = EDGE_LOOP('',(#2157));
#2157 = ORIENTED_EDGE('',*,*,#2158,.T.);
#2158 = EDGE_CURVE('',#2159,#2159,#2161,.T.);
#2159 = VERTEX_POINT('',#2160);
#2160 = CARTESIAN_POINT('',(40.75,-77.5,1.51));
#2161 = CIRCLE('',#2162,0.5);
#2162 = AXIS2_PLACEMENT_3D('',#2163,#2164,#2165);
#2163 = CARTESIAN_POINT('',(40.75,-77.,1.51));
#2164 = DIRECTION('',(-0.,0.,-1.));
#2165 = DIRECTION('',(-0.,-1.,0.));
#2166 = FACE_BOUND('',#2167,.T.);
#2167 = EDGE_LOOP('',(#2168));
#2168 = ORIENTED_EDGE('',*,*,#2169,.T.);
#2169 = EDGE_CURVE('',#2170,#2170,#2172,.T.);
#2170 = VERTEX_POINT('',#2171);
#2171 = CARTESIAN_POINT('',(54.25,-78.,1.51));
#2172 = CIRCLE('',#2173,0.5);
#2173 = AXIS2_PLACEMENT_3D('',#2174,#2175,#2176);
#2174 = CARTESIAN_POINT('',(54.25,-77.5,1.51));
#2175 = DIRECTION('',(-0.,0.,-1.));
#2176 = DIRECTION('',(-0.,-1.,0.));
#2177 = FACE_BOUND('',#2178,.T.);
#2178 = EDGE_LOOP('',(#2179));
#2179 = ORIENTED_EDGE('',*,*,#2180,.T.);
#2180 = EDGE_CURVE('',#2181,#2181,#2183,.T.);
#2181 = VERTEX_POINT('',#2182);
#2182 = CARTESIAN_POINT('',(61.75,-78.,1.51));
#2183 = CIRCLE('',#2184,0.5);
#2184 = AXIS2_PLACEMENT_3D('',#2185,#2186,#2187);
#2185 = CARTESIAN_POINT('',(61.75,-77.5,1.51));
#2186 = DIRECTION('',(-0.,0.,-1.));
#2187 = DIRECTION('',(-0.,-1.,0.));
#2188 = FACE_BOUND('',#2189,.T.);
#2189 = EDGE_LOOP('',(#2190));
#2190 = ORIENTED_EDGE('',*,*,#2191,.T.);
#2191 = EDGE_CURVE('',#2192,#2192,#2194,.T.);
#2192 = VERTEX_POINT('',#2193);
#2193 = CARTESIAN_POINT('',(73.25,-76.5,1.51));
#2194 = CIRCLE('',#2195,0.5);
#2195 = AXIS2_PLACEMENT_3D('',#2196,#2197,#2198);
#2196 = CARTESIAN_POINT('',(73.25,-76.,1.51));
#2197 = DIRECTION('',(-0.,0.,-1.));
#2198 = DIRECTION('',(-0.,-1.,0.));
#2199 = FACE_BOUND('',#2200,.T.);
#2200 = EDGE_LOOP('',(#2201));
#2201 = ORIENTED_EDGE('',*,*,#2202,.T.);
#2202 = EDGE_CURVE('',#2203,#2203,#2205,.T.);
#2203 = VERTEX_POINT('',#2204);
#2204 = CARTESIAN_POINT('',(13.25,-67.,1.51));
#2205 = CIRCLE('',#2206,0.5);
#2206 = AXIS2_PLACEMENT_3D('',#2207,#2208,#2209);
#2207 = CARTESIAN_POINT('',(13.25,-66.5,1.51));
#2208 = DIRECTION('',(-0.,0.,-1.));
#2209 = DIRECTION('',(-0.,-1.,0.));
#2210 = FACE_BOUND('',#2211,.T.);
#2211 = EDGE_LOOP('',(#2212));
#2212 = ORIENTED_EDGE('',*,*,#2213,.T.);
#2213 = EDGE_CURVE('',#2214,#2214,#2216,.T.);
#2214 = VERTEX_POINT('',#2215);
#2215 = CARTESIAN_POINT('',(20.75,-67.,1.51));
#2216 = CIRCLE('',#2217,0.5);
#2217 = AXIS2_PLACEMENT_3D('',#2218,#2219,#2220);
#2218 = CARTESIAN_POINT('',(20.75,-66.5,1.51));
#2219 = DIRECTION('',(-0.,0.,-1.));
#2220 = DIRECTION('',(-0.,-1.,0.));
#2221 = FACE_BOUND('',#2222,.T.);
#2222 = EDGE_LOOP('',(#2223));
#2223 = ORIENTED_EDGE('',*,*,#2224,.T.);
#2224 = EDGE_CURVE('',#2225,#2225,#2227,.T.);
#2225 = VERTEX_POINT('',#2226);
#2226 = CARTESIAN_POINT('',(50.,-66.2,1.51));
#2227 = CIRCLE('',#2228,3.2);
#2228 = AXIS2_PLACEMENT_3D('',#2229,#2230,#2231);
#2229 = CARTESIAN_POINT('',(50.,-63.,1.51));
#2230 = DIRECTION('',(-0.,0.,-1.));
#2231 = DIRECTION('',(-0.,-1.,0.));
#2232 = FACE_BOUND('',#2233,.T.);
#2233 = EDGE_LOOP('',(#2234));
#2234 = ORIENTED_EDGE('',*,*,#2235,.T.);
#2235 = EDGE_CURVE('',#2236,#2236,#2238,.T.);
#2236 = VERTEX_POINT('',#2237);
#2237 = CARTESIAN_POINT('',(80.75,-76.5,1.51));
#2238 = CIRCLE('',#2239,0.5);
#2239 = AXIS2_PLACEMENT_3D('',#2240,#2241,#2242);
#2240 = CARTESIAN_POINT('',(80.75,-76.,1.51));
#2241 = DIRECTION('',(-0.,0.,-1.));
#2242 = DIRECTION('',(-0.,-1.,0.));
#2243 = FACE_BOUND('',#2244,.T.);
#2244 = EDGE_LOOP('',(#2245));
#2245 = ORIENTED_EDGE('',*,*,#2246,.T.);
#2246 = EDGE_CURVE('',#2247,#2247,#2249,.T.);
#2247 = VERTEX_POINT('',#2248);
#2248 = CARTESIAN_POINT('',(91.75,-78.,1.51));
#2249 = CIRCLE('',#2250,0.5);
#2250 = AXIS2_PLACEMENT_3D('',#2251,#2252,#2253);
#2251 = CARTESIAN_POINT('',(91.75,-77.5,1.51));
#2252 = DIRECTION('',(-0.,0.,-1.));
#2253 = DIRECTION('',(-0.,-1.,0.));
#2254 = FACE_BOUND('',#2255,.T.);
#2255 = EDGE_LOOP('',(#2256));
#2256 = ORIENTED_EDGE('',*,*,#2257,.T.);
#2257 = EDGE_CURVE('',#2258,#2258,#2260,.T.);
#2258 = VERTEX_POINT('',#2259);
#2259 = CARTESIAN_POINT('',(99.25,-78.,1.51));
#2260 = CIRCLE('',#2261,0.5);
#2261 = AXIS2_PLACEMENT_3D('',#2262,#2263,#2264);
#2262 = CARTESIAN_POINT('',(99.25,-77.5,1.51));
#2263 = DIRECTION('',(-0.,0.,-1.));
#2264 = DIRECTION('',(-0.,-1.,0.));
#2265 = FACE_BOUND('',#2266,.T.);
#2266 = EDGE_LOOP('',(#2267));
#2267 = ORIENTED_EDGE('',*,*,#2268,.T.);
#2268 = EDGE_CURVE('',#2269,#2269,#2271,.T.);
#2269 = VERTEX_POINT('',#2270);
#2270 = CARTESIAN_POINT('',(110.25,-77.,1.51));
#2271 = CIRCLE('',#2272,0.5);
#2272 = AXIS2_PLACEMENT_3D('',#2273,#2274,#2275);
#2273 = CARTESIAN_POINT('',(110.25,-76.5,1.51));
#2274 = DIRECTION('',(-0.,0.,-1.));
#2275 = DIRECTION('',(-0.,-1.,0.));
#2276 = FACE_BOUND('',#2277,.T.);
#2277 = EDGE_LOOP('',(#2278));
#2278 = ORIENTED_EDGE('',*,*,#2279,.T.);
#2279 = EDGE_CURVE('',#2280,#2280,#2282,.T.);
#2280 = VERTEX_POINT('',#2281);
#2281 = CARTESIAN_POINT('',(117.75,-77.,1.51));
#2282 = CIRCLE('',#2283,0.5);
#2283 = AXIS2_PLACEMENT_3D('',#2284,#2285,#2286);
#2284 = CARTESIAN_POINT('',(117.75,-76.5,1.51));
#2285 = DIRECTION('',(-0.,0.,-1.));
#2286 = DIRECTION('',(-0.,-1.,0.));
#2287 = FACE_BOUND('',#2288,.T.);
#2288 = EDGE_LOOP('',(#2289));
#2289 = ORIENTED_EDGE('',*,*,#2290,.T.);
#2290 = EDGE_CURVE('',#2291,#2291,#2293,.T.);
#2291 = VERTEX_POINT('',#2292);
#2292 = CARTESIAN_POINT('',(128.75,-78.,1.51));
#2293 = CIRCLE('',#2294,0.5);
#2294 = AXIS2_PLACEMENT_3D('',#2295,#2296,#2297);
#2295 = CARTESIAN_POINT('',(128.75,-77.5,1.51));
#2296 = DIRECTION('',(-0.,0.,-1.));
#2297 = DIRECTION('',(-0.,-1.,0.));
#2298 = FACE_BOUND('',#2299,.T.);
#2299 = EDGE_LOOP('',(#2300));
#2300 = ORIENTED_EDGE('',*,*,#2301,.T.);
#2301 = EDGE_CURVE('',#2302,#2302,#2304,.T.);
#2302 = VERTEX_POINT('',#2303);
#2303 = CARTESIAN_POINT('',(136.25,-78.,1.51));
#2304 = CIRCLE('',#2305,0.5);
#2305 = AXIS2_PLACEMENT_3D('',#2306,#2307,#2308);
#2306 = CARTESIAN_POINT('',(136.25,-77.5,1.51));
#2307 = DIRECTION('',(-0.,0.,-1.));
#2308 = DIRECTION('',(-0.,-1.,0.));
#2309 = FACE_BOUND('',#2310,.T.);
#2310 = EDGE_LOOP('',(#2311));
#2311 = ORIENTED_EDGE('',*,*,#2312,.T.);
#2312 = EDGE_CURVE('',#2313,#2313,#2315,.T.);
#2313 = VERTEX_POINT('',#2314);
#2314 = CARTESIAN_POINT('',(147.,-78.,1.51));
#2315 = CIRCLE('',#2316,0.5);
#2316 = AXIS2_PLACEMENT_3D('',#2317,#2318,#2319);
#2317 = CARTESIAN_POINT('',(147.,-77.5,1.51));
#2318 = DIRECTION('',(-0.,0.,-1.));
#2319 = DIRECTION('',(-0.,-1.,0.));
#2320 = FACE_BOUND('',#2321,.T.);
#2321 = EDGE_LOOP('',(#2322));
#2322 = ORIENTED_EDGE('',*,*,#2323,.T.);
#2323 = EDGE_CURVE('',#2324,#2324,#2326,.T.);
#2324 = VERTEX_POINT('',#2325);
#2325 = CARTESIAN_POINT('',(140.,-66.2,1.51));
#2326 = CIRCLE('',#2327,3.2);
#2327 = AXIS2_PLACEMENT_3D('',#2328,#2329,#2330);
#2328 = CARTESIAN_POINT('',(140.,-63.,1.51));
#2329 = DIRECTION('',(-0.,0.,-1.));
#2330 = DIRECTION('',(-0.,-1.,0.));
#2331 = FACE_BOUND('',#2332,.T.);
#2332 = EDGE_LOOP('',(#2333));
#2333 = ORIENTED_EDGE('',*,*,#2334,.T.);
#2334 = EDGE_CURVE('',#2335,#2335,#2337,.T.);
#2335 = VERTEX_POINT('',#2336);
#2336 = CARTESIAN_POINT('',(28.75,-57.,1.51));
#2337 = CIRCLE('',#2338,0.5);
#2338 = AXIS2_PLACEMENT_3D('',#2339,#2340,#2341);
#2339 = CARTESIAN_POINT('',(28.75,-56.5,1.51));
#2340 = DIRECTION('',(-0.,0.,-1.));
#2341 = DIRECTION('',(-0.,-1.,0.));
#2342 = FACE_BOUND('',#2343,.T.);
#2343 = EDGE_LOOP('',(#2344));
#2344 = ORIENTED_EDGE('',*,*,#2345,.T.);
#2345 = EDGE_CURVE('',#2346,#2346,#2348,.T.);
#2346 = VERTEX_POINT('',#2347);
#2347 = CARTESIAN_POINT('',(36.25,-57.,1.51));
#2348 = CIRCLE('',#2349,0.5);
#2349 = AXIS2_PLACEMENT_3D('',#2350,#2351,#2352);
#2350 = CARTESIAN_POINT('',(36.25,-56.5,1.51));
#2351 = DIRECTION('',(-0.,0.,-1.));
#2352 = DIRECTION('',(-0.,-1.,0.));
#2353 = FACE_BOUND('',#2354,.T.);
#2354 = EDGE_LOOP('',(#2355));
#2355 = ORIENTED_EDGE('',*,*,#2356,.T.);
#2356 = EDGE_CURVE('',#2357,#2357,#2359,.T.);
#2357 = VERTEX_POINT('',#2358);
#2358 = CARTESIAN_POINT('',(64.75,-59.5,1.51));
#2359 = CIRCLE('',#2360,0.5);
#2360 = AXIS2_PLACEMENT_3D('',#2361,#2362,#2363);
#2361 = CARTESIAN_POINT('',(64.75,-59.,1.51));
#2362 = DIRECTION('',(-0.,0.,-1.));
#2363 = DIRECTION('',(-0.,-1.,0.));
#2364 = FACE_BOUND('',#2365,.T.);
#2365 = EDGE_LOOP('',(#2366));
#2366 = ORIENTED_EDGE('',*,*,#2367,.T.);
#2367 = EDGE_CURVE('',#2368,#2368,#2370,.T.);
#2368 = VERTEX_POINT('',#2369);
#2369 = CARTESIAN_POINT('',(72.25,-59.5,1.51));
#2370 = CIRCLE('',#2371,0.5);
#2371 = AXIS2_PLACEMENT_3D('',#2372,#2373,#2374);
#2372 = CARTESIAN_POINT('',(72.25,-59.,1.51));
#2373 = DIRECTION('',(-0.,0.,-1.));
#2374 = DIRECTION('',(-0.,-1.,0.));
#2375 = FACE_BOUND('',#2376,.T.);
#2376 = EDGE_LOOP('',(#2377));
#2377 = ORIENTED_EDGE('',*,*,#2378,.T.);
#2378 = EDGE_CURVE('',#2379,#2379,#2381,.T.);
#2379 = VERTEX_POINT('',#2380);
#2380 = CARTESIAN_POINT('',(6.25,-49.5,1.51));
#2381 = CIRCLE('',#2382,0.5);
#2382 = AXIS2_PLACEMENT_3D('',#2383,#2384,#2385);
#2383 = CARTESIAN_POINT('',(6.25,-49.,1.51));
#2384 = DIRECTION('',(-0.,0.,-1.));
#2385 = DIRECTION('',(-0.,-1.,0.));
#2386 = FACE_BOUND('',#2387,.T.);
#2387 = EDGE_LOOP('',(#2388));
#2388 = ORIENTED_EDGE('',*,*,#2389,.T.);
#2389 = EDGE_CURVE('',#2390,#2390,#2392,.T.);
#2390 = VERTEX_POINT('',#2391);
#2391 = CARTESIAN_POINT('',(13.75,-49.5,1.51));
#2392 = CIRCLE('',#2393,0.5);
#2393 = AXIS2_PLACEMENT_3D('',#2394,#2395,#2396);
#2394 = CARTESIAN_POINT('',(13.75,-49.,1.51));
#2395 = DIRECTION('',(-0.,0.,-1.));
#2396 = DIRECTION('',(-0.,-1.,0.));
#2397 = FACE_BOUND('',#2398,.T.);
#2398 = EDGE_LOOP('',(#2399));
#2399 = ORIENTED_EDGE('',*,*,#2400,.T.);
#2400 = EDGE_CURVE('',#2401,#2401,#2403,.T.);
#2401 = VERTEX_POINT('',#2402);
#2402 = CARTESIAN_POINT('',(22.75,-39.5,1.51));
#2403 = CIRCLE('',#2404,0.5);
#2404 = AXIS2_PLACEMENT_3D('',#2405,#2406,#2407);
#2405 = CARTESIAN_POINT('',(22.75,-39.,1.51));
#2406 = DIRECTION('',(-0.,0.,-1.));
#2407 = DIRECTION('',(-0.,-1.,0.));
#2408 = FACE_BOUND('',#2409,.T.);
#2409 = EDGE_LOOP('',(#2410));
#2410 = ORIENTED_EDGE('',*,*,#2411,.T.);
#2411 = EDGE_CURVE('',#2412,#2412,#2414,.T.);
#2412 = VERTEX_POINT('',#2413);
#2413 = CARTESIAN_POINT('',(30.25,-39.5,1.51));
#2414 = CIRCLE('',#2415,0.5);
#2415 = AXIS2_PLACEMENT_3D('',#2416,#2417,#2418);
#2416 = CARTESIAN_POINT('',(30.25,-39.,1.51));
#2417 = DIRECTION('',(-0.,0.,-1.));
#2418 = DIRECTION('',(-0.,-1.,0.));
#2419 = FACE_BOUND('',#2420,.T.);
#2420 = EDGE_LOOP('',(#2421));
#2421 = ORIENTED_EDGE('',*,*,#2422,.T.);
#2422 = EDGE_CURVE('',#2423,#2423,#2425,.T.);
#2423 = VERTEX_POINT('',#2424);
#2424 = CARTESIAN_POINT('',(62.5,-41.,1.51));
#2425 = CIRCLE('',#2426,0.5);
#2426 = AXIS2_PLACEMENT_3D('',#2427,#2428,#2429);
#2427 = CARTESIAN_POINT('',(62.5,-40.5,1.51));
#2428 = DIRECTION('',(-0.,0.,-1.));
#2429 = DIRECTION('',(-0.,-1.,0.));
#2430 = FACE_BOUND('',#2431,.T.);
#2431 = EDGE_LOOP('',(#2432));
#2432 = ORIENTED_EDGE('',*,*,#2433,.T.);
#2433 = EDGE_CURVE('',#2434,#2434,#2436,.T.);
#2434 = VERTEX_POINT('',#2435);
#2435 = CARTESIAN_POINT('',(70.,-41.,1.51));
#2436 = CIRCLE('',#2437,0.5);
#2437 = AXIS2_PLACEMENT_3D('',#2438,#2439,#2440);
#2438 = CARTESIAN_POINT('',(70.,-40.5,1.51));
#2439 = DIRECTION('',(-0.,0.,-1.));
#2440 = DIRECTION('',(-0.,-1.,0.));
#2441 = FACE_BOUND('',#2442,.T.);
#2442 = EDGE_LOOP('',(#2443));
#2443 = ORIENTED_EDGE('',*,*,#2444,.T.);
#2444 = EDGE_CURVE('',#2445,#2445,#2447,.T.);
#2445 = VERTEX_POINT('',#2446);
#2446 = CARTESIAN_POINT('',(83.,-60.5,1.51));
#2447 = CIRCLE('',#2448,0.5);
#2448 = AXIS2_PLACEMENT_3D('',#2449,#2450,#2451);
#2449 = CARTESIAN_POINT('',(83.,-60.,1.51));
#2450 = DIRECTION('',(-0.,0.,-1.));
#2451 = DIRECTION('',(-0.,-1.,0.));
#2452 = FACE_BOUND('',#2453,.T.);
#2453 = EDGE_LOOP('',(#2454));
#2454 = ORIENTED_EDGE('',*,*,#2455,.T.);
#2455 = EDGE_CURVE('',#2456,#2456,#2458,.T.);
#2456 = VERTEX_POINT('',#2457);
#2457 = CARTESIAN_POINT('',(90.5,-60.5,1.51));
#2458 = CIRCLE('',#2459,0.5);
#2459 = AXIS2_PLACEMENT_3D('',#2460,#2461,#2462);
#2460 = CARTESIAN_POINT('',(90.5,-60.,1.51));
#2461 = DIRECTION('',(-0.,0.,-1.));
#2462 = DIRECTION('',(-0.,-1.,0.));
#2463 = FACE_BOUND('',#2464,.T.);
#2464 = EDGE_LOOP('',(#2465));
#2465 = ORIENTED_EDGE('',*,*,#2466,.T.);
#2466 = EDGE_CURVE('',#2467,#2467,#2469,.T.);
#2467 = VERTEX_POINT('',#2468);
#2468 = CARTESIAN_POINT('',(106.5,-59.,1.51));
#2469 = CIRCLE('',#2470,0.5);
#2470 = AXIS2_PLACEMENT_3D('',#2471,#2472,#2473);
#2471 = CARTESIAN_POINT('',(106.5,-58.5,1.51));
#2472 = DIRECTION('',(-0.,0.,-1.));
#2473 = DIRECTION('',(-0.,-1.,0.));
#2474 = FACE_BOUND('',#2475,.T.);
#2475 = EDGE_LOOP('',(#2476));
#2476 = ORIENTED_EDGE('',*,*,#2477,.T.);
#2477 = EDGE_CURVE('',#2478,#2478,#2480,.T.);
#2478 = VERTEX_POINT('',#2479);
#2479 = CARTESIAN_POINT('',(114.,-59.,1.51));
#2480 = CIRCLE('',#2481,0.5);
#2481 = AXIS2_PLACEMENT_3D('',#2482,#2483,#2484);
#2482 = CARTESIAN_POINT('',(114.,-58.5,1.51));
#2483 = DIRECTION('',(-0.,0.,-1.));
#2484 = DIRECTION('',(-0.,-1.,0.));
#2485 = FACE_BOUND('',#2486,.T.);
#2486 = EDGE_LOOP('',(#2487));
#2487 = ORIENTED_EDGE('',*,*,#2488,.T.);
#2488 = EDGE_CURVE('',#2489,#2489,#2491,.T.);
#2489 = VERTEX_POINT('',#2490);
#2490 = CARTESIAN_POINT('',(123.75,-51.,1.51));
#2491 = CIRCLE('',#2492,0.5);
#2492 = AXIS2_PLACEMENT_3D('',#2493,#2494,#2495);
#2493 = CARTESIAN_POINT('',(123.75,-50.5,1.51));
#2494 = DIRECTION('',(-0.,0.,-1.));
#2495 = DIRECTION('',(-0.,-1.,0.));
#2496 = FACE_BOUND('',#2497,.T.);
#2497 = EDGE_LOOP('',(#2498));
#2498 = ORIENTED_EDGE('',*,*,#2499,.T.);
#2499 = EDGE_CURVE('',#2500,#2500,#2502,.T.);
#2500 = VERTEX_POINT('',#2501);
#2501 = CARTESIAN_POINT('',(131.25,-51.,1.51));
#2502 = CIRCLE('',#2503,0.5);
#2503 = AXIS2_PLACEMENT_3D('',#2504,#2505,#2506);
#2504 = CARTESIAN_POINT('',(131.25,-50.5,1.51));
#2505 = DIRECTION('',(-0.,0.,-1.));
#2506 = DIRECTION('',(-0.,-1.,0.));
#2507 = FACE_BOUND('',#2508,.T.);
#2508 = EDGE_LOOP('',(#2509));
#2509 = ORIENTED_EDGE('',*,*,#2510,.T.);
#2510 = EDGE_CURVE('',#2511,#2511,#2513,.T.);
#2511 = VERTEX_POINT('',#2512);
#2512 = CARTESIAN_POINT('',(82.5,-48.,1.51));
#2513 = CIRCLE('',#2514,3.);
#2514 = AXIS2_PLACEMENT_3D('',#2515,#2516,#2517);
#2515 = CARTESIAN_POINT('',(82.5,-45.,1.51));
#2516 = DIRECTION('',(-0.,0.,-1.));
#2517 = DIRECTION('',(-0.,-1.,0.));
#2518 = FACE_BOUND('',#2519,.T.);
#2519 = EDGE_LOOP('',(#2520));
#2520 = ORIENTED_EDGE('',*,*,#2521,.T.);
#2521 = EDGE_CURVE('',#2522,#2522,#2524,.T.);
#2522 = VERTEX_POINT('',#2523);
#2523 = CARTESIAN_POINT('',(94.,-45.,1.51));
#2524 = CIRCLE('',#2525,0.5);
#2525 = AXIS2_PLACEMENT_3D('',#2526,#2527,#2528);
#2526 = CARTESIAN_POINT('',(94.,-44.5,1.51));
#2527 = DIRECTION('',(-0.,0.,-1.));
#2528 = DIRECTION('',(-0.,-1.,0.));
#2529 = FACE_BOUND('',#2530,.T.);
#2530 = EDGE_LOOP('',(#2531));
#2531 = ORIENTED_EDGE('',*,*,#2532,.T.);
#2532 = EDGE_CURVE('',#2533,#2533,#2535,.T.);
#2533 = VERTEX_POINT('',#2534);
#2534 = CARTESIAN_POINT('',(101.5,-45.,1.51));
#2535 = CIRCLE('',#2536,0.5);
#2536 = AXIS2_PLACEMENT_3D('',#2537,#2538,#2539);
#2537 = CARTESIAN_POINT('',(101.5,-44.5,1.51));
#2538 = DIRECTION('',(-0.,0.,-1.));
#2539 = DIRECTION('',(-0.,-1.,0.));
#2540 = FACE_BOUND('',#2541,.T.);
#2541 = EDGE_LOOP('',(#2542));
#2542 = ORIENTED_EDGE('',*,*,#2543,.T.);
#2543 = EDGE_CURVE('',#2544,#2544,#2546,.T.);
#2544 = VERTEX_POINT('',#2545);
#2545 = CARTESIAN_POINT('',(154.5,-78.,1.51));
#2546 = CIRCLE('',#2547,0.5);
#2547 = AXIS2_PLACEMENT_3D('',#2548,#2549,#2550);
#2548 = CARTESIAN_POINT('',(154.5,-77.5,1.51));
#2549 = DIRECTION('',(-0.,0.,-1.));
#2550 = DIRECTION('',(-0.,-1.,0.));
#2551 = FACE_BOUND('',#2552,.T.);
#2552 = EDGE_LOOP('',(#2553));
#2553 = ORIENTED_EDGE('',*,*,#2554,.T.);
#2554 = EDGE_CURVE('',#2555,#2555,#2557,.T.);
#2555 = VERTEX_POINT('',#2556);
#2556 = CARTESIAN_POINT('',(165.75,-75.5,1.51));
#2557 = CIRCLE('',#2558,0.5);
#2558 = AXIS2_PLACEMENT_3D('',#2559,#2560,#2561);
#2559 = CARTESIAN_POINT('',(165.75,-75.,1.51));
#2560 = DIRECTION('',(-0.,0.,-1.));
#2561 = DIRECTION('',(-0.,-1.,0.));
#2562 = FACE_BOUND('',#2563,.T.);
#2563 = EDGE_LOOP('',(#2564));
#2564 = ORIENTED_EDGE('',*,*,#2565,.T.);
#2565 = EDGE_CURVE('',#2566,#2566,#2568,.T.);
#2566 = VERTEX_POINT('',#2567);
#2567 = CARTESIAN_POINT('',(173.25,-75.5,1.51));
#2568 = CIRCLE('',#2569,0.5);
#2569 = AXIS2_PLACEMENT_3D('',#2570,#2571,#2572);
#2570 = CARTESIAN_POINT('',(173.25,-75.,1.51));
#2571 = DIRECTION('',(-0.,0.,-1.));
#2572 = DIRECTION('',(-0.,-1.,0.));
#2573 = FACE_BOUND('',#2574,.T.);
#2574 = EDGE_LOOP('',(#2575));
#2575 = ORIENTED_EDGE('',*,*,#2576,.T.);
#2576 = EDGE_CURVE('',#2577,#2577,#2579,.T.);
#2577 = VERTEX_POINT('',#2578);
#2578 = CARTESIAN_POINT('',(185.,-84.2,1.51));
#2579 = CIRCLE('',#2580,3.2);
#2580 = AXIS2_PLACEMENT_3D('',#2581,#2582,#2583);
#2581 = CARTESIAN_POINT('',(185.,-81.,1.51));
#2582 = DIRECTION('',(-0.,0.,-1.));
#2583 = DIRECTION('',(-0.,-1.,0.));
#2584 = FACE_BOUND('',#2585,.T.);
#2585 = EDGE_LOOP('',(#2586));
#2586 = ORIENTED_EDGE('',*,*,#2587,.T.);
#2587 = EDGE_CURVE('',#2588,#2588,#2590,.T.);
#2588 = VERTEX_POINT('',#2589);
#2589 = CARTESIAN_POINT('',(198.75,-78.5,1.51));
#2590 = CIRCLE('',#2591,0.5);
#2591 = AXIS2_PLACEMENT_3D('',#2592,#2593,#2594);
#2592 = CARTESIAN_POINT('',(198.75,-78.,1.51));
#2593 = DIRECTION('',(-0.,0.,-1.));
#2594 = DIRECTION('',(-0.,-1.,0.));
#2595 = FACE_BOUND('',#2596,.T.);
#2596 = EDGE_LOOP('',(#2597));
#2597 = ORIENTED_EDGE('',*,*,#2598,.T.);
#2598 = EDGE_CURVE('',#2599,#2599,#2601,.T.);
#2599 = VERTEX_POINT('',#2600);
#2600 = CARTESIAN_POINT('',(206.25,-78.5,1.51));
#2601 = CIRCLE('',#2602,0.5);
#2602 = AXIS2_PLACEMENT_3D('',#2603,#2604,#2605);
#2603 = CARTESIAN_POINT('',(206.25,-78.,1.51));
#2604 = DIRECTION('',(-0.,0.,-1.));
#2605 = DIRECTION('',(-0.,-1.,0.));
#2606 = FACE_BOUND('',#2607,.T.);
#2607 = EDGE_LOOP('',(#2608));
#2608 = ORIENTED_EDGE('',*,*,#2609,.T.);
#2609 = EDGE_CURVE('',#2610,#2610,#2612,.T.);
#2610 = VERTEX_POINT('',#2611);
#2611 = CARTESIAN_POINT('',(217.25,-77.5,1.51));
#2612 = CIRCLE('',#2613,0.5);
#2613 = AXIS2_PLACEMENT_3D('',#2614,#2615,#2616);
#2614 = CARTESIAN_POINT('',(217.25,-77.,1.51));
#2615 = DIRECTION('',(-0.,0.,-1.));
#2616 = DIRECTION('',(-0.,-1.,0.));
#2617 = FACE_BOUND('',#2618,.T.);
#2618 = EDGE_LOOP('',(#2619));
#2619 = ORIENTED_EDGE('',*,*,#2620,.T.);
#2620 = EDGE_CURVE('',#2621,#2621,#2623,.T.);
#2621 = VERTEX_POINT('',#2622);
#2622 = CARTESIAN_POINT('',(181.25,-63.5,1.51));
#2623 = CIRCLE('',#2624,0.5);
#2624 = AXIS2_PLACEMENT_3D('',#2625,#2626,#2627);
#2625 = CARTESIAN_POINT('',(181.25,-63.,1.51));
#2626 = DIRECTION('',(-0.,0.,-1.));
#2627 = DIRECTION('',(-0.,-1.,0.));
#2628 = FACE_BOUND('',#2629,.T.);
#2629 = EDGE_LOOP('',(#2630));
#2630 = ORIENTED_EDGE('',*,*,#2631,.T.);
#2631 = EDGE_CURVE('',#2632,#2632,#2634,.T.);
#2632 = VERTEX_POINT('',#2633);
#2633 = CARTESIAN_POINT('',(188.75,-63.5,1.51));
#2634 = CIRCLE('',#2635,0.5);
#2635 = AXIS2_PLACEMENT_3D('',#2636,#2637,#2638);
#2636 = CARTESIAN_POINT('',(188.75,-63.,1.51));
#2637 = DIRECTION('',(-0.,0.,-1.));
#2638 = DIRECTION('',(-0.,-1.,0.));
#2639 = FACE_BOUND('',#2640,.T.);
#2640 = EDGE_LOOP('',(#2641));
#2641 = ORIENTED_EDGE('',*,*,#2642,.T.);
#2642 = EDGE_CURVE('',#2643,#2643,#2645,.T.);
#2643 = VERTEX_POINT('',#2644);
#2644 = CARTESIAN_POINT('',(254.,-82.,1.51));
#2645 = CIRCLE('',#2646,3.);
#2646 = AXIS2_PLACEMENT_3D('',#2647,#2648,#2649);
#2647 = CARTESIAN_POINT('',(254.,-79.,1.51));
#2648 = DIRECTION('',(-0.,0.,-1.));
#2649 = DIRECTION('',(-0.,-1.,0.));
#2650 = FACE_BOUND('',#2651,.T.);
#2651 = EDGE_LOOP('',(#2652));
#2652 = ORIENTED_EDGE('',*,*,#2653,.T.);
#2653 = EDGE_CURVE('',#2654,#2654,#2656,.T.);
#2654 = VERTEX_POINT('',#2655);
#2655 = CARTESIAN_POINT('',(224.75,-77.5,1.51));
#2656 = CIRCLE('',#2657,0.5);
#2657 = AXIS2_PLACEMENT_3D('',#2658,#2659,#2660);
#2658 = CARTESIAN_POINT('',(224.75,-77.,1.51));
#2659 = DIRECTION('',(-0.,0.,-1.));
#2660 = DIRECTION('',(-0.,-1.,0.));
#2661 = FACE_BOUND('',#2662,.T.);
#2662 = EDGE_LOOP('',(#2663));
#2663 = ORIENTED_EDGE('',*,*,#2664,.T.);
#2664 = EDGE_CURVE('',#2665,#2665,#2667,.T.);
#2665 = VERTEX_POINT('',#2666);
#2666 = CARTESIAN_POINT('',(236.25,-77.5,1.51));
#2667 = CIRCLE('',#2668,0.5);
#2668 = AXIS2_PLACEMENT_3D('',#2669,#2670,#2671);
#2669 = CARTESIAN_POINT('',(236.25,-77.,1.51));
#2670 = DIRECTION('',(-0.,0.,-1.));
#2671 = DIRECTION('',(-0.,-1.,0.));
#2672 = FACE_BOUND('',#2673,.T.);
#2673 = EDGE_LOOP('',(#2674));
#2674 = ORIENTED_EDGE('',*,*,#2675,.T.);
#2675 = EDGE_CURVE('',#2676,#2676,#2678,.T.);
#2676 = VERTEX_POINT('',#2677);
#2677 = CARTESIAN_POINT('',(243.75,-77.5,1.51));
#2678 = CIRCLE('',#2679,0.5);
#2679 = AXIS2_PLACEMENT_3D('',#2680,#2681,#2682);
#2680 = CARTESIAN_POINT('',(243.75,-77.,1.51));
#2681 = DIRECTION('',(-0.,0.,-1.));
#2682 = DIRECTION('',(-0.,-1.,0.));
#2683 = FACE_BOUND('',#2684,.T.);
#2684 = EDGE_LOOP('',(#2685));
#2685 = ORIENTED_EDGE('',*,*,#2686,.T.);
#2686 = EDGE_CURVE('',#2687,#2687,#2689,.T.);
#2687 = VERTEX_POINT('',#2688);
#2688 = CARTESIAN_POINT('',(285.,-84.2,1.51));
#2689 = CIRCLE('',#2690,3.2);
#2690 = AXIS2_PLACEMENT_3D('',#2691,#2692,#2693);
#2691 = CARTESIAN_POINT('',(285.,-81.,1.51));
#2692 = DIRECTION('',(-0.,0.,-1.));
#2693 = DIRECTION('',(-0.,-1.,0.));
#2694 = FACE_BOUND('',#2695,.T.);
#2695 = EDGE_LOOP('',(#2696));
#2696 = ORIENTED_EDGE('',*,*,#2697,.T.);
#2697 = EDGE_CURVE('',#2698,#2698,#2700,.T.);
#2698 = VERTEX_POINT('',#2699);
#2699 = CARTESIAN_POINT('',(264.5,-78.,1.51));
#2700 = CIRCLE('',#2701,0.5);
#2701 = AXIS2_PLACEMENT_3D('',#2702,#2703,#2704);
#2702 = CARTESIAN_POINT('',(264.5,-77.5,1.51));
#2703 = DIRECTION('',(-0.,0.,-1.));
#2704 = DIRECTION('',(-0.,-1.,0.));
#2705 = FACE_BOUND('',#2706,.T.);
#2706 = EDGE_LOOP('',(#2707));
#2707 = ORIENTED_EDGE('',*,*,#2708,.T.);
#2708 = EDGE_CURVE('',#2709,#2709,#2711,.T.);
#2709 = VERTEX_POINT('',#2710);
#2710 = CARTESIAN_POINT('',(272.,-78.,1.51));
#2711 = CIRCLE('',#2712,0.5);
#2712 = AXIS2_PLACEMENT_3D('',#2713,#2714,#2715);
#2713 = CARTESIAN_POINT('',(272.,-77.5,1.51));
#2714 = DIRECTION('',(-0.,0.,-1.));
#2715 = DIRECTION('',(-0.,-1.,0.));
#2716 = FACE_BOUND('',#2717,.T.);
#2717 = EDGE_LOOP('',(#2718));
#2718 = ORIENTED_EDGE('',*,*,#2719,.T.);
#2719 = EDGE_CURVE('',#2720,#2720,#2722,.T.);
#2720 = VERTEX_POINT('',#2721);
#2721 = CARTESIAN_POINT('',(230.,-66.2,1.51));
#2722 = CIRCLE('',#2723,3.2);
#2723 = AXIS2_PLACEMENT_3D('',#2724,#2725,#2726);
#2724 = CARTESIAN_POINT('',(230.,-63.,1.51));
#2725 = DIRECTION('',(-0.,0.,-1.));
#2726 = DIRECTION('',(-0.,-1.,0.));
#2727 = FACE_BOUND('',#2728,.T.);
#2728 = EDGE_LOOP('',(#2729));
#2729 = ORIENTED_EDGE('',*,*,#2730,.T.);
#2730 = EDGE_CURVE('',#2731,#2731,#2733,.T.);
#2731 = VERTEX_POINT('',#2732);
#2732 = CARTESIAN_POINT('',(251.25,-65.5,1.51));
#2733 = CIRCLE('',#2734,0.5);
#2734 = AXIS2_PLACEMENT_3D('',#2735,#2736,#2737);
#2735 = CARTESIAN_POINT('',(251.25,-65.,1.51));
#2736 = DIRECTION('',(-0.,0.,-1.));
#2737 = DIRECTION('',(-0.,-1.,0.));
#2738 = FACE_BOUND('',#2739,.T.);
#2739 = EDGE_LOOP('',(#2740));
#2740 = ORIENTED_EDGE('',*,*,#2741,.T.);
#2741 = EDGE_CURVE('',#2742,#2742,#2744,.T.);
#2742 = VERTEX_POINT('',#2743);
#2743 = CARTESIAN_POINT('',(258.75,-65.5,1.51));
#2744 = CIRCLE('',#2745,0.5);
#2745 = AXIS2_PLACEMENT_3D('',#2746,#2747,#2748);
#2746 = CARTESIAN_POINT('',(258.75,-65.,1.51));
#2747 = DIRECTION('',(-0.,0.,-1.));
#2748 = DIRECTION('',(-0.,-1.,0.));
#2749 = FACE_BOUND('',#2750,.T.);
#2750 = EDGE_LOOP('',(#2751));
#2751 = ORIENTED_EDGE('',*,*,#2752,.T.);
#2752 = EDGE_CURVE('',#2753,#2753,#2755,.T.);
#2753 = VERTEX_POINT('',#2754);
#2754 = CARTESIAN_POINT('',(269.,-67.,1.51));
#2755 = CIRCLE('',#2756,3.);
#2756 = AXIS2_PLACEMENT_3D('',#2757,#2758,#2759);
#2757 = CARTESIAN_POINT('',(269.,-64.,1.51));
#2758 = DIRECTION('',(-0.,0.,-1.));
#2759 = DIRECTION('',(-0.,-1.,0.));
#2760 = FACE_BOUND('',#2761,.T.);
#2761 = EDGE_LOOP('',(#2762));
#2762 = ORIENTED_EDGE('',*,*,#2763,.T.);
#2763 = EDGE_CURVE('',#2764,#2764,#2766,.T.);
#2764 = VERTEX_POINT('',#2765);
#2765 = CARTESIAN_POINT('',(153.75,-61.,1.51));
#2766 = CIRCLE('',#2767,0.5);
#2767 = AXIS2_PLACEMENT_3D('',#2768,#2769,#2770);
#2768 = CARTESIAN_POINT('',(153.75,-60.5,1.51));
#2769 = DIRECTION('',(-0.,0.,-1.));
#2770 = DIRECTION('',(-0.,-1.,0.));
#2771 = FACE_BOUND('',#2772,.T.);
#2772 = EDGE_LOOP('',(#2773));
#2773 = ORIENTED_EDGE('',*,*,#2774,.T.);
#2774 = EDGE_CURVE('',#2775,#2775,#2777,.T.);
#2775 = VERTEX_POINT('',#2776);
#2776 = CARTESIAN_POINT('',(161.25,-61.,1.51));
#2777 = CIRCLE('',#2778,0.5);
#2778 = AXIS2_PLACEMENT_3D('',#2779,#2780,#2781);
#2779 = CARTESIAN_POINT('',(161.25,-60.5,1.51));
#2780 = DIRECTION('',(-0.,0.,-1.));
#2781 = DIRECTION('',(-0.,-1.,0.));
#2782 = FACE_BOUND('',#2783,.T.);
#2783 = EDGE_LOOP('',(#2784));
#2784 = ORIENTED_EDGE('',*,*,#2785,.T.);
#2785 = EDGE_CURVE('',#2786,#2786,#2788,.T.);
#2786 = VERTEX_POINT('',#2787);
#2787 = CARTESIAN_POINT('',(200.,-60.,1.51));
#2788 = CIRCLE('',#2789,0.5);
#2789 = AXIS2_PLACEMENT_3D('',#2790,#2791,#2792);
#2790 = CARTESIAN_POINT('',(200.,-59.5,1.51));
#2791 = DIRECTION('',(-0.,0.,-1.));
#2792 = DIRECTION('',(-0.,-1.,0.));
#2793 = FACE_BOUND('',#2794,.T.);
#2794 = EDGE_LOOP('',(#2795));
#2795 = ORIENTED_EDGE('',*,*,#2796,.T.);
#2796 = EDGE_CURVE('',#2797,#2797,#2799,.T.);
#2797 = VERTEX_POINT('',#2798);
#2798 = CARTESIAN_POINT('',(207.5,-60.,1.51));
#2799 = CIRCLE('',#2800,0.5);
#2800 = AXIS2_PLACEMENT_3D('',#2801,#2802,#2803);
#2801 = CARTESIAN_POINT('',(207.5,-59.5,1.51));
#2802 = DIRECTION('',(-0.,0.,-1.));
#2803 = DIRECTION('',(-0.,-1.,0.));
#2804 = FACE_BOUND('',#2805,.T.);
#2805 = EDGE_LOOP('',(#2806));
#2806 = ORIENTED_EDGE('',*,*,#2807,.T.);
#2807 = EDGE_CURVE('',#2808,#2808,#2810,.T.);
#2808 = VERTEX_POINT('',#2809);
#2809 = CARTESIAN_POINT('',(169.25,-49.5,1.51));
#2810 = CIRCLE('',#2811,0.5);
#2811 = AXIS2_PLACEMENT_3D('',#2812,#2813,#2814);
#2812 = CARTESIAN_POINT('',(169.25,-49.,1.51));
#2813 = DIRECTION('',(-0.,0.,-1.));
#2814 = DIRECTION('',(-0.,-1.,0.));
#2815 = FACE_BOUND('',#2816,.T.);
#2816 = EDGE_LOOP('',(#2817));
#2817 = ORIENTED_EDGE('',*,*,#2818,.T.);
#2818 = EDGE_CURVE('',#2819,#2819,#2821,.T.);
#2819 = VERTEX_POINT('',#2820);
#2820 = CARTESIAN_POINT('',(176.75,-49.5,1.51));
#2821 = CIRCLE('',#2822,0.5);
#2822 = AXIS2_PLACEMENT_3D('',#2823,#2824,#2825);
#2823 = CARTESIAN_POINT('',(176.75,-49.,1.51));
#2824 = DIRECTION('',(-0.,0.,-1.));
#2825 = DIRECTION('',(-0.,-1.,0.));
#2826 = FACE_BOUND('',#2827,.T.);
#2827 = EDGE_LOOP('',(#2828));
#2828 = ORIENTED_EDGE('',*,*,#2829,.T.);
#2829 = EDGE_CURVE('',#2830,#2830,#2832,.T.);
#2830 = VERTEX_POINT('',#2831);
#2831 = CARTESIAN_POINT('',(152.75,-41.5,1.51));
#2832 = CIRCLE('',#2833,0.5);
#2833 = AXIS2_PLACEMENT_3D('',#2834,#2835,#2836);
#2834 = CARTESIAN_POINT('',(152.75,-41.,1.51));
#2835 = DIRECTION('',(-0.,0.,-1.));
#2836 = DIRECTION('',(-0.,-1.,0.));
#2837 = FACE_BOUND('',#2838,.T.);
#2838 = EDGE_LOOP('',(#2839));
#2839 = ORIENTED_EDGE('',*,*,#2840,.T.);
#2840 = EDGE_CURVE('',#2841,#2841,#2843,.T.);
#2841 = VERTEX_POINT('',#2842);
#2842 = CARTESIAN_POINT('',(160.25,-41.5,1.51));
#2843 = CIRCLE('',#2844,0.5);
#2844 = AXIS2_PLACEMENT_3D('',#2845,#2846,#2847);
#2845 = CARTESIAN_POINT('',(160.25,-41.,1.51));
#2846 = DIRECTION('',(-0.,0.,-1.));
#2847 = DIRECTION('',(-0.,-1.,0.));
#2848 = FACE_BOUND('',#2849,.T.);
#2849 = EDGE_LOOP('',(#2850));
#2850 = ORIENTED_EDGE('',*,*,#2851,.T.);
#2851 = EDGE_CURVE('',#2852,#2852,#2854,.T.);
#2852 = VERTEX_POINT('',#2853);
#2853 = CARTESIAN_POINT('',(216.,-50.,1.51));
#2854 = CIRCLE('',#2855,0.5);
#2855 = AXIS2_PLACEMENT_3D('',#2856,#2857,#2858);
#2856 = CARTESIAN_POINT('',(216.,-49.5,1.51));
#2857 = DIRECTION('',(-0.,0.,-1.));
#2858 = DIRECTION('',(-0.,-1.,0.));
#2859 = FACE_BOUND('',#2860,.T.);
#2860 = EDGE_LOOP('',(#2861));
#2861 = ORIENTED_EDGE('',*,*,#2862,.T.);
#2862 = EDGE_CURVE('',#2863,#2863,#2865,.T.);
#2863 = VERTEX_POINT('',#2864);
#2864 = CARTESIAN_POINT('',(190.75,-44.,1.51));
#2865 = CIRCLE('',#2866,0.5);
#2866 = AXIS2_PLACEMENT_3D('',#2867,#2868,#2869);
#2867 = CARTESIAN_POINT('',(190.75,-43.5,1.51));
#2868 = DIRECTION('',(-0.,0.,-1.));
#2869 = DIRECTION('',(-0.,-1.,0.));
#2870 = FACE_BOUND('',#2871,.T.);
#2871 = EDGE_LOOP('',(#2872));
#2872 = ORIENTED_EDGE('',*,*,#2873,.T.);
#2873 = EDGE_CURVE('',#2874,#2874,#2876,.T.);
#2874 = VERTEX_POINT('',#2875);
#2875 = CARTESIAN_POINT('',(198.25,-44.,1.51));
#2876 = CIRCLE('',#2877,0.5);
#2877 = AXIS2_PLACEMENT_3D('',#2878,#2879,#2880);
#2878 = CARTESIAN_POINT('',(198.25,-43.5,1.51));
#2879 = DIRECTION('',(-0.,0.,-1.));
#2880 = DIRECTION('',(-0.,-1.,0.));
#2881 = FACE_BOUND('',#2882,.T.);
#2882 = EDGE_LOOP('',(#2883));
#2883 = ORIENTED_EDGE('',*,*,#2884,.T.);
#2884 = EDGE_CURVE('',#2885,#2885,#2887,.T.);
#2885 = VERTEX_POINT('',#2886);
#2886 = CARTESIAN_POINT('',(223.5,-50.,1.51));
#2887 = CIRCLE('',#2888,0.5);
#2888 = AXIS2_PLACEMENT_3D('',#2889,#2890,#2891);
#2889 = CARTESIAN_POINT('',(223.5,-49.5,1.51));
#2890 = DIRECTION('',(-0.,0.,-1.));
#2891 = DIRECTION('',(-0.,-1.,0.));
#2892 = FACE_BOUND('',#2893,.T.);
#2893 = EDGE_LOOP('',(#2894));
#2894 = ORIENTED_EDGE('',*,*,#2895,.T.);
#2895 = EDGE_CURVE('',#2896,#2896,#2898,.T.);
#2896 = VERTEX_POINT('',#2897);
#2897 = CARTESIAN_POINT('',(243.75,-49.,1.51));
#2898 = CIRCLE('',#2899,0.5);
#2899 = AXIS2_PLACEMENT_3D('',#2900,#2901,#2902);
#2900 = CARTESIAN_POINT('',(243.75,-48.5,1.51));
#2901 = DIRECTION('',(-0.,0.,-1.));
#2902 = DIRECTION('',(-0.,-1.,0.));
#2903 = FACE_BOUND('',#2904,.T.);
#2904 = EDGE_LOOP('',(#2905));
#2905 = ORIENTED_EDGE('',*,*,#2906,.T.);
#2906 = EDGE_CURVE('',#2907,#2907,#2909,.T.);
#2907 = VERTEX_POINT('',#2908);
#2908 = CARTESIAN_POINT('',(251.25,-49.,1.51));
#2909 = CIRCLE('',#2910,0.5);
#2910 = AXIS2_PLACEMENT_3D('',#2911,#2912,#2913);
#2911 = CARTESIAN_POINT('',(251.25,-48.5,1.51));
#2912 = DIRECTION('',(-0.,0.,-1.));
#2913 = DIRECTION('',(-0.,-1.,0.));
#2914 = FACE_BOUND('',#2915,.T.);
#2915 = EDGE_LOOP('',(#2916));
#2916 = ORIENTED_EDGE('',*,*,#2917,.T.);
#2917 = EDGE_CURVE('',#2918,#2918,#2920,.T.);
#2918 = VERTEX_POINT('',#2919);
#2919 = CARTESIAN_POINT('',(263.25,-50.5,1.51));
#2920 = CIRCLE('',#2921,0.5);
#2921 = AXIS2_PLACEMENT_3D('',#2922,#2923,#2924);
#2922 = CARTESIAN_POINT('',(263.25,-50.,1.51));
#2923 = DIRECTION('',(-0.,0.,-1.));
#2924 = DIRECTION('',(-0.,-1.,0.));
#2925 = FACE_BOUND('',#2926,.T.);
#2926 = EDGE_LOOP('',(#2927));
#2927 = ORIENTED_EDGE('',*,*,#2928,.T.);
#2928 = EDGE_CURVE('',#2929,#2929,#2931,.T.);
#2929 = VERTEX_POINT('',#2930);
#2930 = CARTESIAN_POINT('',(270.75,-50.5,1.51));
#2931 = CIRCLE('',#2932,0.5);
#2932 = AXIS2_PLACEMENT_3D('',#2933,#2934,#2935);
#2933 = CARTESIAN_POINT('',(270.75,-50.,1.51));
#2934 = DIRECTION('',(-0.,0.,-1.));
#2935 = DIRECTION('',(-0.,-1.,0.));
#2936 = FACE_BOUND('',#2937,.T.);
#2937 = EDGE_LOOP('',(#2938));
#2938 = ORIENTED_EDGE('',*,*,#2939,.T.);
#2939 = EDGE_CURVE('',#2940,#2940,#2942,.T.);
#2940 = VERTEX_POINT('',#2941);
#2941 = CARTESIAN_POINT('',(6.25,-30.5,1.51));
#2942 = CIRCLE('',#2943,0.5);
#2943 = AXIS2_PLACEMENT_3D('',#2944,#2945,#2946);
#2944 = CARTESIAN_POINT('',(6.25,-30.,1.51));
#2945 = DIRECTION('',(-0.,0.,-1.));
#2946 = DIRECTION('',(-0.,-1.,0.));
#2947 = FACE_BOUND('',#2948,.T.);
#2948 = EDGE_LOOP('',(#2949));
#2949 = ORIENTED_EDGE('',*,*,#2950,.T.);
#2950 = EDGE_CURVE('',#2951,#2951,#2953,.T.);
#2951 = VERTEX_POINT('',#2952);
#2952 = CARTESIAN_POINT('',(13.75,-30.5,1.51));
#2953 = CIRCLE('',#2954,0.5);
#2954 = AXIS2_PLACEMENT_3D('',#2955,#2956,#2957);
#2955 = CARTESIAN_POINT('',(13.75,-30.,1.51));
#2956 = DIRECTION('',(-0.,0.,-1.));
#2957 = DIRECTION('',(-0.,-1.,0.));
#2958 = FACE_BOUND('',#2959,.T.);
#2959 = EDGE_LOOP('',(#2960));
#2960 = ORIENTED_EDGE('',*,*,#2961,.T.);
#2961 = EDGE_CURVE('',#2962,#2962,#2964,.T.);
#2962 = VERTEX_POINT('',#2963);
#2963 = CARTESIAN_POINT('',(50.,-38.2,1.51));
#2964 = CIRCLE('',#2965,3.2);
#2965 = AXIS2_PLACEMENT_3D('',#2966,#2967,#2968);
#2966 = CARTESIAN_POINT('',(50.,-35.,1.51));
#2967 = DIRECTION('',(-0.,0.,-1.));
#2968 = DIRECTION('',(-0.,-1.,0.));
#2969 = FACE_BOUND('',#2970,.T.);
#2970 = EDGE_LOOP('',(#2971));
#2971 = ORIENTED_EDGE('',*,*,#2972,.T.);
#2972 = EDGE_CURVE('',#2973,#2973,#2975,.T.);
#2973 = VERTEX_POINT('',#2974);
#2974 = CARTESIAN_POINT('',(24.,-20.5,1.51));
#2975 = CIRCLE('',#2976,0.5);
#2976 = AXIS2_PLACEMENT_3D('',#2977,#2978,#2979);
#2977 = CARTESIAN_POINT('',(24.,-20.,1.51));
#2978 = DIRECTION('',(-0.,0.,-1.));
#2979 = DIRECTION('',(-0.,-1.,0.));
#2980 = FACE_BOUND('',#2981,.T.);
#2981 = EDGE_LOOP('',(#2982));
#2982 = ORIENTED_EDGE('',*,*,#2983,.T.);
#2983 = EDGE_CURVE('',#2984,#2984,#2986,.T.);
#2984 = VERTEX_POINT('',#2985);
#2985 = CARTESIAN_POINT('',(31.5,-20.5,1.51));
#2986 = CIRCLE('',#2987,0.5);
#2987 = AXIS2_PLACEMENT_3D('',#2988,#2989,#2990);
#2988 = CARTESIAN_POINT('',(31.5,-20.,1.51));
#2989 = DIRECTION('',(-0.,0.,-1.));
#2990 = DIRECTION('',(-0.,-1.,0.));
#2991 = FACE_BOUND('',#2992,.T.);
#2992 = EDGE_LOOP('',(#2993));
#2993 = ORIENTED_EDGE('',*,*,#2994,.T.);
#2994 = EDGE_CURVE('',#2995,#2995,#2997,.T.);
#2995 = VERTEX_POINT('',#2996);
#2996 = CARTESIAN_POINT('',(60.25,-19.,1.51));
#2997 = CIRCLE('',#2998,0.5);
#2998 = AXIS2_PLACEMENT_3D('',#2999,#3000,#3001);
#2999 = CARTESIAN_POINT('',(60.25,-18.5,1.51));
#3000 = DIRECTION('',(-0.,0.,-1.));
#3001 = DIRECTION('',(-0.,-1.,0.));
#3002 = FACE_BOUND('',#3003,.T.);
#3003 = EDGE_LOOP('',(#3004));
#3004 = ORIENTED_EDGE('',*,*,#3005,.T.);
#3005 = EDGE_CURVE('',#3006,#3006,#3008,.T.);
#3006 = VERTEX_POINT('',#3007);
#3007 = CARTESIAN_POINT('',(67.75,-19.,1.51));
#3008 = CIRCLE('',#3009,0.5);
#3009 = AXIS2_PLACEMENT_3D('',#3010,#3011,#3012);
#3010 = CARTESIAN_POINT('',(67.75,-18.5,1.51));
#3011 = DIRECTION('',(-0.,0.,-1.));
#3012 = DIRECTION('',(-0.,-1.,0.));
#3013 = FACE_BOUND('',#3014,.T.);
#3014 = EDGE_LOOP('',(#3015));
#3015 = ORIENTED_EDGE('',*,*,#3016,.T.);
#3016 = EDGE_CURVE('',#3017,#3017,#3019,.T.);
#3017 = VERTEX_POINT('',#3018);
#3018 = CARTESIAN_POINT('',(77.25,-30.5,1.51));
#3019 = CIRCLE('',#3020,0.5);
#3020 = AXIS2_PLACEMENT_3D('',#3021,#3022,#3023);
#3021 = CARTESIAN_POINT('',(77.25,-30.,1.51));
#3022 = DIRECTION('',(-0.,0.,-1.));
#3023 = DIRECTION('',(-0.,-1.,0.));
#3024 = FACE_BOUND('',#3025,.T.);
#3025 = EDGE_LOOP('',(#3026));
#3026 = ORIENTED_EDGE('',*,*,#3027,.T.);
#3027 = EDGE_CURVE('',#3028,#3028,#3030,.T.);
#3028 = VERTEX_POINT('',#3029);
#3029 = CARTESIAN_POINT('',(84.75,-30.5,1.51));
#3030 = CIRCLE('',#3031,0.5);
#3031 = AXIS2_PLACEMENT_3D('',#3032,#3033,#3034);
#3032 = CARTESIAN_POINT('',(84.75,-30.,1.51));
#3033 = DIRECTION('',(-0.,0.,-1.));
#3034 = DIRECTION('',(-0.,-1.,0.));
#3035 = FACE_BOUND('',#3036,.T.);
#3036 = EDGE_LOOP('',(#3037));
#3037 = ORIENTED_EDGE('',*,*,#3038,.T.);
#3038 = EDGE_CURVE('',#3039,#3039,#3041,.T.);
#3039 = VERTEX_POINT('',#3040);
#3040 = CARTESIAN_POINT('',(111.25,-37.5,1.51));
#3041 = CIRCLE('',#3042,0.5);
#3042 = AXIS2_PLACEMENT_3D('',#3043,#3044,#3045);
#3043 = CARTESIAN_POINT('',(111.25,-37.,1.51));
#3044 = DIRECTION('',(-0.,0.,-1.));
#3045 = DIRECTION('',(-0.,-1.,0.));
#3046 = FACE_BOUND('',#3047,.T.);
#3047 = EDGE_LOOP('',(#3048));
#3048 = ORIENTED_EDGE('',*,*,#3049,.T.);
#3049 = EDGE_CURVE('',#3050,#3050,#3052,.T.);
#3050 = VERTEX_POINT('',#3051);
#3051 = CARTESIAN_POINT('',(118.75,-37.5,1.51));
#3052 = CIRCLE('',#3053,0.5);
#3053 = AXIS2_PLACEMENT_3D('',#3054,#3055,#3056);
#3054 = CARTESIAN_POINT('',(118.75,-37.,1.51));
#3055 = DIRECTION('',(-0.,0.,-1.));
#3056 = DIRECTION('',(-0.,-1.,0.));
#3057 = FACE_BOUND('',#3058,.T.);
#3058 = EDGE_LOOP('',(#3059));
#3059 = ORIENTED_EDGE('',*,*,#3060,.T.);
#3060 = EDGE_CURVE('',#3061,#3061,#3063,.T.);
#3061 = VERTEX_POINT('',#3062);
#3062 = CARTESIAN_POINT('',(140.,-38.2,1.51));
#3063 = CIRCLE('',#3064,3.2);
#3064 = AXIS2_PLACEMENT_3D('',#3065,#3066,#3067);
#3065 = CARTESIAN_POINT('',(140.,-35.,1.51));
#3066 = DIRECTION('',(-0.,0.,-1.));
#3067 = DIRECTION('',(-0.,-1.,0.));
#3068 = FACE_BOUND('',#3069,.T.);
#3069 = EDGE_LOOP('',(#3070));
#3070 = ORIENTED_EDGE('',*,*,#3071,.T.);
#3071 = EDGE_CURVE('',#3072,#3072,#3074,.T.);
#3072 = VERTEX_POINT('',#3073);
#3073 = CARTESIAN_POINT('',(95.25,-26.5,1.51));
#3074 = CIRCLE('',#3075,0.5);
#3075 = AXIS2_PLACEMENT_3D('',#3076,#3077,#3078);
#3076 = CARTESIAN_POINT('',(95.25,-26.,1.51));
#3077 = DIRECTION('',(-0.,0.,-1.));
#3078 = DIRECTION('',(-0.,-1.,0.));
#3079 = FACE_BOUND('',#3080,.T.);
#3080 = EDGE_LOOP('',(#3081));
#3081 = ORIENTED_EDGE('',*,*,#3082,.T.);
#3082 = EDGE_CURVE('',#3083,#3083,#3085,.T.);
#3083 = VERTEX_POINT('',#3084);
#3084 = CARTESIAN_POINT('',(102.75,-26.5,1.51));
#3085 = CIRCLE('',#3086,0.5);
#3086 = AXIS2_PLACEMENT_3D('',#3087,#3088,#3089);
#3087 = CARTESIAN_POINT('',(102.75,-26.,1.51));
#3088 = DIRECTION('',(-0.,0.,-1.));
#3089 = DIRECTION('',(-0.,-1.,0.));
#3090 = FACE_BOUND('',#3091,.T.);
#3091 = EDGE_LOOP('',(#3092));
#3092 = ORIENTED_EDGE('',*,*,#3093,.T.);
#3093 = EDGE_CURVE('',#3094,#3094,#3096,.T.);
#3094 = VERTEX_POINT('',#3095);
#3095 = CARTESIAN_POINT('',(114.25,-19.,1.51));
#3096 = CIRCLE('',#3097,0.5);
#3097 = AXIS2_PLACEMENT_3D('',#3098,#3099,#3100);
#3098 = CARTESIAN_POINT('',(114.25,-18.5,1.51));
#3099 = DIRECTION('',(-0.,0.,-1.));
#3100 = DIRECTION('',(-0.,-1.,0.));
#3101 = FACE_BOUND('',#3102,.T.);
#3102 = EDGE_LOOP('',(#3103));
#3103 = ORIENTED_EDGE('',*,*,#3104,.T.);
#3104 = EDGE_CURVE('',#3105,#3105,#3107,.T.);
#3105 = VERTEX_POINT('',#3106);
#3106 = CARTESIAN_POINT('',(121.75,-19.,1.51));
#3107 = CIRCLE('',#3108,0.5);
#3108 = AXIS2_PLACEMENT_3D('',#3109,#3110,#3111);
#3109 = CARTESIAN_POINT('',(121.75,-18.5,1.51));
#3110 = DIRECTION('',(-0.,0.,-1.));
#3111 = DIRECTION('',(-0.,-1.,0.));
#3112 = FACE_BOUND('',#3113,.T.);
#3113 = EDGE_LOOP('',(#3114));
#3114 = ORIENTED_EDGE('',*,*,#3115,.T.);
#3115 = EDGE_CURVE('',#3116,#3116,#3118,.T.);
#3116 = VERTEX_POINT('',#3117);
#3117 = CARTESIAN_POINT('',(133.,-18.5,1.51));
#3118 = CIRCLE('',#3119,0.5);
#3119 = AXIS2_PLACEMENT_3D('',#3120,#3121,#3122);
#3120 = CARTESIAN_POINT('',(133.,-18.,1.51));
#3121 = DIRECTION('',(-0.,0.,-1.));
#3122 = DIRECTION('',(-0.,-1.,0.));
#3123 = FACE_BOUND('',#3124,.T.);
#3124 = EDGE_LOOP('',(#3125));
#3125 = ORIENTED_EDGE('',*,*,#3126,.T.);
#3126 = EDGE_CURVE('',#3127,#3127,#3129,.T.);
#3127 = VERTEX_POINT('',#3128);
#3128 = CARTESIAN_POINT('',(140.5,-18.5,1.51));
#3129 = CIRCLE('',#3130,0.5);
#3130 = AXIS2_PLACEMENT_3D('',#3131,#3132,#3133);
#3131 = CARTESIAN_POINT('',(140.5,-18.,1.51));
#3132 = DIRECTION('',(-0.,0.,-1.));
#3133 = DIRECTION('',(-0.,-1.,0.));
#3134 = FACE_BOUND('',#3135,.T.);
#3135 = EDGE_LOOP('',(#3136));
#3136 = ORIENTED_EDGE('',*,*,#3137,.T.);
#3137 = EDGE_CURVE('',#3138,#3138,#3140,.T.);
#3138 = VERTEX_POINT('',#3139);
#3139 = CARTESIAN_POINT('',(7.25,-11.5,1.51));
#3140 = CIRCLE('',#3141,0.5);
#3141 = AXIS2_PLACEMENT_3D('',#3142,#3143,#3144);
#3142 = CARTESIAN_POINT('',(7.25,-11.,1.51));
#3143 = DIRECTION('',(-0.,0.,-1.));
#3144 = DIRECTION('',(-0.,-1.,0.));
#3145 = FACE_BOUND('',#3146,.T.);
#3146 = EDGE_LOOP('',(#3147));
#3147 = ORIENTED_EDGE('',*,*,#3148,.T.);
#3148 = EDGE_CURVE('',#3149,#3149,#3151,.T.);
#3149 = VERTEX_POINT('',#3150);
#3150 = CARTESIAN_POINT('',(14.75,-11.5,1.51));
#3151 = CIRCLE('',#3152,0.5);
#3152 = AXIS2_PLACEMENT_3D('',#3153,#3154,#3155);
#3153 = CARTESIAN_POINT('',(14.75,-11.,1.51));
#3154 = DIRECTION('',(-0.,0.,-1.));
#3155 = DIRECTION('',(-0.,-1.,0.));
#3156 = FACE_BOUND('',#3157,.T.);
#3157 = EDGE_LOOP('',(#3158));
#3158 = ORIENTED_EDGE('',*,*,#3159,.T.);
#3159 = EDGE_CURVE('',#3160,#3160,#3162,.T.);
#3160 = VERTEX_POINT('',#3161);
#3161 = CARTESIAN_POINT('',(42.,-15.1,1.51));
#3162 = CIRCLE('',#3163,0.5);
#3163 = AXIS2_PLACEMENT_3D('',#3164,#3165,#3166);
#3164 = CARTESIAN_POINT('',(42.,-14.6,1.51));
#3165 = DIRECTION('',(-0.,0.,-1.));
#3166 = DIRECTION('',(-0.,-1.,0.));
#3167 = FACE_BOUND('',#3168,.T.);
#3168 = EDGE_LOOP('',(#3169));
#3169 = ORIENTED_EDGE('',*,*,#3170,.T.);
#3170 = EDGE_CURVE('',#3171,#3171,#3173,.T.);
#3171 = VERTEX_POINT('',#3172);
#3172 = CARTESIAN_POINT('',(49.5,-15.1,1.51));
#3173 = CIRCLE('',#3174,0.5);
#3174 = AXIS2_PLACEMENT_3D('',#3175,#3176,#3177);
#3175 = CARTESIAN_POINT('',(49.5,-14.6,1.51));
#3176 = DIRECTION('',(-0.,0.,-1.));
#3177 = DIRECTION('',(-0.,-1.,0.));
#3178 = FACE_BOUND('',#3179,.T.);
#3179 = EDGE_LOOP('',(#3180));
#3180 = ORIENTED_EDGE('',*,*,#3181,.T.);
#3181 = EDGE_CURVE('',#3182,#3182,#3184,.T.);
#3182 = VERTEX_POINT('',#3183);
#3183 = CARTESIAN_POINT('',(23.5,-1.5,1.51));
#3184 = CIRCLE('',#3185,0.5);
#3185 = AXIS2_PLACEMENT_3D('',#3186,#3187,#3188);
#3186 = CARTESIAN_POINT('',(23.5,-1.,1.51));
#3187 = DIRECTION('',(-0.,0.,-1.));
#3188 = DIRECTION('',(-0.,-1.,0.));
#3189 = FACE_BOUND('',#3190,.T.);
#3190 = EDGE_LOOP('',(#3191));
#3191 = ORIENTED_EDGE('',*,*,#3192,.T.);
#3192 = EDGE_CURVE('',#3193,#3193,#3195,.T.);
#3193 = VERTEX_POINT('',#3194);
#3194 = CARTESIAN_POINT('',(31.,-1.5,1.51));
#3195 = CIRCLE('',#3196,0.5);
#3196 = AXIS2_PLACEMENT_3D('',#3197,#3198,#3199);
#3197 = CARTESIAN_POINT('',(31.,-1.,1.51));
#3198 = DIRECTION('',(-0.,0.,-1.));
#3199 = DIRECTION('',(-0.,-1.,0.));
#3200 = FACE_BOUND('',#3201,.T.);
#3201 = EDGE_LOOP('',(#3202));
#3202 = ORIENTED_EDGE('',*,*,#3203,.T.);
#3203 = EDGE_CURVE('',#3204,#3204,#3206,.T.);
#3204 = VERTEX_POINT('',#3205);
#3205 = CARTESIAN_POINT('',(12.,-1.,1.51));
#3206 = CIRCLE('',#3207,3.);
#3207 = AXIS2_PLACEMENT_3D('',#3208,#3209,#3210);
#3208 = CARTESIAN_POINT('',(12.,2.,1.51));
#3209 = DIRECTION('',(-0.,0.,-1.));
#3210 = DIRECTION('',(-0.,-1.,0.));
#3211 = FACE_BOUND('',#3212,.T.);
#3212 = EDGE_LOOP('',(#3213));
#3213 = ORIENTED_EDGE('',*,*,#3214,.T.);
#3214 = EDGE_CURVE('',#3215,#3215,#3217,.T.);
#3215 = VERTEX_POINT('',#3216);
#3216 = CARTESIAN_POINT('',(68.75,-1.,1.51));
#3217 = CIRCLE('',#3218,0.5);
#3218 = AXIS2_PLACEMENT_3D('',#3219,#3220,#3221);
#3219 = CARTESIAN_POINT('',(68.75,-0.5,1.51));
#3220 = DIRECTION('',(-0.,0.,-1.));
#3221 = DIRECTION('',(-0.,-1.,0.));
#3222 = FACE_BOUND('',#3223,.T.);
#3223 = EDGE_LOOP('',(#3224));
#3224 = ORIENTED_EDGE('',*,*,#3225,.T.);
#3225 = EDGE_CURVE('',#3226,#3226,#3228,.T.);
#3226 = VERTEX_POINT('',#3227);
#3227 = CARTESIAN_POINT('',(83.25,-13.,1.51));
#3228 = CIRCLE('',#3229,0.5);
#3229 = AXIS2_PLACEMENT_3D('',#3230,#3231,#3232);
#3230 = CARTESIAN_POINT('',(83.25,-12.5,1.51));
#3231 = DIRECTION('',(-0.,0.,-1.));
#3232 = DIRECTION('',(-0.,-1.,0.));
#3233 = FACE_BOUND('',#3234,.T.);
#3234 = EDGE_LOOP('',(#3235));
#3235 = ORIENTED_EDGE('',*,*,#3236,.T.);
#3236 = EDGE_CURVE('',#3237,#3237,#3239,.T.);
#3237 = VERTEX_POINT('',#3238);
#3238 = CARTESIAN_POINT('',(90.75,-13.,1.51));
#3239 = CIRCLE('',#3240,0.5);
#3240 = AXIS2_PLACEMENT_3D('',#3241,#3242,#3243);
#3241 = CARTESIAN_POINT('',(90.75,-12.5,1.51));
#3242 = DIRECTION('',(-0.,0.,-1.));
#3243 = DIRECTION('',(-0.,-1.,0.));
#3244 = FACE_BOUND('',#3245,.T.);
#3245 = EDGE_LOOP('',(#3246));
#3246 = ORIENTED_EDGE('',*,*,#3247,.T.);
#3247 = EDGE_CURVE('',#3248,#3248,#3250,.T.);
#3248 = VERTEX_POINT('',#3249);
#3249 = CARTESIAN_POINT('',(103.,-16.,1.51));
#3250 = CIRCLE('',#3251,3.);
#3251 = AXIS2_PLACEMENT_3D('',#3252,#3253,#3254);
#3252 = CARTESIAN_POINT('',(103.,-13.,1.51));
#3253 = DIRECTION('',(-0.,0.,-1.));
#3254 = DIRECTION('',(-0.,-1.,0.));
#3255 = FACE_BOUND('',#3256,.T.);
#3256 = EDGE_LOOP('',(#3257));
#3257 = ORIENTED_EDGE('',*,*,#3258,.T.);
#3258 = EDGE_CURVE('',#3259,#3259,#3261,.T.);
#3259 = VERTEX_POINT('',#3260);
#3260 = CARTESIAN_POINT('',(76.25,-1.,1.51));
#3261 = CIRCLE('',#3262,0.5);
#3262 = AXIS2_PLACEMENT_3D('',#3263,#3264,#3265);
#3263 = CARTESIAN_POINT('',(76.25,-0.5,1.51));
#3264 = DIRECTION('',(-0.,0.,-1.));
#3265 = DIRECTION('',(-0.,-1.,0.));
#3266 = FACE_BOUND('',#3267,.T.);
#3267 = EDGE_LOOP('',(#3268));
#3268 = ORIENTED_EDGE('',*,*,#3269,.T.);
#3269 = EDGE_CURVE('',#3270,#3270,#3272,.T.);
#3270 = VERTEX_POINT('',#3271);
#3271 = CARTESIAN_POINT('',(108.75,-1.,1.51));
#3272 = CIRCLE('',#3273,0.5);
#3273 = AXIS2_PLACEMENT_3D('',#3274,#3275,#3276);
#3274 = CARTESIAN_POINT('',(108.75,-0.5,1.51));
#3275 = DIRECTION('',(-0.,0.,-1.));
#3276 = DIRECTION('',(-0.,-1.,0.));
#3277 = FACE_BOUND('',#3278,.T.);
#3278 = EDGE_LOOP('',(#3279));
#3279 = ORIENTED_EDGE('',*,*,#3280,.T.);
#3280 = EDGE_CURVE('',#3281,#3281,#3283,.T.);
#3281 = VERTEX_POINT('',#3282);
#3282 = CARTESIAN_POINT('',(95.,-0.2,1.51));
#3283 = CIRCLE('',#3284,3.2);
#3284 = AXIS2_PLACEMENT_3D('',#3285,#3286,#3287);
#3285 = CARTESIAN_POINT('',(95.,3.,1.51));
#3286 = DIRECTION('',(-0.,0.,-1.));
#3287 = DIRECTION('',(-0.,-1.,0.));
#3288 = FACE_BOUND('',#3289,.T.);
#3289 = EDGE_LOOP('',(#3290));
#3290 = ORIENTED_EDGE('',*,*,#3291,.T.);
#3291 = EDGE_CURVE('',#3292,#3292,#3294,.T.);
#3292 = VERTEX_POINT('',#3293);
#3293 = CARTESIAN_POINT('',(116.25,-1.,1.51));
#3294 = CIRCLE('',#3295,0.5);
#3295 = AXIS2_PLACEMENT_3D('',#3296,#3297,#3298);
#3296 = CARTESIAN_POINT('',(116.25,-0.5,1.51));
#3297 = DIRECTION('',(-0.,0.,-1.));
#3298 = DIRECTION('',(-0.,-1.,0.));
#3299 = FACE_BOUND('',#3300,.T.);
#3300 = EDGE_LOOP('',(#3301));
#3301 = ORIENTED_EDGE('',*,*,#3302,.T.);
#3302 = EDGE_CURVE('',#3303,#3303,#3305,.T.);
#3303 = VERTEX_POINT('',#3304);
#3304 = CARTESIAN_POINT('',(165.,-32.,1.51));
#3305 = CIRCLE('',#3306,3.);
#3306 = AXIS2_PLACEMENT_3D('',#3307,#3308,#3309);
#3307 = CARTESIAN_POINT('',(165.,-29.,1.51));
#3308 = DIRECTION('',(-0.,0.,-1.));
#3309 = DIRECTION('',(-0.,-1.,0.));
#3310 = FACE_BOUND('',#3311,.T.);
#3311 = EDGE_LOOP('',(#3312));
#3312 = ORIENTED_EDGE('',*,*,#3313,.T.);
#3313 = EDGE_CURVE('',#3314,#3314,#3316,.T.);
#3314 = VERTEX_POINT('',#3315);
#3315 = CARTESIAN_POINT('',(176.25,-32.5,1.51));
#3316 = CIRCLE('',#3317,0.5);
#3317 = AXIS2_PLACEMENT_3D('',#3318,#3319,#3320);
#3318 = CARTESIAN_POINT('',(176.25,-32.,1.51));
#3319 = DIRECTION('',(-0.,0.,-1.));
#3320 = DIRECTION('',(-0.,-1.,0.));
#3321 = FACE_BOUND('',#3322,.T.);
#3322 = EDGE_LOOP('',(#3323));
#3323 = ORIENTED_EDGE('',*,*,#3324,.T.);
#3324 = EDGE_CURVE('',#3325,#3325,#3327,.T.);
#3325 = VERTEX_POINT('',#3326);
#3326 = CARTESIAN_POINT('',(206.75,-34.,1.51));
#3327 = CIRCLE('',#3328,0.5);
#3328 = AXIS2_PLACEMENT_3D('',#3329,#3330,#3331);
#3329 = CARTESIAN_POINT('',(206.75,-33.5,1.51));
#3330 = DIRECTION('',(-0.,0.,-1.));
#3331 = DIRECTION('',(-0.,-1.,0.));
#3332 = FACE_BOUND('',#3333,.T.);
#3333 = EDGE_LOOP('',(#3334));
#3334 = ORIENTED_EDGE('',*,*,#3335,.T.);
#3335 = EDGE_CURVE('',#3336,#3336,#3338,.T.);
#3336 = VERTEX_POINT('',#3337);
#3337 = CARTESIAN_POINT('',(214.25,-34.,1.51));
#3338 = CIRCLE('',#3339,0.5);
#3339 = AXIS2_PLACEMENT_3D('',#3340,#3341,#3342);
#3340 = CARTESIAN_POINT('',(214.25,-33.5,1.51));
#3341 = DIRECTION('',(-0.,0.,-1.));
#3342 = DIRECTION('',(-0.,-1.,0.));
#3343 = FACE_BOUND('',#3344,.T.);
#3344 = EDGE_LOOP('',(#3345));
#3345 = ORIENTED_EDGE('',*,*,#3346,.T.);
#3346 = EDGE_CURVE('',#3347,#3347,#3349,.T.);
#3347 = VERTEX_POINT('',#3348);
#3348 = CARTESIAN_POINT('',(183.75,-32.5,1.51));
#3349 = CIRCLE('',#3350,0.5);
#3350 = AXIS2_PLACEMENT_3D('',#3351,#3352,#3353);
#3351 = CARTESIAN_POINT('',(183.75,-32.,1.51));
#3352 = DIRECTION('',(-0.,0.,-1.));
#3353 = DIRECTION('',(-0.,-1.,0.));
#3354 = FACE_BOUND('',#3355,.T.);
#3355 = EDGE_LOOP('',(#3356));
#3356 = ORIENTED_EDGE('',*,*,#3357,.T.);
#3357 = EDGE_CURVE('',#3358,#3358,#3360,.T.);
#3358 = VERTEX_POINT('',#3359);
#3359 = CARTESIAN_POINT('',(151.5,-18.5,1.51));
#3360 = CIRCLE('',#3361,0.5);
#3361 = AXIS2_PLACEMENT_3D('',#3362,#3363,#3364);
#3362 = CARTESIAN_POINT('',(151.5,-18.,1.51));
#3363 = DIRECTION('',(-0.,0.,-1.));
#3364 = DIRECTION('',(-0.,-1.,0.));
#3365 = FACE_BOUND('',#3366,.T.);
#3366 = EDGE_LOOP('',(#3367));
#3367 = ORIENTED_EDGE('',*,*,#3368,.T.);
#3368 = EDGE_CURVE('',#3369,#3369,#3371,.T.);
#3369 = VERTEX_POINT('',#3370);
#3370 = CARTESIAN_POINT('',(159.,-18.5,1.51));
#3371 = CIRCLE('',#3372,0.5);
#3372 = AXIS2_PLACEMENT_3D('',#3373,#3374,#3375);
#3373 = CARTESIAN_POINT('',(159.,-18.,1.51));
#3374 = DIRECTION('',(-0.,0.,-1.));
#3375 = DIRECTION('',(-0.,-1.,0.));
#3376 = FACE_BOUND('',#3377,.T.);
#3377 = EDGE_LOOP('',(#3378));
#3378 = ORIENTED_EDGE('',*,*,#3379,.T.);
#3379 = EDGE_CURVE('',#3380,#3380,#3382,.T.);
#3380 = VERTEX_POINT('',#3381);
#3381 = CARTESIAN_POINT('',(193.25,-21.5,1.51));
#3382 = CIRCLE('',#3383,0.5);
#3383 = AXIS2_PLACEMENT_3D('',#3384,#3385,#3386);
#3384 = CARTESIAN_POINT('',(193.25,-21.,1.51));
#3385 = DIRECTION('',(-0.,0.,-1.));
#3386 = DIRECTION('',(-0.,-1.,0.));
#3387 = FACE_BOUND('',#3388,.T.);
#3388 = EDGE_LOOP('',(#3389));
#3389 = ORIENTED_EDGE('',*,*,#3390,.T.);
#3390 = EDGE_CURVE('',#3391,#3391,#3393,.T.);
#3391 = VERTEX_POINT('',#3392);
#3392 = CARTESIAN_POINT('',(200.75,-21.5,1.51));
#3393 = CIRCLE('',#3394,0.5);
#3394 = AXIS2_PLACEMENT_3D('',#3395,#3396,#3397);
#3395 = CARTESIAN_POINT('',(200.75,-21.,1.51));
#3396 = DIRECTION('',(-0.,0.,-1.));
#3397 = DIRECTION('',(-0.,-1.,0.));
#3398 = FACE_BOUND('',#3399,.T.);
#3399 = EDGE_LOOP('',(#3400));
#3400 = ORIENTED_EDGE('',*,*,#3401,.T.);
#3401 = EDGE_CURVE('',#3402,#3402,#3404,.T.);
#3402 = VERTEX_POINT('',#3403);
#3403 = CARTESIAN_POINT('',(230.,-38.2,1.51));
#3404 = CIRCLE('',#3405,3.2);
#3405 = AXIS2_PLACEMENT_3D('',#3406,#3407,#3408);
#3406 = CARTESIAN_POINT('',(230.,-35.,1.51));
#3407 = DIRECTION('',(-0.,0.,-1.));
#3408 = DIRECTION('',(-0.,-1.,0.));
#3409 = FACE_BOUND('',#3410,.T.);
#3410 = EDGE_LOOP('',(#3411));
#3411 = ORIENTED_EDGE('',*,*,#3412,.T.);
#3412 = EDGE_CURVE('',#3413,#3413,#3415,.T.);
#3413 = VERTEX_POINT('',#3414);
#3414 = CARTESIAN_POINT('',(244.75,-30.5,1.51));
#3415 = CIRCLE('',#3416,0.5);
#3416 = AXIS2_PLACEMENT_3D('',#3417,#3418,#3419);
#3417 = CARTESIAN_POINT('',(244.75,-30.,1.51));
#3418 = DIRECTION('',(-0.,0.,-1.));
#3419 = DIRECTION('',(-0.,-1.,0.));
#3420 = FACE_BOUND('',#3421,.T.);
#3421 = EDGE_LOOP('',(#3422));
#3422 = ORIENTED_EDGE('',*,*,#3423,.T.);
#3423 = EDGE_CURVE('',#3424,#3424,#3426,.T.);
#3424 = VERTEX_POINT('',#3425);
#3425 = CARTESIAN_POINT('',(252.25,-30.5,1.51));
#3426 = CIRCLE('',#3427,0.5);
#3427 = AXIS2_PLACEMENT_3D('',#3428,#3429,#3430);
#3428 = CARTESIAN_POINT('',(252.25,-30.,1.51));
#3429 = DIRECTION('',(-0.,0.,-1.));
#3430 = DIRECTION('',(-0.,-1.,0.));
#3431 = FACE_BOUND('',#3432,.T.);
#3432 = EDGE_LOOP('',(#3433));
#3433 = ORIENTED_EDGE('',*,*,#3434,.T.);
#3434 = EDGE_CURVE('',#3435,#3435,#3437,.T.);
#3435 = VERTEX_POINT('',#3436);
#3436 = CARTESIAN_POINT('',(263.25,-32.,1.51));
#3437 = CIRCLE('',#3438,0.5);
#3438 = AXIS2_PLACEMENT_3D('',#3439,#3440,#3441);
#3439 = CARTESIAN_POINT('',(263.25,-31.5,1.51));
#3440 = DIRECTION('',(-0.,0.,-1.));
#3441 = DIRECTION('',(-0.,-1.,0.));
#3442 = FACE_BOUND('',#3443,.T.);
#3443 = EDGE_LOOP('',(#3444));
#3444 = ORIENTED_EDGE('',*,*,#3445,.T.);
#3445 = EDGE_CURVE('',#3446,#3446,#3448,.T.);
#3446 = VERTEX_POINT('',#3447);
#3447 = CARTESIAN_POINT('',(270.75,-32.,1.51));
#3448 = CIRCLE('',#3449,0.5);
#3449 = AXIS2_PLACEMENT_3D('',#3450,#3451,#3452);
#3450 = CARTESIAN_POINT('',(270.75,-31.5,1.51));
#3451 = DIRECTION('',(-0.,0.,-1.));
#3452 = DIRECTION('',(-0.,-1.,0.));
#3453 = FACE_BOUND('',#3454,.T.);
#3454 = EDGE_LOOP('',(#3455));
#3455 = ORIENTED_EDGE('',*,*,#3456,.T.);
#3456 = EDGE_CURVE('',#3457,#3457,#3459,.T.);
#3457 = VERTEX_POINT('',#3458);
#3458 = CARTESIAN_POINT('',(174.5,-13.5,1.51));
#3459 = CIRCLE('',#3460,0.5);
#3460 = AXIS2_PLACEMENT_3D('',#3461,#3462,#3463);
#3461 = CARTESIAN_POINT('',(174.5,-13.,1.51));
#3462 = DIRECTION('',(-0.,0.,-1.));
#3463 = DIRECTION('',(-0.,-1.,0.));
#3464 = FACE_BOUND('',#3465,.T.);
#3465 = EDGE_LOOP('',(#3466));
#3466 = ORIENTED_EDGE('',*,*,#3467,.T.);
#3467 = EDGE_CURVE('',#3468,#3468,#3470,.T.);
#3468 = VERTEX_POINT('',#3469);
#3469 = CARTESIAN_POINT('',(182.,-13.5,1.51));
#3470 = CIRCLE('',#3471,0.5);
#3471 = AXIS2_PLACEMENT_3D('',#3472,#3473,#3474);
#3472 = CARTESIAN_POINT('',(182.,-13.,1.51));
#3473 = DIRECTION('',(-0.,0.,-1.));
#3474 = DIRECTION('',(-0.,-1.,0.));
#3475 = FACE_BOUND('',#3476,.T.);
#3476 = EDGE_LOOP('',(#3477));
#3477 = ORIENTED_EDGE('',*,*,#3478,.T.);
#3478 = EDGE_CURVE('',#3479,#3479,#3481,.T.);
#3479 = VERTEX_POINT('',#3480);
#3480 = CARTESIAN_POINT('',(210.25,-15.5,1.51));
#3481 = CIRCLE('',#3482,0.5);
#3482 = AXIS2_PLACEMENT_3D('',#3483,#3484,#3485);
#3483 = CARTESIAN_POINT('',(210.25,-15.,1.51));
#3484 = DIRECTION('',(-0.,0.,-1.));
#3485 = DIRECTION('',(-0.,-1.,0.));
#3486 = FACE_BOUND('',#3487,.T.);
#3487 = EDGE_LOOP('',(#3488));
#3488 = ORIENTED_EDGE('',*,*,#3489,.T.);
#3489 = EDGE_CURVE('',#3490,#3490,#3492,.T.);
#3490 = VERTEX_POINT('',#3491);
#3491 = CARTESIAN_POINT('',(217.75,-15.5,1.51));
#3492 = CIRCLE('',#3493,0.5);
#3493 = AXIS2_PLACEMENT_3D('',#3494,#3495,#3496);
#3494 = CARTESIAN_POINT('',(217.75,-15.,1.51));
#3495 = DIRECTION('',(-0.,0.,-1.));
#3496 = DIRECTION('',(-0.,-1.,0.));
#3497 = FACE_BOUND('',#3498,.T.);
#3498 = EDGE_LOOP('',(#3499));
#3499 = ORIENTED_EDGE('',*,*,#3500,.T.);
#3500 = EDGE_CURVE('',#3501,#3501,#3503,.T.);
#3501 = VERTEX_POINT('',#3502);
#3502 = CARTESIAN_POINT('',(160.25,-1.5,1.51));
#3503 = CIRCLE('',#3504,0.5);
#3504 = AXIS2_PLACEMENT_3D('',#3505,#3506,#3507);
#3505 = CARTESIAN_POINT('',(160.25,-1.,1.51));
#3506 = DIRECTION('',(-0.,0.,-1.));
#3507 = DIRECTION('',(-0.,-1.,0.));
#3508 = FACE_BOUND('',#3509,.T.);
#3509 = EDGE_LOOP('',(#3510));
#3510 = ORIENTED_EDGE('',*,*,#3511,.T.);
#3511 = EDGE_CURVE('',#3512,#3512,#3514,.T.);
#3512 = VERTEX_POINT('',#3513);
#3513 = CARTESIAN_POINT('',(167.75,-1.5,1.51));
#3514 = CIRCLE('',#3515,0.5);
#3515 = AXIS2_PLACEMENT_3D('',#3516,#3517,#3518);
#3516 = CARTESIAN_POINT('',(167.75,-1.,1.51));
#3517 = DIRECTION('',(-0.,0.,-1.));
#3518 = DIRECTION('',(-0.,-1.,0.));
#3519 = FACE_BOUND('',#3520,.T.);
#3520 = EDGE_LOOP('',(#3521));
#3521 = ORIENTED_EDGE('',*,*,#3522,.T.);
#3522 = EDGE_CURVE('',#3523,#3523,#3525,.T.);
#3523 = VERTEX_POINT('',#3524);
#3524 = CARTESIAN_POINT('',(198.5,-1.,1.51));
#3525 = CIRCLE('',#3526,0.5);
#3526 = AXIS2_PLACEMENT_3D('',#3527,#3528,#3529);
#3527 = CARTESIAN_POINT('',(198.5,-0.5,1.51));
#3528 = DIRECTION('',(-0.,0.,-1.));
#3529 = DIRECTION('',(-0.,-1.,0.));
#3530 = FACE_BOUND('',#3531,.T.);
#3531 = EDGE_LOOP('',(#3532));
#3532 = ORIENTED_EDGE('',*,*,#3533,.T.);
#3533 = EDGE_CURVE('',#3534,#3534,#3536,.T.);
#3534 = VERTEX_POINT('',#3535);
#3535 = CARTESIAN_POINT('',(206.,-1.,1.51));
#3536 = CIRCLE('',#3537,0.5);
#3537 = AXIS2_PLACEMENT_3D('',#3538,#3539,#3540);
#3538 = CARTESIAN_POINT('',(206.,-0.5,1.51));
#3539 = DIRECTION('',(-0.,0.,-1.));
#3540 = DIRECTION('',(-0.,-1.,0.));
#3541 = FACE_BOUND('',#3542,.T.);
#3542 = EDGE_LOOP('',(#3543));
#3543 = ORIENTED_EDGE('',*,*,#3544,.T.);
#3544 = EDGE_CURVE('',#3545,#3545,#3547,.T.);
#3545 = VERTEX_POINT('',#3546);
#3546 = CARTESIAN_POINT('',(185.,-0.2,1.51));
#3547 = CIRCLE('',#3548,3.2);
#3548 = AXIS2_PLACEMENT_3D('',#3549,#3550,#3551);
#3549 = CARTESIAN_POINT('',(185.,3.,1.51));
#3550 = DIRECTION('',(-0.,0.,-1.));
#3551 = DIRECTION('',(-0.,-1.,0.));
#3552 = FACE_BOUND('',#3553,.T.);
#3553 = EDGE_LOOP('',(#3554));
#3554 = ORIENTED_EDGE('',*,*,#3555,.T.);
#3555 = EDGE_CURVE('',#3556,#3556,#3558,.T.);
#3556 = VERTEX_POINT('',#3557);
#3557 = CARTESIAN_POINT('',(229.25,-16.5,1.51));
#3558 = CIRCLE('',#3559,0.5);
#3559 = AXIS2_PLACEMENT_3D('',#3560,#3561,#3562);
#3560 = CARTESIAN_POINT('',(229.25,-16.,1.51));
#3561 = DIRECTION('',(-0.,0.,-1.));
#3562 = DIRECTION('',(-0.,-1.,0.));
#3563 = FACE_BOUND('',#3564,.T.);
#3564 = EDGE_LOOP('',(#3565));
#3565 = ORIENTED_EDGE('',*,*,#3566,.T.);
#3566 = EDGE_CURVE('',#3567,#3567,#3569,.T.);
#3567 = VERTEX_POINT('',#3568);
#3568 = CARTESIAN_POINT('',(236.75,-16.5,1.51));
#3569 = CIRCLE('',#3570,0.5);
#3570 = AXIS2_PLACEMENT_3D('',#3571,#3572,#3573);
#3571 = CARTESIAN_POINT('',(236.75,-16.,1.51));
#3572 = DIRECTION('',(-0.,0.,-1.));
#3573 = DIRECTION('',(-0.,-1.,0.));
#3574 = FACE_BOUND('',#3575,.T.);
#3575 = EDGE_LOOP('',(#3576));
#3576 = ORIENTED_EDGE('',*,*,#3577,.T.);
#3577 = EDGE_CURVE('',#3578,#3578,#3580,.T.);
#3578 = VERTEX_POINT('',#3579);
#3579 = CARTESIAN_POINT('',(247.25,-12.,1.51));
#3580 = CIRCLE('',#3581,0.5);
#3581 = AXIS2_PLACEMENT_3D('',#3582,#3583,#3584);
#3582 = CARTESIAN_POINT('',(247.25,-11.5,1.51));
#3583 = DIRECTION('',(-0.,0.,-1.));
#3584 = DIRECTION('',(-0.,-1.,0.));
#3585 = FACE_BOUND('',#3586,.T.);
#3586 = EDGE_LOOP('',(#3587));
#3587 = ORIENTED_EDGE('',*,*,#3588,.T.);
#3588 = EDGE_CURVE('',#3589,#3589,#3591,.T.);
#3589 = VERTEX_POINT('',#3590);
#3590 = CARTESIAN_POINT('',(254.75,-12.,1.51));
#3591 = CIRCLE('',#3592,0.5);
#3592 = AXIS2_PLACEMENT_3D('',#3593,#3594,#3595);
#3593 = CARTESIAN_POINT('',(254.75,-11.5,1.51));
#3594 = DIRECTION('',(-0.,0.,-1.));
#3595 = DIRECTION('',(-0.,-1.,0.));
#3596 = FACE_BOUND('',#3597,.T.);
#3597 = EDGE_LOOP('',(#3598));
#3598 = ORIENTED_EDGE('',*,*,#3599,.T.);
#3599 = EDGE_CURVE('',#3600,#3600,#3602,.T.);
#3600 = VERTEX_POINT('',#3601);
#3601 = CARTESIAN_POINT('',(265.75,-13.5,1.51));
#3602 = CIRCLE('',#3603,0.5);
#3603 = AXIS2_PLACEMENT_3D('',#3604,#3605,#3606);
#3604 = CARTESIAN_POINT('',(265.75,-13.,1.51));
#3605 = DIRECTION('',(-0.,0.,-1.));
#3606 = DIRECTION('',(-0.,-1.,0.));
#3607 = FACE_BOUND('',#3608,.T.);
#3608 = EDGE_LOOP('',(#3609));
#3609 = ORIENTED_EDGE('',*,*,#3610,.T.);
#3610 = EDGE_CURVE('',#3611,#3611,#3613,.T.);
#3611 = VERTEX_POINT('',#3612);
#3612 = CARTESIAN_POINT('',(273.25,-13.5,1.51));
#3613 = CIRCLE('',#3614,0.5);
#3614 = AXIS2_PLACEMENT_3D('',#3615,#3616,#3617);
#3615 = CARTESIAN_POINT('',(273.25,-13.,1.51));
#3616 = DIRECTION('',(-0.,0.,-1.));
#3617 = DIRECTION('',(-0.,-1.,0.));
#3618 = FACE_BOUND('',#3619,.T.);
#3619 = EDGE_LOOP('',(#3620));
#3620 = ORIENTED_EDGE('',*,*,#3621,.T.);
#3621 = EDGE_CURVE('',#3622,#3622,#3624,.T.);
#3622 = VERTEX_POINT('',#3623);
#3623 = CARTESIAN_POINT('',(284.,-11.,1.51));
#3624 = CIRCLE('',#3625,0.5);
#3625 = AXIS2_PLACEMENT_3D('',#3626,#3627,#3628);
#3626 = CARTESIAN_POINT('',(284.,-10.5,1.51));
#3627 = DIRECTION('',(-0.,0.,-1.));
#3628 = DIRECTION('',(-0.,-1.,0.));
#3629 = FACE_BOUND('',#3630,.T.);
#3630 = EDGE_LOOP('',(#3631));
#3631 = ORIENTED_EDGE('',*,*,#3632,.T.);
#3632 = EDGE_CURVE('',#3633,#3633,#3635,.T.);
#3633 = VERTEX_POINT('',#3634);
#3634 = CARTESIAN_POINT('',(291.5,-11.,1.51));
#3635 = CIRCLE('',#3636,0.5);
#3636 = AXIS2_PLACEMENT_3D('',#3637,#3638,#3639);
#3637 = CARTESIAN_POINT('',(291.5,-10.5,1.51));
#3638 = DIRECTION('',(-0.,0.,-1.));
#3639 = DIRECTION('',(-0.,-1.,0.));
#3640 = FACE_BOUND('',#3641,.T.);
#3641 = EDGE_LOOP('',(#3642));
#3642 = ORIENTED_EDGE('',*,*,#3643,.T.);
#3643 = EDGE_CURVE('',#3644,#3644,#3646,.T.);
#3644 = VERTEX_POINT('',#3645);
#3645 = CARTESIAN_POINT('',(249.,8.881784197001E-16,1.51));
#3646 = CIRCLE('',#3647,3.);
#3647 = AXIS2_PLACEMENT_3D('',#3648,#3649,#3650);
#3648 = CARTESIAN_POINT('',(249.,3.,1.51));
#3649 = DIRECTION('',(-0.,0.,-1.));
#3650 = DIRECTION('',(-0.,-1.,0.));
#3651 = FACE_BOUND('',#3652,.T.);
#3652 = EDGE_LOOP('',(#3653));
#3653 = ORIENTED_EDGE('',*,*,#3654,.T.);
#3654 = EDGE_CURVE('',#3655,#3655,#3657,.T.);
#3655 = VERTEX_POINT('',#3656);
#3656 = CARTESIAN_POINT('',(275.,-0.2,1.51));
#3657 = CIRCLE('',#3658,3.2);
#3658 = AXIS2_PLACEMENT_3D('',#3659,#3660,#3661);
#3659 = CARTESIAN_POINT('',(275.,3.,1.51));
#3660 = DIRECTION('',(-0.,0.,-1.));
#3661 = DIRECTION('',(-0.,-1.,0.));
#3662 = PLANE('',#3663);
#3663 = AXIS2_PLACEMENT_3D('',#3664,#3665,#3666);
#3664 = CARTESIAN_POINT('',(0.,0.,1.51));
#3665 = DIRECTION('',(0.,0.,1.));
#3666 = DIRECTION('',(1.,0.,-0.));
#3667 = ADVANCED_FACE('',(#3668),#3679,.T.);
#3668 = FACE_BOUND('',#3669,.T.);
#3669 = EDGE_LOOP('',(#3670,#3676,#3677,#3678));
#3670 = ORIENTED_EDGE('',*,*,#3671,.T.);
#3671 = EDGE_CURVE('',#144,#1909,#3672,.T.);
#3672 = LINE('',#3673,#3674);
#3673 = CARTESIAN_POINT('',(152.983024,-5.033842,0.));
#3674 = VECTOR('',#3675,1.);
#3675 = DIRECTION('',(0.,0.,1.));
#3676 = ORIENTED_EDGE('',*,*,#1908,.T.);
#3677 = ORIENTED_EDGE('',*,*,#79,.F.);
#3678 = ORIENTED_EDGE('',*,*,#143,.F.);
#3679 = PLANE('',#3680);
#3680 = AXIS2_PLACEMENT_3D('',#3681,#3682,#3683);
#3681 = CARTESIAN_POINT('',(152.983024,-5.033842,0.));
#3682 = DIRECTION('',(-0.999999638077,8.507915095212E-04,0.));
#3683 = DIRECTION('',(8.507915095212E-04,0.999999638077,0.));
#3684 = ADVANCED_FACE('',(#3685),#3696,.T.);
#3685 = FACE_BOUND('',#3686,.T.);
#3686 = EDGE_LOOP('',(#3687,#3688,#3689,#3695));
#3687 = ORIENTED_EDGE('',*,*,#119,.T.);
#3688 = ORIENTED_EDGE('',*,*,#2116,.T.);
#3689 = ORIENTED_EDGE('',*,*,#3690,.F.);
#3690 = EDGE_CURVE('',#344,#2109,#3691,.T.);
#3691 = LINE('',#3692,#3693);
#3692 = CARTESIAN_POINT('',(243.,8.,0.));
#3693 = VECTOR('',#3694,1.);
#3694 = DIRECTION('',(0.,0.,1.));
#3695 = ORIENTED_EDGE('',*,*,#351,.F.);
#3696 = PLANE('',#3697);
#3697 = AXIS2_PLACEMENT_3D('',#3698,#3699,#3700);
#3698 = CARTESIAN_POINT('',(243.,-5.,0.));
#3699 = DIRECTION('',(-1.,0.,0.));
#3700 = DIRECTION('',(0.,1.,0.));
#3701 = ADVANCED_FACE('',(#3702),#3713,.T.);
#3702 = FACE_BOUND('',#3703,.T.);
#3703 = EDGE_LOOP('',(#3704,#3710,#3711,#3712));
#3704 = ORIENTED_EDGE('',*,*,#3705,.T.);
#3705 = EDGE_CURVE('',#152,#1917,#3706,.T.);
#3706 = LINE('',#3707,#3708);
#3707 = CARTESIAN_POINT('',(126.991997,-5.017863,0.));
#3708 = VECTOR('',#3709,1.);
#3709 = DIRECTION('',(0.,0.,1.));
#3710 = ORIENTED_EDGE('',*,*,#1916,.T.);
#3711 = ORIENTED_EDGE('',*,*,#3671,.F.);
#3712 = ORIENTED_EDGE('',*,*,#151,.F.);
#3713 = PLANE('',#3714);
#3714 = AXIS2_PLACEMENT_3D('',#3715,#3716,#3717);
#3715 = CARTESIAN_POINT('',(126.991997,-5.017863,0.));
#3716 = DIRECTION('',(6.147889800678E-04,0.999999811017,-0.));
#3717 = DIRECTION('',(0.999999811017,-6.147889800678E-04,0.));
#3718 = ADVANCED_FACE('',(#3719),#3730,.T.);
#3719 = FACE_BOUND('',#3720,.T.);
#3720 = EDGE_LOOP('',(#3721,#3722,#3723,#3729));
#3721 = ORIENTED_EDGE('',*,*,#3690,.T.);
#3722 = ORIENTED_EDGE('',*,*,#2108,.T.);
#3723 = ORIENTED_EDGE('',*,*,#3724,.F.);
#3724 = EDGE_CURVE('',#336,#2101,#3725,.T.);
#3725 = LINE('',#3726,#3727);
#3726 = CARTESIAN_POINT('',(244.,9.,0.));
#3727 = VECTOR('',#3728,1.);
#3728 = DIRECTION('',(0.,0.,1.));
#3729 = ORIENTED_EDGE('',*,*,#343,.F.);
#3730 = PLANE('',#3731);
#3731 = AXIS2_PLACEMENT_3D('',#3732,#3733,#3734);
#3732 = CARTESIAN_POINT('',(243.,8.,0.));
#3733 = DIRECTION('',(-0.707106781187,0.707106781187,0.));
#3734 = DIRECTION('',(0.707106781187,0.707106781187,0.));
#3735 = ADVANCED_FACE('',(#3736),#3747,.T.);
#3736 = FACE_BOUND('',#3737,.T.);
#3737 = EDGE_LOOP('',(#3738,#3744,#3745,#3746));
#3738 = ORIENTED_EDGE('',*,*,#3739,.T.);
#3739 = EDGE_CURVE('',#160,#1925,#3740,.T.);
#3740 = LINE('',#3741,#3742);
#3741 = CARTESIAN_POINT('',(127.000615,8.999999,0.));
#3742 = VECTOR('',#3743,1.);
#3743 = DIRECTION('',(0.,0.,1.));
#3744 = ORIENTED_EDGE('',*,*,#1924,.T.);
#3745 = ORIENTED_EDGE('',*,*,#3705,.F.);
#3746 = ORIENTED_EDGE('',*,*,#159,.F.);
#3747 = PLANE('',#3748);
#3748 = AXIS2_PLACEMENT_3D('',#3749,#3750,#3751);
#3749 = CARTESIAN_POINT('',(127.000615,8.999999,0.));
#3750 = DIRECTION('',(0.999999811018,-6.147869319413E-04,0.));
#3751 = DIRECTION('',(-6.147869319413E-04,-0.999999811018,0.));
#3752 = ADVANCED_FACE('',(#3753),#3764,.T.);
#3753 = FACE_BOUND('',#3754,.T.);
#3754 = EDGE_LOOP('',(#3755,#3756,#3757,#3763));
#3755 = ORIENTED_EDGE('',*,*,#3724,.T.);
#3756 = ORIENTED_EDGE('',*,*,#2100,.T.);
#3757 = ORIENTED_EDGE('',*,*,#3758,.F.);
#3758 = EDGE_CURVE('',#328,#2093,#3759,.T.);
#3759 = LINE('',#3760,#3761);
#3760 = CARTESIAN_POINT('',(275.,9.,0.));
#3761 = VECTOR('',#3762,1.);
#3762 = DIRECTION('',(0.,0.,1.));
#3763 = ORIENTED_EDGE('',*,*,#335,.F.);
#3764 = PLANE('',#3765);
#3765 = AXIS2_PLACEMENT_3D('',#3766,#3767,#3768);
#3766 = CARTESIAN_POINT('',(244.,9.,0.));
#3767 = DIRECTION('',(0.,1.,0.));
#3768 = DIRECTION('',(1.,0.,0.));
#3769 = ADVANCED_FACE('',(#3770),#3781,.T.);
#3770 = FACE_BOUND('',#3771,.T.);
#3771 = EDGE_LOOP('',(#3772,#3778,#3779,#3780));
#3772 = ORIENTED_EDGE('',*,*,#3773,.T.);
#3773 = EDGE_CURVE('',#168,#1933,#3774,.T.);
#3774 = LINE('',#3775,#3776);
#3775 = CARTESIAN_POINT('',(127.000614,9.,0.));
#3776 = VECTOR('',#3777,1.);
#3777 = DIRECTION('',(0.,0.,1.));
#3778 = ORIENTED_EDGE('',*,*,#1932,.T.);
#3779 = ORIENTED_EDGE('',*,*,#3739,.F.);
#3780 = ORIENTED_EDGE('',*,*,#167,.F.);
#3781 = PLANE('',#3782);
#3782 = AXIS2_PLACEMENT_3D('',#3783,#3784,#3785);
#3783 = CARTESIAN_POINT('',(127.000614,9.,0.));
#3784 = DIRECTION('',(0.707106781815,0.707106780559,-0.));
#3785 = DIRECTION('',(0.707106780559,-0.707106781815,0.));
#3786 = ADVANCED_FACE('',(#3787),#3798,.T.);
#3787 = FACE_BOUND('',#3788,.T.);
#3788 = EDGE_LOOP('',(#3789,#3790,#3791,#3797));
#3789 = ORIENTED_EDGE('',*,*,#3758,.T.);
#3790 = ORIENTED_EDGE('',*,*,#2092,.T.);
#3791 = ORIENTED_EDGE('',*,*,#3792,.F.);
#3792 = EDGE_CURVE('',#320,#2085,#3793,.T.);
#3793 = LINE('',#3794,#3795);
#3794 = CARTESIAN_POINT('',(284.,9.,0.));
#3795 = VECTOR('',#3796,1.);
#3796 = DIRECTION('',(0.,0.,1.));
#3797 = ORIENTED_EDGE('',*,*,#327,.F.);
#3798 = PLANE('',#3799);
#3799 = AXIS2_PLACEMENT_3D('',#3800,#3801,#3802);
#3800 = CARTESIAN_POINT('',(275.,9.,0.));
#3801 = DIRECTION('',(0.,1.,0.));
#3802 = DIRECTION('',(1.,0.,0.));
#3803 = ADVANCED_FACE('',(#3804),#3815,.T.);
#3804 = FACE_BOUND('',#3805,.T.);
#3805 = EDGE_LOOP('',(#3806,#3812,#3813,#3814));
#3806 = ORIENTED_EDGE('',*,*,#3807,.T.);
#3807 = EDGE_CURVE('',#176,#1941,#3808,.T.);
#3808 = LINE('',#3809,#3810);
#3809 = CARTESIAN_POINT('',(63.,9.,0.));
#3810 = VECTOR('',#3811,1.);
#3811 = DIRECTION('',(0.,0.,1.));
#3812 = ORIENTED_EDGE('',*,*,#1940,.T.);
#3813 = ORIENTED_EDGE('',*,*,#3773,.F.);
#3814 = ORIENTED_EDGE('',*,*,#175,.F.);
#3815 = PLANE('',#3816);
#3816 = AXIS2_PLACEMENT_3D('',#3817,#3818,#3819);
#3817 = CARTESIAN_POINT('',(63.,9.,0.));
#3818 = DIRECTION('',(0.,1.,0.));
#3819 = DIRECTION('',(1.,0.,0.));
#3820 = ADVANCED_FACE('',(#3821),#3832,.T.);
#3821 = FACE_BOUND('',#3822,.T.);
#3822 = EDGE_LOOP('',(#3823,#3824,#3825,#3831));
#3823 = ORIENTED_EDGE('',*,*,#3792,.T.);
#3824 = ORIENTED_EDGE('',*,*,#2084,.T.);
#3825 = ORIENTED_EDGE('',*,*,#3826,.F.);
#3826 = EDGE_CURVE('',#312,#2077,#3827,.T.);
#3827 = LINE('',#3828,#3829);
#3828 = CARTESIAN_POINT('',(296.981852,-3.988134,0.));
#3829 = VECTOR('',#3830,1.);
#3830 = DIRECTION('',(0.,0.,1.));
#3831 = ORIENTED_EDGE('',*,*,#319,.F.);
#3832 = PLANE('',#3833);
#3833 = AXIS2_PLACEMENT_3D('',#3834,#3835,#3836);
#3834 = CARTESIAN_POINT('',(284.,9.,0.));
#3835 = DIRECTION('',(0.707277805823,0.706935715175,-0.));
#3836 = DIRECTION('',(0.706935715175,-0.707277805823,0.));
#3837 = ADVANCED_FACE('',(#3838),#3849,.T.);
#3838 = FACE_BOUND('',#3839,.T.);
#3839 = EDGE_LOOP('',(#3840,#3846,#3847,#3848));
#3840 = ORIENTED_EDGE('',*,*,#3841,.T.);
#3841 = EDGE_CURVE('',#184,#1949,#3842,.T.);
#3842 = LINE('',#3843,#3844);
#3843 = CARTESIAN_POINT('',(63.,-5.,0.));
#3844 = VECTOR('',#3845,1.);
#3845 = DIRECTION('',(0.,0.,1.));
#3846 = ORIENTED_EDGE('',*,*,#1948,.T.);
#3847 = ORIENTED_EDGE('',*,*,#3807,.F.);
#3848 = ORIENTED_EDGE('',*,*,#183,.F.);
#3849 = PLANE('',#3850);
#3850 = AXIS2_PLACEMENT_3D('',#3851,#3852,#3853);
#3851 = CARTESIAN_POINT('',(63.,-5.,0.));
#3852 = DIRECTION('',(-1.,0.,0.));
#3853 = DIRECTION('',(0.,1.,0.));
#3854 = ADVANCED_FACE('',(#3855),#3866,.T.);
#3855 = FACE_BOUND('',#3856,.T.);
#3856 = EDGE_LOOP('',(#3857,#3858,#3859,#3865));
#3857 = ORIENTED_EDGE('',*,*,#3826,.T.);
#3858 = ORIENTED_EDGE('',*,*,#2076,.T.);
#3859 = ORIENTED_EDGE('',*,*,#3860,.F.);
#3860 = EDGE_CURVE('',#304,#2069,#3861,.T.);
#3861 = LINE('',#3862,#3863);
#3862 = CARTESIAN_POINT('',(296.99371,-20.980456,0.));
#3863 = VECTOR('',#3864,1.);
#3864 = DIRECTION('',(0.,0.,1.));
#3865 = ORIENTED_EDGE('',*,*,#311,.F.);
#3866 = PLANE('',#3867);
#3867 = AXIS2_PLACEMENT_3D('',#3868,#3869,#3870);
#3868 = CARTESIAN_POINT('',(296.981852,-3.988134,0.));
#3869 = DIRECTION('',(0.999999756507,6.978444213023E-04,-0.));
#3870 = DIRECTION('',(6.978444213023E-04,-0.999999756507,0.));
#3871 = ADVANCED_FACE('',(#3872),#3883,.T.);
#3872 = FACE_BOUND('',#3873,.T.);
#3873 = EDGE_LOOP('',(#3874,#3880,#3881,#3882));
#3874 = ORIENTED_EDGE('',*,*,#3875,.T.);
#3875 = EDGE_CURVE('',#192,#1957,#3876,.T.);
#3876 = LINE('',#3877,#3878);
#3877 = CARTESIAN_POINT('',(37.,-5.,0.));
#3878 = VECTOR('',#3879,1.);
#3879 = DIRECTION('',(0.,0.,1.));
#3880 = ORIENTED_EDGE('',*,*,#1956,.T.);
#3881 = ORIENTED_EDGE('',*,*,#3841,.F.);
#3882 = ORIENTED_EDGE('',*,*,#191,.F.);
#3883 = PLANE('',#3884);
#3884 = AXIS2_PLACEMENT_3D('',#3885,#3886,#3887);
#3885 = CARTESIAN_POINT('',(37.,-5.,0.));
#3886 = DIRECTION('',(0.,1.,0.));
#3887 = DIRECTION('',(1.,0.,0.));
#3888 = ADVANCED_FACE('',(#3889),#3900,.T.);
#3889 = FACE_BOUND('',#3890,.T.);
#3890 = EDGE_LOOP('',(#3891,#3892,#3893,#3899));
#3891 = ORIENTED_EDGE('',*,*,#3860,.T.);
#3892 = ORIENTED_EDGE('',*,*,#2068,.T.);
#3893 = ORIENTED_EDGE('',*,*,#3894,.F.);
#3894 = EDGE_CURVE('',#296,#2061,#3895,.T.);
#3895 = LINE('',#3896,#3897);
#3896 = CARTESIAN_POINT('',(278.,-21.,0.));
#3897 = VECTOR('',#3898,1.);
#3898 = DIRECTION('',(0.,0.,1.));
#3899 = ORIENTED_EDGE('',*,*,#303,.F.);
#3900 = PLANE('',#3901);
#3901 = AXIS2_PLACEMENT_3D('',#3902,#3903,#3904);
#3902 = CARTESIAN_POINT('',(296.99371,-20.980456,0.));
#3903 = DIRECTION('',(1.02897167818E-03,-0.999999470609,0.));
#3904 = DIRECTION('',(-0.999999470609,-1.02897167818E-03,0.));
#3905 = ADVANCED_FACE('',(#3906),#3917,.T.);
#3906 = FACE_BOUND('',#3907,.T.);
#3907 = EDGE_LOOP('',(#3908,#3914,#3915,#3916));
#3908 = ORIENTED_EDGE('',*,*,#3909,.T.);
#3909 = EDGE_CURVE('',#200,#1965,#3910,.T.);
#3910 = LINE('',#3911,#3912);
#3911 = CARTESIAN_POINT('',(37.,8.,0.));
#3912 = VECTOR('',#3913,1.);
#3913 = DIRECTION('',(0.,0.,1.));
#3914 = ORIENTED_EDGE('',*,*,#1964,.T.);
#3915 = ORIENTED_EDGE('',*,*,#3875,.F.);
#3916 = ORIENTED_EDGE('',*,*,#199,.F.);
#3917 = PLANE('',#3918);
#3918 = AXIS2_PLACEMENT_3D('',#3919,#3920,#3921);
#3919 = CARTESIAN_POINT('',(37.,8.,0.));
#3920 = DIRECTION('',(1.,0.,-0.));
#3921 = DIRECTION('',(0.,-1.,0.));
#3922 = ADVANCED_FACE('',(#3923),#3934,.T.);
#3923 = FACE_BOUND('',#3924,.T.);
#3924 = EDGE_LOOP('',(#3925,#3926,#3927,#3933));
#3925 = ORIENTED_EDGE('',*,*,#3894,.T.);
#3926 = ORIENTED_EDGE('',*,*,#2060,.T.);
#3927 = ORIENTED_EDGE('',*,*,#3928,.F.);
#3928 = EDGE_CURVE('',#288,#2053,#3929,.T.);
#3929 = LINE('',#3930,#3931);
#3930 = CARTESIAN_POINT('',(277.,-22.,0.));
#3931 = VECTOR('',#3932,1.);
#3932 = DIRECTION('',(0.,0.,1.));
#3933 = ORIENTED_EDGE('',*,*,#295,.F.);
#3934 = PLANE('',#3935);
#3935 = AXIS2_PLACEMENT_3D('',#3936,#3937,#3938);
#3936 = CARTESIAN_POINT('',(278.,-21.,0.));
#3937 = DIRECTION('',(0.707106781187,-0.707106781187,0.));
#3938 = DIRECTION('',(-0.707106781187,-0.707106781187,0.));
#3939 = ADVANCED_FACE('',(#3940),#3951,.T.);
#3940 = FACE_BOUND('',#3941,.T.);
#3941 = EDGE_LOOP('',(#3942,#3948,#3949,#3950));
#3942 = ORIENTED_EDGE('',*,*,#3943,.T.);
#3943 = EDGE_CURVE('',#208,#1973,#3944,.T.);
#3944 = LINE('',#3945,#3946);
#3945 = CARTESIAN_POINT('',(36.,9.,0.));
#3946 = VECTOR('',#3947,1.);
#3947 = DIRECTION('',(0.,0.,1.));
#3948 = ORIENTED_EDGE('',*,*,#1972,.T.);
#3949 = ORIENTED_EDGE('',*,*,#3909,.F.);
#3950 = ORIENTED_EDGE('',*,*,#207,.F.);
#3951 = PLANE('',#3952);
#3952 = AXIS2_PLACEMENT_3D('',#3953,#3954,#3955);
#3953 = CARTESIAN_POINT('',(36.,9.,0.));
#3954 = DIRECTION('',(0.707106781187,0.707106781187,-0.));
#3955 = DIRECTION('',(0.707106781187,-0.707106781187,0.));
#3956 = ADVANCED_FACE('',(#3957),#3968,.T.);
#3957 = FACE_BOUND('',#3958,.T.);
#3958 = EDGE_LOOP('',(#3959,#3960,#3961,#3967));
#3959 = ORIENTED_EDGE('',*,*,#3928,.T.);
#3960 = ORIENTED_EDGE('',*,*,#2052,.T.);
#3961 = ORIENTED_EDGE('',*,*,#3962,.F.);
#3962 = EDGE_CURVE('',#280,#2045,#3963,.T.);
#3963 = LINE('',#3964,#3965);
#3964 = CARTESIAN_POINT('',(277.,-74.,0.));
#3965 = VECTOR('',#3966,1.);
#3966 = DIRECTION('',(0.,0.,1.));
#3967 = ORIENTED_EDGE('',*,*,#287,.F.);
#3968 = PLANE('',#3969);
#3969 = AXIS2_PLACEMENT_3D('',#3970,#3971,#3972);
#3970 = CARTESIAN_POINT('',(277.,-22.,0.));
#3971 = DIRECTION('',(1.,0.,-0.));
#3972 = DIRECTION('',(0.,-1.,0.));
#3973 = ADVANCED_FACE('',(#3974),#3985,.T.);
#3974 = FACE_BOUND('',#3975,.T.);
#3975 = EDGE_LOOP('',(#3976,#3982,#3983,#3984));
#3976 = ORIENTED_EDGE('',*,*,#3977,.T.);
#3977 = EDGE_CURVE('',#216,#1981,#3978,.T.);
#3978 = LINE('',#3979,#3980);
#3979 = CARTESIAN_POINT('',(9.,9.,0.));
#3980 = VECTOR('',#3981,1.);
#3981 = DIRECTION('',(0.,0.,1.));
#3982 = ORIENTED_EDGE('',*,*,#1980,.T.);
#3983 = ORIENTED_EDGE('',*,*,#3943,.F.);
#3984 = ORIENTED_EDGE('',*,*,#215,.F.);
#3985 = PLANE('',#3986);
#3986 = AXIS2_PLACEMENT_3D('',#3987,#3988,#3989);
#3987 = CARTESIAN_POINT('',(9.,9.,0.));
#3988 = DIRECTION('',(0.,1.,0.));
#3989 = DIRECTION('',(1.,0.,0.));
#3990 = ADVANCED_FACE('',(#3991),#4002,.T.);
#3991 = FACE_BOUND('',#3992,.T.);
#3992 = EDGE_LOOP('',(#3993,#3994,#3995,#4001));
#3993 = ORIENTED_EDGE('',*,*,#3962,.T.);
#3994 = ORIENTED_EDGE('',*,*,#2044,.T.);
#3995 = ORIENTED_EDGE('',*,*,#3996,.F.);
#3996 = EDGE_CURVE('',#272,#2037,#3997,.T.);
#3997 = LINE('',#3998,#3999);
#3998 = CARTESIAN_POINT('',(287.,-74.,0.));
#3999 = VECTOR('',#4000,1.);
#4000 = DIRECTION('',(0.,0.,1.));
#4001 = ORIENTED_EDGE('',*,*,#279,.F.);
#4002 = PLANE('',#4003);
#4003 = AXIS2_PLACEMENT_3D('',#4004,#4005,#4006);
#4004 = CARTESIAN_POINT('',(277.,-74.,0.));
#4005 = DIRECTION('',(0.,1.,0.));
#4006 = DIRECTION('',(1.,0.,0.));
#4007 = ADVANCED_FACE('',(#4008),#4019,.T.);
#4008 = FACE_BOUND('',#4009,.T.);
#4009 = EDGE_LOOP('',(#4010,#4016,#4017,#4018));
#4010 = ORIENTED_EDGE('',*,*,#4011,.T.);
#4011 = EDGE_CURVE('',#224,#1989,#4012,.T.);
#4012 = LINE('',#4013,#4014);
#4013 = CARTESIAN_POINT('',(0.,-0.,0.));
#4014 = VECTOR('',#4015,1.);
#4015 = DIRECTION('',(0.,0.,1.));
#4016 = ORIENTED_EDGE('',*,*,#1988,.T.);
#4017 = ORIENTED_EDGE('',*,*,#3977,.F.);
#4018 = ORIENTED_EDGE('',*,*,#223,.F.);
#4019 = PLANE('',#4020);
#4020 = AXIS2_PLACEMENT_3D('',#4021,#4022,#4023);
#4021 = CARTESIAN_POINT('',(0.,0.,0.));
#4022 = DIRECTION('',(-0.707106781187,0.707106781187,0.));
#4023 = DIRECTION('',(0.707106781187,0.707106781187,0.));
#4024 = ADVANCED_FACE('',(#4025),#4036,.T.);
#4025 = FACE_BOUND('',#4026,.T.);
#4026 = EDGE_LOOP('',(#4027,#4028,#4029,#4035));
#4027 = ORIENTED_EDGE('',*,*,#3996,.T.);
#4028 = ORIENTED_EDGE('',*,*,#2036,.T.);
#4029 = ORIENTED_EDGE('',*,*,#4030,.F.);
#4030 = EDGE_CURVE('',#264,#2029,#4031,.T.);
#4031 = LINE('',#4032,#4033);
#4032 = CARTESIAN_POINT('',(292.,-79.,0.));
#4033 = VECTOR('',#4034,1.);
#4034 = DIRECTION('',(0.,0.,1.));
#4035 = ORIENTED_EDGE('',*,*,#271,.F.);
#4036 = PLANE('',#4037);
#4037 = AXIS2_PLACEMENT_3D('',#4038,#4039,#4040);
#4038 = CARTESIAN_POINT('',(287.,-74.,0.));
#4039 = DIRECTION('',(0.707106781187,0.707106781187,-0.));
#4040 = DIRECTION('',(0.707106781187,-0.707106781187,0.));
#4041 = ADVANCED_FACE('',(#4042),#4053,.T.);
#4042 = FACE_BOUND('',#4043,.T.);
#4043 = EDGE_LOOP('',(#4044,#4050,#4051,#4052));
#4044 = ORIENTED_EDGE('',*,*,#4045,.T.);
#4045 = EDGE_CURVE('',#232,#1997,#4046,.T.);
#4046 = LINE('',#4047,#4048);
#4047 = CARTESIAN_POINT('',(0.,-85.,0.));
#4048 = VECTOR('',#4049,1.);
#4049 = DIRECTION('',(0.,0.,1.));
#4050 = ORIENTED_EDGE('',*,*,#1996,.T.);
#4051 = ORIENTED_EDGE('',*,*,#4011,.F.);
#4052 = ORIENTED_EDGE('',*,*,#231,.F.);
#4053 = PLANE('',#4054);
#4054 = AXIS2_PLACEMENT_3D('',#4055,#4056,#4057);
#4055 = CARTESIAN_POINT('',(0.,-85.,0.));
#4056 = DIRECTION('',(-1.,0.,0.));
#4057 = DIRECTION('',(0.,1.,0.));
#4058 = ADVANCED_FACE('',(#4059),#4070,.T.);
#4059 = FACE_BOUND('',#4060,.T.);
#4060 = EDGE_LOOP('',(#4061,#4062,#4063,#4069));
#4061 = ORIENTED_EDGE('',*,*,#4030,.T.);
#4062 = ORIENTED_EDGE('',*,*,#2028,.T.);
#4063 = ORIENTED_EDGE('',*,*,#4064,.F.);
#4064 = EDGE_CURVE('',#256,#2021,#4065,.T.);
#4065 = LINE('',#4066,#4067);
#4066 = CARTESIAN_POINT('',(292.,-87.,0.));
#4067 = VECTOR('',#4068,1.);
#4068 = DIRECTION('',(0.,0.,1.));
#4069 = ORIENTED_EDGE('',*,*,#263,.F.);
#4070 = PLANE('',#4071);
#4071 = AXIS2_PLACEMENT_3D('',#4072,#4073,#4074);
#4072 = CARTESIAN_POINT('',(292.,-79.,0.));
#4073 = DIRECTION('',(1.,0.,-0.));
#4074 = DIRECTION('',(0.,-1.,0.));
#4075 = ADVANCED_FACE('',(#4076),#4087,.T.);
#4076 = FACE_BOUND('',#4077,.T.);
#4077 = EDGE_LOOP('',(#4078,#4084,#4085,#4086));
#4078 = ORIENTED_EDGE('',*,*,#4079,.T.);
#4079 = EDGE_CURVE('',#240,#2005,#4080,.T.);
#4080 = LINE('',#4081,#4082);
#4081 = CARTESIAN_POINT('',(2.,-87.,0.));
#4082 = VECTOR('',#4083,1.);
#4083 = DIRECTION('',(0.,0.,1.));
#4084 = ORIENTED_EDGE('',*,*,#2004,.T.);
#4085 = ORIENTED_EDGE('',*,*,#4045,.F.);
#4086 = ORIENTED_EDGE('',*,*,#239,.F.);
#4087 = PLANE('',#4088);
#4088 = AXIS2_PLACEMENT_3D('',#4089,#4090,#4091);
#4089 = CARTESIAN_POINT('',(2.,-87.,0.));
#4090 = DIRECTION('',(-0.707106781187,-0.707106781187,0.));
#4091 = DIRECTION('',(-0.707106781187,0.707106781187,0.));
#4092 = ADVANCED_FACE('',(#4093),#4104,.T.);
#4093 = FACE_BOUND('',#4094,.T.);
#4094 = EDGE_LOOP('',(#4095,#4096,#4097,#4103));
#4095 = ORIENTED_EDGE('',*,*,#4064,.T.);
#4096 = ORIENTED_EDGE('',*,*,#2020,.T.);
#4097 = ORIENTED_EDGE('',*,*,#4098,.F.);
#4098 = EDGE_CURVE('',#248,#2013,#4099,.T.);
#4099 = LINE('',#4100,#4101);
#4100 = CARTESIAN_POINT('',(277.,-87.,0.));
#4101 = VECTOR('',#4102,1.);
#4102 = DIRECTION('',(0.,0.,1.));
#4103 = ORIENTED_EDGE('',*,*,#255,.F.);
#4104 = PLANE('',#4105);
#4105 = AXIS2_PLACEMENT_3D('',#4106,#4107,#4108);
#4106 = CARTESIAN_POINT('',(292.,-87.,0.));
#4107 = DIRECTION('',(0.,-1.,0.));
#4108 = DIRECTION('',(-1.,0.,0.));
#4109 = ADVANCED_FACE('',(#4110),#4116,.T.);
#4110 = FACE_BOUND('',#4111,.T.);
#4111 = EDGE_LOOP('',(#4112,#4113,#4114,#4115));
#4112 = ORIENTED_EDGE('',*,*,#4098,.T.);
#4113 = ORIENTED_EDGE('',*,*,#2012,.T.);
#4114 = ORIENTED_EDGE('',*,*,#4079,.F.);
#4115 = ORIENTED_EDGE('',*,*,#247,.F.);
#4116 = PLANE('',#4117);
#4117 = AXIS2_PLACEMENT_3D('',#4118,#4119,#4120);
#4118 = CARTESIAN_POINT('',(277.,-87.,0.));
#4119 = DIRECTION('',(0.,-1.,0.));
#4120 = DIRECTION('',(-1.,0.,0.));
#4121 = ADVANCED_FACE('',(#4122),#4133,.F.);
#4122 = FACE_BOUND('',#4123,.T.);
#4123 = EDGE_LOOP('',(#4124,#4125,#4131,#4132));
#4124 = ORIENTED_EDGE('',*,*,#360,.T.);
#4125 = ORIENTED_EDGE('',*,*,#4126,.T.);
#4126 = EDGE_CURVE('',#361,#2126,#4127,.T.);
#4127 = LINE('',#4128,#4129);
#4128 = CARTESIAN_POINT('',(6.,-84.2,-8.1E-02));
#4129 = VECTOR('',#4130,1.);
#4130 = DIRECTION('',(0.,0.,1.));
#4131 = ORIENTED_EDGE('',*,*,#2125,.F.);
#4132 = ORIENTED_EDGE('',*,*,#4126,.F.);
#4133 = CYLINDRICAL_SURFACE('',#4134,3.2);
#4134 = AXIS2_PLACEMENT_3D('',#4135,#4136,#4137);
#4135 = CARTESIAN_POINT('',(6.,-81.,-8.1E-02));
#4136 = DIRECTION('',(-0.,-0.,-1.));
#4137 = DIRECTION('',(-0.,-1.,0.));
#4138 = ADVANCED_FACE('',(#4139),#4150,.F.);
#4139 = FACE_BOUND('',#4140,.T.);
#4140 = EDGE_LOOP('',(#4141,#4142,#4148,#4149));
#4141 = ORIENTED_EDGE('',*,*,#371,.T.);
#4142 = ORIENTED_EDGE('',*,*,#4143,.T.);
#4143 = EDGE_CURVE('',#372,#2137,#4144,.T.);
#4144 = LINE('',#4145,#4146);
#4145 = CARTESIAN_POINT('',(22.,-84.,-8.1E-02));
#4146 = VECTOR('',#4147,1.);
#4147 = DIRECTION('',(0.,0.,1.));
#4148 = ORIENTED_EDGE('',*,*,#2136,.F.);
#4149 = ORIENTED_EDGE('',*,*,#4143,.F.);
#4150 = CYLINDRICAL_SURFACE('',#4151,3.);
#4151 = AXIS2_PLACEMENT_3D('',#4152,#4153,#4154);
#4152 = CARTESIAN_POINT('',(22.,-81.,-8.1E-02));
#4153 = DIRECTION('',(-0.,-0.,-1.));
#4154 = DIRECTION('',(-0.,-1.,0.));
#4155 = ADVANCED_FACE('',(#4156),#4167,.F.);
#4156 = FACE_BOUND('',#4157,.T.);
#4157 = EDGE_LOOP('',(#4158,#4159,#4165,#4166));
#4158 = ORIENTED_EDGE('',*,*,#382,.T.);
#4159 = ORIENTED_EDGE('',*,*,#4160,.T.);
#4160 = EDGE_CURVE('',#383,#2148,#4161,.T.);
#4161 = LINE('',#4162,#4163);
#4162 = CARTESIAN_POINT('',(33.25,-77.5,-8.1E-02));
#4163 = VECTOR('',#4164,1.);
#4164 = DIRECTION('',(0.,0.,1.));
#4165 = ORIENTED_EDGE('',*,*,#2147,.F.);
#4166 = ORIENTED_EDGE('',*,*,#4160,.F.);
#4167 = CYLINDRICAL_SURFACE('',#4168,0.5);
#4168 = AXIS2_PLACEMENT_3D('',#4169,#4170,#4171);
#4169 = CARTESIAN_POINT('',(33.25,-77.,-8.1E-02));
#4170 = DIRECTION('',(-0.,-0.,-1.));
#4171 = DIRECTION('',(-0.,-1.,0.));
#4172 = ADVANCED_FACE('',(#4173),#4184,.F.);
#4173 = FACE_BOUND('',#4174,.T.);
#4174 = EDGE_LOOP('',(#4175,#4176,#4182,#4183));
#4175 = ORIENTED_EDGE('',*,*,#393,.T.);
#4176 = ORIENTED_EDGE('',*,*,#4177,.T.);
#4177 = EDGE_CURVE('',#394,#2159,#4178,.T.);
#4178 = LINE('',#4179,#4180);
#4179 = CARTESIAN_POINT('',(40.75,-77.5,-8.1E-02));
#4180 = VECTOR('',#4181,1.);
#4181 = DIRECTION('',(0.,0.,1.));
#4182 = ORIENTED_EDGE('',*,*,#2158,.F.);
#4183 = ORIENTED_EDGE('',*,*,#4177,.F.);
#4184 = CYLINDRICAL_SURFACE('',#4185,0.5);
#4185 = AXIS2_PLACEMENT_3D('',#4186,#4187,#4188);
#4186 = CARTESIAN_POINT('',(40.75,-77.,-8.1E-02));
#4187 = DIRECTION('',(-0.,-0.,-1.));
#4188 = DIRECTION('',(-0.,-1.,0.));
#4189 = ADVANCED_FACE('',(#4190),#4201,.F.);
#4190 = FACE_BOUND('',#4191,.T.);
#4191 = EDGE_LOOP('',(#4192,#4193,#4199,#4200));
#4192 = ORIENTED_EDGE('',*,*,#404,.T.);
#4193 = ORIENTED_EDGE('',*,*,#4194,.T.);
#4194 = EDGE_CURVE('',#405,#2170,#4195,.T.);
#4195 = LINE('',#4196,#4197);
#4196 = CARTESIAN_POINT('',(54.25,-78.,-8.1E-02));
#4197 = VECTOR('',#4198,1.);
#4198 = DIRECTION('',(0.,0.,1.));
#4199 = ORIENTED_EDGE('',*,*,#2169,.F.);
#4200 = ORIENTED_EDGE('',*,*,#4194,.F.);
#4201 = CYLINDRICAL_SURFACE('',#4202,0.5);
#4202 = AXIS2_PLACEMENT_3D('',#4203,#4204,#4205);
#4203 = CARTESIAN_POINT('',(54.25,-77.5,-8.1E-02));
#4204 = DIRECTION('',(-0.,-0.,-1.));
#4205 = DIRECTION('',(-0.,-1.,0.));
#4206 = ADVANCED_FACE('',(#4207),#4218,.F.);
#4207 = FACE_BOUND('',#4208,.T.);
#4208 = EDGE_LOOP('',(#4209,#4210,#4216,#4217));
#4209 = ORIENTED_EDGE('',*,*,#415,.T.);
#4210 = ORIENTED_EDGE('',*,*,#4211,.T.);
#4211 = EDGE_CURVE('',#416,#2181,#4212,.T.);
#4212 = LINE('',#4213,#4214);
#4213 = CARTESIAN_POINT('',(61.75,-78.,-8.1E-02));
#4214 = VECTOR('',#4215,1.);
#4215 = DIRECTION('',(0.,0.,1.));
#4216 = ORIENTED_EDGE('',*,*,#2180,.F.);
#4217 = ORIENTED_EDGE('',*,*,#4211,.F.);
#4218 = CYLINDRICAL_SURFACE('',#4219,0.5);
#4219 = AXIS2_PLACEMENT_3D('',#4220,#4221,#4222);
#4220 = CARTESIAN_POINT('',(61.75,-77.5,-8.1E-02));
#4221 = DIRECTION('',(-0.,-0.,-1.));
#4222 = DIRECTION('',(-0.,-1.,0.));
#4223 = ADVANCED_FACE('',(#4224),#4235,.F.);
#4224 = FACE_BOUND('',#4225,.T.);
#4225 = EDGE_LOOP('',(#4226,#4227,#4233,#4234));
#4226 = ORIENTED_EDGE('',*,*,#426,.T.);
#4227 = ORIENTED_EDGE('',*,*,#4228,.T.);
#4228 = EDGE_CURVE('',#427,#2192,#4229,.T.);
#4229 = LINE('',#4230,#4231);
#4230 = CARTESIAN_POINT('',(73.25,-76.5,-8.1E-02));
#4231 = VECTOR('',#4232,1.);
#4232 = DIRECTION('',(0.,0.,1.));
#4233 = ORIENTED_EDGE('',*,*,#2191,.F.);
#4234 = ORIENTED_EDGE('',*,*,#4228,.F.);
#4235 = CYLINDRICAL_SURFACE('',#4236,0.5);
#4236 = AXIS2_PLACEMENT_3D('',#4237,#4238,#4239);
#4237 = CARTESIAN_POINT('',(73.25,-76.,-8.1E-02));
#4238 = DIRECTION('',(-0.,-0.,-1.));
#4239 = DIRECTION('',(-0.,-1.,0.));
#4240 = ADVANCED_FACE('',(#4241),#4252,.F.);
#4241 = FACE_BOUND('',#4242,.T.);
#4242 = EDGE_LOOP('',(#4243,#4244,#4250,#4251));
#4243 = ORIENTED_EDGE('',*,*,#437,.T.);
#4244 = ORIENTED_EDGE('',*,*,#4245,.T.);
#4245 = EDGE_CURVE('',#438,#2203,#4246,.T.);
#4246 = LINE('',#4247,#4248);
#4247 = CARTESIAN_POINT('',(13.25,-67.,-8.1E-02));
#4248 = VECTOR('',#4249,1.);
#4249 = DIRECTION('',(0.,0.,1.));
#4250 = ORIENTED_EDGE('',*,*,#2202,.F.);
#4251 = ORIENTED_EDGE('',*,*,#4245,.F.);
#4252 = CYLINDRICAL_SURFACE('',#4253,0.5);
#4253 = AXIS2_PLACEMENT_3D('',#4254,#4255,#4256);
#4254 = CARTESIAN_POINT('',(13.25,-66.5,-8.1E-02));
#4255 = DIRECTION('',(-0.,-0.,-1.));
#4256 = DIRECTION('',(-0.,-1.,0.));
#4257 = ADVANCED_FACE('',(#4258),#4269,.F.);
#4258 = FACE_BOUND('',#4259,.T.);
#4259 = EDGE_LOOP('',(#4260,#4261,#4267,#4268));
#4260 = ORIENTED_EDGE('',*,*,#448,.T.);
#4261 = ORIENTED_EDGE('',*,*,#4262,.T.);
#4262 = EDGE_CURVE('',#449,#2214,#4263,.T.);
#4263 = LINE('',#4264,#4265);
#4264 = CARTESIAN_POINT('',(20.75,-67.,-8.1E-02));
#4265 = VECTOR('',#4266,1.);
#4266 = DIRECTION('',(0.,0.,1.));
#4267 = ORIENTED_EDGE('',*,*,#2213,.F.);
#4268 = ORIENTED_EDGE('',*,*,#4262,.F.);
#4269 = CYLINDRICAL_SURFACE('',#4270,0.5);
#4270 = AXIS2_PLACEMENT_3D('',#4271,#4272,#4273);
#4271 = CARTESIAN_POINT('',(20.75,-66.5,-8.1E-02));
#4272 = DIRECTION('',(-0.,-0.,-1.));
#4273 = DIRECTION('',(-0.,-1.,0.));
#4274 = ADVANCED_FACE('',(#4275),#4286,.F.);
#4275 = FACE_BOUND('',#4276,.T.);
#4276 = EDGE_LOOP('',(#4277,#4278,#4284,#4285));
#4277 = ORIENTED_EDGE('',*,*,#459,.T.);
#4278 = ORIENTED_EDGE('',*,*,#4279,.T.);
#4279 = EDGE_CURVE('',#460,#2225,#4280,.T.);
#4280 = LINE('',#4281,#4282);
#4281 = CARTESIAN_POINT('',(50.,-66.2,-8.1E-02));
#4282 = VECTOR('',#4283,1.);
#4283 = DIRECTION('',(0.,0.,1.));
#4284 = ORIENTED_EDGE('',*,*,#2224,.F.);
#4285 = ORIENTED_EDGE('',*,*,#4279,.F.);
#4286 = CYLINDRICAL_SURFACE('',#4287,3.2);
#4287 = AXIS2_PLACEMENT_3D('',#4288,#4289,#4290);
#4288 = CARTESIAN_POINT('',(50.,-63.,-8.1E-02));
#4289 = DIRECTION('',(-0.,-0.,-1.));
#4290 = DIRECTION('',(-0.,-1.,0.));
#4291 = ADVANCED_FACE('',(#4292),#4303,.F.);
#4292 = FACE_BOUND('',#4293,.T.);
#4293 = EDGE_LOOP('',(#4294,#4295,#4301,#4302));
#4294 = ORIENTED_EDGE('',*,*,#470,.T.);
#4295 = ORIENTED_EDGE('',*,*,#4296,.T.);
#4296 = EDGE_CURVE('',#471,#2236,#4297,.T.);
#4297 = LINE('',#4298,#4299);
#4298 = CARTESIAN_POINT('',(80.75,-76.5,-8.1E-02));
#4299 = VECTOR('',#4300,1.);
#4300 = DIRECTION('',(0.,0.,1.));
#4301 = ORIENTED_EDGE('',*,*,#2235,.F.);
#4302 = ORIENTED_EDGE('',*,*,#4296,.F.);
#4303 = CYLINDRICAL_SURFACE('',#4304,0.5);
#4304 = AXIS2_PLACEMENT_3D('',#4305,#4306,#4307);
#4305 = CARTESIAN_POINT('',(80.75,-76.,-8.1E-02));
#4306 = DIRECTION('',(-0.,-0.,-1.));
#4307 = DIRECTION('',(-0.,-1.,0.));
#4308 = ADVANCED_FACE('',(#4309),#4320,.F.);
#4309 = FACE_BOUND('',#4310,.T.);
#4310 = EDGE_LOOP('',(#4311,#4312,#4318,#4319));
#4311 = ORIENTED_EDGE('',*,*,#481,.T.);
#4312 = ORIENTED_EDGE('',*,*,#4313,.T.);
#4313 = EDGE_CURVE('',#482,#2247,#4314,.T.);
#4314 = LINE('',#4315,#4316);
#4315 = CARTESIAN_POINT('',(91.75,-78.,-8.1E-02));
#4316 = VECTOR('',#4317,1.);
#4317 = DIRECTION('',(0.,0.,1.));
#4318 = ORIENTED_EDGE('',*,*,#2246,.F.);
#4319 = ORIENTED_EDGE('',*,*,#4313,.F.);
#4320 = CYLINDRICAL_SURFACE('',#4321,0.5);
#4321 = AXIS2_PLACEMENT_3D('',#4322,#4323,#4324);
#4322 = CARTESIAN_POINT('',(91.75,-77.5,-8.1E-02));
#4323 = DIRECTION('',(-0.,-0.,-1.));
#4324 = DIRECTION('',(-0.,-1.,0.));
#4325 = ADVANCED_FACE('',(#4326),#4337,.F.);
#4326 = FACE_BOUND('',#4327,.T.);
#4327 = EDGE_LOOP('',(#4328,#4329,#4335,#4336));
#4328 = ORIENTED_EDGE('',*,*,#492,.T.);
#4329 = ORIENTED_EDGE('',*,*,#4330,.T.);
#4330 = EDGE_CURVE('',#493,#2258,#4331,.T.);
#4331 = LINE('',#4332,#4333);
#4332 = CARTESIAN_POINT('',(99.25,-78.,-8.1E-02));
#4333 = VECTOR('',#4334,1.);
#4334 = DIRECTION('',(0.,0.,1.));
#4335 = ORIENTED_EDGE('',*,*,#2257,.F.);
#4336 = ORIENTED_EDGE('',*,*,#4330,.F.);
#4337 = CYLINDRICAL_SURFACE('',#4338,0.5);
#4338 = AXIS2_PLACEMENT_3D('',#4339,#4340,#4341);
#4339 = CARTESIAN_POINT('',(99.25,-77.5,-8.1E-02));
#4340 = DIRECTION('',(-0.,-0.,-1.));
#4341 = DIRECTION('',(-0.,-1.,0.));
#4342 = ADVANCED_FACE('',(#4343),#4354,.F.);
#4343 = FACE_BOUND('',#4344,.T.);
#4344 = EDGE_LOOP('',(#4345,#4346,#4352,#4353));
#4345 = ORIENTED_EDGE('',*,*,#503,.T.);
#4346 = ORIENTED_EDGE('',*,*,#4347,.T.);
#4347 = EDGE_CURVE('',#504,#2269,#4348,.T.);
#4348 = LINE('',#4349,#4350);
#4349 = CARTESIAN_POINT('',(110.25,-77.,-8.1E-02));
#4350 = VECTOR('',#4351,1.);
#4351 = DIRECTION('',(0.,0.,1.));
#4352 = ORIENTED_EDGE('',*,*,#2268,.F.);
#4353 = ORIENTED_EDGE('',*,*,#4347,.F.);
#4354 = CYLINDRICAL_SURFACE('',#4355,0.5);
#4355 = AXIS2_PLACEMENT_3D('',#4356,#4357,#4358);
#4356 = CARTESIAN_POINT('',(110.25,-76.5,-8.1E-02));
#4357 = DIRECTION('',(-0.,-0.,-1.));
#4358 = DIRECTION('',(-0.,-1.,0.));
#4359 = ADVANCED_FACE('',(#4360),#4371,.F.);
#4360 = FACE_BOUND('',#4361,.T.);
#4361 = EDGE_LOOP('',(#4362,#4363,#4369,#4370));
#4362 = ORIENTED_EDGE('',*,*,#514,.T.);
#4363 = ORIENTED_EDGE('',*,*,#4364,.T.);
#4364 = EDGE_CURVE('',#515,#2280,#4365,.T.);
#4365 = LINE('',#4366,#4367);
#4366 = CARTESIAN_POINT('',(117.75,-77.,-8.1E-02));
#4367 = VECTOR('',#4368,1.);
#4368 = DIRECTION('',(0.,0.,1.));
#4369 = ORIENTED_EDGE('',*,*,#2279,.F.);
#4370 = ORIENTED_EDGE('',*,*,#4364,.F.);
#4371 = CYLINDRICAL_SURFACE('',#4372,0.5);
#4372 = AXIS2_PLACEMENT_3D('',#4373,#4374,#4375);
#4373 = CARTESIAN_POINT('',(117.75,-76.5,-8.1E-02));
#4374 = DIRECTION('',(-0.,-0.,-1.));
#4375 = DIRECTION('',(-0.,-1.,0.));
#4376 = ADVANCED_FACE('',(#4377),#4388,.F.);
#4377 = FACE_BOUND('',#4378,.T.);
#4378 = EDGE_LOOP('',(#4379,#4380,#4386,#4387));
#4379 = ORIENTED_EDGE('',*,*,#525,.T.);
#4380 = ORIENTED_EDGE('',*,*,#4381,.T.);
#4381 = EDGE_CURVE('',#526,#2291,#4382,.T.);
#4382 = LINE('',#4383,#4384);
#4383 = CARTESIAN_POINT('',(128.75,-78.,-8.1E-02));
#4384 = VECTOR('',#4385,1.);
#4385 = DIRECTION('',(0.,0.,1.));
#4386 = ORIENTED_EDGE('',*,*,#2290,.F.);
#4387 = ORIENTED_EDGE('',*,*,#4381,.F.);
#4388 = CYLINDRICAL_SURFACE('',#4389,0.5);
#4389 = AXIS2_PLACEMENT_3D('',#4390,#4391,#4392);
#4390 = CARTESIAN_POINT('',(128.75,-77.5,-8.1E-02));
#4391 = DIRECTION('',(-0.,-0.,-1.));
#4392 = DIRECTION('',(-0.,-1.,0.));
#4393 = ADVANCED_FACE('',(#4394),#4405,.F.);
#4394 = FACE_BOUND('',#4395,.T.);
#4395 = EDGE_LOOP('',(#4396,#4397,#4403,#4404));
#4396 = ORIENTED_EDGE('',*,*,#536,.T.);
#4397 = ORIENTED_EDGE('',*,*,#4398,.T.);
#4398 = EDGE_CURVE('',#537,#2302,#4399,.T.);
#4399 = LINE('',#4400,#4401);
#4400 = CARTESIAN_POINT('',(136.25,-78.,-8.1E-02));
#4401 = VECTOR('',#4402,1.);
#4402 = DIRECTION('',(0.,0.,1.));
#4403 = ORIENTED_EDGE('',*,*,#2301,.F.);
#4404 = ORIENTED_EDGE('',*,*,#4398,.F.);
#4405 = CYLINDRICAL_SURFACE('',#4406,0.5);
#4406 = AXIS2_PLACEMENT_3D('',#4407,#4408,#4409);
#4407 = CARTESIAN_POINT('',(136.25,-77.5,-8.1E-02));
#4408 = DIRECTION('',(-0.,-0.,-1.));
#4409 = DIRECTION('',(-0.,-1.,0.));
#4410 = ADVANCED_FACE('',(#4411),#4422,.F.);
#4411 = FACE_BOUND('',#4412,.T.);
#4412 = EDGE_LOOP('',(#4413,#4414,#4420,#4421));
#4413 = ORIENTED_EDGE('',*,*,#547,.T.);
#4414 = ORIENTED_EDGE('',*,*,#4415,.T.);
#4415 = EDGE_CURVE('',#548,#2313,#4416,.T.);
#4416 = LINE('',#4417,#4418);
#4417 = CARTESIAN_POINT('',(147.,-78.,-8.1E-02));
#4418 = VECTOR('',#4419,1.);
#4419 = DIRECTION('',(0.,0.,1.));
#4420 = ORIENTED_EDGE('',*,*,#2312,.F.);
#4421 = ORIENTED_EDGE('',*,*,#4415,.F.);
#4422 = CYLINDRICAL_SURFACE('',#4423,0.5);
#4423 = AXIS2_PLACEMENT_3D('',#4424,#4425,#4426);
#4424 = CARTESIAN_POINT('',(147.,-77.5,-8.1E-02));
#4425 = DIRECTION('',(-0.,-0.,-1.));
#4426 = DIRECTION('',(-0.,-1.,0.));
#4427 = ADVANCED_FACE('',(#4428),#4439,.F.);
#4428 = FACE_BOUND('',#4429,.T.);
#4429 = EDGE_LOOP('',(#4430,#4431,#4437,#4438));
#4430 = ORIENTED_EDGE('',*,*,#558,.T.);
#4431 = ORIENTED_EDGE('',*,*,#4432,.T.);
#4432 = EDGE_CURVE('',#559,#2324,#4433,.T.);
#4433 = LINE('',#4434,#4435);
#4434 = CARTESIAN_POINT('',(140.,-66.2,-8.1E-02));
#4435 = VECTOR('',#4436,1.);
#4436 = DIRECTION('',(0.,0.,1.));
#4437 = ORIENTED_EDGE('',*,*,#2323,.F.);
#4438 = ORIENTED_EDGE('',*,*,#4432,.F.);
#4439 = CYLINDRICAL_SURFACE('',#4440,3.2);
#4440 = AXIS2_PLACEMENT_3D('',#4441,#4442,#4443);
#4441 = CARTESIAN_POINT('',(140.,-63.,-8.1E-02));
#4442 = DIRECTION('',(-0.,-0.,-1.));
#4443 = DIRECTION('',(-0.,-1.,0.));
#4444 = ADVANCED_FACE('',(#4445),#4456,.F.);
#4445 = FACE_BOUND('',#4446,.T.);
#4446 = EDGE_LOOP('',(#4447,#4448,#4454,#4455));
#4447 = ORIENTED_EDGE('',*,*,#569,.T.);
#4448 = ORIENTED_EDGE('',*,*,#4449,.T.);
#4449 = EDGE_CURVE('',#570,#2335,#4450,.T.);
#4450 = LINE('',#4451,#4452);
#4451 = CARTESIAN_POINT('',(28.75,-57.,-8.1E-02));
#4452 = VECTOR('',#4453,1.);
#4453 = DIRECTION('',(0.,0.,1.));
#4454 = ORIENTED_EDGE('',*,*,#2334,.F.);
#4455 = ORIENTED_EDGE('',*,*,#4449,.F.);
#4456 = CYLINDRICAL_SURFACE('',#4457,0.5);
#4457 = AXIS2_PLACEMENT_3D('',#4458,#4459,#4460);
#4458 = CARTESIAN_POINT('',(28.75,-56.5,-8.1E-02));
#4459 = DIRECTION('',(-0.,-0.,-1.));
#4460 = DIRECTION('',(-0.,-1.,0.));
#4461 = ADVANCED_FACE('',(#4462),#4473,.F.);
#4462 = FACE_BOUND('',#4463,.T.);
#4463 = EDGE_LOOP('',(#4464,#4465,#4471,#4472));
#4464 = ORIENTED_EDGE('',*,*,#580,.T.);
#4465 = ORIENTED_EDGE('',*,*,#4466,.T.);
#4466 = EDGE_CURVE('',#581,#2346,#4467,.T.);
#4467 = LINE('',#4468,#4469);
#4468 = CARTESIAN_POINT('',(36.25,-57.,-8.1E-02));
#4469 = VECTOR('',#4470,1.);
#4470 = DIRECTION('',(0.,0.,1.));
#4471 = ORIENTED_EDGE('',*,*,#2345,.F.);
#4472 = ORIENTED_EDGE('',*,*,#4466,.F.);
#4473 = CYLINDRICAL_SURFACE('',#4474,0.5);
#4474 = AXIS2_PLACEMENT_3D('',#4475,#4476,#4477);
#4475 = CARTESIAN_POINT('',(36.25,-56.5,-8.1E-02));
#4476 = DIRECTION('',(-0.,-0.,-1.));
#4477 = DIRECTION('',(-0.,-1.,0.));
#4478 = ADVANCED_FACE('',(#4479),#4490,.F.);
#4479 = FACE_BOUND('',#4480,.T.);
#4480 = EDGE_LOOP('',(#4481,#4482,#4488,#4489));
#4481 = ORIENTED_EDGE('',*,*,#591,.T.);
#4482 = ORIENTED_EDGE('',*,*,#4483,.T.);
#4483 = EDGE_CURVE('',#592,#2357,#4484,.T.);
#4484 = LINE('',#4485,#4486);
#4485 = CARTESIAN_POINT('',(64.75,-59.5,-8.1E-02));
#4486 = VECTOR('',#4487,1.);
#4487 = DIRECTION('',(0.,0.,1.));
#4488 = ORIENTED_EDGE('',*,*,#2356,.F.);
#4489 = ORIENTED_EDGE('',*,*,#4483,.F.);
#4490 = CYLINDRICAL_SURFACE('',#4491,0.5);
#4491 = AXIS2_PLACEMENT_3D('',#4492,#4493,#4494);
#4492 = CARTESIAN_POINT('',(64.75,-59.,-8.1E-02));
#4493 = DIRECTION('',(-0.,-0.,-1.));
#4494 = DIRECTION('',(-0.,-1.,0.));
#4495 = ADVANCED_FACE('',(#4496),#4507,.F.);
#4496 = FACE_BOUND('',#4497,.T.);
#4497 = EDGE_LOOP('',(#4498,#4499,#4505,#4506));
#4498 = ORIENTED_EDGE('',*,*,#602,.T.);
#4499 = ORIENTED_EDGE('',*,*,#4500,.T.);
#4500 = EDGE_CURVE('',#603,#2368,#4501,.T.);
#4501 = LINE('',#4502,#4503);
#4502 = CARTESIAN_POINT('',(72.25,-59.5,-8.1E-02));
#4503 = VECTOR('',#4504,1.);
#4504 = DIRECTION('',(0.,0.,1.));
#4505 = ORIENTED_EDGE('',*,*,#2367,.F.);
#4506 = ORIENTED_EDGE('',*,*,#4500,.F.);
#4507 = CYLINDRICAL_SURFACE('',#4508,0.5);
#4508 = AXIS2_PLACEMENT_3D('',#4509,#4510,#4511);
#4509 = CARTESIAN_POINT('',(72.25,-59.,-8.1E-02));
#4510 = DIRECTION('',(-0.,-0.,-1.));
#4511 = DIRECTION('',(-0.,-1.,0.));
#4512 = ADVANCED_FACE('',(#4513),#4524,.F.);
#4513 = FACE_BOUND('',#4514,.T.);
#4514 = EDGE_LOOP('',(#4515,#4516,#4522,#4523));
#4515 = ORIENTED_EDGE('',*,*,#613,.T.);
#4516 = ORIENTED_EDGE('',*,*,#4517,.T.);
#4517 = EDGE_CURVE('',#614,#2379,#4518,.T.);
#4518 = LINE('',#4519,#4520);
#4519 = CARTESIAN_POINT('',(6.25,-49.5,-8.1E-02));
#4520 = VECTOR('',#4521,1.);
#4521 = DIRECTION('',(0.,0.,1.));
#4522 = ORIENTED_EDGE('',*,*,#2378,.F.);
#4523 = ORIENTED_EDGE('',*,*,#4517,.F.);
#4524 = CYLINDRICAL_SURFACE('',#4525,0.5);
#4525 = AXIS2_PLACEMENT_3D('',#4526,#4527,#4528);
#4526 = CARTESIAN_POINT('',(6.25,-49.,-8.1E-02));
#4527 = DIRECTION('',(-0.,-0.,-1.));
#4528 = DIRECTION('',(-0.,-1.,0.));
#4529 = ADVANCED_FACE('',(#4530),#4541,.F.);
#4530 = FACE_BOUND('',#4531,.T.);
#4531 = EDGE_LOOP('',(#4532,#4533,#4539,#4540));
#4532 = ORIENTED_EDGE('',*,*,#624,.T.);
#4533 = ORIENTED_EDGE('',*,*,#4534,.T.);
#4534 = EDGE_CURVE('',#625,#2390,#4535,.T.);
#4535 = LINE('',#4536,#4537);
#4536 = CARTESIAN_POINT('',(13.75,-49.5,-8.1E-02));
#4537 = VECTOR('',#4538,1.);
#4538 = DIRECTION('',(0.,0.,1.));
#4539 = ORIENTED_EDGE('',*,*,#2389,.F.);
#4540 = ORIENTED_EDGE('',*,*,#4534,.F.);
#4541 = CYLINDRICAL_SURFACE('',#4542,0.5);
#4542 = AXIS2_PLACEMENT_3D('',#4543,#4544,#4545);
#4543 = CARTESIAN_POINT('',(13.75,-49.,-8.1E-02));
#4544 = DIRECTION('',(-0.,-0.,-1.));
#4545 = DIRECTION('',(-0.,-1.,0.));
#4546 = ADVANCED_FACE('',(#4547),#4558,.F.);
#4547 = FACE_BOUND('',#4548,.T.);
#4548 = EDGE_LOOP('',(#4549,#4550,#4556,#4557));
#4549 = ORIENTED_EDGE('',*,*,#635,.T.);
#4550 = ORIENTED_EDGE('',*,*,#4551,.T.);
#4551 = EDGE_CURVE('',#636,#2401,#4552,.T.);
#4552 = LINE('',#4553,#4554);
#4553 = CARTESIAN_POINT('',(22.75,-39.5,-8.1E-02));
#4554 = VECTOR('',#4555,1.);
#4555 = DIRECTION('',(0.,0.,1.));
#4556 = ORIENTED_EDGE('',*,*,#2400,.F.);
#4557 = ORIENTED_EDGE('',*,*,#4551,.F.);
#4558 = CYLINDRICAL_SURFACE('',#4559,0.5);
#4559 = AXIS2_PLACEMENT_3D('',#4560,#4561,#4562);
#4560 = CARTESIAN_POINT('',(22.75,-39.,-8.1E-02));
#4561 = DIRECTION('',(-0.,-0.,-1.));
#4562 = DIRECTION('',(-0.,-1.,0.));
#4563 = ADVANCED_FACE('',(#4564),#4575,.F.);
#4564 = FACE_BOUND('',#4565,.T.);
#4565 = EDGE_LOOP('',(#4566,#4567,#4573,#4574));
#4566 = ORIENTED_EDGE('',*,*,#646,.T.);
#4567 = ORIENTED_EDGE('',*,*,#4568,.T.);
#4568 = EDGE_CURVE('',#647,#2412,#4569,.T.);
#4569 = LINE('',#4570,#4571);
#4570 = CARTESIAN_POINT('',(30.25,-39.5,-8.1E-02));
#4571 = VECTOR('',#4572,1.);
#4572 = DIRECTION('',(0.,0.,1.));
#4573 = ORIENTED_EDGE('',*,*,#2411,.F.);
#4574 = ORIENTED_EDGE('',*,*,#4568,.F.);
#4575 = CYLINDRICAL_SURFACE('',#4576,0.5);
#4576 = AXIS2_PLACEMENT_3D('',#4577,#4578,#4579);
#4577 = CARTESIAN_POINT('',(30.25,-39.,-8.1E-02));
#4578 = DIRECTION('',(-0.,-0.,-1.));
#4579 = DIRECTION('',(-0.,-1.,0.));
#4580 = ADVANCED_FACE('',(#4581),#4592,.F.);
#4581 = FACE_BOUND('',#4582,.T.);
#4582 = EDGE_LOOP('',(#4583,#4584,#4590,#4591));
#4583 = ORIENTED_EDGE('',*,*,#657,.T.);
#4584 = ORIENTED_EDGE('',*,*,#4585,.T.);
#4585 = EDGE_CURVE('',#658,#2423,#4586,.T.);
#4586 = LINE('',#4587,#4588);
#4587 = CARTESIAN_POINT('',(62.5,-41.,-8.1E-02));
#4588 = VECTOR('',#4589,1.);
#4589 = DIRECTION('',(0.,0.,1.));
#4590 = ORIENTED_EDGE('',*,*,#2422,.F.);
#4591 = ORIENTED_EDGE('',*,*,#4585,.F.);
#4592 = CYLINDRICAL_SURFACE('',#4593,0.5);
#4593 = AXIS2_PLACEMENT_3D('',#4594,#4595,#4596);
#4594 = CARTESIAN_POINT('',(62.5,-40.5,-8.1E-02));
#4595 = DIRECTION('',(-0.,-0.,-1.));
#4596 = DIRECTION('',(-0.,-1.,0.));
#4597 = ADVANCED_FACE('',(#4598),#4609,.F.);
#4598 = FACE_BOUND('',#4599,.T.);
#4599 = EDGE_LOOP('',(#4600,#4601,#4607,#4608));
#4600 = ORIENTED_EDGE('',*,*,#668,.T.);
#4601 = ORIENTED_EDGE('',*,*,#4602,.T.);
#4602 = EDGE_CURVE('',#669,#2434,#4603,.T.);
#4603 = LINE('',#4604,#4605);
#4604 = CARTESIAN_POINT('',(70.,-41.,-8.1E-02));
#4605 = VECTOR('',#4606,1.);
#4606 = DIRECTION('',(0.,0.,1.));
#4607 = ORIENTED_EDGE('',*,*,#2433,.F.);
#4608 = ORIENTED_EDGE('',*,*,#4602,.F.);
#4609 = CYLINDRICAL_SURFACE('',#4610,0.5);
#4610 = AXIS2_PLACEMENT_3D('',#4611,#4612,#4613);
#4611 = CARTESIAN_POINT('',(70.,-40.5,-8.1E-02));
#4612 = DIRECTION('',(-0.,-0.,-1.));
#4613 = DIRECTION('',(-0.,-1.,0.));
#4614 = ADVANCED_FACE('',(#4615),#4626,.F.);
#4615 = FACE_BOUND('',#4616,.T.);
#4616 = EDGE_LOOP('',(#4617,#4618,#4624,#4625));
#4617 = ORIENTED_EDGE('',*,*,#679,.T.);
#4618 = ORIENTED_EDGE('',*,*,#4619,.T.);
#4619 = EDGE_CURVE('',#680,#2445,#4620,.T.);
#4620 = LINE('',#4621,#4622);
#4621 = CARTESIAN_POINT('',(83.,-60.5,-8.1E-02));
#4622 = VECTOR('',#4623,1.);
#4623 = DIRECTION('',(0.,0.,1.));
#4624 = ORIENTED_EDGE('',*,*,#2444,.F.);
#4625 = ORIENTED_EDGE('',*,*,#4619,.F.);
#4626 = CYLINDRICAL_SURFACE('',#4627,0.5);
#4627 = AXIS2_PLACEMENT_3D('',#4628,#4629,#4630);
#4628 = CARTESIAN_POINT('',(83.,-60.,-8.1E-02));
#4629 = DIRECTION('',(-0.,-0.,-1.));
#4630 = DIRECTION('',(-0.,-1.,0.));
#4631 = ADVANCED_FACE('',(#4632),#4643,.F.);
#4632 = FACE_BOUND('',#4633,.T.);
#4633 = EDGE_LOOP('',(#4634,#4635,#4641,#4642));
#4634 = ORIENTED_EDGE('',*,*,#690,.T.);
#4635 = ORIENTED_EDGE('',*,*,#4636,.T.);
#4636 = EDGE_CURVE('',#691,#2456,#4637,.T.);
#4637 = LINE('',#4638,#4639);
#4638 = CARTESIAN_POINT('',(90.5,-60.5,-8.1E-02));
#4639 = VECTOR('',#4640,1.);
#4640 = DIRECTION('',(0.,0.,1.));
#4641 = ORIENTED_EDGE('',*,*,#2455,.F.);
#4642 = ORIENTED_EDGE('',*,*,#4636,.F.);
#4643 = CYLINDRICAL_SURFACE('',#4644,0.5);
#4644 = AXIS2_PLACEMENT_3D('',#4645,#4646,#4647);
#4645 = CARTESIAN_POINT('',(90.5,-60.,-8.1E-02));
#4646 = DIRECTION('',(-0.,-0.,-1.));
#4647 = DIRECTION('',(-0.,-1.,0.));
#4648 = ADVANCED_FACE('',(#4649),#4660,.F.);
#4649 = FACE_BOUND('',#4650,.T.);
#4650 = EDGE_LOOP('',(#4651,#4652,#4658,#4659));
#4651 = ORIENTED_EDGE('',*,*,#701,.T.);
#4652 = ORIENTED_EDGE('',*,*,#4653,.T.);
#4653 = EDGE_CURVE('',#702,#2467,#4654,.T.);
#4654 = LINE('',#4655,#4656);
#4655 = CARTESIAN_POINT('',(106.5,-59.,-8.1E-02));
#4656 = VECTOR('',#4657,1.);
#4657 = DIRECTION('',(0.,0.,1.));
#4658 = ORIENTED_EDGE('',*,*,#2466,.F.);
#4659 = ORIENTED_EDGE('',*,*,#4653,.F.);
#4660 = CYLINDRICAL_SURFACE('',#4661,0.5);
#4661 = AXIS2_PLACEMENT_3D('',#4662,#4663,#4664);
#4662 = CARTESIAN_POINT('',(106.5,-58.5,-8.1E-02));
#4663 = DIRECTION('',(-0.,-0.,-1.));
#4664 = DIRECTION('',(-0.,-1.,0.));
#4665 = ADVANCED_FACE('',(#4666),#4677,.F.);
#4666 = FACE_BOUND('',#4667,.T.);
#4667 = EDGE_LOOP('',(#4668,#4669,#4675,#4676));
#4668 = ORIENTED_EDGE('',*,*,#712,.T.);
#4669 = ORIENTED_EDGE('',*,*,#4670,.T.);
#4670 = EDGE_CURVE('',#713,#2478,#4671,.T.);
#4671 = LINE('',#4672,#4673);
#4672 = CARTESIAN_POINT('',(114.,-59.,-8.1E-02));
#4673 = VECTOR('',#4674,1.);
#4674 = DIRECTION('',(0.,0.,1.));
#4675 = ORIENTED_EDGE('',*,*,#2477,.F.);
#4676 = ORIENTED_EDGE('',*,*,#4670,.F.);
#4677 = CYLINDRICAL_SURFACE('',#4678,0.5);
#4678 = AXIS2_PLACEMENT_3D('',#4679,#4680,#4681);
#4679 = CARTESIAN_POINT('',(114.,-58.5,-8.1E-02));
#4680 = DIRECTION('',(-0.,-0.,-1.));
#4681 = DIRECTION('',(-0.,-1.,0.));
#4682 = ADVANCED_FACE('',(#4683),#4694,.F.);
#4683 = FACE_BOUND('',#4684,.T.);
#4684 = EDGE_LOOP('',(#4685,#4686,#4692,#4693));
#4685 = ORIENTED_EDGE('',*,*,#723,.T.);
#4686 = ORIENTED_EDGE('',*,*,#4687,.T.);
#4687 = EDGE_CURVE('',#724,#2489,#4688,.T.);
#4688 = LINE('',#4689,#4690);
#4689 = CARTESIAN_POINT('',(123.75,-51.,-8.1E-02));
#4690 = VECTOR('',#4691,1.);
#4691 = DIRECTION('',(0.,0.,1.));
#4692 = ORIENTED_EDGE('',*,*,#2488,.F.);
#4693 = ORIENTED_EDGE('',*,*,#4687,.F.);
#4694 = CYLINDRICAL_SURFACE('',#4695,0.5);
#4695 = AXIS2_PLACEMENT_3D('',#4696,#4697,#4698);
#4696 = CARTESIAN_POINT('',(123.75,-50.5,-8.1E-02));
#4697 = DIRECTION('',(-0.,-0.,-1.));
#4698 = DIRECTION('',(-0.,-1.,0.));
#4699 = ADVANCED_FACE('',(#4700),#4711,.F.);
#4700 = FACE_BOUND('',#4701,.T.);
#4701 = EDGE_LOOP('',(#4702,#4703,#4709,#4710));
#4702 = ORIENTED_EDGE('',*,*,#734,.T.);
#4703 = ORIENTED_EDGE('',*,*,#4704,.T.);
#4704 = EDGE_CURVE('',#735,#2500,#4705,.T.);
#4705 = LINE('',#4706,#4707);
#4706 = CARTESIAN_POINT('',(131.25,-51.,-8.1E-02));
#4707 = VECTOR('',#4708,1.);
#4708 = DIRECTION('',(0.,0.,1.));
#4709 = ORIENTED_EDGE('',*,*,#2499,.F.);
#4710 = ORIENTED_EDGE('',*,*,#4704,.F.);
#4711 = CYLINDRICAL_SURFACE('',#4712,0.5);
#4712 = AXIS2_PLACEMENT_3D('',#4713,#4714,#4715);
#4713 = CARTESIAN_POINT('',(131.25,-50.5,-8.1E-02));
#4714 = DIRECTION('',(-0.,-0.,-1.));
#4715 = DIRECTION('',(-0.,-1.,0.));
#4716 = ADVANCED_FACE('',(#4717),#4728,.F.);
#4717 = FACE_BOUND('',#4718,.T.);
#4718 = EDGE_LOOP('',(#4719,#4720,#4726,#4727));
#4719 = ORIENTED_EDGE('',*,*,#745,.T.);
#4720 = ORIENTED_EDGE('',*,*,#4721,.T.);
#4721 = EDGE_CURVE('',#746,#2511,#4722,.T.);
#4722 = LINE('',#4723,#4724);
#4723 = CARTESIAN_POINT('',(82.5,-48.,-8.1E-02));
#4724 = VECTOR('',#4725,1.);
#4725 = DIRECTION('',(0.,0.,1.));
#4726 = ORIENTED_EDGE('',*,*,#2510,.F.);
#4727 = ORIENTED_EDGE('',*,*,#4721,.F.);
#4728 = CYLINDRICAL_SURFACE('',#4729,3.);
#4729 = AXIS2_PLACEMENT_3D('',#4730,#4731,#4732);
#4730 = CARTESIAN_POINT('',(82.5,-45.,-8.1E-02));
#4731 = DIRECTION('',(-0.,-0.,-1.));
#4732 = DIRECTION('',(-0.,-1.,0.));
#4733 = ADVANCED_FACE('',(#4734),#4745,.F.);
#4734 = FACE_BOUND('',#4735,.T.);
#4735 = EDGE_LOOP('',(#4736,#4737,#4743,#4744));
#4736 = ORIENTED_EDGE('',*,*,#756,.T.);
#4737 = ORIENTED_EDGE('',*,*,#4738,.T.);
#4738 = EDGE_CURVE('',#757,#2522,#4739,.T.);
#4739 = LINE('',#4740,#4741);
#4740 = CARTESIAN_POINT('',(94.,-45.,-8.1E-02));
#4741 = VECTOR('',#4742,1.);
#4742 = DIRECTION('',(0.,0.,1.));
#4743 = ORIENTED_EDGE('',*,*,#2521,.F.);
#4744 = ORIENTED_EDGE('',*,*,#4738,.F.);
#4745 = CYLINDRICAL_SURFACE('',#4746,0.5);
#4746 = AXIS2_PLACEMENT_3D('',#4747,#4748,#4749);
#4747 = CARTESIAN_POINT('',(94.,-44.5,-8.1E-02));
#4748 = DIRECTION('',(-0.,-0.,-1.));
#4749 = DIRECTION('',(-0.,-1.,0.));
#4750 = ADVANCED_FACE('',(#4751),#4762,.F.);
#4751 = FACE_BOUND('',#4752,.T.);
#4752 = EDGE_LOOP('',(#4753,#4754,#4760,#4761));
#4753 = ORIENTED_EDGE('',*,*,#767,.T.);
#4754 = ORIENTED_EDGE('',*,*,#4755,.T.);
#4755 = EDGE_CURVE('',#768,#2533,#4756,.T.);
#4756 = LINE('',#4757,#4758);
#4757 = CARTESIAN_POINT('',(101.5,-45.,-8.1E-02));
#4758 = VECTOR('',#4759,1.);
#4759 = DIRECTION('',(0.,0.,1.));
#4760 = ORIENTED_EDGE('',*,*,#2532,.F.);
#4761 = ORIENTED_EDGE('',*,*,#4755,.F.);
#4762 = CYLINDRICAL_SURFACE('',#4763,0.5);
#4763 = AXIS2_PLACEMENT_3D('',#4764,#4765,#4766);
#4764 = CARTESIAN_POINT('',(101.5,-44.5,-8.1E-02));
#4765 = DIRECTION('',(-0.,-0.,-1.));
#4766 = DIRECTION('',(-0.,-1.,0.));
#4767 = ADVANCED_FACE('',(#4768),#4779,.F.);
#4768 = FACE_BOUND('',#4769,.T.);
#4769 = EDGE_LOOP('',(#4770,#4771,#4777,#4778));
#4770 = ORIENTED_EDGE('',*,*,#778,.T.);
#4771 = ORIENTED_EDGE('',*,*,#4772,.T.);
#4772 = EDGE_CURVE('',#779,#2544,#4773,.T.);
#4773 = LINE('',#4774,#4775);
#4774 = CARTESIAN_POINT('',(154.5,-78.,-8.1E-02));
#4775 = VECTOR('',#4776,1.);
#4776 = DIRECTION('',(0.,0.,1.));
#4777 = ORIENTED_EDGE('',*,*,#2543,.F.);
#4778 = ORIENTED_EDGE('',*,*,#4772,.F.);
#4779 = CYLINDRICAL_SURFACE('',#4780,0.5);
#4780 = AXIS2_PLACEMENT_3D('',#4781,#4782,#4783);
#4781 = CARTESIAN_POINT('',(154.5,-77.5,-8.1E-02));
#4782 = DIRECTION('',(-0.,-0.,-1.));
#4783 = DIRECTION('',(-0.,-1.,0.));
#4784 = ADVANCED_FACE('',(#4785),#4796,.F.);
#4785 = FACE_BOUND('',#4786,.T.);
#4786 = EDGE_LOOP('',(#4787,#4788,#4794,#4795));
#4787 = ORIENTED_EDGE('',*,*,#789,.T.);
#4788 = ORIENTED_EDGE('',*,*,#4789,.T.);
#4789 = EDGE_CURVE('',#790,#2555,#4790,.T.);
#4790 = LINE('',#4791,#4792);
#4791 = CARTESIAN_POINT('',(165.75,-75.5,-8.1E-02));
#4792 = VECTOR('',#4793,1.);
#4793 = DIRECTION('',(0.,0.,1.));
#4794 = ORIENTED_EDGE('',*,*,#2554,.F.);
#4795 = ORIENTED_EDGE('',*,*,#4789,.F.);
#4796 = CYLINDRICAL_SURFACE('',#4797,0.5);
#4797 = AXIS2_PLACEMENT_3D('',#4798,#4799,#4800);
#4798 = CARTESIAN_POINT('',(165.75,-75.,-8.1E-02));
#4799 = DIRECTION('',(-0.,-0.,-1.));
#4800 = DIRECTION('',(-0.,-1.,0.));
#4801 = ADVANCED_FACE('',(#4802),#4813,.F.);
#4802 = FACE_BOUND('',#4803,.T.);
#4803 = EDGE_LOOP('',(#4804,#4805,#4811,#4812));
#4804 = ORIENTED_EDGE('',*,*,#800,.T.);
#4805 = ORIENTED_EDGE('',*,*,#4806,.T.);
#4806 = EDGE_CURVE('',#801,#2566,#4807,.T.);
#4807 = LINE('',#4808,#4809);
#4808 = CARTESIAN_POINT('',(173.25,-75.5,-8.1E-02));
#4809 = VECTOR('',#4810,1.);
#4810 = DIRECTION('',(0.,0.,1.));
#4811 = ORIENTED_EDGE('',*,*,#2565,.F.);
#4812 = ORIENTED_EDGE('',*,*,#4806,.F.);
#4813 = CYLINDRICAL_SURFACE('',#4814,0.5);
#4814 = AXIS2_PLACEMENT_3D('',#4815,#4816,#4817);
#4815 = CARTESIAN_POINT('',(173.25,-75.,-8.1E-02));
#4816 = DIRECTION('',(-0.,-0.,-1.));
#4817 = DIRECTION('',(-0.,-1.,0.));
#4818 = ADVANCED_FACE('',(#4819),#4830,.F.);
#4819 = FACE_BOUND('',#4820,.T.);
#4820 = EDGE_LOOP('',(#4821,#4822,#4828,#4829));
#4821 = ORIENTED_EDGE('',*,*,#811,.T.);
#4822 = ORIENTED_EDGE('',*,*,#4823,.T.);
#4823 = EDGE_CURVE('',#812,#2577,#4824,.T.);
#4824 = LINE('',#4825,#4826);
#4825 = CARTESIAN_POINT('',(185.,-84.2,-8.1E-02));
#4826 = VECTOR('',#4827,1.);
#4827 = DIRECTION('',(0.,0.,1.));
#4828 = ORIENTED_EDGE('',*,*,#2576,.F.);
#4829 = ORIENTED_EDGE('',*,*,#4823,.F.);
#4830 = CYLINDRICAL_SURFACE('',#4831,3.2);
#4831 = AXIS2_PLACEMENT_3D('',#4832,#4833,#4834);
#4832 = CARTESIAN_POINT('',(185.,-81.,-8.1E-02));
#4833 = DIRECTION('',(-0.,-0.,-1.));
#4834 = DIRECTION('',(-0.,-1.,0.));
#4835 = ADVANCED_FACE('',(#4836),#4847,.F.);
#4836 = FACE_BOUND('',#4837,.T.);
#4837 = EDGE_LOOP('',(#4838,#4839,#4845,#4846));
#4838 = ORIENTED_EDGE('',*,*,#822,.T.);
#4839 = ORIENTED_EDGE('',*,*,#4840,.T.);
#4840 = EDGE_CURVE('',#823,#2588,#4841,.T.);
#4841 = LINE('',#4842,#4843);
#4842 = CARTESIAN_POINT('',(198.75,-78.5,-8.1E-02));
#4843 = VECTOR('',#4844,1.);
#4844 = DIRECTION('',(0.,0.,1.));
#4845 = ORIENTED_EDGE('',*,*,#2587,.F.);
#4846 = ORIENTED_EDGE('',*,*,#4840,.F.);
#4847 = CYLINDRICAL_SURFACE('',#4848,0.5);
#4848 = AXIS2_PLACEMENT_3D('',#4849,#4850,#4851);
#4849 = CARTESIAN_POINT('',(198.75,-78.,-8.1E-02));
#4850 = DIRECTION('',(-0.,-0.,-1.));
#4851 = DIRECTION('',(-0.,-1.,0.));
#4852 = ADVANCED_FACE('',(#4853),#4864,.F.);
#4853 = FACE_BOUND('',#4854,.T.);
#4854 = EDGE_LOOP('',(#4855,#4856,#4862,#4863));
#4855 = ORIENTED_EDGE('',*,*,#833,.T.);
#4856 = ORIENTED_EDGE('',*,*,#4857,.T.);
#4857 = EDGE_CURVE('',#834,#2599,#4858,.T.);
#4858 = LINE('',#4859,#4860);
#4859 = CARTESIAN_POINT('',(206.25,-78.5,-8.1E-02));
#4860 = VECTOR('',#4861,1.);
#4861 = DIRECTION('',(0.,0.,1.));
#4862 = ORIENTED_EDGE('',*,*,#2598,.F.);
#4863 = ORIENTED_EDGE('',*,*,#4857,.F.);
#4864 = CYLINDRICAL_SURFACE('',#4865,0.5);
#4865 = AXIS2_PLACEMENT_3D('',#4866,#4867,#4868);
#4866 = CARTESIAN_POINT('',(206.25,-78.,-8.1E-02));
#4867 = DIRECTION('',(-0.,-0.,-1.));
#4868 = DIRECTION('',(-0.,-1.,0.));
#4869 = ADVANCED_FACE('',(#4870),#4881,.F.);
#4870 = FACE_BOUND('',#4871,.T.);
#4871 = EDGE_LOOP('',(#4872,#4873,#4879,#4880));
#4872 = ORIENTED_EDGE('',*,*,#844,.T.);
#4873 = ORIENTED_EDGE('',*,*,#4874,.T.);
#4874 = EDGE_CURVE('',#845,#2610,#4875,.T.);
#4875 = LINE('',#4876,#4877);
#4876 = CARTESIAN_POINT('',(217.25,-77.5,-8.1E-02));
#4877 = VECTOR('',#4878,1.);
#4878 = DIRECTION('',(0.,0.,1.));
#4879 = ORIENTED_EDGE('',*,*,#2609,.F.);
#4880 = ORIENTED_EDGE('',*,*,#4874,.F.);
#4881 = CYLINDRICAL_SURFACE('',#4882,0.5);
#4882 = AXIS2_PLACEMENT_3D('',#4883,#4884,#4885);
#4883 = CARTESIAN_POINT('',(217.25,-77.,-8.1E-02));
#4884 = DIRECTION('',(-0.,-0.,-1.));
#4885 = DIRECTION('',(-0.,-1.,0.));
#4886 = ADVANCED_FACE('',(#4887),#4898,.F.);
#4887 = FACE_BOUND('',#4888,.T.);
#4888 = EDGE_LOOP('',(#4889,#4890,#4896,#4897));
#4889 = ORIENTED_EDGE('',*,*,#855,.T.);
#4890 = ORIENTED_EDGE('',*,*,#4891,.T.);
#4891 = EDGE_CURVE('',#856,#2621,#4892,.T.);
#4892 = LINE('',#4893,#4894);
#4893 = CARTESIAN_POINT('',(181.25,-63.5,-8.1E-02));
#4894 = VECTOR('',#4895,1.);
#4895 = DIRECTION('',(0.,0.,1.));
#4896 = ORIENTED_EDGE('',*,*,#2620,.F.);
#4897 = ORIENTED_EDGE('',*,*,#4891,.F.);
#4898 = CYLINDRICAL_SURFACE('',#4899,0.5);
#4899 = AXIS2_PLACEMENT_3D('',#4900,#4901,#4902);
#4900 = CARTESIAN_POINT('',(181.25,-63.,-8.1E-02));
#4901 = DIRECTION('',(-0.,-0.,-1.));
#4902 = DIRECTION('',(-0.,-1.,0.));
#4903 = ADVANCED_FACE('',(#4904),#4915,.F.);
#4904 = FACE_BOUND('',#4905,.T.);
#4905 = EDGE_LOOP('',(#4906,#4907,#4913,#4914));
#4906 = ORIENTED_EDGE('',*,*,#866,.T.);
#4907 = ORIENTED_EDGE('',*,*,#4908,.T.);
#4908 = EDGE_CURVE('',#867,#2632,#4909,.T.);
#4909 = LINE('',#4910,#4911);
#4910 = CARTESIAN_POINT('',(188.75,-63.5,-8.1E-02));
#4911 = VECTOR('',#4912,1.);
#4912 = DIRECTION('',(0.,0.,1.));
#4913 = ORIENTED_EDGE('',*,*,#2631,.F.);
#4914 = ORIENTED_EDGE('',*,*,#4908,.F.);
#4915 = CYLINDRICAL_SURFACE('',#4916,0.5);
#4916 = AXIS2_PLACEMENT_3D('',#4917,#4918,#4919);
#4917 = CARTESIAN_POINT('',(188.75,-63.,-8.1E-02));
#4918 = DIRECTION('',(-0.,-0.,-1.));
#4919 = DIRECTION('',(-0.,-1.,0.));
#4920 = ADVANCED_FACE('',(#4921),#4932,.F.);
#4921 = FACE_BOUND('',#4922,.T.);
#4922 = EDGE_LOOP('',(#4923,#4924,#4930,#4931));
#4923 = ORIENTED_EDGE('',*,*,#877,.T.);
#4924 = ORIENTED_EDGE('',*,*,#4925,.T.);
#4925 = EDGE_CURVE('',#878,#2643,#4926,.T.);
#4926 = LINE('',#4927,#4928);
#4927 = CARTESIAN_POINT('',(254.,-82.,-8.1E-02));
#4928 = VECTOR('',#4929,1.);
#4929 = DIRECTION('',(0.,0.,1.));
#4930 = ORIENTED_EDGE('',*,*,#2642,.F.);
#4931 = ORIENTED_EDGE('',*,*,#4925,.F.);
#4932 = CYLINDRICAL_SURFACE('',#4933,3.);
#4933 = AXIS2_PLACEMENT_3D('',#4934,#4935,#4936);
#4934 = CARTESIAN_POINT('',(254.,-79.,-8.1E-02));
#4935 = DIRECTION('',(-0.,-0.,-1.));
#4936 = DIRECTION('',(-0.,-1.,0.));
#4937 = ADVANCED_FACE('',(#4938),#4949,.F.);
#4938 = FACE_BOUND('',#4939,.T.);
#4939 = EDGE_LOOP('',(#4940,#4941,#4947,#4948));
#4940 = ORIENTED_EDGE('',*,*,#888,.T.);
#4941 = ORIENTED_EDGE('',*,*,#4942,.T.);
#4942 = EDGE_CURVE('',#889,#2654,#4943,.T.);
#4943 = LINE('',#4944,#4945);
#4944 = CARTESIAN_POINT('',(224.75,-77.5,-8.1E-02));
#4945 = VECTOR('',#4946,1.);
#4946 = DIRECTION('',(0.,0.,1.));
#4947 = ORIENTED_EDGE('',*,*,#2653,.F.);
#4948 = ORIENTED_EDGE('',*,*,#4942,.F.);
#4949 = CYLINDRICAL_SURFACE('',#4950,0.5);
#4950 = AXIS2_PLACEMENT_3D('',#4951,#4952,#4953);
#4951 = CARTESIAN_POINT('',(224.75,-77.,-8.1E-02));
#4952 = DIRECTION('',(-0.,-0.,-1.));
#4953 = DIRECTION('',(-0.,-1.,0.));
#4954 = ADVANCED_FACE('',(#4955),#4966,.F.);
#4955 = FACE_BOUND('',#4956,.T.);
#4956 = EDGE_LOOP('',(#4957,#4958,#4964,#4965));
#4957 = ORIENTED_EDGE('',*,*,#899,.T.);
#4958 = ORIENTED_EDGE('',*,*,#4959,.T.);
#4959 = EDGE_CURVE('',#900,#2665,#4960,.T.);
#4960 = LINE('',#4961,#4962);
#4961 = CARTESIAN_POINT('',(236.25,-77.5,-8.1E-02));
#4962 = VECTOR('',#4963,1.);
#4963 = DIRECTION('',(0.,0.,1.));
#4964 = ORIENTED_EDGE('',*,*,#2664,.F.);
#4965 = ORIENTED_EDGE('',*,*,#4959,.F.);
#4966 = CYLINDRICAL_SURFACE('',#4967,0.5);
#4967 = AXIS2_PLACEMENT_3D('',#4968,#4969,#4970);
#4968 = CARTESIAN_POINT('',(236.25,-77.,-8.1E-02));
#4969 = DIRECTION('',(-0.,-0.,-1.));
#4970 = DIRECTION('',(-0.,-1.,0.));
#4971 = ADVANCED_FACE('',(#4972),#4983,.F.);
#4972 = FACE_BOUND('',#4973,.T.);
#4973 = EDGE_LOOP('',(#4974,#4975,#4981,#4982));
#4974 = ORIENTED_EDGE('',*,*,#910,.T.);
#4975 = ORIENTED_EDGE('',*,*,#4976,.T.);
#4976 = EDGE_CURVE('',#911,#2676,#4977,.T.);
#4977 = LINE('',#4978,#4979);
#4978 = CARTESIAN_POINT('',(243.75,-77.5,-8.1E-02));
#4979 = VECTOR('',#4980,1.);
#4980 = DIRECTION('',(0.,0.,1.));
#4981 = ORIENTED_EDGE('',*,*,#2675,.F.);
#4982 = ORIENTED_EDGE('',*,*,#4976,.F.);
#4983 = CYLINDRICAL_SURFACE('',#4984,0.5);
#4984 = AXIS2_PLACEMENT_3D('',#4985,#4986,#4987);
#4985 = CARTESIAN_POINT('',(243.75,-77.,-8.1E-02));
#4986 = DIRECTION('',(-0.,-0.,-1.));
#4987 = DIRECTION('',(-0.,-1.,0.));
#4988 = ADVANCED_FACE('',(#4989),#5000,.F.);
#4989 = FACE_BOUND('',#4990,.T.);
#4990 = EDGE_LOOP('',(#4991,#4992,#4998,#4999));
#4991 = ORIENTED_EDGE('',*,*,#921,.T.);
#4992 = ORIENTED_EDGE('',*,*,#4993,.T.);
#4993 = EDGE_CURVE('',#922,#2687,#4994,.T.);
#4994 = LINE('',#4995,#4996);
#4995 = CARTESIAN_POINT('',(285.,-84.2,-8.1E-02));
#4996 = VECTOR('',#4997,1.);
#4997 = DIRECTION('',(0.,0.,1.));
#4998 = ORIENTED_EDGE('',*,*,#2686,.F.);
#4999 = ORIENTED_EDGE('',*,*,#4993,.F.);
#5000 = CYLINDRICAL_SURFACE('',#5001,3.2);
#5001 = AXIS2_PLACEMENT_3D('',#5002,#5003,#5004);
#5002 = CARTESIAN_POINT('',(285.,-81.,-8.1E-02));
#5003 = DIRECTION('',(-0.,-0.,-1.));
#5004 = DIRECTION('',(-0.,-1.,0.));
#5005 = ADVANCED_FACE('',(#5006),#5017,.F.);
#5006 = FACE_BOUND('',#5007,.T.);
#5007 = EDGE_LOOP('',(#5008,#5009,#5015,#5016));
#5008 = ORIENTED_EDGE('',*,*,#932,.T.);
#5009 = ORIENTED_EDGE('',*,*,#5010,.T.);
#5010 = EDGE_CURVE('',#933,#2698,#5011,.T.);
#5011 = LINE('',#5012,#5013);
#5012 = CARTESIAN_POINT('',(264.5,-78.,-8.1E-02));
#5013 = VECTOR('',#5014,1.);
#5014 = DIRECTION('',(0.,0.,1.));
#5015 = ORIENTED_EDGE('',*,*,#2697,.F.);
#5016 = ORIENTED_EDGE('',*,*,#5010,.F.);
#5017 = CYLINDRICAL_SURFACE('',#5018,0.5);
#5018 = AXIS2_PLACEMENT_3D('',#5019,#5020,#5021);
#5019 = CARTESIAN_POINT('',(264.5,-77.5,-8.1E-02));
#5020 = DIRECTION('',(-0.,-0.,-1.));
#5021 = DIRECTION('',(-0.,-1.,0.));
#5022 = ADVANCED_FACE('',(#5023),#5034,.F.);
#5023 = FACE_BOUND('',#5024,.T.);
#5024 = EDGE_LOOP('',(#5025,#5026,#5032,#5033));
#5025 = ORIENTED_EDGE('',*,*,#943,.T.);
#5026 = ORIENTED_EDGE('',*,*,#5027,.T.);
#5027 = EDGE_CURVE('',#944,#2709,#5028,.T.);
#5028 = LINE('',#5029,#5030);
#5029 = CARTESIAN_POINT('',(272.,-78.,-8.1E-02));
#5030 = VECTOR('',#5031,1.);
#5031 = DIRECTION('',(0.,0.,1.));
#5032 = ORIENTED_EDGE('',*,*,#2708,.F.);
#5033 = ORIENTED_EDGE('',*,*,#5027,.F.);
#5034 = CYLINDRICAL_SURFACE('',#5035,0.5);
#5035 = AXIS2_PLACEMENT_3D('',#5036,#5037,#5038);
#5036 = CARTESIAN_POINT('',(272.,-77.5,-8.1E-02));
#5037 = DIRECTION('',(-0.,-0.,-1.));
#5038 = DIRECTION('',(-0.,-1.,0.));
#5039 = ADVANCED_FACE('',(#5040),#5051,.F.);
#5040 = FACE_BOUND('',#5041,.T.);
#5041 = EDGE_LOOP('',(#5042,#5043,#5049,#5050));
#5042 = ORIENTED_EDGE('',*,*,#954,.T.);
#5043 = ORIENTED_EDGE('',*,*,#5044,.T.);
#5044 = EDGE_CURVE('',#955,#2720,#5045,.T.);
#5045 = LINE('',#5046,#5047);
#5046 = CARTESIAN_POINT('',(230.,-66.2,-8.1E-02));
#5047 = VECTOR('',#5048,1.);
#5048 = DIRECTION('',(0.,0.,1.));
#5049 = ORIENTED_EDGE('',*,*,#2719,.F.);
#5050 = ORIENTED_EDGE('',*,*,#5044,.F.);
#5051 = CYLINDRICAL_SURFACE('',#5052,3.2);
#5052 = AXIS2_PLACEMENT_3D('',#5053,#5054,#5055);
#5053 = CARTESIAN_POINT('',(230.,-63.,-8.1E-02));
#5054 = DIRECTION('',(-0.,-0.,-1.));
#5055 = DIRECTION('',(-0.,-1.,0.));
#5056 = ADVANCED_FACE('',(#5057),#5068,.F.);
#5057 = FACE_BOUND('',#5058,.T.);
#5058 = EDGE_LOOP('',(#5059,#5060,#5066,#5067));
#5059 = ORIENTED_EDGE('',*,*,#965,.T.);
#5060 = ORIENTED_EDGE('',*,*,#5061,.T.);
#5061 = EDGE_CURVE('',#966,#2731,#5062,.T.);
#5062 = LINE('',#5063,#5064);
#5063 = CARTESIAN_POINT('',(251.25,-65.5,-8.1E-02));
#5064 = VECTOR('',#5065,1.);
#5065 = DIRECTION('',(0.,0.,1.));
#5066 = ORIENTED_EDGE('',*,*,#2730,.F.);
#5067 = ORIENTED_EDGE('',*,*,#5061,.F.);
#5068 = CYLINDRICAL_SURFACE('',#5069,0.5);
#5069 = AXIS2_PLACEMENT_3D('',#5070,#5071,#5072);
#5070 = CARTESIAN_POINT('',(251.25,-65.,-8.1E-02));
#5071 = DIRECTION('',(-0.,-0.,-1.));
#5072 = DIRECTION('',(-0.,-1.,0.));
#5073 = ADVANCED_FACE('',(#5074),#5085,.F.);
#5074 = FACE_BOUND('',#5075,.T.);
#5075 = EDGE_LOOP('',(#5076,#5077,#5083,#5084));
#5076 = ORIENTED_EDGE('',*,*,#976,.T.);
#5077 = ORIENTED_EDGE('',*,*,#5078,.T.);
#5078 = EDGE_CURVE('',#977,#2742,#5079,.T.);
#5079 = LINE('',#5080,#5081);
#5080 = CARTESIAN_POINT('',(258.75,-65.5,-8.1E-02));
#5081 = VECTOR('',#5082,1.);
#5082 = DIRECTION('',(0.,0.,1.));
#5083 = ORIENTED_EDGE('',*,*,#2741,.F.);
#5084 = ORIENTED_EDGE('',*,*,#5078,.F.);
#5085 = CYLINDRICAL_SURFACE('',#5086,0.5);
#5086 = AXIS2_PLACEMENT_3D('',#5087,#5088,#5089);
#5087 = CARTESIAN_POINT('',(258.75,-65.,-8.1E-02));
#5088 = DIRECTION('',(-0.,-0.,-1.));
#5089 = DIRECTION('',(-0.,-1.,0.));
#5090 = ADVANCED_FACE('',(#5091),#5102,.F.);
#5091 = FACE_BOUND('',#5092,.T.);
#5092 = EDGE_LOOP('',(#5093,#5094,#5100,#5101));
#5093 = ORIENTED_EDGE('',*,*,#987,.T.);
#5094 = ORIENTED_EDGE('',*,*,#5095,.T.);
#5095 = EDGE_CURVE('',#988,#2753,#5096,.T.);
#5096 = LINE('',#5097,#5098);
#5097 = CARTESIAN_POINT('',(269.,-67.,-8.1E-02));
#5098 = VECTOR('',#5099,1.);
#5099 = DIRECTION('',(0.,0.,1.));
#5100 = ORIENTED_EDGE('',*,*,#2752,.F.);
#5101 = ORIENTED_EDGE('',*,*,#5095,.F.);
#5102 = CYLINDRICAL_SURFACE('',#5103,3.);
#5103 = AXIS2_PLACEMENT_3D('',#5104,#5105,#5106);
#5104 = CARTESIAN_POINT('',(269.,-64.,-8.1E-02));
#5105 = DIRECTION('',(-0.,-0.,-1.));
#5106 = DIRECTION('',(-0.,-1.,0.));
#5107 = ADVANCED_FACE('',(#5108),#5119,.F.);
#5108 = FACE_BOUND('',#5109,.T.);
#5109 = EDGE_LOOP('',(#5110,#5111,#5117,#5118));
#5110 = ORIENTED_EDGE('',*,*,#998,.T.);
#5111 = ORIENTED_EDGE('',*,*,#5112,.T.);
#5112 = EDGE_CURVE('',#999,#2764,#5113,.T.);
#5113 = LINE('',#5114,#5115);
#5114 = CARTESIAN_POINT('',(153.75,-61.,-8.1E-02));
#5115 = VECTOR('',#5116,1.);
#5116 = DIRECTION('',(0.,0.,1.));
#5117 = ORIENTED_EDGE('',*,*,#2763,.F.);
#5118 = ORIENTED_EDGE('',*,*,#5112,.F.);
#5119 = CYLINDRICAL_SURFACE('',#5120,0.5);
#5120 = AXIS2_PLACEMENT_3D('',#5121,#5122,#5123);
#5121 = CARTESIAN_POINT('',(153.75,-60.5,-8.1E-02));
#5122 = DIRECTION('',(-0.,-0.,-1.));
#5123 = DIRECTION('',(-0.,-1.,0.));
#5124 = ADVANCED_FACE('',(#5125),#5136,.F.);
#5125 = FACE_BOUND('',#5126,.T.);
#5126 = EDGE_LOOP('',(#5127,#5128,#5134,#5135));
#5127 = ORIENTED_EDGE('',*,*,#1009,.T.);
#5128 = ORIENTED_EDGE('',*,*,#5129,.T.);
#5129 = EDGE_CURVE('',#1010,#2775,#5130,.T.);
#5130 = LINE('',#5131,#5132);
#5131 = CARTESIAN_POINT('',(161.25,-61.,-8.1E-02));
#5132 = VECTOR('',#5133,1.);
#5133 = DIRECTION('',(0.,0.,1.));
#5134 = ORIENTED_EDGE('',*,*,#2774,.F.);
#5135 = ORIENTED_EDGE('',*,*,#5129,.F.);
#5136 = CYLINDRICAL_SURFACE('',#5137,0.5);
#5137 = AXIS2_PLACEMENT_3D('',#5138,#5139,#5140);
#5138 = CARTESIAN_POINT('',(161.25,-60.5,-8.1E-02));
#5139 = DIRECTION('',(-0.,-0.,-1.));
#5140 = DIRECTION('',(-0.,-1.,0.));
#5141 = ADVANCED_FACE('',(#5142),#5153,.F.);
#5142 = FACE_BOUND('',#5143,.T.);
#5143 = EDGE_LOOP('',(#5144,#5145,#5151,#5152));
#5144 = ORIENTED_EDGE('',*,*,#1020,.T.);
#5145 = ORIENTED_EDGE('',*,*,#5146,.T.);
#5146 = EDGE_CURVE('',#1021,#2786,#5147,.T.);
#5147 = LINE('',#5148,#5149);
#5148 = CARTESIAN_POINT('',(200.,-60.,-8.1E-02));
#5149 = VECTOR('',#5150,1.);
#5150 = DIRECTION('',(0.,0.,1.));
#5151 = ORIENTED_EDGE('',*,*,#2785,.F.);
#5152 = ORIENTED_EDGE('',*,*,#5146,.F.);
#5153 = CYLINDRICAL_SURFACE('',#5154,0.5);
#5154 = AXIS2_PLACEMENT_3D('',#5155,#5156,#5157);
#5155 = CARTESIAN_POINT('',(200.,-59.5,-8.1E-02));
#5156 = DIRECTION('',(-0.,-0.,-1.));
#5157 = DIRECTION('',(-0.,-1.,0.));
#5158 = ADVANCED_FACE('',(#5159),#5170,.F.);
#5159 = FACE_BOUND('',#5160,.T.);
#5160 = EDGE_LOOP('',(#5161,#5162,#5168,#5169));
#5161 = ORIENTED_EDGE('',*,*,#1031,.T.);
#5162 = ORIENTED_EDGE('',*,*,#5163,.T.);
#5163 = EDGE_CURVE('',#1032,#2797,#5164,.T.);
#5164 = LINE('',#5165,#5166);
#5165 = CARTESIAN_POINT('',(207.5,-60.,-8.1E-02));
#5166 = VECTOR('',#5167,1.);
#5167 = DIRECTION('',(0.,0.,1.));
#5168 = ORIENTED_EDGE('',*,*,#2796,.F.);
#5169 = ORIENTED_EDGE('',*,*,#5163,.F.);
#5170 = CYLINDRICAL_SURFACE('',#5171,0.5);
#5171 = AXIS2_PLACEMENT_3D('',#5172,#5173,#5174);
#5172 = CARTESIAN_POINT('',(207.5,-59.5,-8.1E-02));
#5173 = DIRECTION('',(-0.,-0.,-1.));
#5174 = DIRECTION('',(-0.,-1.,0.));
#5175 = ADVANCED_FACE('',(#5176),#5187,.F.);
#5176 = FACE_BOUND('',#5177,.T.);
#5177 = EDGE_LOOP('',(#5178,#5179,#5185,#5186));
#5178 = ORIENTED_EDGE('',*,*,#1042,.T.);
#5179 = ORIENTED_EDGE('',*,*,#5180,.T.);
#5180 = EDGE_CURVE('',#1043,#2808,#5181,.T.);
#5181 = LINE('',#5182,#5183);
#5182 = CARTESIAN_POINT('',(169.25,-49.5,-8.1E-02));
#5183 = VECTOR('',#5184,1.);
#5184 = DIRECTION('',(0.,0.,1.));
#5185 = ORIENTED_EDGE('',*,*,#2807,.F.);
#5186 = ORIENTED_EDGE('',*,*,#5180,.F.);
#5187 = CYLINDRICAL_SURFACE('',#5188,0.5);
#5188 = AXIS2_PLACEMENT_3D('',#5189,#5190,#5191);
#5189 = CARTESIAN_POINT('',(169.25,-49.,-8.1E-02));
#5190 = DIRECTION('',(-0.,-0.,-1.));
#5191 = DIRECTION('',(-0.,-1.,0.));
#5192 = ADVANCED_FACE('',(#5193),#5204,.F.);
#5193 = FACE_BOUND('',#5194,.T.);
#5194 = EDGE_LOOP('',(#5195,#5196,#5202,#5203));
#5195 = ORIENTED_EDGE('',*,*,#1053,.T.);
#5196 = ORIENTED_EDGE('',*,*,#5197,.T.);
#5197 = EDGE_CURVE('',#1054,#2819,#5198,.T.);
#5198 = LINE('',#5199,#5200);
#5199 = CARTESIAN_POINT('',(176.75,-49.5,-8.1E-02));
#5200 = VECTOR('',#5201,1.);
#5201 = DIRECTION('',(0.,0.,1.));
#5202 = ORIENTED_EDGE('',*,*,#2818,.F.);
#5203 = ORIENTED_EDGE('',*,*,#5197,.F.);
#5204 = CYLINDRICAL_SURFACE('',#5205,0.5);
#5205 = AXIS2_PLACEMENT_3D('',#5206,#5207,#5208);
#5206 = CARTESIAN_POINT('',(176.75,-49.,-8.1E-02));
#5207 = DIRECTION('',(-0.,-0.,-1.));
#5208 = DIRECTION('',(-0.,-1.,0.));
#5209 = ADVANCED_FACE('',(#5210),#5221,.F.);
#5210 = FACE_BOUND('',#5211,.T.);
#5211 = EDGE_LOOP('',(#5212,#5213,#5219,#5220));
#5212 = ORIENTED_EDGE('',*,*,#1064,.T.);
#5213 = ORIENTED_EDGE('',*,*,#5214,.T.);
#5214 = EDGE_CURVE('',#1065,#2830,#5215,.T.);
#5215 = LINE('',#5216,#5217);
#5216 = CARTESIAN_POINT('',(152.75,-41.5,-8.1E-02));
#5217 = VECTOR('',#5218,1.);
#5218 = DIRECTION('',(0.,0.,1.));
#5219 = ORIENTED_EDGE('',*,*,#2829,.F.);
#5220 = ORIENTED_EDGE('',*,*,#5214,.F.);
#5221 = CYLINDRICAL_SURFACE('',#5222,0.5);
#5222 = AXIS2_PLACEMENT_3D('',#5223,#5224,#5225);
#5223 = CARTESIAN_POINT('',(152.75,-41.,-8.1E-02));
#5224 = DIRECTION('',(-0.,-0.,-1.));
#5225 = DIRECTION('',(-0.,-1.,0.));
#5226 = ADVANCED_FACE('',(#5227),#5238,.F.);
#5227 = FACE_BOUND('',#5228,.T.);
#5228 = EDGE_LOOP('',(#5229,#5230,#5236,#5237));
#5229 = ORIENTED_EDGE('',*,*,#1075,.T.);
#5230 = ORIENTED_EDGE('',*,*,#5231,.T.);
#5231 = EDGE_CURVE('',#1076,#2841,#5232,.T.);
#5232 = LINE('',#5233,#5234);
#5233 = CARTESIAN_POINT('',(160.25,-41.5,-8.1E-02));
#5234 = VECTOR('',#5235,1.);
#5235 = DIRECTION('',(0.,0.,1.));
#5236 = ORIENTED_EDGE('',*,*,#2840,.F.);
#5237 = ORIENTED_EDGE('',*,*,#5231,.F.);
#5238 = CYLINDRICAL_SURFACE('',#5239,0.5);
#5239 = AXIS2_PLACEMENT_3D('',#5240,#5241,#5242);
#5240 = CARTESIAN_POINT('',(160.25,-41.,-8.1E-02));
#5241 = DIRECTION('',(-0.,-0.,-1.));
#5242 = DIRECTION('',(-0.,-1.,0.));
#5243 = ADVANCED_FACE('',(#5244),#5255,.F.);
#5244 = FACE_BOUND('',#5245,.T.);
#5245 = EDGE_LOOP('',(#5246,#5247,#5253,#5254));
#5246 = ORIENTED_EDGE('',*,*,#1086,.T.);
#5247 = ORIENTED_EDGE('',*,*,#5248,.T.);
#5248 = EDGE_CURVE('',#1087,#2852,#5249,.T.);
#5249 = LINE('',#5250,#5251);
#5250 = CARTESIAN_POINT('',(216.,-50.,-8.1E-02));
#5251 = VECTOR('',#5252,1.);
#5252 = DIRECTION('',(0.,0.,1.));
#5253 = ORIENTED_EDGE('',*,*,#2851,.F.);
#5254 = ORIENTED_EDGE('',*,*,#5248,.F.);
#5255 = CYLINDRICAL_SURFACE('',#5256,0.5);
#5256 = AXIS2_PLACEMENT_3D('',#5257,#5258,#5259);
#5257 = CARTESIAN_POINT('',(216.,-49.5,-8.1E-02));
#5258 = DIRECTION('',(-0.,-0.,-1.));
#5259 = DIRECTION('',(-0.,-1.,0.));
#5260 = ADVANCED_FACE('',(#5261),#5272,.F.);
#5261 = FACE_BOUND('',#5262,.T.);
#5262 = EDGE_LOOP('',(#5263,#5264,#5270,#5271));
#5263 = ORIENTED_EDGE('',*,*,#1097,.T.);
#5264 = ORIENTED_EDGE('',*,*,#5265,.T.);
#5265 = EDGE_CURVE('',#1098,#2863,#5266,.T.);
#5266 = LINE('',#5267,#5268);
#5267 = CARTESIAN_POINT('',(190.75,-44.,-8.1E-02));
#5268 = VECTOR('',#5269,1.);
#5269 = DIRECTION('',(0.,0.,1.));
#5270 = ORIENTED_EDGE('',*,*,#2862,.F.);
#5271 = ORIENTED_EDGE('',*,*,#5265,.F.);
#5272 = CYLINDRICAL_SURFACE('',#5273,0.5);
#5273 = AXIS2_PLACEMENT_3D('',#5274,#5275,#5276);
#5274 = CARTESIAN_POINT('',(190.75,-43.5,-8.1E-02));
#5275 = DIRECTION('',(-0.,-0.,-1.));
#5276 = DIRECTION('',(-0.,-1.,0.));
#5277 = ADVANCED_FACE('',(#5278),#5289,.F.);
#5278 = FACE_BOUND('',#5279,.T.);
#5279 = EDGE_LOOP('',(#5280,#5281,#5287,#5288));
#5280 = ORIENTED_EDGE('',*,*,#1108,.T.);
#5281 = ORIENTED_EDGE('',*,*,#5282,.T.);
#5282 = EDGE_CURVE('',#1109,#2874,#5283,.T.);
#5283 = LINE('',#5284,#5285);
#5284 = CARTESIAN_POINT('',(198.25,-44.,-8.1E-02));
#5285 = VECTOR('',#5286,1.);
#5286 = DIRECTION('',(0.,0.,1.));
#5287 = ORIENTED_EDGE('',*,*,#2873,.F.);
#5288 = ORIENTED_EDGE('',*,*,#5282,.F.);
#5289 = CYLINDRICAL_SURFACE('',#5290,0.5);
#5290 = AXIS2_PLACEMENT_3D('',#5291,#5292,#5293);
#5291 = CARTESIAN_POINT('',(198.25,-43.5,-8.1E-02));
#5292 = DIRECTION('',(-0.,-0.,-1.));
#5293 = DIRECTION('',(-0.,-1.,0.));
#5294 = ADVANCED_FACE('',(#5295),#5306,.F.);
#5295 = FACE_BOUND('',#5296,.T.);
#5296 = EDGE_LOOP('',(#5297,#5298,#5304,#5305));
#5297 = ORIENTED_EDGE('',*,*,#1119,.T.);
#5298 = ORIENTED_EDGE('',*,*,#5299,.T.);
#5299 = EDGE_CURVE('',#1120,#2885,#5300,.T.);
#5300 = LINE('',#5301,#5302);
#5301 = CARTESIAN_POINT('',(223.5,-50.,-8.1E-02));
#5302 = VECTOR('',#5303,1.);
#5303 = DIRECTION('',(0.,0.,1.));
#5304 = ORIENTED_EDGE('',*,*,#2884,.F.);
#5305 = ORIENTED_EDGE('',*,*,#5299,.F.);
#5306 = CYLINDRICAL_SURFACE('',#5307,0.5);
#5307 = AXIS2_PLACEMENT_3D('',#5308,#5309,#5310);
#5308 = CARTESIAN_POINT('',(223.5,-49.5,-8.1E-02));
#5309 = DIRECTION('',(-0.,-0.,-1.));
#5310 = DIRECTION('',(-0.,-1.,0.));
#5311 = ADVANCED_FACE('',(#5312),#5323,.F.);
#5312 = FACE_BOUND('',#5313,.T.);
#5313 = EDGE_LOOP('',(#5314,#5315,#5321,#5322));
#5314 = ORIENTED_EDGE('',*,*,#1130,.T.);
#5315 = ORIENTED_EDGE('',*,*,#5316,.T.);
#5316 = EDGE_CURVE('',#1131,#2896,#5317,.T.);
#5317 = LINE('',#5318,#5319);
#5318 = CARTESIAN_POINT('',(243.75,-49.,-8.1E-02));
#5319 = VECTOR('',#5320,1.);
#5320 = DIRECTION('',(0.,0.,1.));
#5321 = ORIENTED_EDGE('',*,*,#2895,.F.);
#5322 = ORIENTED_EDGE('',*,*,#5316,.F.);
#5323 = CYLINDRICAL_SURFACE('',#5324,0.5);
#5324 = AXIS2_PLACEMENT_3D('',#5325,#5326,#5327);
#5325 = CARTESIAN_POINT('',(243.75,-48.5,-8.1E-02));
#5326 = DIRECTION('',(-0.,-0.,-1.));
#5327 = DIRECTION('',(-0.,-1.,0.));
#5328 = ADVANCED_FACE('',(#5329),#5340,.F.);
#5329 = FACE_BOUND('',#5330,.T.);
#5330 = EDGE_LOOP('',(#5331,#5332,#5338,#5339));
#5331 = ORIENTED_EDGE('',*,*,#1141,.T.);
#5332 = ORIENTED_EDGE('',*,*,#5333,.T.);
#5333 = EDGE_CURVE('',#1142,#2907,#5334,.T.);
#5334 = LINE('',#5335,#5336);
#5335 = CARTESIAN_POINT('',(251.25,-49.,-8.1E-02));
#5336 = VECTOR('',#5337,1.);
#5337 = DIRECTION('',(0.,0.,1.));
#5338 = ORIENTED_EDGE('',*,*,#2906,.F.);
#5339 = ORIENTED_EDGE('',*,*,#5333,.F.);
#5340 = CYLINDRICAL_SURFACE('',#5341,0.5);
#5341 = AXIS2_PLACEMENT_3D('',#5342,#5343,#5344);
#5342 = CARTESIAN_POINT('',(251.25,-48.5,-8.1E-02));
#5343 = DIRECTION('',(-0.,-0.,-1.));
#5344 = DIRECTION('',(-0.,-1.,0.));
#5345 = ADVANCED_FACE('',(#5346),#5357,.F.);
#5346 = FACE_BOUND('',#5347,.T.);
#5347 = EDGE_LOOP('',(#5348,#5349,#5355,#5356));
#5348 = ORIENTED_EDGE('',*,*,#1152,.T.);
#5349 = ORIENTED_EDGE('',*,*,#5350,.T.);
#5350 = EDGE_CURVE('',#1153,#2918,#5351,.T.);
#5351 = LINE('',#5352,#5353);
#5352 = CARTESIAN_POINT('',(263.25,-50.5,-8.1E-02));
#5353 = VECTOR('',#5354,1.);
#5354 = DIRECTION('',(0.,0.,1.));
#5355 = ORIENTED_EDGE('',*,*,#2917,.F.);
#5356 = ORIENTED_EDGE('',*,*,#5350,.F.);
#5357 = CYLINDRICAL_SURFACE('',#5358,0.5);
#5358 = AXIS2_PLACEMENT_3D('',#5359,#5360,#5361);
#5359 = CARTESIAN_POINT('',(263.25,-50.,-8.1E-02));
#5360 = DIRECTION('',(-0.,-0.,-1.));
#5361 = DIRECTION('',(-0.,-1.,0.));
#5362 = ADVANCED_FACE('',(#5363),#5374,.F.);
#5363 = FACE_BOUND('',#5364,.T.);
#5364 = EDGE_LOOP('',(#5365,#5366,#5372,#5373));
#5365 = ORIENTED_EDGE('',*,*,#1163,.T.);
#5366 = ORIENTED_EDGE('',*,*,#5367,.T.);
#5367 = EDGE_CURVE('',#1164,#2929,#5368,.T.);
#5368 = LINE('',#5369,#5370);
#5369 = CARTESIAN_POINT('',(270.75,-50.5,-8.1E-02));
#5370 = VECTOR('',#5371,1.);
#5371 = DIRECTION('',(0.,0.,1.));
#5372 = ORIENTED_EDGE('',*,*,#2928,.F.);
#5373 = ORIENTED_EDGE('',*,*,#5367,.F.);
#5374 = CYLINDRICAL_SURFACE('',#5375,0.5);
#5375 = AXIS2_PLACEMENT_3D('',#5376,#5377,#5378);
#5376 = CARTESIAN_POINT('',(270.75,-50.,-8.1E-02));
#5377 = DIRECTION('',(-0.,-0.,-1.));
#5378 = DIRECTION('',(-0.,-1.,0.));
#5379 = ADVANCED_FACE('',(#5380),#5391,.F.);
#5380 = FACE_BOUND('',#5381,.T.);
#5381 = EDGE_LOOP('',(#5382,#5383,#5389,#5390));
#5382 = ORIENTED_EDGE('',*,*,#1174,.T.);
#5383 = ORIENTED_EDGE('',*,*,#5384,.T.);
#5384 = EDGE_CURVE('',#1175,#2940,#5385,.T.);
#5385 = LINE('',#5386,#5387);
#5386 = CARTESIAN_POINT('',(6.25,-30.5,-8.1E-02));
#5387 = VECTOR('',#5388,1.);
#5388 = DIRECTION('',(0.,0.,1.));
#5389 = ORIENTED_EDGE('',*,*,#2939,.F.);
#5390 = ORIENTED_EDGE('',*,*,#5384,.F.);
#5391 = CYLINDRICAL_SURFACE('',#5392,0.5);
#5392 = AXIS2_PLACEMENT_3D('',#5393,#5394,#5395);
#5393 = CARTESIAN_POINT('',(6.25,-30.,-8.1E-02));
#5394 = DIRECTION('',(-0.,-0.,-1.));
#5395 = DIRECTION('',(-0.,-1.,0.));
#5396 = ADVANCED_FACE('',(#5397),#5408,.F.);
#5397 = FACE_BOUND('',#5398,.T.);
#5398 = EDGE_LOOP('',(#5399,#5400,#5406,#5407));
#5399 = ORIENTED_EDGE('',*,*,#1185,.T.);
#5400 = ORIENTED_EDGE('',*,*,#5401,.T.);
#5401 = EDGE_CURVE('',#1186,#2951,#5402,.T.);
#5402 = LINE('',#5403,#5404);
#5403 = CARTESIAN_POINT('',(13.75,-30.5,-8.1E-02));
#5404 = VECTOR('',#5405,1.);
#5405 = DIRECTION('',(0.,0.,1.));
#5406 = ORIENTED_EDGE('',*,*,#2950,.F.);
#5407 = ORIENTED_EDGE('',*,*,#5401,.F.);
#5408 = CYLINDRICAL_SURFACE('',#5409,0.5);
#5409 = AXIS2_PLACEMENT_3D('',#5410,#5411,#5412);
#5410 = CARTESIAN_POINT('',(13.75,-30.,-8.1E-02));
#5411 = DIRECTION('',(-0.,-0.,-1.));
#5412 = DIRECTION('',(-0.,-1.,0.));
#5413 = ADVANCED_FACE('',(#5414),#5425,.F.);
#5414 = FACE_BOUND('',#5415,.T.);
#5415 = EDGE_LOOP('',(#5416,#5417,#5423,#5424));
#5416 = ORIENTED_EDGE('',*,*,#1196,.T.);
#5417 = ORIENTED_EDGE('',*,*,#5418,.T.);
#5418 = EDGE_CURVE('',#1197,#2962,#5419,.T.);
#5419 = LINE('',#5420,#5421);
#5420 = CARTESIAN_POINT('',(50.,-38.2,-8.1E-02));
#5421 = VECTOR('',#5422,1.);
#5422 = DIRECTION('',(0.,0.,1.));
#5423 = ORIENTED_EDGE('',*,*,#2961,.F.);
#5424 = ORIENTED_EDGE('',*,*,#5418,.F.);
#5425 = CYLINDRICAL_SURFACE('',#5426,3.2);
#5426 = AXIS2_PLACEMENT_3D('',#5427,#5428,#5429);
#5427 = CARTESIAN_POINT('',(50.,-35.,-8.1E-02));
#5428 = DIRECTION('',(-0.,-0.,-1.));
#5429 = DIRECTION('',(-0.,-1.,0.));
#5430 = ADVANCED_FACE('',(#5431),#5442,.F.);
#5431 = FACE_BOUND('',#5432,.T.);
#5432 = EDGE_LOOP('',(#5433,#5434,#5440,#5441));
#5433 = ORIENTED_EDGE('',*,*,#1207,.T.);
#5434 = ORIENTED_EDGE('',*,*,#5435,.T.);
#5435 = EDGE_CURVE('',#1208,#2973,#5436,.T.);
#5436 = LINE('',#5437,#5438);
#5437 = CARTESIAN_POINT('',(24.,-20.5,-8.1E-02));
#5438 = VECTOR('',#5439,1.);
#5439 = DIRECTION('',(0.,0.,1.));
#5440 = ORIENTED_EDGE('',*,*,#2972,.F.);
#5441 = ORIENTED_EDGE('',*,*,#5435,.F.);
#5442 = CYLINDRICAL_SURFACE('',#5443,0.5);
#5443 = AXIS2_PLACEMENT_3D('',#5444,#5445,#5446);
#5444 = CARTESIAN_POINT('',(24.,-20.,-8.1E-02));
#5445 = DIRECTION('',(-0.,-0.,-1.));
#5446 = DIRECTION('',(-0.,-1.,0.));
#5447 = ADVANCED_FACE('',(#5448),#5459,.F.);
#5448 = FACE_BOUND('',#5449,.T.);
#5449 = EDGE_LOOP('',(#5450,#5451,#5457,#5458));
#5450 = ORIENTED_EDGE('',*,*,#1218,.T.);
#5451 = ORIENTED_EDGE('',*,*,#5452,.T.);
#5452 = EDGE_CURVE('',#1219,#2984,#5453,.T.);
#5453 = LINE('',#5454,#5455);
#5454 = CARTESIAN_POINT('',(31.5,-20.5,-8.1E-02));
#5455 = VECTOR('',#5456,1.);
#5456 = DIRECTION('',(0.,0.,1.));
#5457 = ORIENTED_EDGE('',*,*,#2983,.F.);
#5458 = ORIENTED_EDGE('',*,*,#5452,.F.);
#5459 = CYLINDRICAL_SURFACE('',#5460,0.5);
#5460 = AXIS2_PLACEMENT_3D('',#5461,#5462,#5463);
#5461 = CARTESIAN_POINT('',(31.5,-20.,-8.1E-02));
#5462 = DIRECTION('',(-0.,-0.,-1.));
#5463 = DIRECTION('',(-0.,-1.,0.));
#5464 = ADVANCED_FACE('',(#5465),#5476,.F.);
#5465 = FACE_BOUND('',#5466,.T.);
#5466 = EDGE_LOOP('',(#5467,#5468,#5474,#5475));
#5467 = ORIENTED_EDGE('',*,*,#1229,.T.);
#5468 = ORIENTED_EDGE('',*,*,#5469,.T.);
#5469 = EDGE_CURVE('',#1230,#2995,#5470,.T.);
#5470 = LINE('',#5471,#5472);
#5471 = CARTESIAN_POINT('',(60.25,-19.,-8.1E-02));
#5472 = VECTOR('',#5473,1.);
#5473 = DIRECTION('',(0.,0.,1.));
#5474 = ORIENTED_EDGE('',*,*,#2994,.F.);
#5475 = ORIENTED_EDGE('',*,*,#5469,.F.);
#5476 = CYLINDRICAL_SURFACE('',#5477,0.5);
#5477 = AXIS2_PLACEMENT_3D('',#5478,#5479,#5480);
#5478 = CARTESIAN_POINT('',(60.25,-18.5,-8.1E-02));
#5479 = DIRECTION('',(-0.,-0.,-1.));
#5480 = DIRECTION('',(-0.,-1.,0.));
#5481 = ADVANCED_FACE('',(#5482),#5493,.F.);
#5482 = FACE_BOUND('',#5483,.T.);
#5483 = EDGE_LOOP('',(#5484,#5485,#5491,#5492));
#5484 = ORIENTED_EDGE('',*,*,#1240,.T.);
#5485 = ORIENTED_EDGE('',*,*,#5486,.T.);
#5486 = EDGE_CURVE('',#1241,#3006,#5487,.T.);
#5487 = LINE('',#5488,#5489);
#5488 = CARTESIAN_POINT('',(67.75,-19.,-8.1E-02));
#5489 = VECTOR('',#5490,1.);
#5490 = DIRECTION('',(0.,0.,1.));
#5491 = ORIENTED_EDGE('',*,*,#3005,.F.);
#5492 = ORIENTED_EDGE('',*,*,#5486,.F.);
#5493 = CYLINDRICAL_SURFACE('',#5494,0.5);
#5494 = AXIS2_PLACEMENT_3D('',#5495,#5496,#5497);
#5495 = CARTESIAN_POINT('',(67.75,-18.5,-8.1E-02));
#5496 = DIRECTION('',(-0.,-0.,-1.));
#5497 = DIRECTION('',(-0.,-1.,0.));
#5498 = ADVANCED_FACE('',(#5499),#5510,.F.);
#5499 = FACE_BOUND('',#5500,.T.);
#5500 = EDGE_LOOP('',(#5501,#5502,#5508,#5509));
#5501 = ORIENTED_EDGE('',*,*,#1251,.T.);
#5502 = ORIENTED_EDGE('',*,*,#5503,.T.);
#5503 = EDGE_CURVE('',#1252,#3017,#5504,.T.);
#5504 = LINE('',#5505,#5506);
#5505 = CARTESIAN_POINT('',(77.25,-30.5,-8.1E-02));
#5506 = VECTOR('',#5507,1.);
#5507 = DIRECTION('',(0.,0.,1.));
#5508 = ORIENTED_EDGE('',*,*,#3016,.F.);
#5509 = ORIENTED_EDGE('',*,*,#5503,.F.);
#5510 = CYLINDRICAL_SURFACE('',#5511,0.5);
#5511 = AXIS2_PLACEMENT_3D('',#5512,#5513,#5514);
#5512 = CARTESIAN_POINT('',(77.25,-30.,-8.1E-02));
#5513 = DIRECTION('',(-0.,-0.,-1.));
#5514 = DIRECTION('',(-0.,-1.,0.));
#5515 = ADVANCED_FACE('',(#5516),#5527,.F.);
#5516 = FACE_BOUND('',#5517,.T.);
#5517 = EDGE_LOOP('',(#5518,#5519,#5525,#5526));
#5518 = ORIENTED_EDGE('',*,*,#1262,.T.);
#5519 = ORIENTED_EDGE('',*,*,#5520,.T.);
#5520 = EDGE_CURVE('',#1263,#3028,#5521,.T.);
#5521 = LINE('',#5522,#5523);
#5522 = CARTESIAN_POINT('',(84.75,-30.5,-8.1E-02));
#5523 = VECTOR('',#5524,1.);
#5524 = DIRECTION('',(0.,0.,1.));
#5525 = ORIENTED_EDGE('',*,*,#3027,.F.);
#5526 = ORIENTED_EDGE('',*,*,#5520,.F.);
#5527 = CYLINDRICAL_SURFACE('',#5528,0.5);
#5528 = AXIS2_PLACEMENT_3D('',#5529,#5530,#5531);
#5529 = CARTESIAN_POINT('',(84.75,-30.,-8.1E-02));
#5530 = DIRECTION('',(-0.,-0.,-1.));
#5531 = DIRECTION('',(-0.,-1.,0.));
#5532 = ADVANCED_FACE('',(#5533),#5544,.F.);
#5533 = FACE_BOUND('',#5534,.T.);
#5534 = EDGE_LOOP('',(#5535,#5536,#5542,#5543));
#5535 = ORIENTED_EDGE('',*,*,#1273,.T.);
#5536 = ORIENTED_EDGE('',*,*,#5537,.T.);
#5537 = EDGE_CURVE('',#1274,#3039,#5538,.T.);
#5538 = LINE('',#5539,#5540);
#5539 = CARTESIAN_POINT('',(111.25,-37.5,-8.1E-02));
#5540 = VECTOR('',#5541,1.);
#5541 = DIRECTION('',(0.,0.,1.));
#5542 = ORIENTED_EDGE('',*,*,#3038,.F.);
#5543 = ORIENTED_EDGE('',*,*,#5537,.F.);
#5544 = CYLINDRICAL_SURFACE('',#5545,0.5);
#5545 = AXIS2_PLACEMENT_3D('',#5546,#5547,#5548);
#5546 = CARTESIAN_POINT('',(111.25,-37.,-8.1E-02));
#5547 = DIRECTION('',(-0.,-0.,-1.));
#5548 = DIRECTION('',(-0.,-1.,0.));
#5549 = ADVANCED_FACE('',(#5550),#5561,.F.);
#5550 = FACE_BOUND('',#5551,.T.);
#5551 = EDGE_LOOP('',(#5552,#5553,#5559,#5560));
#5552 = ORIENTED_EDGE('',*,*,#1284,.T.);
#5553 = ORIENTED_EDGE('',*,*,#5554,.T.);
#5554 = EDGE_CURVE('',#1285,#3050,#5555,.T.);
#5555 = LINE('',#5556,#5557);
#5556 = CARTESIAN_POINT('',(118.75,-37.5,-8.1E-02));
#5557 = VECTOR('',#5558,1.);
#5558 = DIRECTION('',(0.,0.,1.));
#5559 = ORIENTED_EDGE('',*,*,#3049,.F.);
#5560 = ORIENTED_EDGE('',*,*,#5554,.F.);
#5561 = CYLINDRICAL_SURFACE('',#5562,0.5);
#5562 = AXIS2_PLACEMENT_3D('',#5563,#5564,#5565);
#5563 = CARTESIAN_POINT('',(118.75,-37.,-8.1E-02));
#5564 = DIRECTION('',(-0.,-0.,-1.));
#5565 = DIRECTION('',(-0.,-1.,0.));
#5566 = ADVANCED_FACE('',(#5567),#5578,.F.);
#5567 = FACE_BOUND('',#5568,.T.);
#5568 = EDGE_LOOP('',(#5569,#5570,#5576,#5577));
#5569 = ORIENTED_EDGE('',*,*,#1295,.T.);
#5570 = ORIENTED_EDGE('',*,*,#5571,.T.);
#5571 = EDGE_CURVE('',#1296,#3061,#5572,.T.);
#5572 = LINE('',#5573,#5574);
#5573 = CARTESIAN_POINT('',(140.,-38.2,-8.1E-02));
#5574 = VECTOR('',#5575,1.);
#5575 = DIRECTION('',(0.,0.,1.));
#5576 = ORIENTED_EDGE('',*,*,#3060,.F.);
#5577 = ORIENTED_EDGE('',*,*,#5571,.F.);
#5578 = CYLINDRICAL_SURFACE('',#5579,3.2);
#5579 = AXIS2_PLACEMENT_3D('',#5580,#5581,#5582);
#5580 = CARTESIAN_POINT('',(140.,-35.,-8.1E-02));
#5581 = DIRECTION('',(-0.,-0.,-1.));
#5582 = DIRECTION('',(-0.,-1.,0.));
#5583 = ADVANCED_FACE('',(#5584),#5595,.F.);
#5584 = FACE_BOUND('',#5585,.T.);
#5585 = EDGE_LOOP('',(#5586,#5587,#5593,#5594));
#5586 = ORIENTED_EDGE('',*,*,#1306,.T.);
#5587 = ORIENTED_EDGE('',*,*,#5588,.T.);
#5588 = EDGE_CURVE('',#1307,#3072,#5589,.T.);
#5589 = LINE('',#5590,#5591);
#5590 = CARTESIAN_POINT('',(95.25,-26.5,-8.1E-02));
#5591 = VECTOR('',#5592,1.);
#5592 = DIRECTION('',(0.,0.,1.));
#5593 = ORIENTED_EDGE('',*,*,#3071,.F.);
#5594 = ORIENTED_EDGE('',*,*,#5588,.F.);
#5595 = CYLINDRICAL_SURFACE('',#5596,0.5);
#5596 = AXIS2_PLACEMENT_3D('',#5597,#5598,#5599);
#5597 = CARTESIAN_POINT('',(95.25,-26.,-8.1E-02));
#5598 = DIRECTION('',(-0.,-0.,-1.));
#5599 = DIRECTION('',(-0.,-1.,0.));
#5600 = ADVANCED_FACE('',(#5601),#5612,.F.);
#5601 = FACE_BOUND('',#5602,.T.);
#5602 = EDGE_LOOP('',(#5603,#5604,#5610,#5611));
#5603 = ORIENTED_EDGE('',*,*,#1317,.T.);
#5604 = ORIENTED_EDGE('',*,*,#5605,.T.);
#5605 = EDGE_CURVE('',#1318,#3083,#5606,.T.);
#5606 = LINE('',#5607,#5608);
#5607 = CARTESIAN_POINT('',(102.75,-26.5,-8.1E-02));
#5608 = VECTOR('',#5609,1.);
#5609 = DIRECTION('',(0.,0.,1.));
#5610 = ORIENTED_EDGE('',*,*,#3082,.F.);
#5611 = ORIENTED_EDGE('',*,*,#5605,.F.);
#5612 = CYLINDRICAL_SURFACE('',#5613,0.5);
#5613 = AXIS2_PLACEMENT_3D('',#5614,#5615,#5616);
#5614 = CARTESIAN_POINT('',(102.75,-26.,-8.1E-02));
#5615 = DIRECTION('',(-0.,-0.,-1.));
#5616 = DIRECTION('',(-0.,-1.,0.));
#5617 = ADVANCED_FACE('',(#5618),#5629,.F.);
#5618 = FACE_BOUND('',#5619,.T.);
#5619 = EDGE_LOOP('',(#5620,#5621,#5627,#5628));
#5620 = ORIENTED_EDGE('',*,*,#1328,.T.);
#5621 = ORIENTED_EDGE('',*,*,#5622,.T.);
#5622 = EDGE_CURVE('',#1329,#3094,#5623,.T.);
#5623 = LINE('',#5624,#5625);
#5624 = CARTESIAN_POINT('',(114.25,-19.,-8.1E-02));
#5625 = VECTOR('',#5626,1.);
#5626 = DIRECTION('',(0.,0.,1.));
#5627 = ORIENTED_EDGE('',*,*,#3093,.F.);
#5628 = ORIENTED_EDGE('',*,*,#5622,.F.);
#5629 = CYLINDRICAL_SURFACE('',#5630,0.5);
#5630 = AXIS2_PLACEMENT_3D('',#5631,#5632,#5633);
#5631 = CARTESIAN_POINT('',(114.25,-18.5,-8.1E-02));
#5632 = DIRECTION('',(-0.,-0.,-1.));
#5633 = DIRECTION('',(-0.,-1.,0.));
#5634 = ADVANCED_FACE('',(#5635),#5646,.F.);
#5635 = FACE_BOUND('',#5636,.T.);
#5636 = EDGE_LOOP('',(#5637,#5638,#5644,#5645));
#5637 = ORIENTED_EDGE('',*,*,#1339,.T.);
#5638 = ORIENTED_EDGE('',*,*,#5639,.T.);
#5639 = EDGE_CURVE('',#1340,#3105,#5640,.T.);
#5640 = LINE('',#5641,#5642);
#5641 = CARTESIAN_POINT('',(121.75,-19.,-8.1E-02));
#5642 = VECTOR('',#5643,1.);
#5643 = DIRECTION('',(0.,0.,1.));
#5644 = ORIENTED_EDGE('',*,*,#3104,.F.);
#5645 = ORIENTED_EDGE('',*,*,#5639,.F.);
#5646 = CYLINDRICAL_SURFACE('',#5647,0.5);
#5647 = AXIS2_PLACEMENT_3D('',#5648,#5649,#5650);
#5648 = CARTESIAN_POINT('',(121.75,-18.5,-8.1E-02));
#5649 = DIRECTION('',(-0.,-0.,-1.));
#5650 = DIRECTION('',(-0.,-1.,0.));
#5651 = ADVANCED_FACE('',(#5652),#5663,.F.);
#5652 = FACE_BOUND('',#5653,.T.);
#5653 = EDGE_LOOP('',(#5654,#5655,#5661,#5662));
#5654 = ORIENTED_EDGE('',*,*,#1350,.T.);
#5655 = ORIENTED_EDGE('',*,*,#5656,.T.);
#5656 = EDGE_CURVE('',#1351,#3116,#5657,.T.);
#5657 = LINE('',#5658,#5659);
#5658 = CARTESIAN_POINT('',(133.,-18.5,-8.1E-02));
#5659 = VECTOR('',#5660,1.);
#5660 = DIRECTION('',(0.,0.,1.));
#5661 = ORIENTED_EDGE('',*,*,#3115,.F.);
#5662 = ORIENTED_EDGE('',*,*,#5656,.F.);
#5663 = CYLINDRICAL_SURFACE('',#5664,0.5);
#5664 = AXIS2_PLACEMENT_3D('',#5665,#5666,#5667);
#5665 = CARTESIAN_POINT('',(133.,-18.,-8.1E-02));
#5666 = DIRECTION('',(-0.,-0.,-1.));
#5667 = DIRECTION('',(-0.,-1.,0.));
#5668 = ADVANCED_FACE('',(#5669),#5680,.F.);
#5669 = FACE_BOUND('',#5670,.T.);
#5670 = EDGE_LOOP('',(#5671,#5672,#5678,#5679));
#5671 = ORIENTED_EDGE('',*,*,#1361,.T.);
#5672 = ORIENTED_EDGE('',*,*,#5673,.T.);
#5673 = EDGE_CURVE('',#1362,#3127,#5674,.T.);
#5674 = LINE('',#5675,#5676);
#5675 = CARTESIAN_POINT('',(140.5,-18.5,-8.1E-02));
#5676 = VECTOR('',#5677,1.);
#5677 = DIRECTION('',(0.,0.,1.));
#5678 = ORIENTED_EDGE('',*,*,#3126,.F.);
#5679 = ORIENTED_EDGE('',*,*,#5673,.F.);
#5680 = CYLINDRICAL_SURFACE('',#5681,0.5);
#5681 = AXIS2_PLACEMENT_3D('',#5682,#5683,#5684);
#5682 = CARTESIAN_POINT('',(140.5,-18.,-8.1E-02));
#5683 = DIRECTION('',(-0.,-0.,-1.));
#5684 = DIRECTION('',(-0.,-1.,0.));
#5685 = ADVANCED_FACE('',(#5686),#5697,.F.);
#5686 = FACE_BOUND('',#5687,.T.);
#5687 = EDGE_LOOP('',(#5688,#5689,#5695,#5696));
#5688 = ORIENTED_EDGE('',*,*,#1372,.T.);
#5689 = ORIENTED_EDGE('',*,*,#5690,.T.);
#5690 = EDGE_CURVE('',#1373,#3138,#5691,.T.);
#5691 = LINE('',#5692,#5693);
#5692 = CARTESIAN_POINT('',(7.25,-11.5,-8.1E-02));
#5693 = VECTOR('',#5694,1.);
#5694 = DIRECTION('',(0.,0.,1.));
#5695 = ORIENTED_EDGE('',*,*,#3137,.F.);
#5696 = ORIENTED_EDGE('',*,*,#5690,.F.);
#5697 = CYLINDRICAL_SURFACE('',#5698,0.5);
#5698 = AXIS2_PLACEMENT_3D('',#5699,#5700,#5701);
#5699 = CARTESIAN_POINT('',(7.25,-11.,-8.1E-02));
#5700 = DIRECTION('',(-0.,-0.,-1.));
#5701 = DIRECTION('',(-0.,-1.,0.));
#5702 = ADVANCED_FACE('',(#5703),#5714,.F.);
#5703 = FACE_BOUND('',#5704,.T.);
#5704 = EDGE_LOOP('',(#5705,#5706,#5712,#5713));
#5705 = ORIENTED_EDGE('',*,*,#1383,.T.);
#5706 = ORIENTED_EDGE('',*,*,#5707,.T.);
#5707 = EDGE_CURVE('',#1384,#3149,#5708,.T.);
#5708 = LINE('',#5709,#5710);
#5709 = CARTESIAN_POINT('',(14.75,-11.5,-8.1E-02));
#5710 = VECTOR('',#5711,1.);
#5711 = DIRECTION('',(0.,0.,1.));
#5712 = ORIENTED_EDGE('',*,*,#3148,.F.);
#5713 = ORIENTED_EDGE('',*,*,#5707,.F.);
#5714 = CYLINDRICAL_SURFACE('',#5715,0.5);
#5715 = AXIS2_PLACEMENT_3D('',#5716,#5717,#5718);
#5716 = CARTESIAN_POINT('',(14.75,-11.,-8.1E-02));
#5717 = DIRECTION('',(-0.,-0.,-1.));
#5718 = DIRECTION('',(-0.,-1.,0.));
#5719 = ADVANCED_FACE('',(#5720),#5731,.F.);
#5720 = FACE_BOUND('',#5721,.T.);
#5721 = EDGE_LOOP('',(#5722,#5723,#5729,#5730));
#5722 = ORIENTED_EDGE('',*,*,#1394,.T.);
#5723 = ORIENTED_EDGE('',*,*,#5724,.T.);
#5724 = EDGE_CURVE('',#1395,#3160,#5725,.T.);
#5725 = LINE('',#5726,#5727);
#5726 = CARTESIAN_POINT('',(42.,-15.1,-8.1E-02));
#5727 = VECTOR('',#5728,1.);
#5728 = DIRECTION('',(0.,0.,1.));
#5729 = ORIENTED_EDGE('',*,*,#3159,.F.);
#5730 = ORIENTED_EDGE('',*,*,#5724,.F.);
#5731 = CYLINDRICAL_SURFACE('',#5732,0.5);
#5732 = AXIS2_PLACEMENT_3D('',#5733,#5734,#5735);
#5733 = CARTESIAN_POINT('',(42.,-14.6,-8.1E-02));
#5734 = DIRECTION('',(-0.,-0.,-1.));
#5735 = DIRECTION('',(-0.,-1.,0.));
#5736 = ADVANCED_FACE('',(#5737),#5748,.F.);
#5737 = FACE_BOUND('',#5738,.T.);
#5738 = EDGE_LOOP('',(#5739,#5740,#5746,#5747));
#5739 = ORIENTED_EDGE('',*,*,#1405,.T.);
#5740 = ORIENTED_EDGE('',*,*,#5741,.T.);
#5741 = EDGE_CURVE('',#1406,#3171,#5742,.T.);
#5742 = LINE('',#5743,#5744);
#5743 = CARTESIAN_POINT('',(49.5,-15.1,-8.1E-02));
#5744 = VECTOR('',#5745,1.);
#5745 = DIRECTION('',(0.,0.,1.));
#5746 = ORIENTED_EDGE('',*,*,#3170,.F.);
#5747 = ORIENTED_EDGE('',*,*,#5741,.F.);
#5748 = CYLINDRICAL_SURFACE('',#5749,0.5);
#5749 = AXIS2_PLACEMENT_3D('',#5750,#5751,#5752);
#5750 = CARTESIAN_POINT('',(49.5,-14.6,-8.1E-02));
#5751 = DIRECTION('',(-0.,-0.,-1.));
#5752 = DIRECTION('',(-0.,-1.,0.));
#5753 = ADVANCED_FACE('',(#5754),#5765,.F.);
#5754 = FACE_BOUND('',#5755,.T.);
#5755 = EDGE_LOOP('',(#5756,#5757,#5763,#5764));
#5756 = ORIENTED_EDGE('',*,*,#1416,.T.);
#5757 = ORIENTED_EDGE('',*,*,#5758,.T.);
#5758 = EDGE_CURVE('',#1417,#3182,#5759,.T.);
#5759 = LINE('',#5760,#5761);
#5760 = CARTESIAN_POINT('',(23.5,-1.5,-8.1E-02));
#5761 = VECTOR('',#5762,1.);
#5762 = DIRECTION('',(0.,0.,1.));
#5763 = ORIENTED_EDGE('',*,*,#3181,.F.);
#5764 = ORIENTED_EDGE('',*,*,#5758,.F.);
#5765 = CYLINDRICAL_SURFACE('',#5766,0.5);
#5766 = AXIS2_PLACEMENT_3D('',#5767,#5768,#5769);
#5767 = CARTESIAN_POINT('',(23.5,-1.,-8.1E-02));
#5768 = DIRECTION('',(-0.,-0.,-1.));
#5769 = DIRECTION('',(-0.,-1.,0.));
#5770 = ADVANCED_FACE('',(#5771),#5782,.F.);
#5771 = FACE_BOUND('',#5772,.T.);
#5772 = EDGE_LOOP('',(#5773,#5774,#5780,#5781));
#5773 = ORIENTED_EDGE('',*,*,#1427,.T.);
#5774 = ORIENTED_EDGE('',*,*,#5775,.T.);
#5775 = EDGE_CURVE('',#1428,#3193,#5776,.T.);
#5776 = LINE('',#5777,#5778);
#5777 = CARTESIAN_POINT('',(31.,-1.5,-8.1E-02));
#5778 = VECTOR('',#5779,1.);
#5779 = DIRECTION('',(0.,0.,1.));
#5780 = ORIENTED_EDGE('',*,*,#3192,.F.);
#5781 = ORIENTED_EDGE('',*,*,#5775,.F.);
#5782 = CYLINDRICAL_SURFACE('',#5783,0.5);
#5783 = AXIS2_PLACEMENT_3D('',#5784,#5785,#5786);
#5784 = CARTESIAN_POINT('',(31.,-1.,-8.1E-02));
#5785 = DIRECTION('',(-0.,-0.,-1.));
#5786 = DIRECTION('',(-0.,-1.,0.));
#5787 = ADVANCED_FACE('',(#5788),#5799,.F.);
#5788 = FACE_BOUND('',#5789,.T.);
#5789 = EDGE_LOOP('',(#5790,#5791,#5797,#5798));
#5790 = ORIENTED_EDGE('',*,*,#1438,.T.);
#5791 = ORIENTED_EDGE('',*,*,#5792,.T.);
#5792 = EDGE_CURVE('',#1439,#3204,#5793,.T.);
#5793 = LINE('',#5794,#5795);
#5794 = CARTESIAN_POINT('',(12.,-1.,-8.1E-02));
#5795 = VECTOR('',#5796,1.);
#5796 = DIRECTION('',(0.,0.,1.));
#5797 = ORIENTED_EDGE('',*,*,#3203,.F.);
#5798 = ORIENTED_EDGE('',*,*,#5792,.F.);
#5799 = CYLINDRICAL_SURFACE('',#5800,3.);
#5800 = AXIS2_PLACEMENT_3D('',#5801,#5802,#5803);
#5801 = CARTESIAN_POINT('',(12.,2.,-8.1E-02));
#5802 = DIRECTION('',(-0.,-0.,-1.));
#5803 = DIRECTION('',(-0.,-1.,0.));
#5804 = ADVANCED_FACE('',(#5805),#5816,.F.);
#5805 = FACE_BOUND('',#5806,.T.);
#5806 = EDGE_LOOP('',(#5807,#5808,#5814,#5815));
#5807 = ORIENTED_EDGE('',*,*,#1449,.T.);
#5808 = ORIENTED_EDGE('',*,*,#5809,.T.);
#5809 = EDGE_CURVE('',#1450,#3215,#5810,.T.);
#5810 = LINE('',#5811,#5812);
#5811 = CARTESIAN_POINT('',(68.75,-1.,-8.1E-02));
#5812 = VECTOR('',#5813,1.);
#5813 = DIRECTION('',(0.,0.,1.));
#5814 = ORIENTED_EDGE('',*,*,#3214,.F.);
#5815 = ORIENTED_EDGE('',*,*,#5809,.F.);
#5816 = CYLINDRICAL_SURFACE('',#5817,0.5);
#5817 = AXIS2_PLACEMENT_3D('',#5818,#5819,#5820);
#5818 = CARTESIAN_POINT('',(68.75,-0.5,-8.1E-02));
#5819 = DIRECTION('',(-0.,-0.,-1.));
#5820 = DIRECTION('',(-0.,-1.,0.));
#5821 = ADVANCED_FACE('',(#5822),#5833,.F.);
#5822 = FACE_BOUND('',#5823,.T.);
#5823 = EDGE_LOOP('',(#5824,#5825,#5831,#5832));
#5824 = ORIENTED_EDGE('',*,*,#1460,.T.);
#5825 = ORIENTED_EDGE('',*,*,#5826,.T.);
#5826 = EDGE_CURVE('',#1461,#3226,#5827,.T.);
#5827 = LINE('',#5828,#5829);
#5828 = CARTESIAN_POINT('',(83.25,-13.,-8.1E-02));
#5829 = VECTOR('',#5830,1.);
#5830 = DIRECTION('',(0.,0.,1.));
#5831 = ORIENTED_EDGE('',*,*,#3225,.F.);
#5832 = ORIENTED_EDGE('',*,*,#5826,.F.);
#5833 = CYLINDRICAL_SURFACE('',#5834,0.5);
#5834 = AXIS2_PLACEMENT_3D('',#5835,#5836,#5837);
#5835 = CARTESIAN_POINT('',(83.25,-12.5,-8.1E-02));
#5836 = DIRECTION('',(-0.,-0.,-1.));
#5837 = DIRECTION('',(-0.,-1.,0.));
#5838 = ADVANCED_FACE('',(#5839),#5850,.F.);
#5839 = FACE_BOUND('',#5840,.T.);
#5840 = EDGE_LOOP('',(#5841,#5842,#5848,#5849));
#5841 = ORIENTED_EDGE('',*,*,#1471,.T.);
#5842 = ORIENTED_EDGE('',*,*,#5843,.T.);
#5843 = EDGE_CURVE('',#1472,#3237,#5844,.T.);
#5844 = LINE('',#5845,#5846);
#5845 = CARTESIAN_POINT('',(90.75,-13.,-8.1E-02));
#5846 = VECTOR('',#5847,1.);
#5847 = DIRECTION('',(0.,0.,1.));
#5848 = ORIENTED_EDGE('',*,*,#3236,.F.);
#5849 = ORIENTED_EDGE('',*,*,#5843,.F.);
#5850 = CYLINDRICAL_SURFACE('',#5851,0.5);
#5851 = AXIS2_PLACEMENT_3D('',#5852,#5853,#5854);
#5852 = CARTESIAN_POINT('',(90.75,-12.5,-8.1E-02));
#5853 = DIRECTION('',(-0.,-0.,-1.));
#5854 = DIRECTION('',(-0.,-1.,0.));
#5855 = ADVANCED_FACE('',(#5856),#5867,.F.);
#5856 = FACE_BOUND('',#5857,.T.);
#5857 = EDGE_LOOP('',(#5858,#5859,#5865,#5866));
#5858 = ORIENTED_EDGE('',*,*,#1482,.T.);
#5859 = ORIENTED_EDGE('',*,*,#5860,.T.);
#5860 = EDGE_CURVE('',#1483,#3248,#5861,.T.);
#5861 = LINE('',#5862,#5863);
#5862 = CARTESIAN_POINT('',(103.,-16.,-8.1E-02));
#5863 = VECTOR('',#5864,1.);
#5864 = DIRECTION('',(0.,0.,1.));
#5865 = ORIENTED_EDGE('',*,*,#3247,.F.);
#5866 = ORIENTED_EDGE('',*,*,#5860,.F.);
#5867 = CYLINDRICAL_SURFACE('',#5868,3.);
#5868 = AXIS2_PLACEMENT_3D('',#5869,#5870,#5871);
#5869 = CARTESIAN_POINT('',(103.,-13.,-8.1E-02));
#5870 = DIRECTION('',(-0.,-0.,-1.));
#5871 = DIRECTION('',(-0.,-1.,0.));
#5872 = ADVANCED_FACE('',(#5873),#5884,.F.);
#5873 = FACE_BOUND('',#5874,.T.);
#5874 = EDGE_LOOP('',(#5875,#5876,#5882,#5883));
#5875 = ORIENTED_EDGE('',*,*,#1493,.T.);
#5876 = ORIENTED_EDGE('',*,*,#5877,.T.);
#5877 = EDGE_CURVE('',#1494,#3259,#5878,.T.);
#5878 = LINE('',#5879,#5880);
#5879 = CARTESIAN_POINT('',(76.25,-1.,-8.1E-02));
#5880 = VECTOR('',#5881,1.);
#5881 = DIRECTION('',(0.,0.,1.));
#5882 = ORIENTED_EDGE('',*,*,#3258,.F.);
#5883 = ORIENTED_EDGE('',*,*,#5877,.F.);
#5884 = CYLINDRICAL_SURFACE('',#5885,0.5);
#5885 = AXIS2_PLACEMENT_3D('',#5886,#5887,#5888);
#5886 = CARTESIAN_POINT('',(76.25,-0.5,-8.1E-02));
#5887 = DIRECTION('',(-0.,-0.,-1.));
#5888 = DIRECTION('',(-0.,-1.,0.));
#5889 = ADVANCED_FACE('',(#5890),#5901,.F.);
#5890 = FACE_BOUND('',#5891,.T.);
#5891 = EDGE_LOOP('',(#5892,#5893,#5899,#5900));
#5892 = ORIENTED_EDGE('',*,*,#1504,.T.);
#5893 = ORIENTED_EDGE('',*,*,#5894,.T.);
#5894 = EDGE_CURVE('',#1505,#3270,#5895,.T.);
#5895 = LINE('',#5896,#5897);
#5896 = CARTESIAN_POINT('',(108.75,-1.,-8.1E-02));
#5897 = VECTOR('',#5898,1.);
#5898 = DIRECTION('',(0.,0.,1.));
#5899 = ORIENTED_EDGE('',*,*,#3269,.F.);
#5900 = ORIENTED_EDGE('',*,*,#5894,.F.);
#5901 = CYLINDRICAL_SURFACE('',#5902,0.5);
#5902 = AXIS2_PLACEMENT_3D('',#5903,#5904,#5905);
#5903 = CARTESIAN_POINT('',(108.75,-0.5,-8.1E-02));
#5904 = DIRECTION('',(-0.,-0.,-1.));
#5905 = DIRECTION('',(-0.,-1.,0.));
#5906 = ADVANCED_FACE('',(#5907),#5918,.F.);
#5907 = FACE_BOUND('',#5908,.T.);
#5908 = EDGE_LOOP('',(#5909,#5910,#5916,#5917));
#5909 = ORIENTED_EDGE('',*,*,#1515,.T.);
#5910 = ORIENTED_EDGE('',*,*,#5911,.T.);
#5911 = EDGE_CURVE('',#1516,#3281,#5912,.T.);
#5912 = LINE('',#5913,#5914);
#5913 = CARTESIAN_POINT('',(95.,-0.2,-8.1E-02));
#5914 = VECTOR('',#5915,1.);
#5915 = DIRECTION('',(0.,0.,1.));
#5916 = ORIENTED_EDGE('',*,*,#3280,.F.);
#5917 = ORIENTED_EDGE('',*,*,#5911,.F.);
#5918 = CYLINDRICAL_SURFACE('',#5919,3.2);
#5919 = AXIS2_PLACEMENT_3D('',#5920,#5921,#5922);
#5920 = CARTESIAN_POINT('',(95.,3.,-8.1E-02));
#5921 = DIRECTION('',(-0.,-0.,-1.));
#5922 = DIRECTION('',(-0.,-1.,0.));
#5923 = ADVANCED_FACE('',(#5924),#5935,.F.);
#5924 = FACE_BOUND('',#5925,.T.);
#5925 = EDGE_LOOP('',(#5926,#5927,#5933,#5934));
#5926 = ORIENTED_EDGE('',*,*,#1526,.T.);
#5927 = ORIENTED_EDGE('',*,*,#5928,.T.);
#5928 = EDGE_CURVE('',#1527,#3292,#5929,.T.);
#5929 = LINE('',#5930,#5931);
#5930 = CARTESIAN_POINT('',(116.25,-1.,-8.1E-02));
#5931 = VECTOR('',#5932,1.);
#5932 = DIRECTION('',(0.,0.,1.));
#5933 = ORIENTED_EDGE('',*,*,#3291,.F.);
#5934 = ORIENTED_EDGE('',*,*,#5928,.F.);
#5935 = CYLINDRICAL_SURFACE('',#5936,0.5);
#5936 = AXIS2_PLACEMENT_3D('',#5937,#5938,#5939);
#5937 = CARTESIAN_POINT('',(116.25,-0.5,-8.1E-02));
#5938 = DIRECTION('',(-0.,-0.,-1.));
#5939 = DIRECTION('',(-0.,-1.,0.));
#5940 = ADVANCED_FACE('',(#5941),#5952,.F.);
#5941 = FACE_BOUND('',#5942,.T.);
#5942 = EDGE_LOOP('',(#5943,#5944,#5950,#5951));
#5943 = ORIENTED_EDGE('',*,*,#1537,.T.);
#5944 = ORIENTED_EDGE('',*,*,#5945,.T.);
#5945 = EDGE_CURVE('',#1538,#3303,#5946,.T.);
#5946 = LINE('',#5947,#5948);
#5947 = CARTESIAN_POINT('',(165.,-32.,-8.1E-02));
#5948 = VECTOR('',#5949,1.);
#5949 = DIRECTION('',(0.,0.,1.));
#5950 = ORIENTED_EDGE('',*,*,#3302,.F.);
#5951 = ORIENTED_EDGE('',*,*,#5945,.F.);
#5952 = CYLINDRICAL_SURFACE('',#5953,3.);
#5953 = AXIS2_PLACEMENT_3D('',#5954,#5955,#5956);
#5954 = CARTESIAN_POINT('',(165.,-29.,-8.1E-02));
#5955 = DIRECTION('',(-0.,-0.,-1.));
#5956 = DIRECTION('',(-0.,-1.,0.));
#5957 = ADVANCED_FACE('',(#5958),#5969,.F.);
#5958 = FACE_BOUND('',#5959,.T.);
#5959 = EDGE_LOOP('',(#5960,#5961,#5967,#5968));
#5960 = ORIENTED_EDGE('',*,*,#1548,.T.);
#5961 = ORIENTED_EDGE('',*,*,#5962,.T.);
#5962 = EDGE_CURVE('',#1549,#3314,#5963,.T.);
#5963 = LINE('',#5964,#5965);
#5964 = CARTESIAN_POINT('',(176.25,-32.5,-8.1E-02));
#5965 = VECTOR('',#5966,1.);
#5966 = DIRECTION('',(0.,0.,1.));
#5967 = ORIENTED_EDGE('',*,*,#3313,.F.);
#5968 = ORIENTED_EDGE('',*,*,#5962,.F.);
#5969 = CYLINDRICAL_SURFACE('',#5970,0.5);
#5970 = AXIS2_PLACEMENT_3D('',#5971,#5972,#5973);
#5971 = CARTESIAN_POINT('',(176.25,-32.,-8.1E-02));
#5972 = DIRECTION('',(-0.,-0.,-1.));
#5973 = DIRECTION('',(-0.,-1.,0.));
#5974 = ADVANCED_FACE('',(#5975),#5986,.F.);
#5975 = FACE_BOUND('',#5976,.T.);
#5976 = EDGE_LOOP('',(#5977,#5978,#5984,#5985));
#5977 = ORIENTED_EDGE('',*,*,#1559,.T.);
#5978 = ORIENTED_EDGE('',*,*,#5979,.T.);
#5979 = EDGE_CURVE('',#1560,#3325,#5980,.T.);
#5980 = LINE('',#5981,#5982);
#5981 = CARTESIAN_POINT('',(206.75,-34.,-8.1E-02));
#5982 = VECTOR('',#5983,1.);
#5983 = DIRECTION('',(0.,0.,1.));
#5984 = ORIENTED_EDGE('',*,*,#3324,.F.);
#5985 = ORIENTED_EDGE('',*,*,#5979,.F.);
#5986 = CYLINDRICAL_SURFACE('',#5987,0.5);
#5987 = AXIS2_PLACEMENT_3D('',#5988,#5989,#5990);
#5988 = CARTESIAN_POINT('',(206.75,-33.5,-8.1E-02));
#5989 = DIRECTION('',(-0.,-0.,-1.));
#5990 = DIRECTION('',(-0.,-1.,0.));
#5991 = ADVANCED_FACE('',(#5992),#6003,.F.);
#5992 = FACE_BOUND('',#5993,.T.);
#5993 = EDGE_LOOP('',(#5994,#5995,#6001,#6002));
#5994 = ORIENTED_EDGE('',*,*,#1570,.T.);
#5995 = ORIENTED_EDGE('',*,*,#5996,.T.);
#5996 = EDGE_CURVE('',#1571,#3336,#5997,.T.);
#5997 = LINE('',#5998,#5999);
#5998 = CARTESIAN_POINT('',(214.25,-34.,-8.1E-02));
#5999 = VECTOR('',#6000,1.);
#6000 = DIRECTION('',(0.,0.,1.));
#6001 = ORIENTED_EDGE('',*,*,#3335,.F.);
#6002 = ORIENTED_EDGE('',*,*,#5996,.F.);
#6003 = CYLINDRICAL_SURFACE('',#6004,0.5);
#6004 = AXIS2_PLACEMENT_3D('',#6005,#6006,#6007);
#6005 = CARTESIAN_POINT('',(214.25,-33.5,-8.1E-02));
#6006 = DIRECTION('',(-0.,-0.,-1.));
#6007 = DIRECTION('',(-0.,-1.,0.));
#6008 = ADVANCED_FACE('',(#6009),#6020,.F.);
#6009 = FACE_BOUND('',#6010,.T.);
#6010 = EDGE_LOOP('',(#6011,#6012,#6018,#6019));
#6011 = ORIENTED_EDGE('',*,*,#1581,.T.);
#6012 = ORIENTED_EDGE('',*,*,#6013,.T.);
#6013 = EDGE_CURVE('',#1582,#3347,#6014,.T.);
#6014 = LINE('',#6015,#6016);
#6015 = CARTESIAN_POINT('',(183.75,-32.5,-8.1E-02));
#6016 = VECTOR('',#6017,1.);
#6017 = DIRECTION('',(0.,0.,1.));
#6018 = ORIENTED_EDGE('',*,*,#3346,.F.);
#6019 = ORIENTED_EDGE('',*,*,#6013,.F.);
#6020 = CYLINDRICAL_SURFACE('',#6021,0.5);
#6021 = AXIS2_PLACEMENT_3D('',#6022,#6023,#6024);
#6022 = CARTESIAN_POINT('',(183.75,-32.,-8.1E-02));
#6023 = DIRECTION('',(-0.,-0.,-1.));
#6024 = DIRECTION('',(-0.,-1.,0.));
#6025 = ADVANCED_FACE('',(#6026),#6037,.F.);
#6026 = FACE_BOUND('',#6027,.T.);
#6027 = EDGE_LOOP('',(#6028,#6029,#6035,#6036));
#6028 = ORIENTED_EDGE('',*,*,#1592,.T.);
#6029 = ORIENTED_EDGE('',*,*,#6030,.T.);
#6030 = EDGE_CURVE('',#1593,#3358,#6031,.T.);
#6031 = LINE('',#6032,#6033);
#6032 = CARTESIAN_POINT('',(151.5,-18.5,-8.1E-02));
#6033 = VECTOR('',#6034,1.);
#6034 = DIRECTION('',(0.,0.,1.));
#6035 = ORIENTED_EDGE('',*,*,#3357,.F.);
#6036 = ORIENTED_EDGE('',*,*,#6030,.F.);
#6037 = CYLINDRICAL_SURFACE('',#6038,0.5);
#6038 = AXIS2_PLACEMENT_3D('',#6039,#6040,#6041);
#6039 = CARTESIAN_POINT('',(151.5,-18.,-8.1E-02));
#6040 = DIRECTION('',(-0.,-0.,-1.));
#6041 = DIRECTION('',(-0.,-1.,0.));
#6042 = ADVANCED_FACE('',(#6043),#6054,.F.);
#6043 = FACE_BOUND('',#6044,.T.);
#6044 = EDGE_LOOP('',(#6045,#6046,#6052,#6053));
#6045 = ORIENTED_EDGE('',*,*,#1603,.T.);
#6046 = ORIENTED_EDGE('',*,*,#6047,.T.);
#6047 = EDGE_CURVE('',#1604,#3369,#6048,.T.);
#6048 = LINE('',#6049,#6050);
#6049 = CARTESIAN_POINT('',(159.,-18.5,-8.1E-02));
#6050 = VECTOR('',#6051,1.);
#6051 = DIRECTION('',(0.,0.,1.));
#6052 = ORIENTED_EDGE('',*,*,#3368,.F.);
#6053 = ORIENTED_EDGE('',*,*,#6047,.F.);
#6054 = CYLINDRICAL_SURFACE('',#6055,0.5);
#6055 = AXIS2_PLACEMENT_3D('',#6056,#6057,#6058);
#6056 = CARTESIAN_POINT('',(159.,-18.,-8.1E-02));
#6057 = DIRECTION('',(-0.,-0.,-1.));
#6058 = DIRECTION('',(-0.,-1.,0.));
#6059 = ADVANCED_FACE('',(#6060),#6071,.F.);
#6060 = FACE_BOUND('',#6061,.T.);
#6061 = EDGE_LOOP('',(#6062,#6063,#6069,#6070));
#6062 = ORIENTED_EDGE('',*,*,#1614,.T.);
#6063 = ORIENTED_EDGE('',*,*,#6064,.T.);
#6064 = EDGE_CURVE('',#1615,#3380,#6065,.T.);
#6065 = LINE('',#6066,#6067);
#6066 = CARTESIAN_POINT('',(193.25,-21.5,-8.1E-02));
#6067 = VECTOR('',#6068,1.);
#6068 = DIRECTION('',(0.,0.,1.));
#6069 = ORIENTED_EDGE('',*,*,#3379,.F.);
#6070 = ORIENTED_EDGE('',*,*,#6064,.F.);
#6071 = CYLINDRICAL_SURFACE('',#6072,0.5);
#6072 = AXIS2_PLACEMENT_3D('',#6073,#6074,#6075);
#6073 = CARTESIAN_POINT('',(193.25,-21.,-8.1E-02));
#6074 = DIRECTION('',(-0.,-0.,-1.));
#6075 = DIRECTION('',(-0.,-1.,0.));
#6076 = ADVANCED_FACE('',(#6077),#6088,.F.);
#6077 = FACE_BOUND('',#6078,.T.);
#6078 = EDGE_LOOP('',(#6079,#6080,#6086,#6087));
#6079 = ORIENTED_EDGE('',*,*,#1625,.T.);
#6080 = ORIENTED_EDGE('',*,*,#6081,.T.);
#6081 = EDGE_CURVE('',#1626,#3391,#6082,.T.);
#6082 = LINE('',#6083,#6084);
#6083 = CARTESIAN_POINT('',(200.75,-21.5,-8.1E-02));
#6084 = VECTOR('',#6085,1.);
#6085 = DIRECTION('',(0.,0.,1.));
#6086 = ORIENTED_EDGE('',*,*,#3390,.F.);
#6087 = ORIENTED_EDGE('',*,*,#6081,.F.);
#6088 = CYLINDRICAL_SURFACE('',#6089,0.5);
#6089 = AXIS2_PLACEMENT_3D('',#6090,#6091,#6092);
#6090 = CARTESIAN_POINT('',(200.75,-21.,-8.1E-02));
#6091 = DIRECTION('',(-0.,-0.,-1.));
#6092 = DIRECTION('',(-0.,-1.,0.));
#6093 = ADVANCED_FACE('',(#6094),#6105,.F.);
#6094 = FACE_BOUND('',#6095,.T.);
#6095 = EDGE_LOOP('',(#6096,#6097,#6103,#6104));
#6096 = ORIENTED_EDGE('',*,*,#1636,.T.);
#6097 = ORIENTED_EDGE('',*,*,#6098,.T.);
#6098 = EDGE_CURVE('',#1637,#3402,#6099,.T.);
#6099 = LINE('',#6100,#6101);
#6100 = CARTESIAN_POINT('',(230.,-38.2,-8.1E-02));
#6101 = VECTOR('',#6102,1.);
#6102 = DIRECTION('',(0.,0.,1.));
#6103 = ORIENTED_EDGE('',*,*,#3401,.F.);
#6104 = ORIENTED_EDGE('',*,*,#6098,.F.);
#6105 = CYLINDRICAL_SURFACE('',#6106,3.2);
#6106 = AXIS2_PLACEMENT_3D('',#6107,#6108,#6109);
#6107 = CARTESIAN_POINT('',(230.,-35.,-8.1E-02));
#6108 = DIRECTION('',(-0.,-0.,-1.));
#6109 = DIRECTION('',(-0.,-1.,0.));
#6110 = ADVANCED_FACE('',(#6111),#6122,.F.);
#6111 = FACE_BOUND('',#6112,.T.);
#6112 = EDGE_LOOP('',(#6113,#6114,#6120,#6121));
#6113 = ORIENTED_EDGE('',*,*,#1647,.T.);
#6114 = ORIENTED_EDGE('',*,*,#6115,.T.);
#6115 = EDGE_CURVE('',#1648,#3413,#6116,.T.);
#6116 = LINE('',#6117,#6118);
#6117 = CARTESIAN_POINT('',(244.75,-30.5,-8.1E-02));
#6118 = VECTOR('',#6119,1.);
#6119 = DIRECTION('',(0.,0.,1.));
#6120 = ORIENTED_EDGE('',*,*,#3412,.F.);
#6121 = ORIENTED_EDGE('',*,*,#6115,.F.);
#6122 = CYLINDRICAL_SURFACE('',#6123,0.5);
#6123 = AXIS2_PLACEMENT_3D('',#6124,#6125,#6126);
#6124 = CARTESIAN_POINT('',(244.75,-30.,-8.1E-02));
#6125 = DIRECTION('',(-0.,-0.,-1.));
#6126 = DIRECTION('',(-0.,-1.,0.));
#6127 = ADVANCED_FACE('',(#6128),#6139,.F.);
#6128 = FACE_BOUND('',#6129,.T.);
#6129 = EDGE_LOOP('',(#6130,#6131,#6137,#6138));
#6130 = ORIENTED_EDGE('',*,*,#1658,.T.);
#6131 = ORIENTED_EDGE('',*,*,#6132,.T.);
#6132 = EDGE_CURVE('',#1659,#3424,#6133,.T.);
#6133 = LINE('',#6134,#6135);
#6134 = CARTESIAN_POINT('',(252.25,-30.5,-8.1E-02));
#6135 = VECTOR('',#6136,1.);
#6136 = DIRECTION('',(0.,0.,1.));
#6137 = ORIENTED_EDGE('',*,*,#3423,.F.);
#6138 = ORIENTED_EDGE('',*,*,#6132,.F.);
#6139 = CYLINDRICAL_SURFACE('',#6140,0.5);
#6140 = AXIS2_PLACEMENT_3D('',#6141,#6142,#6143);
#6141 = CARTESIAN_POINT('',(252.25,-30.,-8.1E-02));
#6142 = DIRECTION('',(-0.,-0.,-1.));
#6143 = DIRECTION('',(-0.,-1.,0.));
#6144 = ADVANCED_FACE('',(#6145),#6156,.F.);
#6145 = FACE_BOUND('',#6146,.T.);
#6146 = EDGE_LOOP('',(#6147,#6148,#6154,#6155));
#6147 = ORIENTED_EDGE('',*,*,#1669,.T.);
#6148 = ORIENTED_EDGE('',*,*,#6149,.T.);
#6149 = EDGE_CURVE('',#1670,#3435,#6150,.T.);
#6150 = LINE('',#6151,#6152);
#6151 = CARTESIAN_POINT('',(263.25,-32.,-8.1E-02));
#6152 = VECTOR('',#6153,1.);
#6153 = DIRECTION('',(0.,0.,1.));
#6154 = ORIENTED_EDGE('',*,*,#3434,.F.);
#6155 = ORIENTED_EDGE('',*,*,#6149,.F.);
#6156 = CYLINDRICAL_SURFACE('',#6157,0.5);
#6157 = AXIS2_PLACEMENT_3D('',#6158,#6159,#6160);
#6158 = CARTESIAN_POINT('',(263.25,-31.5,-8.1E-02));
#6159 = DIRECTION('',(-0.,-0.,-1.));
#6160 = DIRECTION('',(-0.,-1.,0.));
#6161 = ADVANCED_FACE('',(#6162),#6173,.F.);
#6162 = FACE_BOUND('',#6163,.T.);
#6163 = EDGE_LOOP('',(#6164,#6165,#6171,#6172));
#6164 = ORIENTED_EDGE('',*,*,#1680,.T.);
#6165 = ORIENTED_EDGE('',*,*,#6166,.T.);
#6166 = EDGE_CURVE('',#1681,#3446,#6167,.T.);
#6167 = LINE('',#6168,#6169);
#6168 = CARTESIAN_POINT('',(270.75,-32.,-8.1E-02));
#6169 = VECTOR('',#6170,1.);
#6170 = DIRECTION('',(0.,0.,1.));
#6171 = ORIENTED_EDGE('',*,*,#3445,.F.);
#6172 = ORIENTED_EDGE('',*,*,#6166,.F.);
#6173 = CYLINDRICAL_SURFACE('',#6174,0.5);
#6174 = AXIS2_PLACEMENT_3D('',#6175,#6176,#6177);
#6175 = CARTESIAN_POINT('',(270.75,-31.5,-8.1E-02));
#6176 = DIRECTION('',(-0.,-0.,-1.));
#6177 = DIRECTION('',(-0.,-1.,0.));
#6178 = ADVANCED_FACE('',(#6179),#6190,.F.);
#6179 = FACE_BOUND('',#6180,.T.);
#6180 = EDGE_LOOP('',(#6181,#6182,#6188,#6189));
#6181 = ORIENTED_EDGE('',*,*,#1691,.T.);
#6182 = ORIENTED_EDGE('',*,*,#6183,.T.);
#6183 = EDGE_CURVE('',#1692,#3457,#6184,.T.);
#6184 = LINE('',#6185,#6186);
#6185 = CARTESIAN_POINT('',(174.5,-13.5,-8.1E-02));
#6186 = VECTOR('',#6187,1.);
#6187 = DIRECTION('',(0.,0.,1.));
#6188 = ORIENTED_EDGE('',*,*,#3456,.F.);
#6189 = ORIENTED_EDGE('',*,*,#6183,.F.);
#6190 = CYLINDRICAL_SURFACE('',#6191,0.5);
#6191 = AXIS2_PLACEMENT_3D('',#6192,#6193,#6194);
#6192 = CARTESIAN_POINT('',(174.5,-13.,-8.1E-02));
#6193 = DIRECTION('',(-0.,-0.,-1.));
#6194 = DIRECTION('',(-0.,-1.,0.));
#6195 = ADVANCED_FACE('',(#6196),#6207,.F.);
#6196 = FACE_BOUND('',#6197,.T.);
#6197 = EDGE_LOOP('',(#6198,#6199,#6205,#6206));
#6198 = ORIENTED_EDGE('',*,*,#1702,.T.);
#6199 = ORIENTED_EDGE('',*,*,#6200,.T.);
#6200 = EDGE_CURVE('',#1703,#3468,#6201,.T.);
#6201 = LINE('',#6202,#6203);
#6202 = CARTESIAN_POINT('',(182.,-13.5,-8.1E-02));
#6203 = VECTOR('',#6204,1.);
#6204 = DIRECTION('',(0.,0.,1.));
#6205 = ORIENTED_EDGE('',*,*,#3467,.F.);
#6206 = ORIENTED_EDGE('',*,*,#6200,.F.);
#6207 = CYLINDRICAL_SURFACE('',#6208,0.5);
#6208 = AXIS2_PLACEMENT_3D('',#6209,#6210,#6211);
#6209 = CARTESIAN_POINT('',(182.,-13.,-8.1E-02));
#6210 = DIRECTION('',(-0.,-0.,-1.));
#6211 = DIRECTION('',(-0.,-1.,0.));
#6212 = ADVANCED_FACE('',(#6213),#6224,.F.);
#6213 = FACE_BOUND('',#6214,.T.);
#6214 = EDGE_LOOP('',(#6215,#6216,#6222,#6223));
#6215 = ORIENTED_EDGE('',*,*,#1713,.T.);
#6216 = ORIENTED_EDGE('',*,*,#6217,.T.);
#6217 = EDGE_CURVE('',#1714,#3479,#6218,.T.);
#6218 = LINE('',#6219,#6220);
#6219 = CARTESIAN_POINT('',(210.25,-15.5,-8.1E-02));
#6220 = VECTOR('',#6221,1.);
#6221 = DIRECTION('',(0.,0.,1.));
#6222 = ORIENTED_EDGE('',*,*,#3478,.F.);
#6223 = ORIENTED_EDGE('',*,*,#6217,.F.);
#6224 = CYLINDRICAL_SURFACE('',#6225,0.5);
#6225 = AXIS2_PLACEMENT_3D('',#6226,#6227,#6228);
#6226 = CARTESIAN_POINT('',(210.25,-15.,-8.1E-02));
#6227 = DIRECTION('',(-0.,-0.,-1.));
#6228 = DIRECTION('',(-0.,-1.,0.));
#6229 = ADVANCED_FACE('',(#6230),#6241,.F.);
#6230 = FACE_BOUND('',#6231,.T.);
#6231 = EDGE_LOOP('',(#6232,#6233,#6239,#6240));
#6232 = ORIENTED_EDGE('',*,*,#1724,.T.);
#6233 = ORIENTED_EDGE('',*,*,#6234,.T.);
#6234 = EDGE_CURVE('',#1725,#3490,#6235,.T.);
#6235 = LINE('',#6236,#6237);
#6236 = CARTESIAN_POINT('',(217.75,-15.5,-8.1E-02));
#6237 = VECTOR('',#6238,1.);
#6238 = DIRECTION('',(0.,0.,1.));
#6239 = ORIENTED_EDGE('',*,*,#3489,.F.);
#6240 = ORIENTED_EDGE('',*,*,#6234,.F.);
#6241 = CYLINDRICAL_SURFACE('',#6242,0.5);
#6242 = AXIS2_PLACEMENT_3D('',#6243,#6244,#6245);
#6243 = CARTESIAN_POINT('',(217.75,-15.,-8.1E-02));
#6244 = DIRECTION('',(-0.,-0.,-1.));
#6245 = DIRECTION('',(-0.,-1.,0.));
#6246 = ADVANCED_FACE('',(#6247),#6258,.F.);
#6247 = FACE_BOUND('',#6248,.T.);
#6248 = EDGE_LOOP('',(#6249,#6250,#6256,#6257));
#6249 = ORIENTED_EDGE('',*,*,#1735,.T.);
#6250 = ORIENTED_EDGE('',*,*,#6251,.T.);
#6251 = EDGE_CURVE('',#1736,#3501,#6252,.T.);
#6252 = LINE('',#6253,#6254);
#6253 = CARTESIAN_POINT('',(160.25,-1.5,-8.1E-02));
#6254 = VECTOR('',#6255,1.);
#6255 = DIRECTION('',(0.,0.,1.));
#6256 = ORIENTED_EDGE('',*,*,#3500,.F.);
#6257 = ORIENTED_EDGE('',*,*,#6251,.F.);
#6258 = CYLINDRICAL_SURFACE('',#6259,0.5);
#6259 = AXIS2_PLACEMENT_3D('',#6260,#6261,#6262);
#6260 = CARTESIAN_POINT('',(160.25,-1.,-8.1E-02));
#6261 = DIRECTION('',(-0.,-0.,-1.));
#6262 = DIRECTION('',(-0.,-1.,0.));
#6263 = ADVANCED_FACE('',(#6264),#6275,.F.);
#6264 = FACE_BOUND('',#6265,.T.);
#6265 = EDGE_LOOP('',(#6266,#6267,#6273,#6274));
#6266 = ORIENTED_EDGE('',*,*,#1746,.T.);
#6267 = ORIENTED_EDGE('',*,*,#6268,.T.);
#6268 = EDGE_CURVE('',#1747,#3512,#6269,.T.);
#6269 = LINE('',#6270,#6271);
#6270 = CARTESIAN_POINT('',(167.75,-1.5,-8.1E-02));
#6271 = VECTOR('',#6272,1.);
#6272 = DIRECTION('',(0.,0.,1.));
#6273 = ORIENTED_EDGE('',*,*,#3511,.F.);
#6274 = ORIENTED_EDGE('',*,*,#6268,.F.);
#6275 = CYLINDRICAL_SURFACE('',#6276,0.5);
#6276 = AXIS2_PLACEMENT_3D('',#6277,#6278,#6279);
#6277 = CARTESIAN_POINT('',(167.75,-1.,-8.1E-02));
#6278 = DIRECTION('',(-0.,-0.,-1.));
#6279 = DIRECTION('',(-0.,-1.,0.));
#6280 = ADVANCED_FACE('',(#6281),#6292,.F.);
#6281 = FACE_BOUND('',#6282,.T.);
#6282 = EDGE_LOOP('',(#6283,#6284,#6290,#6291));
#6283 = ORIENTED_EDGE('',*,*,#1757,.T.);
#6284 = ORIENTED_EDGE('',*,*,#6285,.T.);
#6285 = EDGE_CURVE('',#1758,#3523,#6286,.T.);
#6286 = LINE('',#6287,#6288);
#6287 = CARTESIAN_POINT('',(198.5,-1.,-8.1E-02));
#6288 = VECTOR('',#6289,1.);
#6289 = DIRECTION('',(0.,0.,1.));
#6290 = ORIENTED_EDGE('',*,*,#3522,.F.);
#6291 = ORIENTED_EDGE('',*,*,#6285,.F.);
#6292 = CYLINDRICAL_SURFACE('',#6293,0.5);
#6293 = AXIS2_PLACEMENT_3D('',#6294,#6295,#6296);
#6294 = CARTESIAN_POINT('',(198.5,-0.5,-8.1E-02));
#6295 = DIRECTION('',(-0.,-0.,-1.));
#6296 = DIRECTION('',(-0.,-1.,0.));
#6297 = ADVANCED_FACE('',(#6298),#6309,.F.);
#6298 = FACE_BOUND('',#6299,.T.);
#6299 = EDGE_LOOP('',(#6300,#6301,#6307,#6308));
#6300 = ORIENTED_EDGE('',*,*,#1768,.T.);
#6301 = ORIENTED_EDGE('',*,*,#6302,.T.);
#6302 = EDGE_CURVE('',#1769,#3534,#6303,.T.);
#6303 = LINE('',#6304,#6305);
#6304 = CARTESIAN_POINT('',(206.,-1.,-8.1E-02));
#6305 = VECTOR('',#6306,1.);
#6306 = DIRECTION('',(0.,0.,1.));
#6307 = ORIENTED_EDGE('',*,*,#3533,.F.);
#6308 = ORIENTED_EDGE('',*,*,#6302,.F.);
#6309 = CYLINDRICAL_SURFACE('',#6310,0.5);
#6310 = AXIS2_PLACEMENT_3D('',#6311,#6312,#6313);
#6311 = CARTESIAN_POINT('',(206.,-0.5,-8.1E-02));
#6312 = DIRECTION('',(-0.,-0.,-1.));
#6313 = DIRECTION('',(-0.,-1.,0.));
#6314 = ADVANCED_FACE('',(#6315),#6326,.F.);
#6315 = FACE_BOUND('',#6316,.T.);
#6316 = EDGE_LOOP('',(#6317,#6318,#6324,#6325));
#6317 = ORIENTED_EDGE('',*,*,#1779,.T.);
#6318 = ORIENTED_EDGE('',*,*,#6319,.T.);
#6319 = EDGE_CURVE('',#1780,#3545,#6320,.T.);
#6320 = LINE('',#6321,#6322);
#6321 = CARTESIAN_POINT('',(185.,-0.2,-8.1E-02));
#6322 = VECTOR('',#6323,1.);
#6323 = DIRECTION('',(0.,0.,1.));
#6324 = ORIENTED_EDGE('',*,*,#3544,.F.);
#6325 = ORIENTED_EDGE('',*,*,#6319,.F.);
#6326 = CYLINDRICAL_SURFACE('',#6327,3.2);
#6327 = AXIS2_PLACEMENT_3D('',#6328,#6329,#6330);
#6328 = CARTESIAN_POINT('',(185.,3.,-8.1E-02));
#6329 = DIRECTION('',(-0.,-0.,-1.));
#6330 = DIRECTION('',(-0.,-1.,0.));
#6331 = ADVANCED_FACE('',(#6332),#6343,.F.);
#6332 = FACE_BOUND('',#6333,.T.);
#6333 = EDGE_LOOP('',(#6334,#6335,#6341,#6342));
#6334 = ORIENTED_EDGE('',*,*,#1790,.T.);
#6335 = ORIENTED_EDGE('',*,*,#6336,.T.);
#6336 = EDGE_CURVE('',#1791,#3556,#6337,.T.);
#6337 = LINE('',#6338,#6339);
#6338 = CARTESIAN_POINT('',(229.25,-16.5,-8.1E-02));
#6339 = VECTOR('',#6340,1.);
#6340 = DIRECTION('',(0.,0.,1.));
#6341 = ORIENTED_EDGE('',*,*,#3555,.F.);
#6342 = ORIENTED_EDGE('',*,*,#6336,.F.);
#6343 = CYLINDRICAL_SURFACE('',#6344,0.5);
#6344 = AXIS2_PLACEMENT_3D('',#6345,#6346,#6347);
#6345 = CARTESIAN_POINT('',(229.25,-16.,-8.1E-02));
#6346 = DIRECTION('',(-0.,-0.,-1.));
#6347 = DIRECTION('',(-0.,-1.,0.));
#6348 = ADVANCED_FACE('',(#6349),#6360,.F.);
#6349 = FACE_BOUND('',#6350,.T.);
#6350 = EDGE_LOOP('',(#6351,#6352,#6358,#6359));
#6351 = ORIENTED_EDGE('',*,*,#1801,.T.);
#6352 = ORIENTED_EDGE('',*,*,#6353,.T.);
#6353 = EDGE_CURVE('',#1802,#3567,#6354,.T.);
#6354 = LINE('',#6355,#6356);
#6355 = CARTESIAN_POINT('',(236.75,-16.5,-8.1E-02));
#6356 = VECTOR('',#6357,1.);
#6357 = DIRECTION('',(0.,0.,1.));
#6358 = ORIENTED_EDGE('',*,*,#3566,.F.);
#6359 = ORIENTED_EDGE('',*,*,#6353,.F.);
#6360 = CYLINDRICAL_SURFACE('',#6361,0.5);
#6361 = AXIS2_PLACEMENT_3D('',#6362,#6363,#6364);
#6362 = CARTESIAN_POINT('',(236.75,-16.,-8.1E-02));
#6363 = DIRECTION('',(-0.,-0.,-1.));
#6364 = DIRECTION('',(-0.,-1.,0.));
#6365 = ADVANCED_FACE('',(#6366),#6377,.F.);
#6366 = FACE_BOUND('',#6367,.T.);
#6367 = EDGE_LOOP('',(#6368,#6369,#6375,#6376));
#6368 = ORIENTED_EDGE('',*,*,#1812,.T.);
#6369 = ORIENTED_EDGE('',*,*,#6370,.T.);
#6370 = EDGE_CURVE('',#1813,#3578,#6371,.T.);
#6371 = LINE('',#6372,#6373);
#6372 = CARTESIAN_POINT('',(247.25,-12.,-8.1E-02));
#6373 = VECTOR('',#6374,1.);
#6374 = DIRECTION('',(0.,0.,1.));
#6375 = ORIENTED_EDGE('',*,*,#3577,.F.);
#6376 = ORIENTED_EDGE('',*,*,#6370,.F.);
#6377 = CYLINDRICAL_SURFACE('',#6378,0.5);
#6378 = AXIS2_PLACEMENT_3D('',#6379,#6380,#6381);
#6379 = CARTESIAN_POINT('',(247.25,-11.5,-8.1E-02));
#6380 = DIRECTION('',(-0.,-0.,-1.));
#6381 = DIRECTION('',(-0.,-1.,0.));
#6382 = ADVANCED_FACE('',(#6383),#6394,.F.);
#6383 = FACE_BOUND('',#6384,.T.);
#6384 = EDGE_LOOP('',(#6385,#6386,#6392,#6393));
#6385 = ORIENTED_EDGE('',*,*,#1823,.T.);
#6386 = ORIENTED_EDGE('',*,*,#6387,.T.);
#6387 = EDGE_CURVE('',#1824,#3589,#6388,.T.);
#6388 = LINE('',#6389,#6390);
#6389 = CARTESIAN_POINT('',(254.75,-12.,-8.1E-02));
#6390 = VECTOR('',#6391,1.);
#6391 = DIRECTION('',(0.,0.,1.));
#6392 = ORIENTED_EDGE('',*,*,#3588,.F.);
#6393 = ORIENTED_EDGE('',*,*,#6387,.F.);
#6394 = CYLINDRICAL_SURFACE('',#6395,0.5);
#6395 = AXIS2_PLACEMENT_3D('',#6396,#6397,#6398);
#6396 = CARTESIAN_POINT('',(254.75,-11.5,-8.1E-02));
#6397 = DIRECTION('',(-0.,-0.,-1.));
#6398 = DIRECTION('',(-0.,-1.,0.));
#6399 = ADVANCED_FACE('',(#6400),#6411,.F.);
#6400 = FACE_BOUND('',#6401,.T.);
#6401 = EDGE_LOOP('',(#6402,#6403,#6409,#6410));
#6402 = ORIENTED_EDGE('',*,*,#1834,.T.);
#6403 = ORIENTED_EDGE('',*,*,#6404,.T.);
#6404 = EDGE_CURVE('',#1835,#3600,#6405,.T.);
#6405 = LINE('',#6406,#6407);
#6406 = CARTESIAN_POINT('',(265.75,-13.5,-8.1E-02));
#6407 = VECTOR('',#6408,1.);
#6408 = DIRECTION('',(0.,0.,1.));
#6409 = ORIENTED_EDGE('',*,*,#3599,.F.);
#6410 = ORIENTED_EDGE('',*,*,#6404,.F.);
#6411 = CYLINDRICAL_SURFACE('',#6412,0.5);
#6412 = AXIS2_PLACEMENT_3D('',#6413,#6414,#6415);
#6413 = CARTESIAN_POINT('',(265.75,-13.,-8.1E-02));
#6414 = DIRECTION('',(-0.,-0.,-1.));
#6415 = DIRECTION('',(-0.,-1.,0.));
#6416 = ADVANCED_FACE('',(#6417),#6428,.F.);
#6417 = FACE_BOUND('',#6418,.T.);
#6418 = EDGE_LOOP('',(#6419,#6420,#6426,#6427));
#6419 = ORIENTED_EDGE('',*,*,#1845,.T.);
#6420 = ORIENTED_EDGE('',*,*,#6421,.T.);
#6421 = EDGE_CURVE('',#1846,#3611,#6422,.T.);
#6422 = LINE('',#6423,#6424);
#6423 = CARTESIAN_POINT('',(273.25,-13.5,-8.1E-02));
#6424 = VECTOR('',#6425,1.);
#6425 = DIRECTION('',(0.,0.,1.));
#6426 = ORIENTED_EDGE('',*,*,#3610,.F.);
#6427 = ORIENTED_EDGE('',*,*,#6421,.F.);
#6428 = CYLINDRICAL_SURFACE('',#6429,0.5);
#6429 = AXIS2_PLACEMENT_3D('',#6430,#6431,#6432);
#6430 = CARTESIAN_POINT('',(273.25,-13.,-8.1E-02));
#6431 = DIRECTION('',(-0.,-0.,-1.));
#6432 = DIRECTION('',(-0.,-1.,0.));
#6433 = ADVANCED_FACE('',(#6434),#6445,.F.);
#6434 = FACE_BOUND('',#6435,.T.);
#6435 = EDGE_LOOP('',(#6436,#6437,#6443,#6444));
#6436 = ORIENTED_EDGE('',*,*,#1856,.T.);
#6437 = ORIENTED_EDGE('',*,*,#6438,.T.);
#6438 = EDGE_CURVE('',#1857,#3622,#6439,.T.);
#6439 = LINE('',#6440,#6441);
#6440 = CARTESIAN_POINT('',(284.,-11.,-8.1E-02));
#6441 = VECTOR('',#6442,1.);
#6442 = DIRECTION('',(0.,0.,1.));
#6443 = ORIENTED_EDGE('',*,*,#3621,.F.);
#6444 = ORIENTED_EDGE('',*,*,#6438,.F.);
#6445 = CYLINDRICAL_SURFACE('',#6446,0.5);
#6446 = AXIS2_PLACEMENT_3D('',#6447,#6448,#6449);
#6447 = CARTESIAN_POINT('',(284.,-10.5,-8.1E-02));
#6448 = DIRECTION('',(-0.,-0.,-1.));
#6449 = DIRECTION('',(-0.,-1.,0.));
#6450 = ADVANCED_FACE('',(#6451),#6462,.F.);
#6451 = FACE_BOUND('',#6452,.T.);
#6452 = EDGE_LOOP('',(#6453,#6454,#6460,#6461));
#6453 = ORIENTED_EDGE('',*,*,#1867,.T.);
#6454 = ORIENTED_EDGE('',*,*,#6455,.T.);
#6455 = EDGE_CURVE('',#1868,#3633,#6456,.T.);
#6456 = LINE('',#6457,#6458);
#6457 = CARTESIAN_POINT('',(291.5,-11.,-8.1E-02));
#6458 = VECTOR('',#6459,1.);
#6459 = DIRECTION('',(0.,0.,1.));
#6460 = ORIENTED_EDGE('',*,*,#3632,.F.);
#6461 = ORIENTED_EDGE('',*,*,#6455,.F.);
#6462 = CYLINDRICAL_SURFACE('',#6463,0.5);
#6463 = AXIS2_PLACEMENT_3D('',#6464,#6465,#6466);
#6464 = CARTESIAN_POINT('',(291.5,-10.5,-8.1E-02));
#6465 = DIRECTION('',(-0.,-0.,-1.));
#6466 = DIRECTION('',(-0.,-1.,0.));
#6467 = ADVANCED_FACE('',(#6468),#6479,.F.);
#6468 = FACE_BOUND('',#6469,.T.);
#6469 = EDGE_LOOP('',(#6470,#6471,#6477,#6478));
#6470 = ORIENTED_EDGE('',*,*,#1878,.T.);
#6471 = ORIENTED_EDGE('',*,*,#6472,.T.);
#6472 = EDGE_CURVE('',#1879,#3644,#6473,.T.);
#6473 = LINE('',#6474,#6475);
#6474 = CARTESIAN_POINT('',(249.,8.881784197001E-16,-8.1E-02));
#6475 = VECTOR('',#6476,1.);
#6476 = DIRECTION('',(0.,0.,1.));
#6477 = ORIENTED_EDGE('',*,*,#3643,.F.);
#6478 = ORIENTED_EDGE('',*,*,#6472,.F.);
#6479 = CYLINDRICAL_SURFACE('',#6480,3.);
#6480 = AXIS2_PLACEMENT_3D('',#6481,#6482,#6483);
#6481 = CARTESIAN_POINT('',(249.,3.,-8.1E-02));
#6482 = DIRECTION('',(-0.,-0.,-1.));
#6483 = DIRECTION('',(-0.,-1.,0.));
#6484 = ADVANCED_FACE('',(#6485),#6496,.F.);
#6485 = FACE_BOUND('',#6486,.T.);
#6486 = EDGE_LOOP('',(#6487,#6488,#6494,#6495));
#6487 = ORIENTED_EDGE('',*,*,#1889,.T.);
#6488 = ORIENTED_EDGE('',*,*,#6489,.T.);
#6489 = EDGE_CURVE('',#1890,#3655,#6490,.T.);
#6490 = LINE('',#6491,#6492);
#6491 = CARTESIAN_POINT('',(275.,-0.2,-8.1E-02));
#6492 = VECTOR('',#6493,1.);
#6493 = DIRECTION('',(0.,0.,1.));
#6494 = ORIENTED_EDGE('',*,*,#3654,.F.);
#6495 = ORIENTED_EDGE('',*,*,#6489,.F.);
#6496 = CYLINDRICAL_SURFACE('',#6497,3.2);
#6497 = AXIS2_PLACEMENT_3D('',#6498,#6499,#6500);
#6498 = CARTESIAN_POINT('',(275.,3.,-8.1E-02));
#6499 = DIRECTION('',(-0.,-0.,-1.));
#6500 = DIRECTION('',(-0.,-1.,0.));
#6501 = ( GEOMETRIC_REPRESENTATION_CONTEXT(3) 
GLOBAL_UNCERTAINTY_ASSIGNED_CONTEXT((#6505)) 
GLOBAL_UNIT_ASSIGNED_CONTEXT((#6502,#6503,#6504)) REPRESENTATION_CONTEXT
('Context #1','3D Context with UNIT and UNCERTAINTY') );
#6502 = ( LENGTH_UNIT() NAMED_UNIT(*) SI_UNIT(.MILLI.,.METRE.) );
#6503 = ( NAMED_UNIT(*) PLANE_ANGLE_UNIT() SI_UNIT($,.RADIAN.) );
#6504 = ( NAMED_UNIT(*) SI_UNIT($,.STERADIAN.) SOLID_ANGLE_UNIT() );
#6505 = UNCERTAINTY_MEASURE_WITH_UNIT(LENGTH_MEASURE(1.E-07),#6502,
  'distance_accuracy_value','confusion accuracy');
#6506 = CONTEXT_DEPENDENT_SHAPE_REPRESENTATION(#6507,#6509);
#6507 = ( REPRESENTATION_RELATIONSHIP('','',#32,#10) 
REPRESENTATION_RELATIONSHIP_WITH_TRANSFORMATION(#6508) 
SHAPE_REPRESENTATION_RELATIONSHIP() );
#6508 = ITEM_DEFINED_TRANSFORMATION('','',#11,#15);
#6509 = PRODUCT_DEFINITION_SHAPE('Placement','Placement of an item',
  #6510);
#6510 = NEXT_ASSEMBLY_USAGE_OCCURRENCE('1','=>[0:1:1:2]','',#5,#27,$);
#6511 = PRODUCT_RELATED_PRODUCT_CATEGORY('part',$,(#29));
#6512 = MECHANICAL_DESIGN_GEOMETRIC_PRESENTATION_REPRESENTATION('',(
    #6513),#6501);
#6513 = STYLED_ITEM('color',(#6514),#33);
#6514 = PRESENTATION_STYLE_ASSIGNMENT((#6515));
#6515 = SURFACE_STYLE_USAGE(.BOTH.,#6516);
#6516 = SURFACE_SIDE_STYLE('',(#6517));
#6517 = SURFACE_STYLE_FILL_AREA(#6518);
#6518 = FILL_AREA_STYLE('',(#6519));
#6519 = FILL_AREA_STYLE_COLOUR('',#6520);
#6520 = COLOUR_RGB('',0.313304153717,0.484529207832,0.410020903123);
ENDSEC;
END-ISO-10303-21;
