ISO-10303-21;
HEADER;
FILE_DESCRIPTION(('KiCad electronic assembly'),'2;1');
FILE_NAME('HW-C2-PCB-IO-A.step','2026-08-28T21:21:58',('Pcbnew'),(
    'Kicad'),'Open CASCADE STEP processor 7.9','KiCad to STEP converter'
  ,'Unknown');
FILE_SCHEMA(('AUTOMOTIVE_DESIGN { 1 0 10303 214 1 1 1 1 }'));
ENDSEC;
DATA;
#1 = APPLICATION_PROTOCOL_DEFINITION('international standard',
  'automotive_design',2000,#2);
#2 = APPLICATION_CONTEXT(
  'core data for automotive mechanical design processes');
#3 = SHAPE_DEFINITION_REPRESENTATION(#4,#10);
#4 = PRODUCT_DEFINITION_SHAPE('','',#5);
#5 = PRODUCT_DEFINITION('design','',#6,#9);
#6 = PRODUCT_DEFINITION_FORMATION('','',#7);
#7 = PRODUCT('HW-C2-PCB-IO-A 1','HW-C2-PCB-IO-A 1','',(#8));
#8 = PRODUCT_CONTEXT('',#2,'mechanical');
#9 = PRODUCT_DEFINITION_CONTEXT('part definition',#2,'design');
#10 = SHAPE_REPRESENTATION('',(#11,#15,#19,#23,#27,#31),#35);
#11 = AXIS2_PLACEMENT_3D('',#12,#13,#14);
#12 = CARTESIAN_POINT('',(0.,0.,0.));
#13 = DIRECTION('',(0.,0.,1.));
#14 = DIRECTION('',(1.,0.,-0.));
#15 = AXIS2_PLACEMENT_3D('',#16,#17,#18);
#16 = CARTESIAN_POINT('',(203.4,-36.2,1.595));
#17 = DIRECTION('',(0.,0.,1.));
#18 = DIRECTION('',(1.,0.,0.));
#19 = AXIS2_PLACEMENT_3D('',#20,#21,#22);
#20 = CARTESIAN_POINT('',(125.,-41.,1.595));
#21 = DIRECTION('',(0.,0.,1.));
#22 = DIRECTION('',(-1.,1.224646799147E-16,0.));
#23 = AXIS2_PLACEMENT_3D('',#24,#25,#26);
#24 = CARTESIAN_POINT('',(81.295,-20.373999,1.595));
#25 = DIRECTION('',(0.,-0.,1.));
#26 = DIRECTION('',(1.110223024625E-16,1.,0.));
#27 = AXIS2_PLACEMENT_3D('',#28,#29,#30);
#28 = CARTESIAN_POINT('',(246.8,-19.8,-8.5E-02));
#29 = DIRECTION('',(-1.224646799147E-16,-1.359631073447E-32,-1.));
#30 = DIRECTION('',(1.110223024625E-16,-1.,0.));
#31 = AXIS2_PLACEMENT_3D('',#32,#33,#34);
#32 = CARTESIAN_POINT('',(0.,0.,0.));
#33 = DIRECTION('',(0.,0.,1.));
#34 = DIRECTION('',(1.,0.,-0.));
#35 = ( GEOMETRIC_REPRESENTATION_CONTEXT(3) 
GLOBAL_UNCERTAINTY_ASSIGNED_CONTEXT((#39)) GLOBAL_UNIT_ASSIGNED_CONTEXT(
(#36,#37,#38)) REPRESENTATION_CONTEXT('Context #1',
  '3D Context with UNIT and UNCERTAINTY') );
#36 = ( LENGTH_UNIT() NAMED_UNIT(*) SI_UNIT(.MILLI.,.METRE.) );
#37 = ( NAMED_UNIT(*) PLANE_ANGLE_UNIT() SI_UNIT($,.RADIAN.) );
#38 = ( NAMED_UNIT(*) SI_UNIT($,.STERADIAN.) SOLID_ANGLE_UNIT() );
#39 = UNCERTAINTY_MEASURE_WITH_UNIT(LENGTH_MEASURE(1.E-07),#36,
  'distance_accuracy_value','confusion accuracy');
#40 = PRODUCT_RELATED_PRODUCT_CATEGORY('part',$,(#7));
#41 = SHAPE_DEFINITION_REPRESENTATION(#42,#48);
#42 = PRODUCT_DEFINITION_SHAPE('','',#43);
#43 = PRODUCT_DEFINITION('design','',#44,#47);
#44 = PRODUCT_DEFINITION_FORMATION('','',#45);
#45 = PRODUCT('C_1210_3225Metric','C_1210_3225Metric','',(#46));
#46 = PRODUCT_CONTEXT('',#2,'mechanical');
#47 = PRODUCT_DEFINITION_CONTEXT('part definition',#2,'design');
#48 = SHAPE_REPRESENTATION('',(#11,#49),#53);
#49 = AXIS2_PLACEMENT_3D('',#50,#51,#52);
#50 = CARTESIAN_POINT('',(0.,0.,0.));
#51 = DIRECTION('',(0.,0.,1.));
#52 = DIRECTION('',(1.,0.,-0.));
#53 = ( GEOMETRIC_REPRESENTATION_CONTEXT(3) 
GLOBAL_UNCERTAINTY_ASSIGNED_CONTEXT((#57)) GLOBAL_UNIT_ASSIGNED_CONTEXT(
(#54,#55,#56)) REPRESENTATION_CONTEXT('Context #1',
  '3D Context with UNIT and UNCERTAINTY') );
#54 = ( LENGTH_UNIT() NAMED_UNIT(*) SI_UNIT(.MILLI.,.METRE.) );
#55 = ( NAMED_UNIT(*) PLANE_ANGLE_UNIT() SI_UNIT($,.RADIAN.) );
#56 = ( NAMED_UNIT(*) SI_UNIT($,.STERADIAN.) SOLID_ANGLE_UNIT() );
#57 = UNCERTAINTY_MEASURE_WITH_UNIT(LENGTH_MEASURE(1.E-07),#54,
  'distance_accuracy_value','confusion accuracy');
#58 = CONTEXT_DEPENDENT_SHAPE_REPRESENTATION(#59,#61);
#59 = ( REPRESENTATION_RELATIONSHIP('','',#48,#10) 
REPRESENTATION_RELATIONSHIP_WITH_TRANSFORMATION(#60) 
SHAPE_REPRESENTATION_RELATIONSHIP() );
#60 = ITEM_DEFINED_TRANSFORMATION('','',#11,#15);
#61 = PRODUCT_DEFINITION_SHAPE('Placement','Placement of an item',#62);
#62 = NEXT_ASSEMBLY_USAGE_OCCURRENCE('2','C188','',#5,#43,$);
#63 = PRODUCT_RELATED_PRODUCT_CATEGORY('part',$,(#45));
#64 = SHAPE_DEFINITION_REPRESENTATION(#65,#71);
#65 = PRODUCT_DEFINITION_SHAPE('','',#66);
#66 = PRODUCT_DEFINITION('design','',#67,#70);
#67 = PRODUCT_DEFINITION_FORMATION('','',#68);
#68 = PRODUCT('C_1210_3225Metric','C_1210_3225Metric','',(#69));
#69 = PRODUCT_CONTEXT('',#2,'mechanical');
#70 = PRODUCT_DEFINITION_CONTEXT('part definition',#2,'design');
#71 = ADVANCED_BREP_SHAPE_REPRESENTATION('',(#11,#72),#926);
#72 = MANIFOLD_SOLID_BREP('',#73);
#73 = CLOSED_SHELL('',(#74,#150,#181,#206,#231,#255,#279,#304,#329,#346,
    #432,#464,#488,#513,#537,#562,#586,#611,#628,#714,#745,#770,#795,
    #819,#843,#868,#893,#910));
#74 = ADVANCED_FACE('',(#75),#145,.F.);
#75 = FACE_BOUND('',#76,.F.);
#76 = EDGE_LOOP('',(#77,#87,#96,#104,#113,#121,#130,#138));
#77 = ORIENTED_EDGE('',*,*,#78,.F.);
#78 = EDGE_CURVE('',#79,#81,#83,.T.);
#79 = VERTEX_POINT('',#80);
#80 = CARTESIAN_POINT('',(-1.6,-1.25,4.E-02));
#81 = VERTEX_POINT('',#82);
#82 = CARTESIAN_POINT('',(-1.6,-1.25,2.46));
#83 = LINE('',#84,#85);
#84 = CARTESIAN_POINT('',(-1.6,-1.25,0.));
#85 = VECTOR('',#86,1.);
#86 = DIRECTION('',(0.,0.,1.));
#87 = ORIENTED_EDGE('',*,*,#88,.T.);
#88 = EDGE_CURVE('',#79,#89,#91,.T.);
#89 = VERTEX_POINT('',#90);
#90 = CARTESIAN_POINT('',(-1.6,-1.21,0.));
#91 = CIRCLE('',#92,4.E-02);
#92 = AXIS2_PLACEMENT_3D('',#93,#94,#95);
#93 = CARTESIAN_POINT('',(-1.6,-1.21,4.E-02));
#94 = DIRECTION('',(1.,0.,-0.));
#95 = DIRECTION('',(0.,0.,1.));
#96 = ORIENTED_EDGE('',*,*,#97,.T.);
#97 = EDGE_CURVE('',#89,#98,#100,.T.);
#98 = VERTEX_POINT('',#99);
#99 = CARTESIAN_POINT('',(-1.6,1.21,0.));
#100 = LINE('',#101,#102);
#101 = CARTESIAN_POINT('',(-1.6,-1.25,0.));
#102 = VECTOR('',#103,1.);
#103 = DIRECTION('',(0.,1.,0.));
#104 = ORIENTED_EDGE('',*,*,#105,.F.);
#105 = EDGE_CURVE('',#106,#98,#108,.T.);
#106 = VERTEX_POINT('',#107);
#107 = CARTESIAN_POINT('',(-1.6,1.25,4.E-02));
#108 = CIRCLE('',#109,4.E-02);
#109 = AXIS2_PLACEMENT_3D('',#110,#111,#112);
#110 = CARTESIAN_POINT('',(-1.6,1.21,4.E-02));
#111 = DIRECTION('',(-1.,0.,0.));
#112 = DIRECTION('',(0.,0.,1.));
#113 = ORIENTED_EDGE('',*,*,#114,.T.);
#114 = EDGE_CURVE('',#106,#115,#117,.T.);
#115 = VERTEX_POINT('',#116);
#116 = CARTESIAN_POINT('',(-1.6,1.25,2.46));
#117 = LINE('',#118,#119);
#118 = CARTESIAN_POINT('',(-1.6,1.25,0.));
#119 = VECTOR('',#120,1.);
#120 = DIRECTION('',(0.,0.,1.));
#121 = ORIENTED_EDGE('',*,*,#122,.T.);
#122 = EDGE_CURVE('',#115,#123,#125,.T.);
#123 = VERTEX_POINT('',#124);
#124 = CARTESIAN_POINT('',(-1.6,1.21,2.5));
#125 = CIRCLE('',#126,4.E-02);
#126 = AXIS2_PLACEMENT_3D('',#127,#128,#129);
#127 = CARTESIAN_POINT('',(-1.6,1.21,2.46));
#128 = DIRECTION('',(1.,0.,-0.));
#129 = DIRECTION('',(0.,0.,1.));
#130 = ORIENTED_EDGE('',*,*,#131,.F.);
#131 = EDGE_CURVE('',#132,#123,#134,.T.);
#132 = VERTEX_POINT('',#133);
#133 = CARTESIAN_POINT('',(-1.6,-1.21,2.5));
#134 = LINE('',#135,#136);
#135 = CARTESIAN_POINT('',(-1.6,-1.25,2.5));
#136 = VECTOR('',#137,1.);
#137 = DIRECTION('',(0.,1.,0.));
#138 = ORIENTED_EDGE('',*,*,#139,.F.);
#139 = EDGE_CURVE('',#81,#132,#140,.T.);
#140 = CIRCLE('',#141,4.E-02);
#141 = AXIS2_PLACEMENT_3D('',#142,#143,#144);
#142 = CARTESIAN_POINT('',(-1.6,-1.21,2.46));
#143 = DIRECTION('',(-1.,0.,0.));
#144 = DIRECTION('',(0.,0.,1.));
#145 = PLANE('',#146);
#146 = AXIS2_PLACEMENT_3D('',#147,#148,#149);
#147 = CARTESIAN_POINT('',(-1.6,-1.25,0.));
#148 = DIRECTION('',(1.,0.,0.));
#149 = DIRECTION('',(0.,0.,1.));
#150 = ADVANCED_FACE('',(#151),#176,.F.);
#151 = FACE_BOUND('',#152,.F.);
#152 = EDGE_LOOP('',(#153,#163,#169,#170));
#153 = ORIENTED_EDGE('',*,*,#154,.F.);
#154 = EDGE_CURVE('',#155,#157,#159,.T.);
#155 = VERTEX_POINT('',#156);
#156 = CARTESIAN_POINT('',(-1.2,-1.25,4.E-02));
#157 = VERTEX_POINT('',#158);
#158 = CARTESIAN_POINT('',(-1.2,-1.25,2.46));
#159 = LINE('',#160,#161);
#160 = CARTESIAN_POINT('',(-1.2,-1.25,0.));
#161 = VECTOR('',#162,1.);
#162 = DIRECTION('',(0.,0.,1.));
#163 = ORIENTED_EDGE('',*,*,#164,.F.);
#164 = EDGE_CURVE('',#79,#155,#165,.T.);
#165 = LINE('',#166,#167);
#166 = CARTESIAN_POINT('',(-1.6,-1.25,4.E-02));
#167 = VECTOR('',#168,1.);
#168 = DIRECTION('',(1.,0.,0.));
#169 = ORIENTED_EDGE('',*,*,#78,.T.);
#170 = ORIENTED_EDGE('',*,*,#171,.T.);
#171 = EDGE_CURVE('',#81,#157,#172,.T.);
#172 = LINE('',#173,#174);
#173 = CARTESIAN_POINT('',(-1.6,-1.25,2.46));
#174 = VECTOR('',#175,1.);
#175 = DIRECTION('',(1.,0.,0.));
#176 = PLANE('',#177);
#177 = AXIS2_PLACEMENT_3D('',#178,#179,#180);
#178 = CARTESIAN_POINT('',(-1.6,-1.25,0.));
#179 = DIRECTION('',(0.,1.,0.));
#180 = DIRECTION('',(0.,-0.,1.));
#181 = ADVANCED_FACE('',(#182),#201,.T.);
#182 = FACE_BOUND('',#183,.T.);
#183 = EDGE_LOOP('',(#184,#185,#193,#200));
#184 = ORIENTED_EDGE('',*,*,#88,.T.);
#185 = ORIENTED_EDGE('',*,*,#186,.T.);
#186 = EDGE_CURVE('',#89,#187,#189,.T.);
#187 = VERTEX_POINT('',#188);
#188 = CARTESIAN_POINT('',(-1.2,-1.21,0.));
#189 = LINE('',#190,#191);
#190 = CARTESIAN_POINT('',(-1.6,-1.21,0.));
#191 = VECTOR('',#192,1.);
#192 = DIRECTION('',(1.,0.,0.));
#193 = ORIENTED_EDGE('',*,*,#194,.F.);
#194 = EDGE_CURVE('',#155,#187,#195,.T.);
#195 = CIRCLE('',#196,4.E-02);
#196 = AXIS2_PLACEMENT_3D('',#197,#198,#199);
#197 = CARTESIAN_POINT('',(-1.2,-1.21,4.E-02));
#198 = DIRECTION('',(1.,0.,-0.));
#199 = DIRECTION('',(0.,0.,1.));
#200 = ORIENTED_EDGE('',*,*,#164,.F.);
#201 = CYLINDRICAL_SURFACE('',#202,4.E-02);
#202 = AXIS2_PLACEMENT_3D('',#203,#204,#205);
#203 = CARTESIAN_POINT('',(-1.6,-1.21,4.E-02));
#204 = DIRECTION('',(1.,0.,0.));
#205 = DIRECTION('',(0.,-1.,0.));
#206 = ADVANCED_FACE('',(#207),#226,.T.);
#207 = FACE_BOUND('',#208,.T.);
#208 = EDGE_LOOP('',(#209,#210,#219,#225));
#209 = ORIENTED_EDGE('',*,*,#171,.T.);
#210 = ORIENTED_EDGE('',*,*,#211,.T.);
#211 = EDGE_CURVE('',#157,#212,#214,.T.);
#212 = VERTEX_POINT('',#213);
#213 = CARTESIAN_POINT('',(-1.2,-1.21,2.5));
#214 = CIRCLE('',#215,4.E-02);
#215 = AXIS2_PLACEMENT_3D('',#216,#217,#218);
#216 = CARTESIAN_POINT('',(-1.2,-1.21,2.46));
#217 = DIRECTION('',(-1.,0.,0.));
#218 = DIRECTION('',(0.,0.,1.));
#219 = ORIENTED_EDGE('',*,*,#220,.F.);
#220 = EDGE_CURVE('',#132,#212,#221,.T.);
#221 = LINE('',#222,#223);
#222 = CARTESIAN_POINT('',(-1.6,-1.21,2.5));
#223 = VECTOR('',#224,1.);
#224 = DIRECTION('',(1.,0.,0.));
#225 = ORIENTED_EDGE('',*,*,#139,.F.);
#226 = CYLINDRICAL_SURFACE('',#227,4.E-02);
#227 = AXIS2_PLACEMENT_3D('',#228,#229,#230);
#228 = CARTESIAN_POINT('',(-1.6,-1.21,2.46));
#229 = DIRECTION('',(1.,0.,0.));
#230 = DIRECTION('',(0.,-1.,0.));
#231 = ADVANCED_FACE('',(#232),#250,.F.);
#232 = FACE_BOUND('',#233,.F.);
#233 = EDGE_LOOP('',(#234,#235,#236,#244));
#234 = ORIENTED_EDGE('',*,*,#97,.F.);
#235 = ORIENTED_EDGE('',*,*,#186,.T.);
#236 = ORIENTED_EDGE('',*,*,#237,.T.);
#237 = EDGE_CURVE('',#187,#238,#240,.T.);
#238 = VERTEX_POINT('',#239);
#239 = CARTESIAN_POINT('',(-1.2,1.21,0.));
#240 = LINE('',#241,#242);
#241 = CARTESIAN_POINT('',(-1.2,-1.25,0.));
#242 = VECTOR('',#243,1.);
#243 = DIRECTION('',(0.,1.,0.));
#244 = ORIENTED_EDGE('',*,*,#245,.F.);
#245 = EDGE_CURVE('',#98,#238,#246,.T.);
#246 = LINE('',#247,#248);
#247 = CARTESIAN_POINT('',(-1.6,1.21,0.));
#248 = VECTOR('',#249,1.);
#249 = DIRECTION('',(1.,0.,0.));
#250 = PLANE('',#251);
#251 = AXIS2_PLACEMENT_3D('',#252,#253,#254);
#252 = CARTESIAN_POINT('',(-1.6,-1.25,0.));
#253 = DIRECTION('',(0.,0.,1.));
#254 = DIRECTION('',(1.,0.,-0.));
#255 = ADVANCED_FACE('',(#256),#274,.T.);
#256 = FACE_BOUND('',#257,.T.);
#257 = EDGE_LOOP('',(#258,#259,#260,#268));
#258 = ORIENTED_EDGE('',*,*,#131,.F.);
#259 = ORIENTED_EDGE('',*,*,#220,.T.);
#260 = ORIENTED_EDGE('',*,*,#261,.T.);
#261 = EDGE_CURVE('',#212,#262,#264,.T.);
#262 = VERTEX_POINT('',#263);
#263 = CARTESIAN_POINT('',(-1.2,1.21,2.5));
#264 = LINE('',#265,#266);
#265 = CARTESIAN_POINT('',(-1.2,-1.25,2.5));
#266 = VECTOR('',#267,1.);
#267 = DIRECTION('',(0.,1.,0.));
#268 = ORIENTED_EDGE('',*,*,#269,.F.);
#269 = EDGE_CURVE('',#123,#262,#270,.T.);
#270 = LINE('',#271,#272);
#271 = CARTESIAN_POINT('',(-1.6,1.21,2.5));
#272 = VECTOR('',#273,1.);
#273 = DIRECTION('',(1.,0.,0.));
#274 = PLANE('',#275);
#275 = AXIS2_PLACEMENT_3D('',#276,#277,#278);
#276 = CARTESIAN_POINT('',(-1.6,-1.25,2.5));
#277 = DIRECTION('',(0.,0.,1.));
#278 = DIRECTION('',(1.,0.,-0.));
#279 = ADVANCED_FACE('',(#280),#299,.T.);
#280 = FACE_BOUND('',#281,.T.);
#281 = EDGE_LOOP('',(#282,#290,#297,#298));
#282 = ORIENTED_EDGE('',*,*,#283,.T.);
#283 = EDGE_CURVE('',#106,#284,#286,.T.);
#284 = VERTEX_POINT('',#285);
#285 = CARTESIAN_POINT('',(-1.2,1.25,4.E-02));
#286 = LINE('',#287,#288);
#287 = CARTESIAN_POINT('',(-1.6,1.25,4.E-02));
#288 = VECTOR('',#289,1.);
#289 = DIRECTION('',(1.,0.,0.));
#290 = ORIENTED_EDGE('',*,*,#291,.T.);
#291 = EDGE_CURVE('',#284,#238,#292,.T.);
#292 = CIRCLE('',#293,4.E-02);
#293 = AXIS2_PLACEMENT_3D('',#294,#295,#296);
#294 = CARTESIAN_POINT('',(-1.2,1.21,4.E-02));
#295 = DIRECTION('',(-1.,0.,0.));
#296 = DIRECTION('',(0.,0.,1.));
#297 = ORIENTED_EDGE('',*,*,#245,.F.);
#298 = ORIENTED_EDGE('',*,*,#105,.F.);
#299 = CYLINDRICAL_SURFACE('',#300,4.E-02);
#300 = AXIS2_PLACEMENT_3D('',#301,#302,#303);
#301 = CARTESIAN_POINT('',(-1.6,1.21,4.E-02));
#302 = DIRECTION('',(1.,0.,0.));
#303 = DIRECTION('',(-0.,1.,0.));
#304 = ADVANCED_FACE('',(#305),#324,.T.);
#305 = FACE_BOUND('',#306,.T.);
#306 = EDGE_LOOP('',(#307,#308,#309,#318));
#307 = ORIENTED_EDGE('',*,*,#122,.T.);
#308 = ORIENTED_EDGE('',*,*,#269,.T.);
#309 = ORIENTED_EDGE('',*,*,#310,.F.);
#310 = EDGE_CURVE('',#311,#262,#313,.T.);
#311 = VERTEX_POINT('',#312);
#312 = CARTESIAN_POINT('',(-1.2,1.25,2.46));
#313 = CIRCLE('',#314,4.E-02);
#314 = AXIS2_PLACEMENT_3D('',#315,#316,#317);
#315 = CARTESIAN_POINT('',(-1.2,1.21,2.46));
#316 = DIRECTION('',(1.,0.,-0.));
#317 = DIRECTION('',(0.,0.,1.));
#318 = ORIENTED_EDGE('',*,*,#319,.F.);
#319 = EDGE_CURVE('',#115,#311,#320,.T.);
#320 = LINE('',#321,#322);
#321 = CARTESIAN_POINT('',(-1.6,1.25,2.46));
#322 = VECTOR('',#323,1.);
#323 = DIRECTION('',(1.,0.,0.));
#324 = CYLINDRICAL_SURFACE('',#325,4.E-02);
#325 = AXIS2_PLACEMENT_3D('',#326,#327,#328);
#326 = CARTESIAN_POINT('',(-1.6,1.21,2.46));
#327 = DIRECTION('',(1.,0.,0.));
#328 = DIRECTION('',(-0.,1.,0.));
#329 = ADVANCED_FACE('',(#330),#341,.T.);
#330 = FACE_BOUND('',#331,.T.);
#331 = EDGE_LOOP('',(#332,#338,#339,#340));
#332 = ORIENTED_EDGE('',*,*,#333,.F.);
#333 = EDGE_CURVE('',#284,#311,#334,.T.);
#334 = LINE('',#335,#336);
#335 = CARTESIAN_POINT('',(-1.2,1.25,0.));
#336 = VECTOR('',#337,1.);
#337 = DIRECTION('',(0.,0.,1.));
#338 = ORIENTED_EDGE('',*,*,#283,.F.);
#339 = ORIENTED_EDGE('',*,*,#114,.T.);
#340 = ORIENTED_EDGE('',*,*,#319,.T.);
#341 = PLANE('',#342);
#342 = AXIS2_PLACEMENT_3D('',#343,#344,#345);
#343 = CARTESIAN_POINT('',(-1.6,1.25,0.));
#344 = DIRECTION('',(0.,1.,0.));
#345 = DIRECTION('',(0.,-0.,1.));
#346 = ADVANCED_FACE('',(#347,#357),#427,.T.);
#347 = FACE_BOUND('',#348,.T.);
#348 = EDGE_LOOP('',(#349,#350,#351,#352,#353,#354,#355,#356));
#349 = ORIENTED_EDGE('',*,*,#154,.F.);
#350 = ORIENTED_EDGE('',*,*,#194,.T.);
#351 = ORIENTED_EDGE('',*,*,#237,.T.);
#352 = ORIENTED_EDGE('',*,*,#291,.F.);
#353 = ORIENTED_EDGE('',*,*,#333,.T.);
#354 = ORIENTED_EDGE('',*,*,#310,.T.);
#355 = ORIENTED_EDGE('',*,*,#261,.F.);
#356 = ORIENTED_EDGE('',*,*,#211,.F.);
#357 = FACE_BOUND('',#358,.T.);
#358 = EDGE_LOOP('',(#359,#370,#378,#387,#395,#404,#412,#421));
#359 = ORIENTED_EDGE('',*,*,#360,.F.);
#360 = EDGE_CURVE('',#361,#363,#365,.T.);
#361 = VERTEX_POINT('',#362);
#362 = CARTESIAN_POINT('',(-1.2,-1.21,8.E-02));
#363 = VERTEX_POINT('',#364);
#364 = CARTESIAN_POINT('',(-1.2,-1.17,4.E-02));
#365 = CIRCLE('',#366,4.E-02);
#366 = AXIS2_PLACEMENT_3D('',#367,#368,#369);
#367 = CARTESIAN_POINT('',(-1.2,-1.17,8.E-02));
#368 = DIRECTION('',(1.,0.,-0.));
#369 = DIRECTION('',(0.,0.,1.));
#370 = ORIENTED_EDGE('',*,*,#371,.T.);
#371 = EDGE_CURVE('',#361,#372,#374,.T.);
#372 = VERTEX_POINT('',#373);
#373 = CARTESIAN_POINT('',(-1.2,-1.21,2.42));
#374 = LINE('',#375,#376);
#375 = CARTESIAN_POINT('',(-1.2,-1.21,4.E-02));
#376 = VECTOR('',#377,1.);
#377 = DIRECTION('',(0.,0.,1.));
#378 = ORIENTED_EDGE('',*,*,#379,.T.);
#379 = EDGE_CURVE('',#372,#380,#382,.T.);
#380 = VERTEX_POINT('',#381);
#381 = CARTESIAN_POINT('',(-1.2,-1.17,2.46));
#382 = CIRCLE('',#383,4.E-02);
#383 = AXIS2_PLACEMENT_3D('',#384,#385,#386);
#384 = CARTESIAN_POINT('',(-1.2,-1.17,2.42));
#385 = DIRECTION('',(-1.,0.,0.));
#386 = DIRECTION('',(0.,0.,1.));
#387 = ORIENTED_EDGE('',*,*,#388,.T.);
#388 = EDGE_CURVE('',#380,#389,#391,.T.);
#389 = VERTEX_POINT('',#390);
#390 = CARTESIAN_POINT('',(-1.2,1.17,2.46));
#391 = LINE('',#392,#393);
#392 = CARTESIAN_POINT('',(-1.2,-1.21,2.46));
#393 = VECTOR('',#394,1.);
#394 = DIRECTION('',(0.,1.,0.));
#395 = ORIENTED_EDGE('',*,*,#396,.F.);
#396 = EDGE_CURVE('',#397,#389,#399,.T.);
#397 = VERTEX_POINT('',#398);
#398 = CARTESIAN_POINT('',(-1.2,1.21,2.42));
#399 = CIRCLE('',#400,4.E-02);
#400 = AXIS2_PLACEMENT_3D('',#401,#402,#403);
#401 = CARTESIAN_POINT('',(-1.2,1.17,2.42));
#402 = DIRECTION('',(1.,0.,-0.));
#403 = DIRECTION('',(0.,0.,1.));
#404 = ORIENTED_EDGE('',*,*,#405,.F.);
#405 = EDGE_CURVE('',#406,#397,#408,.T.);
#406 = VERTEX_POINT('',#407);
#407 = CARTESIAN_POINT('',(-1.2,1.21,8.E-02));
#408 = LINE('',#409,#410);
#409 = CARTESIAN_POINT('',(-1.2,1.21,4.E-02));
#410 = VECTOR('',#411,1.);
#411 = DIRECTION('',(0.,0.,1.));
#412 = ORIENTED_EDGE('',*,*,#413,.T.);
#413 = EDGE_CURVE('',#406,#414,#416,.T.);
#414 = VERTEX_POINT('',#415);
#415 = CARTESIAN_POINT('',(-1.2,1.17,4.E-02));
#416 = CIRCLE('',#417,4.E-02);
#417 = AXIS2_PLACEMENT_3D('',#418,#419,#420);
#418 = CARTESIAN_POINT('',(-1.2,1.17,8.E-02));
#419 = DIRECTION('',(-1.,0.,0.));
#420 = DIRECTION('',(0.,0.,1.));
#421 = ORIENTED_EDGE('',*,*,#422,.F.);
#422 = EDGE_CURVE('',#363,#414,#423,.T.);
#423 = LINE('',#424,#425);
#424 = CARTESIAN_POINT('',(-1.2,-1.21,4.E-02));
#425 = VECTOR('',#426,1.);
#426 = DIRECTION('',(0.,1.,0.));
#427 = PLANE('',#428);
#428 = AXIS2_PLACEMENT_3D('',#429,#430,#431);
#429 = CARTESIAN_POINT('',(-1.2,-1.25,0.));
#430 = DIRECTION('',(1.,0.,0.));
#431 = DIRECTION('',(0.,0.,1.));
#432 = ADVANCED_FACE('',(#433),#459,.T.);
#433 = FACE_BOUND('',#434,.T.);
#434 = EDGE_LOOP('',(#435,#436,#444,#453));
#435 = ORIENTED_EDGE('',*,*,#360,.T.);
#436 = ORIENTED_EDGE('',*,*,#437,.T.);
#437 = EDGE_CURVE('',#363,#438,#440,.T.);
#438 = VERTEX_POINT('',#439);
#439 = CARTESIAN_POINT('',(1.2,-1.17,4.E-02));
#440 = LINE('',#441,#442);
#441 = CARTESIAN_POINT('',(-1.2,-1.17,4.E-02));
#442 = VECTOR('',#443,1.);
#443 = DIRECTION('',(1.,0.,0.));
#444 = ORIENTED_EDGE('',*,*,#445,.F.);
#445 = EDGE_CURVE('',#446,#438,#448,.T.);
#446 = VERTEX_POINT('',#447);
#447 = CARTESIAN_POINT('',(1.2,-1.21,8.E-02));
#448 = CIRCLE('',#449,4.E-02);
#449 = AXIS2_PLACEMENT_3D('',#450,#451,#452);
#450 = CARTESIAN_POINT('',(1.2,-1.17,8.E-02));
#451 = DIRECTION('',(1.,0.,-0.));
#452 = DIRECTION('',(0.,0.,1.));
#453 = ORIENTED_EDGE('',*,*,#454,.F.);
#454 = EDGE_CURVE('',#361,#446,#455,.T.);
#455 = LINE('',#456,#457);
#456 = CARTESIAN_POINT('',(-1.2,-1.21,8.E-02));
#457 = VECTOR('',#458,1.);
#458 = DIRECTION('',(1.,0.,0.));
#459 = CYLINDRICAL_SURFACE('',#460,4.E-02);
#460 = AXIS2_PLACEMENT_3D('',#461,#462,#463);
#461 = CARTESIAN_POINT('',(-1.2,-1.17,8.E-02));
#462 = DIRECTION('',(1.,0.,0.));
#463 = DIRECTION('',(0.,-1.,0.));
#464 = ADVANCED_FACE('',(#465),#483,.F.);
#465 = FACE_BOUND('',#466,.F.);
#466 = EDGE_LOOP('',(#467,#468,#469,#477));
#467 = ORIENTED_EDGE('',*,*,#422,.F.);
#468 = ORIENTED_EDGE('',*,*,#437,.T.);
#469 = ORIENTED_EDGE('',*,*,#470,.T.);
#470 = EDGE_CURVE('',#438,#471,#473,.T.);
#471 = VERTEX_POINT('',#472);
#472 = CARTESIAN_POINT('',(1.2,1.17,4.E-02));
#473 = LINE('',#474,#475);
#474 = CARTESIAN_POINT('',(1.2,-1.21,4.E-02));
#475 = VECTOR('',#476,1.);
#476 = DIRECTION('',(0.,1.,0.));
#477 = ORIENTED_EDGE('',*,*,#478,.F.);
#478 = EDGE_CURVE('',#414,#471,#479,.T.);
#479 = LINE('',#480,#481);
#480 = CARTESIAN_POINT('',(-1.2,1.17,4.E-02));
#481 = VECTOR('',#482,1.);
#482 = DIRECTION('',(1.,0.,0.));
#483 = PLANE('',#484);
#484 = AXIS2_PLACEMENT_3D('',#485,#486,#487);
#485 = CARTESIAN_POINT('',(-1.2,-1.21,4.E-02));
#486 = DIRECTION('',(0.,0.,1.));
#487 = DIRECTION('',(1.,0.,-0.));
#488 = ADVANCED_FACE('',(#489),#508,.T.);
#489 = FACE_BOUND('',#490,.T.);
#490 = EDGE_LOOP('',(#491,#499,#506,#507));
#491 = ORIENTED_EDGE('',*,*,#492,.T.);
#492 = EDGE_CURVE('',#406,#493,#495,.T.);
#493 = VERTEX_POINT('',#494);
#494 = CARTESIAN_POINT('',(1.2,1.21,8.E-02));
#495 = LINE('',#496,#497);
#496 = CARTESIAN_POINT('',(-1.2,1.21,8.E-02));
#497 = VECTOR('',#498,1.);
#498 = DIRECTION('',(1.,0.,0.));
#499 = ORIENTED_EDGE('',*,*,#500,.T.);
#500 = EDGE_CURVE('',#493,#471,#501,.T.);
#501 = CIRCLE('',#502,4.E-02);
#502 = AXIS2_PLACEMENT_3D('',#503,#504,#505);
#503 = CARTESIAN_POINT('',(1.2,1.17,8.E-02));
#504 = DIRECTION('',(-1.,0.,0.));
#505 = DIRECTION('',(0.,0.,1.));
#506 = ORIENTED_EDGE('',*,*,#478,.F.);
#507 = ORIENTED_EDGE('',*,*,#413,.F.);
#508 = CYLINDRICAL_SURFACE('',#509,4.E-02);
#509 = AXIS2_PLACEMENT_3D('',#510,#511,#512);
#510 = CARTESIAN_POINT('',(-1.2,1.17,8.E-02));
#511 = DIRECTION('',(1.,0.,0.));
#512 = DIRECTION('',(-0.,1.,0.));
#513 = ADVANCED_FACE('',(#514),#532,.T.);
#514 = FACE_BOUND('',#515,.T.);
#515 = EDGE_LOOP('',(#516,#524,#525,#526));
#516 = ORIENTED_EDGE('',*,*,#517,.F.);
#517 = EDGE_CURVE('',#493,#518,#520,.T.);
#518 = VERTEX_POINT('',#519);
#519 = CARTESIAN_POINT('',(1.2,1.21,2.42));
#520 = LINE('',#521,#522);
#521 = CARTESIAN_POINT('',(1.2,1.21,4.E-02));
#522 = VECTOR('',#523,1.);
#523 = DIRECTION('',(0.,0.,1.));
#524 = ORIENTED_EDGE('',*,*,#492,.F.);
#525 = ORIENTED_EDGE('',*,*,#405,.T.);
#526 = ORIENTED_EDGE('',*,*,#527,.T.);
#527 = EDGE_CURVE('',#397,#518,#528,.T.);
#528 = LINE('',#529,#530);
#529 = CARTESIAN_POINT('',(-1.2,1.21,2.42));
#530 = VECTOR('',#531,1.);
#531 = DIRECTION('',(1.,0.,0.));
#532 = PLANE('',#533);
#533 = AXIS2_PLACEMENT_3D('',#534,#535,#536);
#534 = CARTESIAN_POINT('',(-1.2,1.21,4.E-02));
#535 = DIRECTION('',(0.,1.,0.));
#536 = DIRECTION('',(0.,-0.,1.));
#537 = ADVANCED_FACE('',(#538),#557,.T.);
#538 = FACE_BOUND('',#539,.T.);
#539 = EDGE_LOOP('',(#540,#541,#549,#556));
#540 = ORIENTED_EDGE('',*,*,#396,.T.);
#541 = ORIENTED_EDGE('',*,*,#542,.T.);
#542 = EDGE_CURVE('',#389,#543,#545,.T.);
#543 = VERTEX_POINT('',#544);
#544 = CARTESIAN_POINT('',(1.2,1.17,2.46));
#545 = LINE('',#546,#547);
#546 = CARTESIAN_POINT('',(-1.2,1.17,2.46));
#547 = VECTOR('',#548,1.);
#548 = DIRECTION('',(1.,0.,0.));
#549 = ORIENTED_EDGE('',*,*,#550,.F.);
#550 = EDGE_CURVE('',#518,#543,#551,.T.);
#551 = CIRCLE('',#552,4.E-02);
#552 = AXIS2_PLACEMENT_3D('',#553,#554,#555);
#553 = CARTESIAN_POINT('',(1.2,1.17,2.42));
#554 = DIRECTION('',(1.,0.,-0.));
#555 = DIRECTION('',(0.,0.,1.));
#556 = ORIENTED_EDGE('',*,*,#527,.F.);
#557 = CYLINDRICAL_SURFACE('',#558,4.E-02);
#558 = AXIS2_PLACEMENT_3D('',#559,#560,#561);
#559 = CARTESIAN_POINT('',(-1.2,1.17,2.42));
#560 = DIRECTION('',(1.,0.,0.));
#561 = DIRECTION('',(-0.,1.,0.));
#562 = ADVANCED_FACE('',(#563),#581,.T.);
#563 = FACE_BOUND('',#564,.T.);
#564 = EDGE_LOOP('',(#565,#566,#574,#580));
#565 = ORIENTED_EDGE('',*,*,#388,.F.);
#566 = ORIENTED_EDGE('',*,*,#567,.T.);
#567 = EDGE_CURVE('',#380,#568,#570,.T.);
#568 = VERTEX_POINT('',#569);
#569 = CARTESIAN_POINT('',(1.2,-1.17,2.46));
#570 = LINE('',#571,#572);
#571 = CARTESIAN_POINT('',(-1.2,-1.17,2.46));
#572 = VECTOR('',#573,1.);
#573 = DIRECTION('',(1.,0.,0.));
#574 = ORIENTED_EDGE('',*,*,#575,.T.);
#575 = EDGE_CURVE('',#568,#543,#576,.T.);
#576 = LINE('',#577,#578);
#577 = CARTESIAN_POINT('',(1.2,-1.21,2.46));
#578 = VECTOR('',#579,1.);
#579 = DIRECTION('',(0.,1.,0.));
#580 = ORIENTED_EDGE('',*,*,#542,.F.);
#581 = PLANE('',#582);
#582 = AXIS2_PLACEMENT_3D('',#583,#584,#585);
#583 = CARTESIAN_POINT('',(-1.2,-1.21,2.46));
#584 = DIRECTION('',(0.,0.,1.));
#585 = DIRECTION('',(1.,0.,-0.));
#586 = ADVANCED_FACE('',(#587),#606,.T.);
#587 = FACE_BOUND('',#588,.T.);
#588 = EDGE_LOOP('',(#589,#597,#604,#605));
#589 = ORIENTED_EDGE('',*,*,#590,.T.);
#590 = EDGE_CURVE('',#372,#591,#593,.T.);
#591 = VERTEX_POINT('',#592);
#592 = CARTESIAN_POINT('',(1.2,-1.21,2.42));
#593 = LINE('',#594,#595);
#594 = CARTESIAN_POINT('',(-1.2,-1.21,2.42));
#595 = VECTOR('',#596,1.);
#596 = DIRECTION('',(1.,0.,0.));
#597 = ORIENTED_EDGE('',*,*,#598,.T.);
#598 = EDGE_CURVE('',#591,#568,#599,.T.);
#599 = CIRCLE('',#600,4.E-02);
#600 = AXIS2_PLACEMENT_3D('',#601,#602,#603);
#601 = CARTESIAN_POINT('',(1.2,-1.17,2.42));
#602 = DIRECTION('',(-1.,0.,0.));
#603 = DIRECTION('',(0.,0.,1.));
#604 = ORIENTED_EDGE('',*,*,#567,.F.);
#605 = ORIENTED_EDGE('',*,*,#379,.F.);
#606 = CYLINDRICAL_SURFACE('',#607,4.E-02);
#607 = AXIS2_PLACEMENT_3D('',#608,#609,#610);
#608 = CARTESIAN_POINT('',(-1.2,-1.17,2.42));
#609 = DIRECTION('',(1.,0.,0.));
#610 = DIRECTION('',(0.,-1.,0.));
#611 = ADVANCED_FACE('',(#612),#623,.F.);
#612 = FACE_BOUND('',#613,.F.);
#613 = EDGE_LOOP('',(#614,#620,#621,#622));
#614 = ORIENTED_EDGE('',*,*,#615,.F.);
#615 = EDGE_CURVE('',#446,#591,#616,.T.);
#616 = LINE('',#617,#618);
#617 = CARTESIAN_POINT('',(1.2,-1.21,4.E-02));
#618 = VECTOR('',#619,1.);
#619 = DIRECTION('',(0.,0.,1.));
#620 = ORIENTED_EDGE('',*,*,#454,.F.);
#621 = ORIENTED_EDGE('',*,*,#371,.T.);
#622 = ORIENTED_EDGE('',*,*,#590,.T.);
#623 = PLANE('',#624);
#624 = AXIS2_PLACEMENT_3D('',#625,#626,#627);
#625 = CARTESIAN_POINT('',(-1.2,-1.21,4.E-02));
#626 = DIRECTION('',(0.,1.,0.));
#627 = DIRECTION('',(0.,-0.,1.));
#628 = ADVANCED_FACE('',(#629,#699),#709,.F.);
#629 = FACE_BOUND('',#630,.F.);
#630 = EDGE_LOOP('',(#631,#641,#650,#658,#667,#675,#684,#692));
#631 = ORIENTED_EDGE('',*,*,#632,.F.);
#632 = EDGE_CURVE('',#633,#635,#637,.T.);
#633 = VERTEX_POINT('',#634);
#634 = CARTESIAN_POINT('',(1.2,-1.25,4.E-02));
#635 = VERTEX_POINT('',#636);
#636 = CARTESIAN_POINT('',(1.2,-1.25,2.46));
#637 = LINE('',#638,#639);
#638 = CARTESIAN_POINT('',(1.2,-1.25,0.));
#639 = VECTOR('',#640,1.);
#640 = DIRECTION('',(0.,0.,1.));
#641 = ORIENTED_EDGE('',*,*,#642,.T.);
#642 = EDGE_CURVE('',#633,#643,#645,.T.);
#643 = VERTEX_POINT('',#644);
#644 = CARTESIAN_POINT('',(1.2,-1.21,0.));
#645 = CIRCLE('',#646,4.E-02);
#646 = AXIS2_PLACEMENT_3D('',#647,#648,#649);
#647 = CARTESIAN_POINT('',(1.2,-1.21,4.E-02));
#648 = DIRECTION('',(1.,0.,-0.));
#649 = DIRECTION('',(0.,0.,1.));
#650 = ORIENTED_EDGE('',*,*,#651,.T.);
#651 = EDGE_CURVE('',#643,#652,#654,.T.);
#652 = VERTEX_POINT('',#653);
#653 = CARTESIAN_POINT('',(1.2,1.21,0.));
#654 = LINE('',#655,#656);
#655 = CARTESIAN_POINT('',(1.2,-1.25,0.));
#656 = VECTOR('',#657,1.);
#657 = DIRECTION('',(0.,1.,0.));
#658 = ORIENTED_EDGE('',*,*,#659,.F.);
#659 = EDGE_CURVE('',#660,#652,#662,.T.);
#660 = VERTEX_POINT('',#661);
#661 = CARTESIAN_POINT('',(1.2,1.25,4.E-02));
#662 = CIRCLE('',#663,4.E-02);
#663 = AXIS2_PLACEMENT_3D('',#664,#665,#666);
#664 = CARTESIAN_POINT('',(1.2,1.21,4.E-02));
#665 = DIRECTION('',(-1.,0.,0.));
#666 = DIRECTION('',(0.,0.,1.));
#667 = ORIENTED_EDGE('',*,*,#668,.T.);
#668 = EDGE_CURVE('',#660,#669,#671,.T.);
#669 = VERTEX_POINT('',#670);
#670 = CARTESIAN_POINT('',(1.2,1.25,2.46));
#671 = LINE('',#672,#673);
#672 = CARTESIAN_POINT('',(1.2,1.25,0.));
#673 = VECTOR('',#674,1.);
#674 = DIRECTION('',(0.,0.,1.));
#675 = ORIENTED_EDGE('',*,*,#676,.T.);
#676 = EDGE_CURVE('',#669,#677,#679,.T.);
#677 = VERTEX_POINT('',#678);
#678 = CARTESIAN_POINT('',(1.2,1.21,2.5));
#679 = CIRCLE('',#680,4.E-02);
#680 = AXIS2_PLACEMENT_3D('',#681,#682,#683);
#681 = CARTESIAN_POINT('',(1.2,1.21,2.46));
#682 = DIRECTION('',(1.,0.,-0.));
#683 = DIRECTION('',(0.,0.,1.));
#684 = ORIENTED_EDGE('',*,*,#685,.F.);
#685 = EDGE_CURVE('',#686,#677,#688,.T.);
#686 = VERTEX_POINT('',#687);
#687 = CARTESIAN_POINT('',(1.2,-1.21,2.5));
#688 = LINE('',#689,#690);
#689 = CARTESIAN_POINT('',(1.2,-1.25,2.5));
#690 = VECTOR('',#691,1.);
#691 = DIRECTION('',(0.,1.,0.));
#692 = ORIENTED_EDGE('',*,*,#693,.F.);
#693 = EDGE_CURVE('',#635,#686,#694,.T.);
#694 = CIRCLE('',#695,4.E-02);
#695 = AXIS2_PLACEMENT_3D('',#696,#697,#698);
#696 = CARTESIAN_POINT('',(1.2,-1.21,2.46));
#697 = DIRECTION('',(-1.,0.,0.));
#698 = DIRECTION('',(0.,0.,1.));
#699 = FACE_BOUND('',#700,.F.);
#700 = EDGE_LOOP('',(#701,#702,#703,#704,#705,#706,#707,#708));
#701 = ORIENTED_EDGE('',*,*,#445,.F.);
#702 = ORIENTED_EDGE('',*,*,#615,.T.);
#703 = ORIENTED_EDGE('',*,*,#598,.T.);
#704 = ORIENTED_EDGE('',*,*,#575,.T.);
#705 = ORIENTED_EDGE('',*,*,#550,.F.);
#706 = ORIENTED_EDGE('',*,*,#517,.F.);
#707 = ORIENTED_EDGE('',*,*,#500,.T.);
#708 = ORIENTED_EDGE('',*,*,#470,.F.);
#709 = PLANE('',#710);
#710 = AXIS2_PLACEMENT_3D('',#711,#712,#713);
#711 = CARTESIAN_POINT('',(1.2,-1.25,0.));
#712 = DIRECTION('',(1.,0.,0.));
#713 = DIRECTION('',(0.,0.,1.));
#714 = ADVANCED_FACE('',(#715),#740,.F.);
#715 = FACE_BOUND('',#716,.F.);
#716 = EDGE_LOOP('',(#717,#727,#733,#734));
#717 = ORIENTED_EDGE('',*,*,#718,.F.);
#718 = EDGE_CURVE('',#719,#721,#723,.T.);
#719 = VERTEX_POINT('',#720);
#720 = CARTESIAN_POINT('',(1.6,-1.25,4.E-02));
#721 = VERTEX_POINT('',#722);
#722 = CARTESIAN_POINT('',(1.6,-1.25,2.46));
#723 = LINE('',#724,#725);
#724 = CARTESIAN_POINT('',(1.6,-1.25,0.));
#725 = VECTOR('',#726,1.);
#726 = DIRECTION('',(0.,0.,1.));
#727 = ORIENTED_EDGE('',*,*,#728,.F.);
#728 = EDGE_CURVE('',#633,#719,#729,.T.);
#729 = LINE('',#730,#731);
#730 = CARTESIAN_POINT('',(1.2,-1.25,4.E-02));
#731 = VECTOR('',#732,1.);
#732 = DIRECTION('',(1.,0.,0.));
#733 = ORIENTED_EDGE('',*,*,#632,.T.);
#734 = ORIENTED_EDGE('',*,*,#735,.T.);
#735 = EDGE_CURVE('',#635,#721,#736,.T.);
#736 = LINE('',#737,#738);
#737 = CARTESIAN_POINT('',(1.2,-1.25,2.46));
#738 = VECTOR('',#739,1.);
#739 = DIRECTION('',(1.,0.,0.));
#740 = PLANE('',#741);
#741 = AXIS2_PLACEMENT_3D('',#742,#743,#744);
#742 = CARTESIAN_POINT('',(1.2,-1.25,0.));
#743 = DIRECTION('',(0.,1.,0.));
#744 = DIRECTION('',(0.,-0.,1.));
#745 = ADVANCED_FACE('',(#746),#765,.T.);
#746 = FACE_BOUND('',#747,.T.);
#747 = EDGE_LOOP('',(#748,#749,#757,#764));
#748 = ORIENTED_EDGE('',*,*,#642,.T.);
#749 = ORIENTED_EDGE('',*,*,#750,.T.);
#750 = EDGE_CURVE('',#643,#751,#753,.T.);
#751 = VERTEX_POINT('',#752);
#752 = CARTESIAN_POINT('',(1.6,-1.21,0.));
#753 = LINE('',#754,#755);
#754 = CARTESIAN_POINT('',(1.2,-1.21,0.));
#755 = VECTOR('',#756,1.);
#756 = DIRECTION('',(1.,0.,0.));
#757 = ORIENTED_EDGE('',*,*,#758,.F.);
#758 = EDGE_CURVE('',#719,#751,#759,.T.);
#759 = CIRCLE('',#760,4.E-02);
#760 = AXIS2_PLACEMENT_3D('',#761,#762,#763);
#761 = CARTESIAN_POINT('',(1.6,-1.21,4.E-02));
#762 = DIRECTION('',(1.,0.,-0.));
#763 = DIRECTION('',(0.,0.,1.));
#764 = ORIENTED_EDGE('',*,*,#728,.F.);
#765 = CYLINDRICAL_SURFACE('',#766,4.E-02);
#766 = AXIS2_PLACEMENT_3D('',#767,#768,#769);
#767 = CARTESIAN_POINT('',(1.2,-1.21,4.E-02));
#768 = DIRECTION('',(1.,0.,0.));
#769 = DIRECTION('',(0.,-1.,0.));
#770 = ADVANCED_FACE('',(#771),#790,.T.);
#771 = FACE_BOUND('',#772,.T.);
#772 = EDGE_LOOP('',(#773,#774,#783,#789));
#773 = ORIENTED_EDGE('',*,*,#735,.T.);
#774 = ORIENTED_EDGE('',*,*,#775,.T.);
#775 = EDGE_CURVE('',#721,#776,#778,.T.);
#776 = VERTEX_POINT('',#777);
#777 = CARTESIAN_POINT('',(1.6,-1.21,2.5));
#778 = CIRCLE('',#779,4.E-02);
#779 = AXIS2_PLACEMENT_3D('',#780,#781,#782);
#780 = CARTESIAN_POINT('',(1.6,-1.21,2.46));
#781 = DIRECTION('',(-1.,0.,0.));
#782 = DIRECTION('',(0.,0.,1.));
#783 = ORIENTED_EDGE('',*,*,#784,.F.);
#784 = EDGE_CURVE('',#686,#776,#785,.T.);
#785 = LINE('',#786,#787);
#786 = CARTESIAN_POINT('',(1.2,-1.21,2.5));
#787 = VECTOR('',#788,1.);
#788 = DIRECTION('',(1.,0.,0.));
#789 = ORIENTED_EDGE('',*,*,#693,.F.);
#790 = CYLINDRICAL_SURFACE('',#791,4.E-02);
#791 = AXIS2_PLACEMENT_3D('',#792,#793,#794);
#792 = CARTESIAN_POINT('',(1.2,-1.21,2.46));
#793 = DIRECTION('',(1.,0.,0.));
#794 = DIRECTION('',(0.,-1.,0.));
#795 = ADVANCED_FACE('',(#796),#814,.F.);
#796 = FACE_BOUND('',#797,.F.);
#797 = EDGE_LOOP('',(#798,#799,#800,#808));
#798 = ORIENTED_EDGE('',*,*,#651,.F.);
#799 = ORIENTED_EDGE('',*,*,#750,.T.);
#800 = ORIENTED_EDGE('',*,*,#801,.T.);
#801 = EDGE_CURVE('',#751,#802,#804,.T.);
#802 = VERTEX_POINT('',#803);
#803 = CARTESIAN_POINT('',(1.6,1.21,0.));
#804 = LINE('',#805,#806);
#805 = CARTESIAN_POINT('',(1.6,-1.25,0.));
#806 = VECTOR('',#807,1.);
#807 = DIRECTION('',(0.,1.,0.));
#808 = ORIENTED_EDGE('',*,*,#809,.F.);
#809 = EDGE_CURVE('',#652,#802,#810,.T.);
#810 = LINE('',#811,#812);
#811 = CARTESIAN_POINT('',(1.2,1.21,0.));
#812 = VECTOR('',#813,1.);
#813 = DIRECTION('',(1.,0.,0.));
#814 = PLANE('',#815);
#815 = AXIS2_PLACEMENT_3D('',#816,#817,#818);
#816 = CARTESIAN_POINT('',(1.2,-1.25,0.));
#817 = DIRECTION('',(0.,0.,1.));
#818 = DIRECTION('',(1.,0.,-0.));
#819 = ADVANCED_FACE('',(#820),#838,.T.);
#820 = FACE_BOUND('',#821,.T.);
#821 = EDGE_LOOP('',(#822,#823,#824,#832));
#822 = ORIENTED_EDGE('',*,*,#685,.F.);
#823 = ORIENTED_EDGE('',*,*,#784,.T.);
#824 = ORIENTED_EDGE('',*,*,#825,.T.);
#825 = EDGE_CURVE('',#776,#826,#828,.T.);
#826 = VERTEX_POINT('',#827);
#827 = CARTESIAN_POINT('',(1.6,1.21,2.5));
#828 = LINE('',#829,#830);
#829 = CARTESIAN_POINT('',(1.6,-1.25,2.5));
#830 = VECTOR('',#831,1.);
#831 = DIRECTION('',(0.,1.,0.));
#832 = ORIENTED_EDGE('',*,*,#833,.F.);
#833 = EDGE_CURVE('',#677,#826,#834,.T.);
#834 = LINE('',#835,#836);
#835 = CARTESIAN_POINT('',(1.2,1.21,2.5));
#836 = VECTOR('',#837,1.);
#837 = DIRECTION('',(1.,0.,0.));
#838 = PLANE('',#839);
#839 = AXIS2_PLACEMENT_3D('',#840,#841,#842);
#840 = CARTESIAN_POINT('',(1.2,-1.25,2.5));
#841 = DIRECTION('',(0.,0.,1.));
#842 = DIRECTION('',(1.,0.,-0.));
#843 = ADVANCED_FACE('',(#844),#863,.T.);
#844 = FACE_BOUND('',#845,.T.);
#845 = EDGE_LOOP('',(#846,#854,#861,#862));
#846 = ORIENTED_EDGE('',*,*,#847,.T.);
#847 = EDGE_CURVE('',#660,#848,#850,.T.);
#848 = VERTEX_POINT('',#849);
#849 = CARTESIAN_POINT('',(1.6,1.25,4.E-02));
#850 = LINE('',#851,#852);
#851 = CARTESIAN_POINT('',(1.2,1.25,4.E-02));
#852 = VECTOR('',#853,1.);
#853 = DIRECTION('',(1.,0.,0.));
#854 = ORIENTED_EDGE('',*,*,#855,.T.);
#855 = EDGE_CURVE('',#848,#802,#856,.T.);
#856 = CIRCLE('',#857,4.E-02);
#857 = AXIS2_PLACEMENT_3D('',#858,#859,#860);
#858 = CARTESIAN_POINT('',(1.6,1.21,4.E-02));
#859 = DIRECTION('',(-1.,0.,0.));
#860 = DIRECTION('',(0.,0.,1.));
#861 = ORIENTED_EDGE('',*,*,#809,.F.);
#862 = ORIENTED_EDGE('',*,*,#659,.F.);
#863 = CYLINDRICAL_SURFACE('',#864,4.E-02);
#864 = AXIS2_PLACEMENT_3D('',#865,#866,#867);
#865 = CARTESIAN_POINT('',(1.2,1.21,4.E-02));
#866 = DIRECTION('',(1.,0.,0.));
#867 = DIRECTION('',(-0.,1.,0.));
#868 = ADVANCED_FACE('',(#869),#888,.T.);
#869 = FACE_BOUND('',#870,.T.);
#870 = EDGE_LOOP('',(#871,#872,#873,#882));
#871 = ORIENTED_EDGE('',*,*,#676,.T.);
#872 = ORIENTED_EDGE('',*,*,#833,.T.);
#873 = ORIENTED_EDGE('',*,*,#874,.F.);
#874 = EDGE_CURVE('',#875,#826,#877,.T.);
#875 = VERTEX_POINT('',#876);
#876 = CARTESIAN_POINT('',(1.6,1.25,2.46));
#877 = CIRCLE('',#878,4.E-02);
#878 = AXIS2_PLACEMENT_3D('',#879,#880,#881);
#879 = CARTESIAN_POINT('',(1.6,1.21,2.46));
#880 = DIRECTION('',(1.,0.,-0.));
#881 = DIRECTION('',(0.,0.,1.));
#882 = ORIENTED_EDGE('',*,*,#883,.F.);
#883 = EDGE_CURVE('',#669,#875,#884,.T.);
#884 = LINE('',#885,#886);
#885 = CARTESIAN_POINT('',(1.2,1.25,2.46));
#886 = VECTOR('',#887,1.);
#887 = DIRECTION('',(1.,0.,0.));
#888 = CYLINDRICAL_SURFACE('',#889,4.E-02);
#889 = AXIS2_PLACEMENT_3D('',#890,#891,#892);
#890 = CARTESIAN_POINT('',(1.2,1.21,2.46));
#891 = DIRECTION('',(1.,0.,0.));
#892 = DIRECTION('',(-0.,1.,0.));
#893 = ADVANCED_FACE('',(#894),#905,.T.);
#894 = FACE_BOUND('',#895,.T.);
#895 = EDGE_LOOP('',(#896,#902,#903,#904));
#896 = ORIENTED_EDGE('',*,*,#897,.F.);
#897 = EDGE_CURVE('',#848,#875,#898,.T.);
#898 = LINE('',#899,#900);
#899 = CARTESIAN_POINT('',(1.6,1.25,0.));
#900 = VECTOR('',#901,1.);
#901 = DIRECTION('',(0.,0.,1.));
#902 = ORIENTED_EDGE('',*,*,#847,.F.);
#903 = ORIENTED_EDGE('',*,*,#668,.T.);
#904 = ORIENTED_EDGE('',*,*,#883,.T.);
#905 = PLANE('',#906);
#906 = AXIS2_PLACEMENT_3D('',#907,#908,#909);
#907 = CARTESIAN_POINT('',(1.2,1.25,0.));
#908 = DIRECTION('',(0.,1.,0.));
#909 = DIRECTION('',(0.,-0.,1.));
#910 = ADVANCED_FACE('',(#911),#921,.T.);
#911 = FACE_BOUND('',#912,.T.);
#912 = EDGE_LOOP('',(#913,#914,#915,#916,#917,#918,#919,#920));
#913 = ORIENTED_EDGE('',*,*,#718,.F.);
#914 = ORIENTED_EDGE('',*,*,#758,.T.);
#915 = ORIENTED_EDGE('',*,*,#801,.T.);
#916 = ORIENTED_EDGE('',*,*,#855,.F.);
#917 = ORIENTED_EDGE('',*,*,#897,.T.);
#918 = ORIENTED_EDGE('',*,*,#874,.T.);
#919 = ORIENTED_EDGE('',*,*,#825,.F.);
#920 = ORIENTED_EDGE('',*,*,#775,.F.);
#921 = PLANE('',#922);
#922 = AXIS2_PLACEMENT_3D('',#923,#924,#925);
#923 = CARTESIAN_POINT('',(1.6,-1.25,0.));
#924 = DIRECTION('',(1.,0.,0.));
#925 = DIRECTION('',(0.,0.,1.));
#926 = ( GEOMETRIC_REPRESENTATION_CONTEXT(3) 
GLOBAL_UNCERTAINTY_ASSIGNED_CONTEXT((#930)) GLOBAL_UNIT_ASSIGNED_CONTEXT
((#927,#928,#929)) REPRESENTATION_CONTEXT('Context #1',
  '3D Context with UNIT and UNCERTAINTY') );
#927 = ( LENGTH_UNIT() NAMED_UNIT(*) SI_UNIT(.MILLI.,.METRE.) );
#928 = ( NAMED_UNIT(*) PLANE_ANGLE_UNIT() SI_UNIT($,.RADIAN.) );
#929 = ( NAMED_UNIT(*) SI_UNIT($,.STERADIAN.) SOLID_ANGLE_UNIT() );
#930 = UNCERTAINTY_MEASURE_WITH_UNIT(LENGTH_MEASURE(1.E-07),#927,
  'distance_accuracy_value','confusion accuracy');
#931 = CONTEXT_DEPENDENT_SHAPE_REPRESENTATION(#932,#934);
#932 = ( REPRESENTATION_RELATIONSHIP('','',#71,#48) 
REPRESENTATION_RELATIONSHIP_WITH_TRANSFORMATION(#933) 
SHAPE_REPRESENTATION_RELATIONSHIP() );
#933 = ITEM_DEFINED_TRANSFORMATION('','',#11,#49);
#934 = PRODUCT_DEFINITION_SHAPE('Placement','Placement of an item',#935
  );
#935 = NEXT_ASSEMBLY_USAGE_OCCURRENCE('1','=>[0:1:1:3]','',#43,#66,$);
#936 = PRODUCT_RELATED_PRODUCT_CATEGORY('part',$,(#68));
#937 = SHAPE_DEFINITION_REPRESENTATION(#938,#944);
#938 = PRODUCT_DEFINITION_SHAPE('','',#939);
#939 = PRODUCT_DEFINITION('design','',#940,#943);
#940 = PRODUCT_DEFINITION_FORMATION('','',#941);
#941 = PRODUCT('TO-252-4','TO-252-4','',(#942));
#942 = PRODUCT_CONTEXT('',#2,'mechanical');
#943 = PRODUCT_DEFINITION_CONTEXT('part definition',#2,'design');
#944 = SHAPE_REPRESENTATION('',(#11,#945),#949);
#945 = AXIS2_PLACEMENT_3D('',#946,#947,#948);
#946 = CARTESIAN_POINT('',(0.,0.,0.));
#947 = DIRECTION('',(0.,0.,1.));
#948 = DIRECTION('',(1.,0.,-0.));
#949 = ( GEOMETRIC_REPRESENTATION_CONTEXT(3) 
GLOBAL_UNCERTAINTY_ASSIGNED_CONTEXT((#953)) GLOBAL_UNIT_ASSIGNED_CONTEXT
((#950,#951,#952)) REPRESENTATION_CONTEXT('Context #1',
  '3D Context with UNIT and UNCERTAINTY') );
#950 = ( LENGTH_UNIT() NAMED_UNIT(*) SI_UNIT(.MILLI.,.METRE.) );
#951 = ( NAMED_UNIT(*) PLANE_ANGLE_UNIT() SI_UNIT($,.RADIAN.) );
#952 = ( NAMED_UNIT(*) SI_UNIT($,.STERADIAN.) SOLID_ANGLE_UNIT() );
#953 = UNCERTAINTY_MEASURE_WITH_UNIT(LENGTH_MEASURE(1.E-07),#950,
  'distance_accuracy_value','confusion accuracy');
#954 = CONTEXT_DEPENDENT_SHAPE_REPRESENTATION(#955,#957);
#955 = ( REPRESENTATION_RELATIONSHIP('','',#944,#10) 
REPRESENTATION_RELATIONSHIP_WITH_TRANSFORMATION(#956) 
SHAPE_REPRESENTATION_RELATIONSHIP() );
#956 = ITEM_DEFINED_TRANSFORMATION('','',#11,#19);
#957 = PRODUCT_DEFINITION_SHAPE('Placement','Placement of an item',#958
  );
#958 = NEXT_ASSEMBLY_USAGE_OCCURRENCE('11','U6','',#5,#939,$);
#959 = PRODUCT_RELATED_PRODUCT_CATEGORY('part',$,(#941));
#960 = SHAPE_DEFINITION_REPRESENTATION(#961,#967);
#961 = PRODUCT_DEFINITION_SHAPE('','',#962);
#962 = PRODUCT_DEFINITION('design','',#963,#966);
#963 = PRODUCT_DEFINITION_FORMATION('','',#964);
#964 = PRODUCT('CQ assembly','CQ assembly','',(#965));
#965 = PRODUCT_CONTEXT('',#2,'mechanical');
#966 = PRODUCT_DEFINITION_CONTEXT('part definition',#2,'design');
#967 = SHAPE_REPRESENTATION('',(#11,#968),#972);
#968 = AXIS2_PLACEMENT_3D('',#969,#970,#971);
#969 = CARTESIAN_POINT('',(0.,0.,0.));
#970 = DIRECTION('',(0.,0.,1.));
#971 = DIRECTION('',(1.,0.,0.));
#972 = ( GEOMETRIC_REPRESENTATION_CONTEXT(3) 
GLOBAL_UNCERTAINTY_ASSIGNED_CONTEXT((#976)) GLOBAL_UNIT_ASSIGNED_CONTEXT
((#973,#974,#975)) REPRESENTATION_CONTEXT('Context #1',
  '3D Context with UNIT and UNCERTAINTY') );
#973 = ( LENGTH_UNIT() NAMED_UNIT(*) SI_UNIT(.MILLI.,.METRE.) );
#974 = ( NAMED_UNIT(*) PLANE_ANGLE_UNIT() SI_UNIT($,.RADIAN.) );
#975 = ( NAMED_UNIT(*) SI_UNIT($,.STERADIAN.) SOLID_ANGLE_UNIT() );
#976 = UNCERTAINTY_MEASURE_WITH_UNIT(LENGTH_MEASURE(1.E-07),#973,
  'distance_accuracy_value','confusion accuracy');
#977 = CONTEXT_DEPENDENT_SHAPE_REPRESENTATION(#978,#980);
#978 = ( REPRESENTATION_RELATIONSHIP('','',#967,#944) 
REPRESENTATION_RELATIONSHIP_WITH_TRANSFORMATION(#979) 
SHAPE_REPRESENTATION_RELATIONSHIP() );
#979 = ITEM_DEFINED_TRANSFORMATION('','',#11,#945);
#980 = PRODUCT_DEFINITION_SHAPE('Placement','Placement of an item',#981
  );
#981 = NEXT_ASSEMBLY_USAGE_OCCURRENCE('10','=>[0:1:1:5]','',#939,#962,$
  );
#982 = PRODUCT_RELATED_PRODUCT_CATEGORY('part',$,(#964));
#983 = SHAPE_DEFINITION_REPRESENTATION(#984,#990);
#984 = PRODUCT_DEFINITION_SHAPE('','',#985);
#985 = PRODUCT_DEFINITION('design','',#986,#989);
#986 = PRODUCT_DEFINITION_FORMATION('','',#987);
#987 = PRODUCT('9bc26a54-9c39-11ed-93f0-dde97e994e83',
  '9bc26a54-9c39-11ed-93f0-dde97e994e83','',(#988));
#988 = PRODUCT_CONTEXT('',#2,'mechanical');
#989 = PRODUCT_DEFINITION_CONTEXT('part definition',#2,'design');
#990 = SHAPE_REPRESENTATION('',(#11,#991,#995,#999),#1003);
#991 = AXIS2_PLACEMENT_3D('',#992,#993,#994);
#992 = CARTESIAN_POINT('',(0.,0.,0.));
#993 = DIRECTION('',(0.,0.,1.));
#994 = DIRECTION('',(1.,0.,0.));
#995 = AXIS2_PLACEMENT_3D('',#996,#997,#998);
#996 = CARTESIAN_POINT('',(0.,0.,0.));
#997 = DIRECTION('',(0.,0.,1.));
#998 = DIRECTION('',(1.,0.,0.));
#999 = AXIS2_PLACEMENT_3D('',#1000,#1001,#1002);
#1000 = CARTESIAN_POINT('',(0.,0.,0.));
#1001 = DIRECTION('',(0.,0.,1.));
#1002 = DIRECTION('',(1.,0.,0.));
#1003 = ( GEOMETRIC_REPRESENTATION_CONTEXT(3) 
GLOBAL_UNCERTAINTY_ASSIGNED_CONTEXT((#1007)) 
GLOBAL_UNIT_ASSIGNED_CONTEXT((#1004,#1005,#1006)) REPRESENTATION_CONTEXT
('Context #1','3D Context with UNIT and UNCERTAINTY') );
#1004 = ( LENGTH_UNIT() NAMED_UNIT(*) SI_UNIT(.MILLI.,.METRE.) );
#1005 = ( NAMED_UNIT(*) PLANE_ANGLE_UNIT() SI_UNIT($,.RADIAN.) );
#1006 = ( NAMED_UNIT(*) SI_UNIT($,.STERADIAN.) SOLID_ANGLE_UNIT() );
#1007 = UNCERTAINTY_MEASURE_WITH_UNIT(LENGTH_MEASURE(1.E-07),#1004,
  'distance_accuracy_value','confusion accuracy');
#1008 = CONTEXT_DEPENDENT_SHAPE_REPRESENTATION(#1009,#1011);
#1009 = ( REPRESENTATION_RELATIONSHIP('','',#990,#967) 
REPRESENTATION_RELATIONSHIP_WITH_TRANSFORMATION(#1010) 
SHAPE_REPRESENTATION_RELATIONSHIP() );
#1010 = ITEM_DEFINED_TRANSFORMATION('','',#11,#968);
#1011 = PRODUCT_DEFINITION_SHAPE('Placement','Placement of an item',
  #1012);
#1012 = NEXT_ASSEMBLY_USAGE_OCCURRENCE('9','35','',#962,#985,$);
#1013 = PRODUCT_RELATED_PRODUCT_CATEGORY('part',$,(#987));
#1014 = SHAPE_DEFINITION_REPRESENTATION(#1015,#1021);
#1015 = PRODUCT_DEFINITION_SHAPE('','',#1016);
#1016 = PRODUCT_DEFINITION('design','',#1017,#1020);
#1017 = PRODUCT_DEFINITION_FORMATION('','',#1018);
#1018 = PRODUCT('9bc26a55-9c39-11ed-93f0-dde97e994e83',
  '9bc26a55-9c39-11ed-93f0-dde97e994e83','',(#1019));
#1019 = PRODUCT_CONTEXT('',#2,'mechanical');
#1020 = PRODUCT_DEFINITION_CONTEXT('part definition',#2,'design');
#1021 = SHAPE_REPRESENTATION('',(#11,#1022),#1026);
#1022 = AXIS2_PLACEMENT_3D('',#1023,#1024,#1025);
#1023 = CARTESIAN_POINT('',(0.,0.,0.));
#1024 = DIRECTION('',(0.,0.,1.));
#1025 = DIRECTION('',(1.,0.,0.));
#1026 = ( GEOMETRIC_REPRESENTATION_CONTEXT(3) 
GLOBAL_UNCERTAINTY_ASSIGNED_CONTEXT((#1030)) 
GLOBAL_UNIT_ASSIGNED_CONTEXT((#1027,#1028,#1029)) REPRESENTATION_CONTEXT
('Context #1','3D Context with UNIT and UNCERTAINTY') );
#1027 = ( LENGTH_UNIT() NAMED_UNIT(*) SI_UNIT(.MILLI.,.METRE.) );
#1028 = ( NAMED_UNIT(*) PLANE_ANGLE_UNIT() SI_UNIT($,.RADIAN.) );
#1029 = ( NAMED_UNIT(*) SI_UNIT($,.STERADIAN.) SOLID_ANGLE_UNIT() );
#1030 = UNCERTAINTY_MEASURE_WITH_UNIT(LENGTH_MEASURE(1.E-07),#1027,
  'distance_accuracy_value','confusion accuracy');
#1031 = CONTEXT_DEPENDENT_SHAPE_REPRESENTATION(#1032,#1034);
#1032 = ( REPRESENTATION_RELATIONSHIP('','',#1021,#990) 
REPRESENTATION_RELATIONSHIP_WITH_TRANSFORMATION(#1033) 
SHAPE_REPRESENTATION_RELATIONSHIP() );
#1033 = ITEM_DEFINED_TRANSFORMATION('','',#11,#991);
#1034 = PRODUCT_DEFINITION_SHAPE('Placement','Placement of an item',
  #1035);
#1035 = NEXT_ASSEMBLY_USAGE_OCCURRENCE('4','30','',#985,#1016,$);
#1036 = PRODUCT_RELATED_PRODUCT_CATEGORY('part',$,(#1018));
#1037 = SHAPE_DEFINITION_REPRESENTATION(#1038,#1044);
#1038 = PRODUCT_DEFINITION_SHAPE('','',#1039);
#1039 = PRODUCT_DEFINITION('design','',#1040,#1043);
#1040 = PRODUCT_DEFINITION_FORMATION('','',#1041);
#1041 = PRODUCT('9bc26a55-9c39-11ed-93f0-dde97e994e83_part',
  '9bc26a55-9c39-11ed-93f0-dde97e994e83_part','',(#1042));
#1042 = PRODUCT_CONTEXT('',#2,'mechanical');
#1043 = PRODUCT_DEFINITION_CONTEXT('part definition',#2,'design');
#1044 = ADVANCED_BREP_SHAPE_REPRESENTATION('',(#11,#1045),#1387);
#1045 = MANIFOLD_SOLID_BREP('',#1046);
#1046 = CLOSED_SHELL('',(#1047,#1087,#1134,#1158,#1189,#1229,#1253,#1270
    ,#1301,#1313,#1341,#1353,#1378));
#1047 = ADVANCED_FACE('',(#1048),#1082,.F.);
#1048 = FACE_BOUND('',#1049,.F.);
#1049 = EDGE_LOOP('',(#1050,#1060,#1068,#1076));
#1050 = ORIENTED_EDGE('',*,*,#1051,.T.);
#1051 = EDGE_CURVE('',#1052,#1054,#1056,.T.);
#1052 = VERTEX_POINT('',#1053);
#1053 = CARTESIAN_POINT('',(-3.11,3.25,0.9));
#1054 = VERTEX_POINT('',#1055);
#1055 = CARTESIAN_POINT('',(-3.11,3.25,0.92));
#1056 = LINE('',#1057,#1058);
#1057 = CARTESIAN_POINT('',(-3.11,3.25,2.E-02));
#1058 = VECTOR('',#1059,1.);
#1059 = DIRECTION('',(0.,0.,1.));
#1060 = ORIENTED_EDGE('',*,*,#1061,.T.);
#1061 = EDGE_CURVE('',#1054,#1062,#1064,.T.);
#1062 = VERTEX_POINT('',#1063);
#1063 = CARTESIAN_POINT('',(-3.11,-3.25,0.92));
#1064 = LINE('',#1065,#1066);
#1065 = CARTESIAN_POINT('',(-3.11,3.25,0.92));
#1066 = VECTOR('',#1067,1.);
#1067 = DIRECTION('',(0.,-1.,0.));
#1068 = ORIENTED_EDGE('',*,*,#1069,.F.);
#1069 = EDGE_CURVE('',#1070,#1062,#1072,.T.);
#1070 = VERTEX_POINT('',#1071);
#1071 = CARTESIAN_POINT('',(-3.11,-3.25,0.9));
#1072 = LINE('',#1073,#1074);
#1073 = CARTESIAN_POINT('',(-3.11,-3.25,2.E-02));
#1074 = VECTOR('',#1075,1.);
#1075 = DIRECTION('',(0.,0.,1.));
#1076 = ORIENTED_EDGE('',*,*,#1077,.F.);
#1077 = EDGE_CURVE('',#1052,#1070,#1078,.T.);
#1078 = LINE('',#1079,#1080);
#1079 = CARTESIAN_POINT('',(-3.11,3.25,0.9));
#1080 = VECTOR('',#1081,1.);
#1081 = DIRECTION('',(0.,-1.,0.));
#1082 = PLANE('',#1083);
#1083 = AXIS2_PLACEMENT_3D('',#1084,#1085,#1086);
#1084 = CARTESIAN_POINT('',(-3.11,3.25,2.E-02));
#1085 = DIRECTION('',(1.,0.,-0.));
#1086 = DIRECTION('',(0.,-1.,0.));
#1087 = ADVANCED_FACE('',(#1088),#1129,.F.);
#1088 = FACE_BOUND('',#1089,.F.);
#1089 = EDGE_LOOP('',(#1090,#1091,#1099,#1107,#1115,#1123));
#1090 = ORIENTED_EDGE('',*,*,#1051,.F.);
#1091 = ORIENTED_EDGE('',*,*,#1092,.T.);
#1092 = EDGE_CURVE('',#1052,#1093,#1095,.T.);
#1093 = VERTEX_POINT('',#1094);
#1094 = CARTESIAN_POINT('',(-2.91,3.25,2.E-02));
#1095 = LINE('',#1096,#1097);
#1096 = CARTESIAN_POINT('',(-2.812161100196,3.25,-0.410491159136));
#1097 = VECTOR('',#1098,1.);
#1098 = DIRECTION('',(0.221621103589,0.,-0.975132855791));
#1099 = ORIENTED_EDGE('',*,*,#1100,.F.);
#1100 = EDGE_CURVE('',#1101,#1093,#1103,.T.);
#1101 = VERTEX_POINT('',#1102);
#1102 = CARTESIAN_POINT('',(3.11,3.25,2.E-02));
#1103 = LINE('',#1104,#1105);
#1104 = CARTESIAN_POINT('',(3.11,3.25,2.E-02));
#1105 = VECTOR('',#1106,1.);
#1106 = DIRECTION('',(-1.,0.,0.));
#1107 = ORIENTED_EDGE('',*,*,#1108,.T.);
#1108 = EDGE_CURVE('',#1101,#1109,#1111,.T.);
#1109 = VERTEX_POINT('',#1110);
#1110 = CARTESIAN_POINT('',(3.11,3.25,0.52));
#1111 = LINE('',#1112,#1113);
#1112 = CARTESIAN_POINT('',(3.11,3.25,2.E-02));
#1113 = VECTOR('',#1114,1.);
#1114 = DIRECTION('',(0.,0.,1.));
#1115 = ORIENTED_EDGE('',*,*,#1116,.T.);
#1116 = EDGE_CURVE('',#1109,#1117,#1119,.T.);
#1117 = VERTEX_POINT('',#1118);
#1118 = CARTESIAN_POINT('',(2.998888888889,3.25,0.92));
#1119 = LINE('',#1120,#1121);
#1120 = CARTESIAN_POINT('',(3.04946991404,3.25,0.737908309456));
#1121 = VECTOR('',#1122,1.);
#1122 = DIRECTION('',(-0.267643863786,-0.,0.96351790963));
#1123 = ORIENTED_EDGE('',*,*,#1124,.T.);
#1124 = EDGE_CURVE('',#1117,#1054,#1125,.T.);
#1125 = LINE('',#1126,#1127);
#1126 = CARTESIAN_POINT('',(2.61,3.25,0.92));
#1127 = VECTOR('',#1128,1.);
#1128 = DIRECTION('',(-1.,0.,0.));
#1129 = PLANE('',#1130);
#1130 = AXIS2_PLACEMENT_3D('',#1131,#1132,#1133);
#1131 = CARTESIAN_POINT('',(3.11,3.25,2.E-02));
#1132 = DIRECTION('',(0.,-1.,0.));
#1133 = DIRECTION('',(-1.,0.,0.));
#1134 = ADVANCED_FACE('',(#1135),#1153,.T.);
#1135 = FACE_BOUND('',#1136,.F.);
#1136 = EDGE_LOOP('',(#1137,#1138,#1139,#1147));
#1137 = ORIENTED_EDGE('',*,*,#1092,.F.);
#1138 = ORIENTED_EDGE('',*,*,#1077,.T.);
#1139 = ORIENTED_EDGE('',*,*,#1140,.T.);
#1140 = EDGE_CURVE('',#1070,#1141,#1143,.T.);
#1141 = VERTEX_POINT('',#1142);
#1142 = CARTESIAN_POINT('',(-2.91,-3.25,2.E-02));
#1143 = LINE('',#1144,#1145);
#1144 = CARTESIAN_POINT('',(-2.964911591356,-3.25,0.261611001965));
#1145 = VECTOR('',#1146,1.);
#1146 = DIRECTION('',(0.221621103589,-0.,-0.975132855791));
#1147 = ORIENTED_EDGE('',*,*,#1148,.F.);
#1148 = EDGE_CURVE('',#1093,#1141,#1149,.T.);
#1149 = LINE('',#1150,#1151);
#1150 = CARTESIAN_POINT('',(-2.91,3.25,2.E-02));
#1151 = VECTOR('',#1152,1.);
#1152 = DIRECTION('',(0.,-1.,0.));
#1153 = PLANE('',#1154);
#1154 = AXIS2_PLACEMENT_3D('',#1155,#1156,#1157);
#1155 = CARTESIAN_POINT('',(-3.01,3.25,0.46));
#1156 = DIRECTION('',(-0.975132855791,0.,-0.221621103589));
#1157 = DIRECTION('',(0.,1.,0.));
#1158 = ADVANCED_FACE('',(#1159),#1184,.F.);
#1159 = FACE_BOUND('',#1160,.F.);
#1160 = EDGE_LOOP('',(#1161,#1171,#1177,#1178));
#1161 = ORIENTED_EDGE('',*,*,#1162,.T.);
#1162 = EDGE_CURVE('',#1163,#1165,#1167,.T.);
#1163 = VERTEX_POINT('',#1164);
#1164 = CARTESIAN_POINT('',(-2.61,2.75,2.32));
#1165 = VERTEX_POINT('',#1166);
#1166 = CARTESIAN_POINT('',(-2.61,-2.75,2.32));
#1167 = LINE('',#1168,#1169);
#1168 = CARTESIAN_POINT('',(-2.61,3.25,2.32));
#1169 = VECTOR('',#1170,1.);
#1170 = DIRECTION('',(0.,-1.,0.));
#1171 = ORIENTED_EDGE('',*,*,#1172,.T.);
#1172 = EDGE_CURVE('',#1165,#1062,#1173,.T.);
#1173 = LINE('',#1174,#1175);
#1174 = CARTESIAN_POINT('',(-2.529715447154,-2.669715447154,
    2.544796747967));
#1175 = VECTOR('',#1176,1.);
#1176 = DIRECTION('',(-0.318788356532,-0.318788356532,-0.892607398289));
#1177 = ORIENTED_EDGE('',*,*,#1061,.F.);
#1178 = ORIENTED_EDGE('',*,*,#1179,.F.);
#1179 = EDGE_CURVE('',#1163,#1054,#1180,.T.);
#1180 = LINE('',#1181,#1182);
#1181 = CARTESIAN_POINT('',(-2.594756097561,2.734756097561,
    2.362682926829));
#1182 = VECTOR('',#1183,1.);
#1183 = DIRECTION('',(-0.318788356532,0.318788356532,-0.892607398289));
#1184 = PLANE('',#1185);
#1185 = AXIS2_PLACEMENT_3D('',#1186,#1187,#1188);
#1186 = CARTESIAN_POINT('',(-2.86,3.25,1.62));
#1187 = DIRECTION('',(0.941741911595,7.015149670815E-18,-0.336336396998)
  );
#1188 = DIRECTION('',(6.606460461117E-18,-1.,-2.359450164685E-18));
#1189 = ADVANCED_FACE('',(#1190),#1224,.F.);
#1190 = FACE_BOUND('',#1191,.F.);
#1191 = EDGE_LOOP('',(#1192,#1193,#1201,#1209,#1217,#1223));
#1192 = ORIENTED_EDGE('',*,*,#1069,.T.);
#1193 = ORIENTED_EDGE('',*,*,#1194,.T.);
#1194 = EDGE_CURVE('',#1062,#1195,#1197,.T.);
#1195 = VERTEX_POINT('',#1196);
#1196 = CARTESIAN_POINT('',(2.998888888889,-3.25,0.92));
#1197 = LINE('',#1198,#1199);
#1198 = CARTESIAN_POINT('',(-2.61,-3.25,0.92));
#1199 = VECTOR('',#1200,1.);
#1200 = DIRECTION('',(1.,0.,0.));
#1201 = ORIENTED_EDGE('',*,*,#1202,.F.);
#1202 = EDGE_CURVE('',#1203,#1195,#1205,.T.);
#1203 = VERTEX_POINT('',#1204);
#1204 = CARTESIAN_POINT('',(3.11,-3.25,0.52));
#1205 = LINE('',#1206,#1207);
#1206 = CARTESIAN_POINT('',(2.826690544413,-3.25,1.539914040115));
#1207 = VECTOR('',#1208,1.);
#1208 = DIRECTION('',(-0.267643863786,0.,0.96351790963));
#1209 = ORIENTED_EDGE('',*,*,#1210,.F.);
#1210 = EDGE_CURVE('',#1211,#1203,#1213,.T.);
#1211 = VERTEX_POINT('',#1212);
#1212 = CARTESIAN_POINT('',(3.11,-3.25,2.E-02));
#1213 = LINE('',#1214,#1215);
#1214 = CARTESIAN_POINT('',(3.11,-3.25,2.E-02));
#1215 = VECTOR('',#1216,1.);
#1216 = DIRECTION('',(0.,0.,1.));
#1217 = ORIENTED_EDGE('',*,*,#1218,.F.);
#1218 = EDGE_CURVE('',#1141,#1211,#1219,.T.);
#1219 = LINE('',#1220,#1221);
#1220 = CARTESIAN_POINT('',(-3.11,-3.25,2.E-02));
#1221 = VECTOR('',#1222,1.);
#1222 = DIRECTION('',(1.,0.,0.));
#1223 = ORIENTED_EDGE('',*,*,#1140,.F.);
#1224 = PLANE('',#1225);
#1225 = AXIS2_PLACEMENT_3D('',#1226,#1227,#1228);
#1226 = CARTESIAN_POINT('',(-3.11,-3.25,2.E-02));
#1227 = DIRECTION('',(0.,1.,0.));
#1228 = DIRECTION('',(1.,0.,0.));
#1229 = ADVANCED_FACE('',(#1230),#1248,.F.);
#1230 = FACE_BOUND('',#1231,.F.);
#1231 = EDGE_LOOP('',(#1232,#1240,#1246,#1247));
#1232 = ORIENTED_EDGE('',*,*,#1233,.F.);
#1233 = EDGE_CURVE('',#1234,#1117,#1236,.T.);
#1234 = VERTEX_POINT('',#1235);
#1235 = CARTESIAN_POINT('',(2.61,2.75,2.32));
#1236 = LINE('',#1237,#1238);
#1237 = CARTESIAN_POINT('',(2.56571473387,2.69306180069,2.479426958068)
  );
#1238 = VECTOR('',#1239,1.);
#1239 = DIRECTION('',(0.253078917766,0.325387179985,-0.911084103957));
#1240 = ORIENTED_EDGE('',*,*,#1241,.T.);
#1241 = EDGE_CURVE('',#1234,#1163,#1242,.T.);
#1242 = LINE('',#1243,#1244);
#1243 = CARTESIAN_POINT('',(2.61,2.75,2.32));
#1244 = VECTOR('',#1245,1.);
#1245 = DIRECTION('',(-1.,0.,0.));
#1246 = ORIENTED_EDGE('',*,*,#1179,.T.);
#1247 = ORIENTED_EDGE('',*,*,#1124,.F.);
#1248 = PLANE('',#1249);
#1249 = AXIS2_PLACEMENT_3D('',#1250,#1251,#1252);
#1250 = CARTESIAN_POINT('',(2.61,3.,1.62));
#1251 = DIRECTION('',(7.015149670815E-18,-0.941741911595,-0.336336396998
    ));
#1252 = DIRECTION('',(-1.,-6.606460461117E-18,-2.359450164685E-18));
#1253 = ADVANCED_FACE('',(#1254),#1265,.F.);
#1254 = FACE_BOUND('',#1255,.F.);
#1255 = EDGE_LOOP('',(#1256,#1257,#1263,#1264));
#1256 = ORIENTED_EDGE('',*,*,#1218,.T.);
#1257 = ORIENTED_EDGE('',*,*,#1258,.T.);
#1258 = EDGE_CURVE('',#1211,#1101,#1259,.T.);
#1259 = LINE('',#1260,#1261);
#1260 = CARTESIAN_POINT('',(3.11,-3.25,2.E-02));
#1261 = VECTOR('',#1262,1.);
#1262 = DIRECTION('',(0.,1.,0.));
#1263 = ORIENTED_EDGE('',*,*,#1100,.T.);
#1264 = ORIENTED_EDGE('',*,*,#1148,.T.);
#1265 = PLANE('',#1266);
#1266 = AXIS2_PLACEMENT_3D('',#1267,#1268,#1269);
#1267 = CARTESIAN_POINT('',(-1.396506949214E-16,0.,2.E-02));
#1268 = DIRECTION('',(4.070108102062E-35,-3.727005214102E-35,1.));
#1269 = DIRECTION('',(1.,0.,-4.070108102062E-35));
#1270 = ADVANCED_FACE('',(#1271),#1296,.F.);
#1271 = FACE_BOUND('',#1272,.T.);
#1272 = EDGE_LOOP('',(#1273,#1281,#1287,#1288,#1294,#1295));
#1273 = ORIENTED_EDGE('',*,*,#1274,.F.);
#1274 = EDGE_CURVE('',#1275,#1234,#1277,.T.);
#1275 = VERTEX_POINT('',#1276);
#1276 = CARTESIAN_POINT('',(2.61,-2.75,2.32));
#1277 = LINE('',#1278,#1279);
#1278 = CARTESIAN_POINT('',(2.61,-3.25,2.32));
#1279 = VECTOR('',#1280,1.);
#1280 = DIRECTION('',(0.,1.,0.));
#1281 = ORIENTED_EDGE('',*,*,#1282,.T.);
#1282 = EDGE_CURVE('',#1275,#1195,#1283,.T.);
#1283 = LINE('',#1284,#1285);
#1284 = CARTESIAN_POINT('',(2.666180069016,-2.822231517306,
    2.117751751542));
#1285 = VECTOR('',#1286,1.);
#1286 = DIRECTION('',(0.253078917766,-0.325387179985,-0.911084103957));
#1287 = ORIENTED_EDGE('',*,*,#1202,.F.);
#1288 = ORIENTED_EDGE('',*,*,#1289,.T.);
#1289 = EDGE_CURVE('',#1203,#1109,#1290,.T.);
#1290 = LINE('',#1291,#1292);
#1291 = CARTESIAN_POINT('',(3.11,-3.25,0.52));
#1292 = VECTOR('',#1293,1.);
#1293 = DIRECTION('',(0.,1.,0.));
#1294 = ORIENTED_EDGE('',*,*,#1116,.T.);
#1295 = ORIENTED_EDGE('',*,*,#1233,.F.);
#1296 = PLANE('',#1297);
#1297 = AXIS2_PLACEMENT_3D('',#1298,#1299,#1300);
#1298 = CARTESIAN_POINT('',(2.86,-3.25,1.42));
#1299 = DIRECTION('',(-0.96351790963,0.,-0.267643863786));
#1300 = DIRECTION('',(0.,-1.,-0.));
#1301 = ADVANCED_FACE('',(#1302),#1308,.F.);
#1302 = FACE_BOUND('',#1303,.F.);
#1303 = EDGE_LOOP('',(#1304,#1305,#1306,#1307));
#1304 = ORIENTED_EDGE('',*,*,#1210,.T.);
#1305 = ORIENTED_EDGE('',*,*,#1289,.T.);
#1306 = ORIENTED_EDGE('',*,*,#1108,.F.);
#1307 = ORIENTED_EDGE('',*,*,#1258,.F.);
#1308 = PLANE('',#1309);
#1309 = AXIS2_PLACEMENT_3D('',#1310,#1311,#1312);
#1310 = CARTESIAN_POINT('',(3.11,-3.25,2.E-02));
#1311 = DIRECTION('',(-1.,0.,0.));
#1312 = DIRECTION('',(0.,1.,0.));
#1313 = ADVANCED_FACE('',(#1314,#1325),#1336,.T.);
#1314 = FACE_BOUND('',#1315,.T.);
#1315 = EDGE_LOOP('',(#1316,#1317,#1323,#1324));
#1316 = ORIENTED_EDGE('',*,*,#1162,.T.);
#1317 = ORIENTED_EDGE('',*,*,#1318,.T.);
#1318 = EDGE_CURVE('',#1165,#1275,#1319,.T.);
#1319 = LINE('',#1320,#1321);
#1320 = CARTESIAN_POINT('',(-2.61,-2.75,2.32));
#1321 = VECTOR('',#1322,1.);
#1322 = DIRECTION('',(1.,0.,0.));
#1323 = ORIENTED_EDGE('',*,*,#1274,.T.);
#1324 = ORIENTED_EDGE('',*,*,#1241,.T.);
#1325 = FACE_BOUND('',#1326,.T.);
#1326 = EDGE_LOOP('',(#1327));
#1327 = ORIENTED_EDGE('',*,*,#1328,.T.);
#1328 = EDGE_CURVE('',#1329,#1329,#1331,.T.);
#1329 = VERTEX_POINT('',#1330);
#1330 = CARTESIAN_POINT('',(-2.,-1.118303597555E-16,2.32));
#1331 = CIRCLE('',#1332,0.5);
#1332 = AXIS2_PLACEMENT_3D('',#1333,#1334,#1335);
#1333 = CARTESIAN_POINT('',(-1.5,1.063432015924E-17,2.32));
#1334 = DIRECTION('',(-4.070108102062E-35,3.727005214102E-35,-1.));
#1335 = DIRECTION('',(-1.,-1.516931411834E-69,4.070108102062E-35));
#1336 = PLANE('',#1337);
#1337 = AXIS2_PLACEMENT_3D('',#1338,#1339,#1340);
#1338 = CARTESIAN_POINT('',(-1.396506949214E-16,0.,2.32));
#1339 = DIRECTION('',(4.070108102062E-35,-3.727005214102E-35,1.));
#1340 = DIRECTION('',(1.,0.,-4.070108102062E-35));
#1341 = ADVANCED_FACE('',(#1342),#1348,.F.);
#1342 = FACE_BOUND('',#1343,.F.);
#1343 = EDGE_LOOP('',(#1344,#1345,#1346,#1347));
#1344 = ORIENTED_EDGE('',*,*,#1172,.F.);
#1345 = ORIENTED_EDGE('',*,*,#1318,.T.);
#1346 = ORIENTED_EDGE('',*,*,#1282,.T.);
#1347 = ORIENTED_EDGE('',*,*,#1194,.F.);
#1348 = PLANE('',#1349);
#1349 = AXIS2_PLACEMENT_3D('',#1350,#1351,#1352);
#1350 = CARTESIAN_POINT('',(-2.61,-3.,1.62));
#1351 = DIRECTION('',(-7.015149670815E-18,0.941741911595,-0.336336396998
    ));
#1352 = DIRECTION('',(1.,6.606460461117E-18,-2.359450164685E-18));
#1353 = ADVANCED_FACE('',(#1354),#1373,.F.);
#1354 = FACE_BOUND('',#1355,.F.);
#1355 = EDGE_LOOP('',(#1356,#1365,#1371,#1372));
#1356 = ORIENTED_EDGE('',*,*,#1357,.F.);
#1357 = EDGE_CURVE('',#1358,#1358,#1360,.T.);
#1358 = VERTEX_POINT('',#1359);
#1359 = CARTESIAN_POINT('',(-2.,-1.118303597555E-16,2.22));
#1360 = CIRCLE('',#1361,0.5);
#1361 = AXIS2_PLACEMENT_3D('',#1362,#1363,#1364);
#1362 = CARTESIAN_POINT('',(-1.5,1.063432015924E-17,2.22));
#1363 = DIRECTION('',(-4.070108102062E-35,3.727005214102E-35,-1.));
#1364 = DIRECTION('',(-1.,-1.516931411834E-69,4.070108102062E-35));
#1365 = ORIENTED_EDGE('',*,*,#1366,.F.);
#1366 = EDGE_CURVE('',#1329,#1358,#1367,.T.);
#1367 = LINE('',#1368,#1369);
#1368 = CARTESIAN_POINT('',(-2.,-1.118303597555E-16,2.32));
#1369 = VECTOR('',#1370,1.);
#1370 = DIRECTION('',(-4.070108102062E-35,3.727005214102E-35,-1.));
#1371 = ORIENTED_EDGE('',*,*,#1328,.T.);
#1372 = ORIENTED_EDGE('',*,*,#1366,.T.);
#1373 = CYLINDRICAL_SURFACE('',#1374,0.5);
#1374 = AXIS2_PLACEMENT_3D('',#1375,#1376,#1377);
#1375 = CARTESIAN_POINT('',(-1.5,1.063432015924E-17,2.32));
#1376 = DIRECTION('',(-4.070108102062E-35,3.727005214102E-35,-1.));
#1377 = DIRECTION('',(-1.,-1.516931411834E-69,4.070108102062E-35));
#1378 = ADVANCED_FACE('',(#1379),#1382,.F.);
#1379 = FACE_BOUND('',#1380,.F.);
#1380 = EDGE_LOOP('',(#1381));
#1381 = ORIENTED_EDGE('',*,*,#1357,.T.);
#1382 = PLANE('',#1383);
#1383 = AXIS2_PLACEMENT_3D('',#1384,#1385,#1386);
#1384 = CARTESIAN_POINT('',(-1.5,1.063432015924E-17,2.22));
#1385 = DIRECTION('',(-4.070108102062E-35,3.727005214102E-35,-1.));
#1386 = DIRECTION('',(-1.,-1.516931411834E-69,4.070108102062E-35));
#1387 = ( GEOMETRIC_REPRESENTATION_CONTEXT(3) 
GLOBAL_UNCERTAINTY_ASSIGNED_CONTEXT((#1391)) 
GLOBAL_UNIT_ASSIGNED_CONTEXT((#1388,#1389,#1390)) REPRESENTATION_CONTEXT
('Context #1','3D Context with UNIT and UNCERTAINTY') );
#1388 = ( LENGTH_UNIT() NAMED_UNIT(*) SI_UNIT(.MILLI.,.METRE.) );
#1389 = ( NAMED_UNIT(*) PLANE_ANGLE_UNIT() SI_UNIT($,.RADIAN.) );
#1390 = ( NAMED_UNIT(*) SI_UNIT($,.STERADIAN.) SOLID_ANGLE_UNIT() );
#1391 = UNCERTAINTY_MEASURE_WITH_UNIT(LENGTH_MEASURE(1.E-07),#1388,
  'distance_accuracy_value','confusion accuracy');
#1392 = CONTEXT_DEPENDENT_SHAPE_REPRESENTATION(#1393,#1395);
#1393 = ( REPRESENTATION_RELATIONSHIP('','',#1044,#1021) 
REPRESENTATION_RELATIONSHIP_WITH_TRANSFORMATION(#1394) 
SHAPE_REPRESENTATION_RELATIONSHIP() );
#1394 = ITEM_DEFINED_TRANSFORMATION('','',#11,#1022);
#1395 = PRODUCT_DEFINITION_SHAPE('Placement','Placement of an item',
  #1396);
#1396 = NEXT_ASSEMBLY_USAGE_OCCURRENCE('3','29','',#1016,#1039,$);
#1397 = PRODUCT_RELATED_PRODUCT_CATEGORY('part',$,(#1041));
#1398 = SHAPE_DEFINITION_REPRESENTATION(#1399,#1405);
#1399 = PRODUCT_DEFINITION_SHAPE('','',#1400);
#1400 = PRODUCT_DEFINITION('design','',#1401,#1404);
#1401 = PRODUCT_DEFINITION_FORMATION('','',#1402);
#1402 = PRODUCT('9bc26a56-9c39-11ed-93f0-dde97e994e83',
  '9bc26a56-9c39-11ed-93f0-dde97e994e83','',(#1403));
#1403 = PRODUCT_CONTEXT('',#2,'mechanical');
#1404 = PRODUCT_DEFINITION_CONTEXT('part definition',#2,'design');
#1405 = SHAPE_REPRESENTATION('',(#11,#1406),#1410);
#1406 = AXIS2_PLACEMENT_3D('',#1407,#1408,#1409);
#1407 = CARTESIAN_POINT('',(0.,0.,0.));
#1408 = DIRECTION('',(0.,0.,1.));
#1409 = DIRECTION('',(1.,0.,0.));
#1410 = ( GEOMETRIC_REPRESENTATION_CONTEXT(3) 
GLOBAL_UNCERTAINTY_ASSIGNED_CONTEXT((#1414)) 
GLOBAL_UNIT_ASSIGNED_CONTEXT((#1411,#1412,#1413)) REPRESENTATION_CONTEXT
('Context #1','3D Context with UNIT and UNCERTAINTY') );
#1411 = ( LENGTH_UNIT() NAMED_UNIT(*) SI_UNIT(.MILLI.,.METRE.) );
#1412 = ( NAMED_UNIT(*) PLANE_ANGLE_UNIT() SI_UNIT($,.RADIAN.) );
#1413 = ( NAMED_UNIT(*) SI_UNIT($,.STERADIAN.) SOLID_ANGLE_UNIT() );
#1414 = UNCERTAINTY_MEASURE_WITH_UNIT(LENGTH_MEASURE(1.E-07),#1411,
  'distance_accuracy_value','confusion accuracy');
#1415 = CONTEXT_DEPENDENT_SHAPE_REPRESENTATION(#1416,#1418);
#1416 = ( REPRESENTATION_RELATIONSHIP('','',#1405,#990) 
REPRESENTATION_RELATIONSHIP_WITH_TRANSFORMATION(#1417) 
SHAPE_REPRESENTATION_RELATIONSHIP() );
#1417 = ITEM_DEFINED_TRANSFORMATION('','',#11,#995);
#1418 = PRODUCT_DEFINITION_SHAPE('Placement','Placement of an item',
  #1419);
#1419 = NEXT_ASSEMBLY_USAGE_OCCURRENCE('6','32','',#985,#1400,$);
#1420 = PRODUCT_RELATED_PRODUCT_CATEGORY('part',$,(#1402));
#1421 = SHAPE_DEFINITION_REPRESENTATION(#1422,#1428);
#1422 = PRODUCT_DEFINITION_SHAPE('','',#1423);
#1423 = PRODUCT_DEFINITION('design','',#1424,#1427);
#1424 = PRODUCT_DEFINITION_FORMATION('','',#1425);
#1425 = PRODUCT('9bc26a56-9c39-11ed-93f0-dde97e994e83_part',
  '9bc26a56-9c39-11ed-93f0-dde97e994e83_part','',(#1426));
#1426 = PRODUCT_CONTEXT('',#2,'mechanical');
#1427 = PRODUCT_DEFINITION_CONTEXT('part definition',#2,'design');
#1428 = ADVANCED_BREP_SHAPE_REPRESENTATION('',(#11,#1429),#1917);
#1429 = MANIFOLD_SOLID_BREP('',#1430);
#1430 = CLOSED_SHELL('',(#1431,#1471,#1504,#1611,#1636,#1735,#1752,#1769
    ,#1786,#1803,#1820,#1837,#1854,#1871,#1888,#1905));
#1431 = ADVANCED_FACE('',(#1432),#1466,.T.);
#1432 = FACE_BOUND('',#1433,.T.);
#1433 = EDGE_LOOP('',(#1434,#1444,#1452,#1460));
#1434 = ORIENTED_EDGE('',*,*,#1435,.F.);
#1435 = EDGE_CURVE('',#1436,#1438,#1440,.T.);
#1436 = VERTEX_POINT('',#1437);
#1437 = CARTESIAN_POINT('',(4.11,-2.66,0.));
#1438 = VERTEX_POINT('',#1439);
#1439 = CARTESIAN_POINT('',(4.11,-2.66,0.5));
#1440 = LINE('',#1441,#1442);
#1441 = CARTESIAN_POINT('',(4.11,-2.66,0.));
#1442 = VECTOR('',#1443,1.);
#1443 = DIRECTION('',(0.,0.,1.));
#1444 = ORIENTED_EDGE('',*,*,#1445,.T.);
#1445 = EDGE_CURVE('',#1436,#1446,#1448,.T.);
#1446 = VERTEX_POINT('',#1447);
#1447 = CARTESIAN_POINT('',(4.11,-1.97,0.));
#1448 = LINE('',#1449,#1450);
#1449 = CARTESIAN_POINT('',(4.11,-2.7,0.));
#1450 = VECTOR('',#1451,1.);
#1451 = DIRECTION('',(0.,1.,0.));
#1452 = ORIENTED_EDGE('',*,*,#1453,.F.);
#1453 = EDGE_CURVE('',#1454,#1446,#1456,.T.);
#1454 = VERTEX_POINT('',#1455);
#1455 = CARTESIAN_POINT('',(4.11,-1.97,0.5));
#1456 = LINE('',#1457,#1458);
#1457 = CARTESIAN_POINT('',(4.11,-1.97,0.));
#1458 = VECTOR('',#1459,1.);
#1459 = DIRECTION('',(-0.,-0.,-1.));
#1460 = ORIENTED_EDGE('',*,*,#1461,.T.);
#1461 = EDGE_CURVE('',#1454,#1438,#1462,.T.);
#1462 = LINE('',#1463,#1464);
#1463 = CARTESIAN_POINT('',(4.11,2.7,0.5));
#1464 = VECTOR('',#1465,1.);
#1465 = DIRECTION('',(0.,-1.,0.));
#1466 = PLANE('',#1467);
#1467 = AXIS2_PLACEMENT_3D('',#1468,#1469,#1470);
#1468 = CARTESIAN_POINT('',(4.11,0.,0.));
#1469 = DIRECTION('',(1.,0.,-0.));
#1470 = DIRECTION('',(0.,-1.,0.));
#1471 = ADVANCED_FACE('',(#1472),#1499,.T.);
#1472 = FACE_BOUND('',#1473,.T.);
#1473 = EDGE_LOOP('',(#1474,#1475,#1484,#1492));
#1474 = ORIENTED_EDGE('',*,*,#1435,.T.);
#1475 = ORIENTED_EDGE('',*,*,#1476,.T.);
#1476 = EDGE_CURVE('',#1438,#1477,#1479,.T.);
#1477 = VERTEX_POINT('',#1478);
#1478 = CARTESIAN_POINT('',(4.07,-2.7,0.5));
#1479 = CIRCLE('',#1480,4.E-02);
#1480 = AXIS2_PLACEMENT_3D('',#1481,#1482,#1483);
#1481 = CARTESIAN_POINT('',(4.07,-2.66,0.5));
#1482 = DIRECTION('',(-0.,-0.,-1.));
#1483 = DIRECTION('',(0.,-1.,0.));
#1484 = ORIENTED_EDGE('',*,*,#1485,.F.);
#1485 = EDGE_CURVE('',#1486,#1477,#1488,.T.);
#1486 = VERTEX_POINT('',#1487);
#1487 = CARTESIAN_POINT('',(4.07,-2.7,0.));
#1488 = LINE('',#1489,#1490);
#1489 = CARTESIAN_POINT('',(4.07,-2.7,0.));
#1490 = VECTOR('',#1491,1.);
#1491 = DIRECTION('',(0.,0.,1.));
#1492 = ORIENTED_EDGE('',*,*,#1493,.F.);
#1493 = EDGE_CURVE('',#1436,#1486,#1494,.T.);
#1494 = CIRCLE('',#1495,4.E-02);
#1495 = AXIS2_PLACEMENT_3D('',#1496,#1497,#1498);
#1496 = CARTESIAN_POINT('',(4.07,-2.66,0.));
#1497 = DIRECTION('',(-0.,-0.,-1.));
#1498 = DIRECTION('',(0.,-1.,0.));
#1499 = CYLINDRICAL_SURFACE('',#1500,4.E-02);
#1500 = AXIS2_PLACEMENT_3D('',#1501,#1502,#1503);
#1501 = CARTESIAN_POINT('',(4.07,-2.66,0.));
#1502 = DIRECTION('',(0.,0.,1.));
#1503 = DIRECTION('',(1.,0.,-0.));
#1504 = ADVANCED_FACE('',(#1505),#1606,.F.);
#1505 = FACE_BOUND('',#1506,.F.);
#1506 = EDGE_LOOP('',(#1507,#1508,#1516,#1524,#1532,#1540,#1548,#1556,
    #1564,#1573,#1581,#1590,#1598,#1605));
#1507 = ORIENTED_EDGE('',*,*,#1476,.T.);
#1508 = ORIENTED_EDGE('',*,*,#1509,.T.);
#1509 = EDGE_CURVE('',#1477,#1510,#1512,.T.);
#1510 = VERTEX_POINT('',#1511);
#1511 = CARTESIAN_POINT('',(3.11,-2.7,0.5));
#1512 = LINE('',#1513,#1514);
#1513 = CARTESIAN_POINT('',(4.11,-2.7,0.5));
#1514 = VECTOR('',#1515,1.);
#1515 = DIRECTION('',(-1.,0.,0.));
#1516 = ORIENTED_EDGE('',*,*,#1517,.T.);
#1517 = EDGE_CURVE('',#1510,#1518,#1520,.T.);
#1518 = VERTEX_POINT('',#1519);
#1519 = CARTESIAN_POINT('',(3.11,-2.16,0.5));
#1520 = LINE('',#1521,#1522);
#1521 = CARTESIAN_POINT('',(3.11,-2.7,0.5));
#1522 = VECTOR('',#1523,1.);
#1523 = DIRECTION('',(0.,1.,0.));
#1524 = ORIENTED_EDGE('',*,*,#1525,.T.);
#1525 = EDGE_CURVE('',#1518,#1526,#1528,.T.);
#1526 = VERTEX_POINT('',#1527);
#1527 = CARTESIAN_POINT('',(-1.13,-2.16,0.5));
#1528 = LINE('',#1529,#1530);
#1529 = CARTESIAN_POINT('',(3.11,-2.16,0.5));
#1530 = VECTOR('',#1531,1.);
#1531 = DIRECTION('',(-1.,0.,0.));
#1532 = ORIENTED_EDGE('',*,*,#1533,.T.);
#1533 = EDGE_CURVE('',#1526,#1534,#1536,.T.);
#1534 = VERTEX_POINT('',#1535);
#1535 = CARTESIAN_POINT('',(-1.13,2.16,0.5));
#1536 = LINE('',#1537,#1538);
#1537 = CARTESIAN_POINT('',(-1.13,-2.16,0.5));
#1538 = VECTOR('',#1539,1.);
#1539 = DIRECTION('',(0.,1.,0.));
#1540 = ORIENTED_EDGE('',*,*,#1541,.T.);
#1541 = EDGE_CURVE('',#1534,#1542,#1544,.T.);
#1542 = VERTEX_POINT('',#1543);
#1543 = CARTESIAN_POINT('',(3.11,2.16,0.5));
#1544 = LINE('',#1545,#1546);
#1545 = CARTESIAN_POINT('',(-1.13,2.16,0.5));
#1546 = VECTOR('',#1547,1.);
#1547 = DIRECTION('',(1.,0.,0.));
#1548 = ORIENTED_EDGE('',*,*,#1549,.T.);
#1549 = EDGE_CURVE('',#1542,#1550,#1552,.T.);
#1550 = VERTEX_POINT('',#1551);
#1551 = CARTESIAN_POINT('',(3.11,2.7,0.5));
#1552 = LINE('',#1553,#1554);
#1553 = CARTESIAN_POINT('',(3.11,2.16,0.5));
#1554 = VECTOR('',#1555,1.);
#1555 = DIRECTION('',(0.,1.,0.));
#1556 = ORIENTED_EDGE('',*,*,#1557,.T.);
#1557 = EDGE_CURVE('',#1550,#1558,#1560,.T.);
#1558 = VERTEX_POINT('',#1559);
#1559 = CARTESIAN_POINT('',(4.07,2.7,0.5));
#1560 = LINE('',#1561,#1562);
#1561 = CARTESIAN_POINT('',(3.11,2.7,0.5));
#1562 = VECTOR('',#1563,1.);
#1563 = DIRECTION('',(1.,0.,0.));
#1564 = ORIENTED_EDGE('',*,*,#1565,.F.);
#1565 = EDGE_CURVE('',#1566,#1558,#1568,.T.);
#1566 = VERTEX_POINT('',#1567);
#1567 = CARTESIAN_POINT('',(4.11,2.66,0.5));
#1568 = CIRCLE('',#1569,4.E-02);
#1569 = AXIS2_PLACEMENT_3D('',#1570,#1571,#1572);
#1570 = CARTESIAN_POINT('',(4.07,2.66,0.5));
#1571 = DIRECTION('',(0.,0.,1.));
#1572 = DIRECTION('',(0.,-1.,0.));
#1573 = ORIENTED_EDGE('',*,*,#1574,.T.);
#1574 = EDGE_CURVE('',#1566,#1575,#1577,.T.);
#1575 = VERTEX_POINT('',#1576);
#1576 = CARTESIAN_POINT('',(4.11,1.97,0.5));
#1577 = LINE('',#1578,#1579);
#1578 = CARTESIAN_POINT('',(4.11,2.7,0.5));
#1579 = VECTOR('',#1580,1.);
#1580 = DIRECTION('',(0.,-1.,0.));
#1581 = ORIENTED_EDGE('',*,*,#1582,.F.);
#1582 = EDGE_CURVE('',#1583,#1575,#1585,.T.);
#1583 = VERTEX_POINT('',#1584);
#1584 = CARTESIAN_POINT('',(4.03,1.89,0.5));
#1585 = CIRCLE('',#1586,8.E-02);
#1586 = AXIS2_PLACEMENT_3D('',#1587,#1588,#1589);
#1587 = CARTESIAN_POINT('',(4.11,1.89,0.5));
#1588 = DIRECTION('',(0.,0.,-1.));
#1589 = DIRECTION('',(1.,0.,0.));
#1590 = ORIENTED_EDGE('',*,*,#1591,.T.);
#1591 = EDGE_CURVE('',#1583,#1592,#1594,.T.);
#1592 = VERTEX_POINT('',#1593);
#1593 = CARTESIAN_POINT('',(4.03,-1.89,0.5));
#1594 = LINE('',#1595,#1596);
#1595 = CARTESIAN_POINT('',(4.03,1.89,0.5));
#1596 = VECTOR('',#1597,1.);
#1597 = DIRECTION('',(0.,-1.,0.));
#1598 = ORIENTED_EDGE('',*,*,#1599,.F.);
#1599 = EDGE_CURVE('',#1454,#1592,#1600,.T.);
#1600 = CIRCLE('',#1601,8.E-02);
#1601 = AXIS2_PLACEMENT_3D('',#1602,#1603,#1604);
#1602 = CARTESIAN_POINT('',(4.11,-1.89,0.5));
#1603 = DIRECTION('',(0.,0.,-1.));
#1604 = DIRECTION('',(1.,0.,0.));
#1605 = ORIENTED_EDGE('',*,*,#1461,.T.);
#1606 = PLANE('',#1607);
#1607 = AXIS2_PLACEMENT_3D('',#1608,#1609,#1610);
#1608 = CARTESIAN_POINT('',(1.705187969925,6.260656153901E-17,0.5));
#1609 = DIRECTION('',(-0.,-0.,-1.));
#1610 = DIRECTION('',(-1.,0.,0.));
#1611 = ADVANCED_FACE('',(#1612),#1631,.F.);
#1612 = FACE_BOUND('',#1613,.F.);
#1613 = EDGE_LOOP('',(#1614,#1615,#1623,#1630));
#1614 = ORIENTED_EDGE('',*,*,#1599,.T.);
#1615 = ORIENTED_EDGE('',*,*,#1616,.F.);
#1616 = EDGE_CURVE('',#1617,#1592,#1619,.T.);
#1617 = VERTEX_POINT('',#1618);
#1618 = CARTESIAN_POINT('',(4.03,-1.89,0.));
#1619 = LINE('',#1620,#1621);
#1620 = CARTESIAN_POINT('',(4.03,-1.89,0.));
#1621 = VECTOR('',#1622,1.);
#1622 = DIRECTION('',(0.,0.,1.));
#1623 = ORIENTED_EDGE('',*,*,#1624,.T.);
#1624 = EDGE_CURVE('',#1617,#1446,#1625,.T.);
#1625 = CIRCLE('',#1626,8.E-02);
#1626 = AXIS2_PLACEMENT_3D('',#1627,#1628,#1629);
#1627 = CARTESIAN_POINT('',(4.11,-1.89,0.));
#1628 = DIRECTION('',(0.,0.,1.));
#1629 = DIRECTION('',(1.,0.,-0.));
#1630 = ORIENTED_EDGE('',*,*,#1453,.F.);
#1631 = CYLINDRICAL_SURFACE('',#1632,8.E-02);
#1632 = AXIS2_PLACEMENT_3D('',#1633,#1634,#1635);
#1633 = CARTESIAN_POINT('',(4.11,-1.89,0.));
#1634 = DIRECTION('',(-0.,-0.,-1.));
#1635 = DIRECTION('',(1.,0.,0.));
#1636 = ADVANCED_FACE('',(#1637),#1730,.T.);
#1637 = FACE_BOUND('',#1638,.T.);
#1638 = EDGE_LOOP('',(#1639,#1640,#1641,#1649,#1657,#1665,#1673,#1681,
    #1689,#1697,#1706,#1714,#1723,#1729));
#1639 = ORIENTED_EDGE('',*,*,#1445,.F.);
#1640 = ORIENTED_EDGE('',*,*,#1493,.T.);
#1641 = ORIENTED_EDGE('',*,*,#1642,.T.);
#1642 = EDGE_CURVE('',#1486,#1643,#1645,.T.);
#1643 = VERTEX_POINT('',#1644);
#1644 = CARTESIAN_POINT('',(3.11,-2.7,0.));
#1645 = LINE('',#1646,#1647);
#1646 = CARTESIAN_POINT('',(4.11,-2.7,0.));
#1647 = VECTOR('',#1648,1.);
#1648 = DIRECTION('',(-1.,0.,0.));
#1649 = ORIENTED_EDGE('',*,*,#1650,.T.);
#1650 = EDGE_CURVE('',#1643,#1651,#1653,.T.);
#1651 = VERTEX_POINT('',#1652);
#1652 = CARTESIAN_POINT('',(3.11,-2.16,0.));
#1653 = LINE('',#1654,#1655);
#1654 = CARTESIAN_POINT('',(3.11,-2.7,0.));
#1655 = VECTOR('',#1656,1.);
#1656 = DIRECTION('',(0.,1.,0.));
#1657 = ORIENTED_EDGE('',*,*,#1658,.T.);
#1658 = EDGE_CURVE('',#1651,#1659,#1661,.T.);
#1659 = VERTEX_POINT('',#1660);
#1660 = CARTESIAN_POINT('',(-1.13,-2.16,0.));
#1661 = LINE('',#1662,#1663);
#1662 = CARTESIAN_POINT('',(3.11,-2.16,0.));
#1663 = VECTOR('',#1664,1.);
#1664 = DIRECTION('',(-1.,0.,0.));
#1665 = ORIENTED_EDGE('',*,*,#1666,.T.);
#1666 = EDGE_CURVE('',#1659,#1667,#1669,.T.);
#1667 = VERTEX_POINT('',#1668);
#1668 = CARTESIAN_POINT('',(-1.13,2.16,0.));
#1669 = LINE('',#1670,#1671);
#1670 = CARTESIAN_POINT('',(-1.13,-2.16,0.));
#1671 = VECTOR('',#1672,1.);
#1672 = DIRECTION('',(0.,1.,0.));
#1673 = ORIENTED_EDGE('',*,*,#1674,.T.);
#1674 = EDGE_CURVE('',#1667,#1675,#1677,.T.);
#1675 = VERTEX_POINT('',#1676);
#1676 = CARTESIAN_POINT('',(3.11,2.16,0.));
#1677 = LINE('',#1678,#1679);
#1678 = CARTESIAN_POINT('',(-1.13,2.16,0.));
#1679 = VECTOR('',#1680,1.);
#1680 = DIRECTION('',(1.,0.,0.));
#1681 = ORIENTED_EDGE('',*,*,#1682,.T.);
#1682 = EDGE_CURVE('',#1675,#1683,#1685,.T.);
#1683 = VERTEX_POINT('',#1684);
#1684 = CARTESIAN_POINT('',(3.11,2.7,0.));
#1685 = LINE('',#1686,#1687);
#1686 = CARTESIAN_POINT('',(3.11,2.16,0.));
#1687 = VECTOR('',#1688,1.);
#1688 = DIRECTION('',(0.,1.,0.));
#1689 = ORIENTED_EDGE('',*,*,#1690,.T.);
#1690 = EDGE_CURVE('',#1683,#1691,#1693,.T.);
#1691 = VERTEX_POINT('',#1692);
#1692 = CARTESIAN_POINT('',(4.07,2.7,0.));
#1693 = LINE('',#1694,#1695);
#1694 = CARTESIAN_POINT('',(3.11,2.7,0.));
#1695 = VECTOR('',#1696,1.);
#1696 = DIRECTION('',(1.,0.,0.));
#1697 = ORIENTED_EDGE('',*,*,#1698,.F.);
#1698 = EDGE_CURVE('',#1699,#1691,#1701,.T.);
#1699 = VERTEX_POINT('',#1700);
#1700 = CARTESIAN_POINT('',(4.11,2.66,0.));
#1701 = CIRCLE('',#1702,4.E-02);
#1702 = AXIS2_PLACEMENT_3D('',#1703,#1704,#1705);
#1703 = CARTESIAN_POINT('',(4.07,2.66,0.));
#1704 = DIRECTION('',(0.,0.,1.));
#1705 = DIRECTION('',(0.,-1.,0.));
#1706 = ORIENTED_EDGE('',*,*,#1707,.F.);
#1707 = EDGE_CURVE('',#1708,#1699,#1710,.T.);
#1708 = VERTEX_POINT('',#1709);
#1709 = CARTESIAN_POINT('',(4.11,1.97,0.));
#1710 = LINE('',#1711,#1712);
#1711 = CARTESIAN_POINT('',(4.11,-2.7,0.));
#1712 = VECTOR('',#1713,1.);
#1713 = DIRECTION('',(0.,1.,0.));
#1714 = ORIENTED_EDGE('',*,*,#1715,.T.);
#1715 = EDGE_CURVE('',#1708,#1716,#1718,.T.);
#1716 = VERTEX_POINT('',#1717);
#1717 = CARTESIAN_POINT('',(4.03,1.89,0.));
#1718 = CIRCLE('',#1719,8.E-02);
#1719 = AXIS2_PLACEMENT_3D('',#1720,#1721,#1722);
#1720 = CARTESIAN_POINT('',(4.11,1.89,0.));
#1721 = DIRECTION('',(0.,0.,1.));
#1722 = DIRECTION('',(1.,0.,-0.));
#1723 = ORIENTED_EDGE('',*,*,#1724,.T.);
#1724 = EDGE_CURVE('',#1716,#1617,#1725,.T.);
#1725 = LINE('',#1726,#1727);
#1726 = CARTESIAN_POINT('',(4.03,1.89,0.));
#1727 = VECTOR('',#1728,1.);
#1728 = DIRECTION('',(0.,-1.,0.));
#1729 = ORIENTED_EDGE('',*,*,#1624,.T.);
#1730 = PLANE('',#1731);
#1731 = AXIS2_PLACEMENT_3D('',#1732,#1733,#1734);
#1732 = CARTESIAN_POINT('',(1.705187969925,6.260656153901E-17,0.));
#1733 = DIRECTION('',(-0.,-0.,-1.));
#1734 = DIRECTION('',(-1.,0.,0.));
#1735 = ADVANCED_FACE('',(#1736),#1747,.T.);
#1736 = FACE_BOUND('',#1737,.T.);
#1737 = EDGE_LOOP('',(#1738,#1739,#1740,#1741));
#1738 = ORIENTED_EDGE('',*,*,#1642,.F.);
#1739 = ORIENTED_EDGE('',*,*,#1485,.T.);
#1740 = ORIENTED_EDGE('',*,*,#1509,.T.);
#1741 = ORIENTED_EDGE('',*,*,#1742,.F.);
#1742 = EDGE_CURVE('',#1643,#1510,#1743,.T.);
#1743 = LINE('',#1744,#1745);
#1744 = CARTESIAN_POINT('',(3.11,-2.7,0.));
#1745 = VECTOR('',#1746,1.);
#1746 = DIRECTION('',(0.,0.,1.));
#1747 = PLANE('',#1748);
#1748 = AXIS2_PLACEMENT_3D('',#1749,#1750,#1751);
#1749 = CARTESIAN_POINT('',(4.11,-2.7,0.));
#1750 = DIRECTION('',(0.,-1.,0.));
#1751 = DIRECTION('',(-1.,0.,0.));
#1752 = ADVANCED_FACE('',(#1753),#1764,.T.);
#1753 = FACE_BOUND('',#1754,.T.);
#1754 = EDGE_LOOP('',(#1755,#1761,#1762,#1763));
#1755 = ORIENTED_EDGE('',*,*,#1756,.T.);
#1756 = EDGE_CURVE('',#1716,#1583,#1757,.T.);
#1757 = LINE('',#1758,#1759);
#1758 = CARTESIAN_POINT('',(4.03,1.89,0.));
#1759 = VECTOR('',#1760,1.);
#1760 = DIRECTION('',(0.,0.,1.));
#1761 = ORIENTED_EDGE('',*,*,#1591,.T.);
#1762 = ORIENTED_EDGE('',*,*,#1616,.F.);
#1763 = ORIENTED_EDGE('',*,*,#1724,.F.);
#1764 = PLANE('',#1765);
#1765 = AXIS2_PLACEMENT_3D('',#1766,#1767,#1768);
#1766 = CARTESIAN_POINT('',(4.03,1.89,0.));
#1767 = DIRECTION('',(1.,0.,-0.));
#1768 = DIRECTION('',(0.,-1.,0.));
#1769 = ADVANCED_FACE('',(#1770),#1781,.F.);
#1770 = FACE_BOUND('',#1771,.F.);
#1771 = EDGE_LOOP('',(#1772,#1773,#1774,#1780));
#1772 = ORIENTED_EDGE('',*,*,#1756,.T.);
#1773 = ORIENTED_EDGE('',*,*,#1582,.T.);
#1774 = ORIENTED_EDGE('',*,*,#1775,.T.);
#1775 = EDGE_CURVE('',#1575,#1708,#1776,.T.);
#1776 = LINE('',#1777,#1778);
#1777 = CARTESIAN_POINT('',(4.11,1.97,0.));
#1778 = VECTOR('',#1779,1.);
#1779 = DIRECTION('',(-0.,-0.,-1.));
#1780 = ORIENTED_EDGE('',*,*,#1715,.T.);
#1781 = CYLINDRICAL_SURFACE('',#1782,8.E-02);
#1782 = AXIS2_PLACEMENT_3D('',#1783,#1784,#1785);
#1783 = CARTESIAN_POINT('',(4.11,1.89,0.));
#1784 = DIRECTION('',(-0.,-0.,-1.));
#1785 = DIRECTION('',(1.,0.,0.));
#1786 = ADVANCED_FACE('',(#1787),#1798,.T.);
#1787 = FACE_BOUND('',#1788,.T.);
#1788 = EDGE_LOOP('',(#1789,#1790,#1791,#1797));
#1789 = ORIENTED_EDGE('',*,*,#1775,.T.);
#1790 = ORIENTED_EDGE('',*,*,#1707,.T.);
#1791 = ORIENTED_EDGE('',*,*,#1792,.T.);
#1792 = EDGE_CURVE('',#1699,#1566,#1793,.T.);
#1793 = LINE('',#1794,#1795);
#1794 = CARTESIAN_POINT('',(4.11,2.66,0.));
#1795 = VECTOR('',#1796,1.);
#1796 = DIRECTION('',(0.,0.,1.));
#1797 = ORIENTED_EDGE('',*,*,#1574,.T.);
#1798 = PLANE('',#1799);
#1799 = AXIS2_PLACEMENT_3D('',#1800,#1801,#1802);
#1800 = CARTESIAN_POINT('',(4.11,0.,0.));
#1801 = DIRECTION('',(1.,0.,-0.));
#1802 = DIRECTION('',(0.,-1.,0.));
#1803 = ADVANCED_FACE('',(#1804),#1815,.T.);
#1804 = FACE_BOUND('',#1805,.T.);
#1805 = EDGE_LOOP('',(#1806,#1807,#1813,#1814));
#1806 = ORIENTED_EDGE('',*,*,#1698,.T.);
#1807 = ORIENTED_EDGE('',*,*,#1808,.T.);
#1808 = EDGE_CURVE('',#1691,#1558,#1809,.T.);
#1809 = LINE('',#1810,#1811);
#1810 = CARTESIAN_POINT('',(4.07,2.7,0.));
#1811 = VECTOR('',#1812,1.);
#1812 = DIRECTION('',(0.,0.,1.));
#1813 = ORIENTED_EDGE('',*,*,#1565,.F.);
#1814 = ORIENTED_EDGE('',*,*,#1792,.F.);
#1815 = CYLINDRICAL_SURFACE('',#1816,4.E-02);
#1816 = AXIS2_PLACEMENT_3D('',#1817,#1818,#1819);
#1817 = CARTESIAN_POINT('',(4.07,2.66,0.));
#1818 = DIRECTION('',(0.,0.,1.));
#1819 = DIRECTION('',(1.,0.,-0.));
#1820 = ADVANCED_FACE('',(#1821),#1832,.T.);
#1821 = FACE_BOUND('',#1822,.T.);
#1822 = EDGE_LOOP('',(#1823,#1824,#1830,#1831));
#1823 = ORIENTED_EDGE('',*,*,#1690,.F.);
#1824 = ORIENTED_EDGE('',*,*,#1825,.T.);
#1825 = EDGE_CURVE('',#1683,#1550,#1826,.T.);
#1826 = LINE('',#1827,#1828);
#1827 = CARTESIAN_POINT('',(3.11,2.7,0.));
#1828 = VECTOR('',#1829,1.);
#1829 = DIRECTION('',(0.,0.,1.));
#1830 = ORIENTED_EDGE('',*,*,#1557,.T.);
#1831 = ORIENTED_EDGE('',*,*,#1808,.F.);
#1832 = PLANE('',#1833);
#1833 = AXIS2_PLACEMENT_3D('',#1834,#1835,#1836);
#1834 = CARTESIAN_POINT('',(3.11,2.7,0.));
#1835 = DIRECTION('',(0.,1.,0.));
#1836 = DIRECTION('',(1.,0.,0.));
#1837 = ADVANCED_FACE('',(#1838),#1849,.T.);
#1838 = FACE_BOUND('',#1839,.T.);
#1839 = EDGE_LOOP('',(#1840,#1846,#1847,#1848));
#1840 = ORIENTED_EDGE('',*,*,#1841,.T.);
#1841 = EDGE_CURVE('',#1675,#1542,#1842,.T.);
#1842 = LINE('',#1843,#1844);
#1843 = CARTESIAN_POINT('',(3.11,2.16,0.));
#1844 = VECTOR('',#1845,1.);
#1845 = DIRECTION('',(0.,0.,1.));
#1846 = ORIENTED_EDGE('',*,*,#1549,.T.);
#1847 = ORIENTED_EDGE('',*,*,#1825,.F.);
#1848 = ORIENTED_EDGE('',*,*,#1682,.F.);
#1849 = PLANE('',#1850);
#1850 = AXIS2_PLACEMENT_3D('',#1851,#1852,#1853);
#1851 = CARTESIAN_POINT('',(3.11,2.16,0.));
#1852 = DIRECTION('',(-1.,0.,0.));
#1853 = DIRECTION('',(0.,1.,0.));
#1854 = ADVANCED_FACE('',(#1855),#1866,.T.);
#1855 = FACE_BOUND('',#1856,.T.);
#1856 = EDGE_LOOP('',(#1857,#1863,#1864,#1865));
#1857 = ORIENTED_EDGE('',*,*,#1858,.T.);
#1858 = EDGE_CURVE('',#1667,#1534,#1859,.T.);
#1859 = LINE('',#1860,#1861);
#1860 = CARTESIAN_POINT('',(-1.13,2.16,0.));
#1861 = VECTOR('',#1862,1.);
#1862 = DIRECTION('',(0.,0.,1.));
#1863 = ORIENTED_EDGE('',*,*,#1541,.T.);
#1864 = ORIENTED_EDGE('',*,*,#1841,.F.);
#1865 = ORIENTED_EDGE('',*,*,#1674,.F.);
#1866 = PLANE('',#1867);
#1867 = AXIS2_PLACEMENT_3D('',#1868,#1869,#1870);
#1868 = CARTESIAN_POINT('',(-1.13,2.16,0.));
#1869 = DIRECTION('',(0.,1.,0.));
#1870 = DIRECTION('',(1.,0.,0.));
#1871 = ADVANCED_FACE('',(#1872),#1883,.T.);
#1872 = FACE_BOUND('',#1873,.T.);
#1873 = EDGE_LOOP('',(#1874,#1880,#1881,#1882));
#1874 = ORIENTED_EDGE('',*,*,#1875,.T.);
#1875 = EDGE_CURVE('',#1659,#1526,#1876,.T.);
#1876 = LINE('',#1877,#1878);
#1877 = CARTESIAN_POINT('',(-1.13,-2.16,0.));
#1878 = VECTOR('',#1879,1.);
#1879 = DIRECTION('',(0.,0.,1.));
#1880 = ORIENTED_EDGE('',*,*,#1533,.T.);
#1881 = ORIENTED_EDGE('',*,*,#1858,.F.);
#1882 = ORIENTED_EDGE('',*,*,#1666,.F.);
#1883 = PLANE('',#1884);
#1884 = AXIS2_PLACEMENT_3D('',#1885,#1886,#1887);
#1885 = CARTESIAN_POINT('',(-1.13,-2.16,0.));
#1886 = DIRECTION('',(-1.,0.,0.));
#1887 = DIRECTION('',(0.,1.,0.));
#1888 = ADVANCED_FACE('',(#1889),#1900,.T.);
#1889 = FACE_BOUND('',#1890,.T.);
#1890 = EDGE_LOOP('',(#1891,#1897,#1898,#1899));
#1891 = ORIENTED_EDGE('',*,*,#1892,.T.);
#1892 = EDGE_CURVE('',#1651,#1518,#1893,.T.);
#1893 = LINE('',#1894,#1895);
#1894 = CARTESIAN_POINT('',(3.11,-2.16,0.));
#1895 = VECTOR('',#1896,1.);
#1896 = DIRECTION('',(0.,0.,1.));
#1897 = ORIENTED_EDGE('',*,*,#1525,.T.);
#1898 = ORIENTED_EDGE('',*,*,#1875,.F.);
#1899 = ORIENTED_EDGE('',*,*,#1658,.F.);
#1900 = PLANE('',#1901);
#1901 = AXIS2_PLACEMENT_3D('',#1902,#1903,#1904);
#1902 = CARTESIAN_POINT('',(3.11,-2.16,0.));
#1903 = DIRECTION('',(0.,-1.,0.));
#1904 = DIRECTION('',(-1.,0.,0.));
#1905 = ADVANCED_FACE('',(#1906),#1912,.T.);
#1906 = FACE_BOUND('',#1907,.T.);
#1907 = EDGE_LOOP('',(#1908,#1909,#1910,#1911));
#1908 = ORIENTED_EDGE('',*,*,#1742,.T.);
#1909 = ORIENTED_EDGE('',*,*,#1517,.T.);
#1910 = ORIENTED_EDGE('',*,*,#1892,.F.);
#1911 = ORIENTED_EDGE('',*,*,#1650,.F.);
#1912 = PLANE('',#1913);
#1913 = AXIS2_PLACEMENT_3D('',#1914,#1915,#1916);
#1914 = CARTESIAN_POINT('',(3.11,-2.7,0.));
#1915 = DIRECTION('',(-1.,0.,0.));
#1916 = DIRECTION('',(0.,1.,0.));
#1917 = ( GEOMETRIC_REPRESENTATION_CONTEXT(3) 
GLOBAL_UNCERTAINTY_ASSIGNED_CONTEXT((#1921)) 
GLOBAL_UNIT_ASSIGNED_CONTEXT((#1918,#1919,#1920)) REPRESENTATION_CONTEXT
('Context #1','3D Context with UNIT and UNCERTAINTY') );
#1918 = ( LENGTH_UNIT() NAMED_UNIT(*) SI_UNIT(.MILLI.,.METRE.) );
#1919 = ( NAMED_UNIT(*) PLANE_ANGLE_UNIT() SI_UNIT($,.RADIAN.) );
#1920 = ( NAMED_UNIT(*) SI_UNIT($,.STERADIAN.) SOLID_ANGLE_UNIT() );
#1921 = UNCERTAINTY_MEASURE_WITH_UNIT(LENGTH_MEASURE(1.E-07),#1918,
  'distance_accuracy_value','confusion accuracy');
#1922 = CONTEXT_DEPENDENT_SHAPE_REPRESENTATION(#1923,#1925);
#1923 = ( REPRESENTATION_RELATIONSHIP('','',#1428,#1405) 
REPRESENTATION_RELATIONSHIP_WITH_TRANSFORMATION(#1924) 
SHAPE_REPRESENTATION_RELATIONSHIP() );
#1924 = ITEM_DEFINED_TRANSFORMATION('','',#11,#1406);
#1925 = PRODUCT_DEFINITION_SHAPE('Placement','Placement of an item',
  #1926);
#1926 = NEXT_ASSEMBLY_USAGE_OCCURRENCE('5','31','',#1400,#1423,$);
#1927 = PRODUCT_RELATED_PRODUCT_CATEGORY('part',$,(#1425));
#1928 = SHAPE_DEFINITION_REPRESENTATION(#1929,#1935);
#1929 = PRODUCT_DEFINITION_SHAPE('','',#1930);
#1930 = PRODUCT_DEFINITION('design','',#1931,#1934);
#1931 = PRODUCT_DEFINITION_FORMATION('','',#1932);
#1932 = PRODUCT('9bc26a57-9c39-11ed-93f0-dde97e994e83',
  '9bc26a57-9c39-11ed-93f0-dde97e994e83','',(#1933));
#1933 = PRODUCT_CONTEXT('',#2,'mechanical');
#1934 = PRODUCT_DEFINITION_CONTEXT('part definition',#2,'design');
#1935 = SHAPE_REPRESENTATION('',(#11,#1936),#1940);
#1936 = AXIS2_PLACEMENT_3D('',#1937,#1938,#1939);
#1937 = CARTESIAN_POINT('',(0.,0.,0.));
#1938 = DIRECTION('',(0.,0.,1.));
#1939 = DIRECTION('',(1.,0.,0.));
#1940 = ( GEOMETRIC_REPRESENTATION_CONTEXT(3) 
GLOBAL_UNCERTAINTY_ASSIGNED_CONTEXT((#1944)) 
GLOBAL_UNIT_ASSIGNED_CONTEXT((#1941,#1942,#1943)) REPRESENTATION_CONTEXT
('Context #1','3D Context with UNIT and UNCERTAINTY') );
#1941 = ( LENGTH_UNIT() NAMED_UNIT(*) SI_UNIT(.MILLI.,.METRE.) );
#1942 = ( NAMED_UNIT(*) PLANE_ANGLE_UNIT() SI_UNIT($,.RADIAN.) );
#1943 = ( NAMED_UNIT(*) SI_UNIT($,.STERADIAN.) SOLID_ANGLE_UNIT() );
#1944 = UNCERTAINTY_MEASURE_WITH_UNIT(LENGTH_MEASURE(1.E-07),#1941,
  'distance_accuracy_value','confusion accuracy');
#1945 = CONTEXT_DEPENDENT_SHAPE_REPRESENTATION(#1946,#1948);
#1946 = ( REPRESENTATION_RELATIONSHIP('','',#1935,#990) 
REPRESENTATION_RELATIONSHIP_WITH_TRANSFORMATION(#1947) 
SHAPE_REPRESENTATION_RELATIONSHIP() );
#1947 = ITEM_DEFINED_TRANSFORMATION('','',#11,#999);
#1948 = PRODUCT_DEFINITION_SHAPE('Placement','Placement of an item',
  #1949);
#1949 = NEXT_ASSEMBLY_USAGE_OCCURRENCE('8','34','',#985,#1930,$);
#1950 = PRODUCT_RELATED_PRODUCT_CATEGORY('part',$,(#1932));
#1951 = SHAPE_DEFINITION_REPRESENTATION(#1952,#1958);
#1952 = PRODUCT_DEFINITION_SHAPE('','',#1953);
#1953 = PRODUCT_DEFINITION('design','',#1954,#1957);
#1954 = PRODUCT_DEFINITION_FORMATION('','',#1955);
#1955 = PRODUCT('9bc26a57-9c39-11ed-93f0-dde97e994e83_part',
  '9bc26a57-9c39-11ed-93f0-dde97e994e83_part','',(#1956));
#1956 = PRODUCT_CONTEXT('',#2,'mechanical');
#1957 = PRODUCT_DEFINITION_CONTEXT('part definition',#2,'design');
#1958 = SHAPE_REPRESENTATION('',(#11,#1959,#2649,#3339,#3621,#4311),
  #5001);
#1959 = MANIFOLD_SOLID_BREP('',#1960);
#1960 = CLOSED_SHELL('',(#1961,#2019,#2085,#2141,#2165,#2221,#2280,#2297
    ,#2314,#2381,#2398,#2429,#2453,#2478,#2495,#2519,#2544,#2561,#2584,
    #2601,#2620,#2637));
#1961 = ADVANCED_FACE('',(#1962),#2014,.T.);
#1962 = FACE_BOUND('',#1963,.T.);
#1963 = EDGE_LOOP('',(#1964,#1975,#1983,#1992,#2000,#2008));
#1964 = ORIENTED_EDGE('',*,*,#1965,.T.);
#1965 = EDGE_CURVE('',#1966,#1968,#1970,.T.);
#1966 = VERTEX_POINT('',#1967);
#1967 = CARTESIAN_POINT('',(-4.237701336216,-1.86,0.93988764291));
#1968 = VERTEX_POINT('',#1969);
#1969 = CARTESIAN_POINT('',(-4.24,-1.86,0.939877074976));
#1970 = CIRCLE('',#1971,0.25);
#1971 = AXIS2_PLACEMENT_3D('',#1972,#1973,#1974);
#1972 = CARTESIAN_POINT('',(-4.237701336216,-1.86,0.68988764291));
#1973 = DIRECTION('',(0.,-1.,0.));
#1974 = DIRECTION('',(-3.5527136788E-15,0.,1.));
#1975 = ORIENTED_EDGE('',*,*,#1976,.T.);
#1976 = EDGE_CURVE('',#1968,#1977,#1979,.T.);
#1977 = VERTEX_POINT('',#1978);
#1978 = CARTESIAN_POINT('',(-4.24,-1.86,1.439884120332));
#1979 = LINE('',#1980,#1981);
#1980 = CARTESIAN_POINT('',(-4.24,-1.86,0.437372862773));
#1981 = VECTOR('',#1982,1.);
#1982 = DIRECTION('',(0.,1.094463156608E-30,1.));
#1983 = ORIENTED_EDGE('',*,*,#1984,.T.);
#1984 = EDGE_CURVE('',#1977,#1985,#1987,.T.);
#1985 = VERTEX_POINT('',#1986);
#1986 = CARTESIAN_POINT('',(-4.237701336216,-1.86,1.43988764291));
#1987 = CIRCLE('',#1988,0.75);
#1988 = AXIS2_PLACEMENT_3D('',#1989,#1990,#1991);
#1989 = CARTESIAN_POINT('',(-4.237701336216,-1.86,0.68988764291));
#1990 = DIRECTION('',(0.,1.,0.));
#1991 = DIRECTION('',(-0.939692620786,0.,0.342020143326));
#1992 = ORIENTED_EDGE('',*,*,#1993,.T.);
#1993 = EDGE_CURVE('',#1985,#1994,#1996,.T.);
#1994 = VERTEX_POINT('',#1995);
#1995 = CARTESIAN_POINT('',(-3.49,-1.86,1.43988764291));
#1996 = LINE('',#1997,#1998);
#1997 = CARTESIAN_POINT('',(-4.237701336216,-1.86,1.43988764291));
#1998 = VECTOR('',#1999,1.);
#1999 = DIRECTION('',(1.,0.,-1.110223024625E-16));
#2000 = ORIENTED_EDGE('',*,*,#2001,.T.);
#2001 = EDGE_CURVE('',#1994,#2002,#2004,.T.);
#2002 = VERTEX_POINT('',#2003);
#2003 = CARTESIAN_POINT('',(-3.49,-1.86,0.93988764291));
#2004 = LINE('',#2005,#2006);
#2005 = CARTESIAN_POINT('',(-3.49,-1.86,0.437372862773));
#2006 = VECTOR('',#2007,1.);
#2007 = DIRECTION('',(0.,-1.094463156608E-30,-1.));
#2008 = ORIENTED_EDGE('',*,*,#2009,.T.);
#2009 = EDGE_CURVE('',#2002,#1966,#2010,.T.);
#2010 = LINE('',#2011,#2012);
#2011 = CARTESIAN_POINT('',(-2.237701336216,-1.86,0.93988764291));
#2012 = VECTOR('',#2013,1.);
#2013 = DIRECTION('',(-1.,0.,1.110223024625E-16));
#2014 = PLANE('',#2015);
#2015 = AXIS2_PLACEMENT_3D('',#2016,#2017,#2018);
#2016 = CARTESIAN_POINT('',(-4.091426690538,-1.86,0.874745725546));
#2017 = DIRECTION('',(3.850029760267E-31,1.,-1.094463156608E-30));
#2018 = DIRECTION('',(0.,1.094463156608E-30,1.));
#2019 = ADVANCED_FACE('',(#2020),#2080,.F.);
#2020 = FACE_BOUND('',#2021,.F.);
#2021 = EDGE_LOOP('',(#2022,#2030,#2039,#2047,#2056,#2064,#2073,#2079));
#2022 = ORIENTED_EDGE('',*,*,#2023,.F.);
#2023 = EDGE_CURVE('',#2024,#1968,#2026,.T.);
#2024 = VERTEX_POINT('',#2025);
#2025 = CARTESIAN_POINT('',(-4.24,-1.98,0.939877074976));
#2026 = LINE('',#2027,#2028);
#2027 = CARTESIAN_POINT('',(-4.24,-1.86,0.939877074976));
#2028 = VECTOR('',#2029,1.);
#2029 = DIRECTION('',(-0.,1.,-0.));
#2030 = ORIENTED_EDGE('',*,*,#2031,.T.);
#2031 = EDGE_CURVE('',#2024,#2032,#2034,.T.);
#2032 = VERTEX_POINT('',#2033);
#2033 = CARTESIAN_POINT('',(-4.472624491413,-1.98,0.775392678742));
#2034 = CIRCLE('',#2035,0.25);
#2035 = AXIS2_PLACEMENT_3D('',#2036,#2037,#2038);
#2036 = CARTESIAN_POINT('',(-4.237701336216,-1.98,0.68988764291));
#2037 = DIRECTION('',(0.,-1.,0.));
#2038 = DIRECTION('',(-3.5527136788E-15,0.,1.));
#2039 = ORIENTED_EDGE('',*,*,#2040,.T.);
#2040 = EDGE_CURVE('',#2032,#2041,#2043,.T.);
#2041 = VERTEX_POINT('',#2042);
#2042 = CARTESIAN_POINT('',(-4.472624491413,-2.58,0.775392678742));
#2043 = LINE('',#2044,#2045);
#2044 = CARTESIAN_POINT('',(-4.472624491413,-1.98,0.775392678742));
#2045 = VECTOR('',#2046,1.);
#2046 = DIRECTION('',(0.,-1.,0.));
#2047 = ORIENTED_EDGE('',*,*,#2048,.F.);
#2048 = EDGE_CURVE('',#2049,#2041,#2051,.T.);
#2049 = VERTEX_POINT('',#2050);
#2050 = CARTESIAN_POINT('',(-4.24,-2.58,0.939877074976));
#2051 = CIRCLE('',#2052,0.25);
#2052 = AXIS2_PLACEMENT_3D('',#2053,#2054,#2055);
#2053 = CARTESIAN_POINT('',(-4.237701336216,-2.58,0.68988764291));
#2054 = DIRECTION('',(0.,-1.,0.));
#2055 = DIRECTION('',(-3.5527136788E-15,0.,1.));
#2056 = ORIENTED_EDGE('',*,*,#2057,.F.);
#2057 = EDGE_CURVE('',#2058,#2049,#2060,.T.);
#2058 = VERTEX_POINT('',#2059);
#2059 = CARTESIAN_POINT('',(-4.24,-2.7,0.939877074976));
#2060 = LINE('',#2061,#2062);
#2061 = CARTESIAN_POINT('',(-4.24,-1.86,0.939877074976));
#2062 = VECTOR('',#2063,1.);
#2063 = DIRECTION('',(-0.,1.,-0.));
#2064 = ORIENTED_EDGE('',*,*,#2065,.F.);
#2065 = EDGE_CURVE('',#2066,#2058,#2068,.T.);
#2066 = VERTEX_POINT('',#2067);
#2067 = CARTESIAN_POINT('',(-4.237701336216,-2.7,0.93988764291));
#2068 = CIRCLE('',#2069,0.25);
#2069 = AXIS2_PLACEMENT_3D('',#2070,#2071,#2072);
#2070 = CARTESIAN_POINT('',(-4.237701336216,-2.7,0.68988764291));
#2071 = DIRECTION('',(0.,-1.,0.));
#2072 = DIRECTION('',(-3.5527136788E-15,0.,1.));
#2073 = ORIENTED_EDGE('',*,*,#2074,.F.);
#2074 = EDGE_CURVE('',#1966,#2066,#2075,.T.);
#2075 = LINE('',#2076,#2077);
#2076 = CARTESIAN_POINT('',(-4.237701336216,-1.86,0.93988764291));
#2077 = VECTOR('',#2078,1.);
#2078 = DIRECTION('',(0.,-1.,0.));
#2079 = ORIENTED_EDGE('',*,*,#1965,.T.);
#2080 = CYLINDRICAL_SURFACE('',#2081,0.25);
#2081 = AXIS2_PLACEMENT_3D('',#2082,#2083,#2084);
#2082 = CARTESIAN_POINT('',(-4.237701336216,-1.86,0.68988764291));
#2083 = DIRECTION('',(-0.,1.,-0.));
#2084 = DIRECTION('',(-3.5527136788E-15,0.,1.));
#2085 = ADVANCED_FACE('',(#2086),#2136,.T.);
#2086 = FACE_BOUND('',#2087,.T.);
#2087 = EDGE_LOOP('',(#2088,#2089,#2097,#2105,#2113,#2121,#2129,#2135));
#2088 = ORIENTED_EDGE('',*,*,#2009,.F.);
#2089 = ORIENTED_EDGE('',*,*,#2090,.T.);
#2090 = EDGE_CURVE('',#2002,#2091,#2093,.T.);
#2091 = VERTEX_POINT('',#2092);
#2092 = CARTESIAN_POINT('',(-3.49,-1.98,0.93988764291));
#2093 = LINE('',#2094,#2095);
#2094 = CARTESIAN_POINT('',(-3.49,0.695,0.93988764291));
#2095 = VECTOR('',#2096,1.);
#2096 = DIRECTION('',(0.,-1.,0.));
#2097 = ORIENTED_EDGE('',*,*,#2098,.F.);
#2098 = EDGE_CURVE('',#2099,#2091,#2101,.T.);
#2099 = VERTEX_POINT('',#2100);
#2100 = CARTESIAN_POINT('',(-2.237701336216,-1.98,0.93988764291));
#2101 = LINE('',#2102,#2103);
#2102 = CARTESIAN_POINT('',(-2.237701336216,-1.98,0.93988764291));
#2103 = VECTOR('',#2104,1.);
#2104 = DIRECTION('',(-1.,0.,1.110223024625E-16));
#2105 = ORIENTED_EDGE('',*,*,#2106,.T.);
#2106 = EDGE_CURVE('',#2099,#2107,#2109,.T.);
#2107 = VERTEX_POINT('',#2108);
#2108 = CARTESIAN_POINT('',(-2.237701336216,-2.58,0.93988764291));
#2109 = LINE('',#2110,#2111);
#2110 = CARTESIAN_POINT('',(-2.237701336216,-1.98,0.93988764291));
#2111 = VECTOR('',#2112,1.);
#2112 = DIRECTION('',(0.,-1.,0.));
#2113 = ORIENTED_EDGE('',*,*,#2114,.T.);
#2114 = EDGE_CURVE('',#2107,#2115,#2117,.T.);
#2115 = VERTEX_POINT('',#2116);
#2116 = CARTESIAN_POINT('',(-3.49,-2.58,0.93988764291));
#2117 = LINE('',#2118,#2119);
#2118 = CARTESIAN_POINT('',(-2.237701336216,-2.58,0.93988764291));
#2119 = VECTOR('',#2120,1.);
#2120 = DIRECTION('',(-1.,0.,1.110223024625E-16));
#2121 = ORIENTED_EDGE('',*,*,#2122,.T.);
#2122 = EDGE_CURVE('',#2115,#2123,#2125,.T.);
#2123 = VERTEX_POINT('',#2124);
#2124 = CARTESIAN_POINT('',(-3.49,-2.7,0.93988764291));
#2125 = LINE('',#2126,#2127);
#2126 = CARTESIAN_POINT('',(-3.49,0.695,0.93988764291));
#2127 = VECTOR('',#2128,1.);
#2128 = DIRECTION('',(0.,-1.,0.));
#2129 = ORIENTED_EDGE('',*,*,#2130,.T.);
#2130 = EDGE_CURVE('',#2123,#2066,#2131,.T.);
#2131 = LINE('',#2132,#2133);
#2132 = CARTESIAN_POINT('',(-2.237701336216,-2.7,0.93988764291));
#2133 = VECTOR('',#2134,1.);
#2134 = DIRECTION('',(-1.,0.,1.110223024625E-16));
#2135 = ORIENTED_EDGE('',*,*,#2074,.F.);
#2136 = PLANE('',#2137);
#2137 = AXIS2_PLACEMENT_3D('',#2138,#2139,#2140);
#2138 = CARTESIAN_POINT('',(-2.237701336216,-1.86,0.93988764291));
#2139 = DIRECTION('',(-1.110223024625E-16,-0.,-1.));
#2140 = DIRECTION('',(-1.,0.,1.110223024625E-16));
#2141 = ADVANCED_FACE('',(#2142),#2160,.T.);
#2142 = FACE_BOUND('',#2143,.T.);
#2143 = EDGE_LOOP('',(#2144,#2145,#2153,#2159));
#2144 = ORIENTED_EDGE('',*,*,#2001,.F.);
#2145 = ORIENTED_EDGE('',*,*,#2146,.F.);
#2146 = EDGE_CURVE('',#2147,#1994,#2149,.T.);
#2147 = VERTEX_POINT('',#2148);
#2148 = CARTESIAN_POINT('',(-3.49,-1.98,1.43988764291));
#2149 = LINE('',#2150,#2151);
#2150 = CARTESIAN_POINT('',(-3.49,0.695,1.43988764291));
#2151 = VECTOR('',#2152,1.);
#2152 = DIRECTION('',(-0.,1.,0.));
#2153 = ORIENTED_EDGE('',*,*,#2154,.T.);
#2154 = EDGE_CURVE('',#2147,#2091,#2155,.T.);
#2155 = LINE('',#2156,#2157);
#2156 = CARTESIAN_POINT('',(-3.49,-1.98,0.437372862773));
#2157 = VECTOR('',#2158,1.);
#2158 = DIRECTION('',(-0.,1.094463156608E-30,-1.));
#2159 = ORIENTED_EDGE('',*,*,#2090,.F.);
#2160 = PLANE('',#2161);
#2161 = AXIS2_PLACEMENT_3D('',#2162,#2163,#2164);
#2162 = CARTESIAN_POINT('',(-3.49,3.25,0.));
#2163 = DIRECTION('',(1.,0.,-0.));
#2164 = DIRECTION('',(0.,-1.,0.));
#2165 = ADVANCED_FACE('',(#2166),#2216,.T.);
#2166 = FACE_BOUND('',#2167,.T.);
#2167 = EDGE_LOOP('',(#2168,#2169,#2177,#2185,#2193,#2201,#2209,#2215));
#2168 = ORIENTED_EDGE('',*,*,#1993,.F.);
#2169 = ORIENTED_EDGE('',*,*,#2170,.T.);
#2170 = EDGE_CURVE('',#1985,#2171,#2173,.T.);
#2171 = VERTEX_POINT('',#2172);
#2172 = CARTESIAN_POINT('',(-4.237701336216,-2.7,1.43988764291));
#2173 = LINE('',#2174,#2175);
#2174 = CARTESIAN_POINT('',(-4.237701336216,-1.86,1.43988764291));
#2175 = VECTOR('',#2176,1.);
#2176 = DIRECTION('',(0.,-1.,0.));
#2177 = ORIENTED_EDGE('',*,*,#2178,.T.);
#2178 = EDGE_CURVE('',#2171,#2179,#2181,.T.);
#2179 = VERTEX_POINT('',#2180);
#2180 = CARTESIAN_POINT('',(-3.49,-2.7,1.43988764291));
#2181 = LINE('',#2182,#2183);
#2182 = CARTESIAN_POINT('',(-4.237701336216,-2.7,1.43988764291));
#2183 = VECTOR('',#2184,1.);
#2184 = DIRECTION('',(1.,0.,-1.110223024625E-16));
#2185 = ORIENTED_EDGE('',*,*,#2186,.T.);
#2186 = EDGE_CURVE('',#2179,#2187,#2189,.T.);
#2187 = VERTEX_POINT('',#2188);
#2188 = CARTESIAN_POINT('',(-3.49,-2.58,1.43988764291));
#2189 = LINE('',#2190,#2191);
#2190 = CARTESIAN_POINT('',(-3.49,0.695,1.43988764291));
#2191 = VECTOR('',#2192,1.);
#2192 = DIRECTION('',(-0.,1.,0.));
#2193 = ORIENTED_EDGE('',*,*,#2194,.T.);
#2194 = EDGE_CURVE('',#2187,#2195,#2197,.T.);
#2195 = VERTEX_POINT('',#2196);
#2196 = CARTESIAN_POINT('',(-2.237701336216,-2.58,1.43988764291));
#2197 = LINE('',#2198,#2199);
#2198 = CARTESIAN_POINT('',(-4.237701336216,-2.58,1.43988764291));
#2199 = VECTOR('',#2200,1.);
#2200 = DIRECTION('',(1.,0.,-1.110223024625E-16));
#2201 = ORIENTED_EDGE('',*,*,#2202,.F.);
#2202 = EDGE_CURVE('',#2203,#2195,#2205,.T.);
#2203 = VERTEX_POINT('',#2204);
#2204 = CARTESIAN_POINT('',(-2.237701336216,-1.98,1.43988764291));
#2205 = LINE('',#2206,#2207);
#2206 = CARTESIAN_POINT('',(-2.237701336216,-1.98,1.43988764291));
#2207 = VECTOR('',#2208,1.);
#2208 = DIRECTION('',(0.,-1.,0.));
#2209 = ORIENTED_EDGE('',*,*,#2210,.F.);
#2210 = EDGE_CURVE('',#2147,#2203,#2211,.T.);
#2211 = LINE('',#2212,#2213);
#2212 = CARTESIAN_POINT('',(-4.237701336216,-1.98,1.43988764291));
#2213 = VECTOR('',#2214,1.);
#2214 = DIRECTION('',(1.,0.,-1.110223024625E-16));
#2215 = ORIENTED_EDGE('',*,*,#2146,.T.);
#2216 = PLANE('',#2217);
#2217 = AXIS2_PLACEMENT_3D('',#2218,#2219,#2220);
#2218 = CARTESIAN_POINT('',(-4.237701336216,-1.86,1.43988764291));
#2219 = DIRECTION('',(1.110223024625E-16,0.,1.));
#2220 = DIRECTION('',(1.,0.,-1.110223024625E-16));
#2221 = ADVANCED_FACE('',(#2222),#2275,.T.);
#2222 = FACE_BOUND('',#2223,.T.);
#2223 = EDGE_LOOP('',(#2224,#2225,#2233,#2242,#2250,#2259,#2267,#2274));
#2224 = ORIENTED_EDGE('',*,*,#1984,.F.);
#2225 = ORIENTED_EDGE('',*,*,#2226,.F.);
#2226 = EDGE_CURVE('',#2227,#1977,#2229,.T.);
#2227 = VERTEX_POINT('',#2228);
#2228 = CARTESIAN_POINT('',(-4.24,-1.98,1.439884120332));
#2229 = LINE('',#2230,#2231);
#2230 = CARTESIAN_POINT('',(-4.24,-1.86,1.439884120332));
#2231 = VECTOR('',#2232,1.);
#2232 = DIRECTION('',(0.,1.,0.));
#2233 = ORIENTED_EDGE('',*,*,#2234,.F.);
#2234 = EDGE_CURVE('',#2235,#2227,#2237,.T.);
#2235 = VERTEX_POINT('',#2236);
#2236 = CARTESIAN_POINT('',(-4.942470801806,-1.98,0.946402750404));
#2237 = CIRCLE('',#2238,0.75);
#2238 = AXIS2_PLACEMENT_3D('',#2239,#2240,#2241);
#2239 = CARTESIAN_POINT('',(-4.237701336216,-1.98,0.68988764291));
#2240 = DIRECTION('',(0.,1.,0.));
#2241 = DIRECTION('',(-0.939692620786,0.,0.342020143326));
#2242 = ORIENTED_EDGE('',*,*,#2243,.T.);
#2243 = EDGE_CURVE('',#2235,#2244,#2246,.T.);
#2244 = VERTEX_POINT('',#2245);
#2245 = CARTESIAN_POINT('',(-4.942470801806,-2.58,0.946402750404));
#2246 = LINE('',#2247,#2248);
#2247 = CARTESIAN_POINT('',(-4.942470801806,-1.98,0.946402750404));
#2248 = VECTOR('',#2249,1.);
#2249 = DIRECTION('',(0.,-1.,0.));
#2250 = ORIENTED_EDGE('',*,*,#2251,.T.);
#2251 = EDGE_CURVE('',#2244,#2252,#2254,.T.);
#2252 = VERTEX_POINT('',#2253);
#2253 = CARTESIAN_POINT('',(-4.24,-2.58,1.439884120332));
#2254 = CIRCLE('',#2255,0.75);
#2255 = AXIS2_PLACEMENT_3D('',#2256,#2257,#2258);
#2256 = CARTESIAN_POINT('',(-4.237701336216,-2.58,0.68988764291));
#2257 = DIRECTION('',(0.,1.,0.));
#2258 = DIRECTION('',(-0.939692620786,0.,0.342020143326));
#2259 = ORIENTED_EDGE('',*,*,#2260,.F.);
#2260 = EDGE_CURVE('',#2261,#2252,#2263,.T.);
#2261 = VERTEX_POINT('',#2262);
#2262 = CARTESIAN_POINT('',(-4.24,-2.7,1.439884120332));
#2263 = LINE('',#2264,#2265);
#2264 = CARTESIAN_POINT('',(-4.24,-1.86,1.439884120332));
#2265 = VECTOR('',#2266,1.);
#2266 = DIRECTION('',(0.,1.,0.));
#2267 = ORIENTED_EDGE('',*,*,#2268,.T.);
#2268 = EDGE_CURVE('',#2261,#2171,#2269,.T.);
#2269 = CIRCLE('',#2270,0.75);
#2270 = AXIS2_PLACEMENT_3D('',#2271,#2272,#2273);
#2271 = CARTESIAN_POINT('',(-4.237701336216,-2.7,0.68988764291));
#2272 = DIRECTION('',(0.,1.,0.));
#2273 = DIRECTION('',(-0.939692620786,0.,0.342020143326));
#2274 = ORIENTED_EDGE('',*,*,#2170,.F.);
#2275 = CYLINDRICAL_SURFACE('',#2276,0.75);
#2276 = AXIS2_PLACEMENT_3D('',#2277,#2278,#2279);
#2277 = CARTESIAN_POINT('',(-4.237701336216,-1.86,0.68988764291));
#2278 = DIRECTION('',(0.,1.,0.));
#2279 = DIRECTION('',(-0.939692620786,0.,0.342020143326));
#2280 = ADVANCED_FACE('',(#2281),#2292,.T.);
#2281 = FACE_BOUND('',#2282,.T.);
#2282 = EDGE_LOOP('',(#2283,#2284,#2290,#2291));
#2283 = ORIENTED_EDGE('',*,*,#2023,.F.);
#2284 = ORIENTED_EDGE('',*,*,#2285,.T.);
#2285 = EDGE_CURVE('',#2024,#2227,#2286,.T.);
#2286 = LINE('',#2287,#2288);
#2287 = CARTESIAN_POINT('',(-4.24,-1.98,0.437372862773));
#2288 = VECTOR('',#2289,1.);
#2289 = DIRECTION('',(0.,-1.094463156608E-30,1.));
#2290 = ORIENTED_EDGE('',*,*,#2226,.T.);
#2291 = ORIENTED_EDGE('',*,*,#1976,.F.);
#2292 = PLANE('',#2293);
#2293 = AXIS2_PLACEMENT_3D('',#2294,#2295,#2296);
#2294 = CARTESIAN_POINT('',(-4.24,-3.25,0.));
#2295 = DIRECTION('',(-1.,0.,0.));
#2296 = DIRECTION('',(0.,1.,0.));
#2297 = ADVANCED_FACE('',(#2298),#2309,.T.);
#2298 = FACE_BOUND('',#2299,.T.);
#2299 = EDGE_LOOP('',(#2300,#2301,#2302,#2308));
#2300 = ORIENTED_EDGE('',*,*,#2154,.F.);
#2301 = ORIENTED_EDGE('',*,*,#2210,.T.);
#2302 = ORIENTED_EDGE('',*,*,#2303,.T.);
#2303 = EDGE_CURVE('',#2203,#2099,#2304,.T.);
#2304 = LINE('',#2305,#2306);
#2305 = CARTESIAN_POINT('',(-2.237701336216,-1.98,1.43988764291));
#2306 = VECTOR('',#2307,1.);
#2307 = DIRECTION('',(0.,0.,-1.));
#2308 = ORIENTED_EDGE('',*,*,#2098,.T.);
#2309 = PLANE('',#2310);
#2310 = AXIS2_PLACEMENT_3D('',#2311,#2312,#2313);
#2311 = CARTESIAN_POINT('',(-4.091426690538,-1.98,0.874745725546));
#2312 = DIRECTION('',(-3.850029760267E-31,1.,1.094463156608E-30));
#2313 = DIRECTION('',(0.,-1.094463156608E-30,1.));
#2314 = ADVANCED_FACE('',(#2315),#2376,.T.);
#2315 = FACE_BOUND('',#2316,.T.);
#2316 = EDGE_LOOP('',(#2317,#2327,#2335,#2344,#2350,#2351,#2352,#2353,
    #2361,#2370));
#2317 = ORIENTED_EDGE('',*,*,#2318,.T.);
#2318 = EDGE_CURVE('',#2319,#2321,#2323,.T.);
#2319 = VERTEX_POINT('',#2320);
#2320 = CARTESIAN_POINT('',(-5.79,-1.98,-2.70609920631E-16));
#2321 = VERTEX_POINT('',#2322);
#2322 = CARTESIAN_POINT('',(-5.79,-1.98,0.5));
#2323 = LINE('',#2324,#2325);
#2324 = CARTESIAN_POINT('',(-5.79,-1.98,-2.70609920631E-16));
#2325 = VECTOR('',#2326,1.);
#2326 = DIRECTION('',(1.7763568394E-15,0.,1.));
#2327 = ORIENTED_EDGE('',*,*,#2328,.T.);
#2328 = EDGE_CURVE('',#2321,#2329,#2331,.T.);
#2329 = VERTEX_POINT('',#2330);
#2330 = CARTESIAN_POINT('',(-5.28,-1.98,0.5));
#2331 = LINE('',#2332,#2333);
#2332 = CARTESIAN_POINT('',(-5.79,-1.98,0.5));
#2333 = VECTOR('',#2334,1.);
#2334 = DIRECTION('',(1.,0.,0.));
#2335 = ORIENTED_EDGE('',*,*,#2336,.T.);
#2336 = EDGE_CURVE('',#2329,#2337,#2339,.T.);
#2337 = VERTEX_POINT('',#2338);
#2338 = CARTESIAN_POINT('',(-5.045076844804,-1.98,0.664494964169));
#2339 = CIRCLE('',#2340,0.25);
#2340 = AXIS2_PLACEMENT_3D('',#2341,#2342,#2343);
#2341 = CARTESIAN_POINT('',(-5.28,-1.98,0.75));
#2342 = DIRECTION('',(0.,-1.,0.));
#2343 = DIRECTION('',(0.,0.,-1.));
#2344 = ORIENTED_EDGE('',*,*,#2345,.T.);
#2345 = EDGE_CURVE('',#2337,#2235,#2346,.T.);
#2346 = LINE('',#2347,#2348);
#2347 = CARTESIAN_POINT('',(-5.045076844804,-1.98,0.664494964169));
#2348 = VECTOR('',#2349,1.);
#2349 = DIRECTION('',(0.342020143326,0.,0.939692620786));
#2350 = ORIENTED_EDGE('',*,*,#2234,.T.);
#2351 = ORIENTED_EDGE('',*,*,#2285,.F.);
#2352 = ORIENTED_EDGE('',*,*,#2031,.T.);
#2353 = ORIENTED_EDGE('',*,*,#2354,.T.);
#2354 = EDGE_CURVE('',#2032,#2355,#2357,.T.);
#2355 = VERTEX_POINT('',#2356);
#2356 = CARTESIAN_POINT('',(-4.575230534411,-1.98,0.493484892506));
#2357 = LINE('',#2358,#2359);
#2358 = CARTESIAN_POINT('',(-4.472624491413,-1.98,0.775392678742));
#2359 = VECTOR('',#2360,1.);
#2360 = DIRECTION('',(-0.342020143326,0.,-0.939692620786));
#2361 = ORIENTED_EDGE('',*,*,#2362,.T.);
#2362 = EDGE_CURVE('',#2355,#2363,#2365,.T.);
#2363 = VERTEX_POINT('',#2364);
#2364 = CARTESIAN_POINT('',(-5.28,-1.98,-2.22044604925E-16));
#2365 = CIRCLE('',#2366,0.75);
#2366 = AXIS2_PLACEMENT_3D('',#2367,#2368,#2369);
#2367 = CARTESIAN_POINT('',(-5.28,-1.98,0.75));
#2368 = DIRECTION('',(0.,1.,0.));
#2369 = DIRECTION('',(0.939692620786,0.,-0.342020143326));
#2370 = ORIENTED_EDGE('',*,*,#2371,.T.);
#2371 = EDGE_CURVE('',#2363,#2319,#2372,.T.);
#2372 = LINE('',#2373,#2374);
#2373 = CARTESIAN_POINT('',(-5.28,-1.98,-2.22044604925E-16));
#2374 = VECTOR('',#2375,1.);
#2375 = DIRECTION('',(-1.,0.,-9.522610922745E-17));
#2376 = PLANE('',#2377);
#2377 = AXIS2_PLACEMENT_3D('',#2378,#2379,#2380);
#2378 = CARTESIAN_POINT('',(-4.091426690538,-1.98,0.874745725546));
#2379 = DIRECTION('',(-3.850029760267E-31,1.,1.094463156608E-30));
#2380 = DIRECTION('',(0.,-1.094463156608E-30,1.));
#2381 = ADVANCED_FACE('',(#2382),#2393,.T.);
#2382 = FACE_BOUND('',#2383,.T.);
#2383 = EDGE_LOOP('',(#2384,#2385,#2391,#2392));
#2384 = ORIENTED_EDGE('',*,*,#2202,.T.);
#2385 = ORIENTED_EDGE('',*,*,#2386,.T.);
#2386 = EDGE_CURVE('',#2195,#2107,#2387,.T.);
#2387 = LINE('',#2388,#2389);
#2388 = CARTESIAN_POINT('',(-2.237701336216,-2.58,1.43988764291));
#2389 = VECTOR('',#2390,1.);
#2390 = DIRECTION('',(0.,0.,-1.));
#2391 = ORIENTED_EDGE('',*,*,#2106,.F.);
#2392 = ORIENTED_EDGE('',*,*,#2303,.F.);
#2393 = PLANE('',#2394);
#2394 = AXIS2_PLACEMENT_3D('',#2395,#2396,#2397);
#2395 = CARTESIAN_POINT('',(-2.237701336216,-1.98,1.43988764291));
#2396 = DIRECTION('',(1.,0.,0.));
#2397 = DIRECTION('',(0.,0.,-1.));
#2398 = ADVANCED_FACE('',(#2399),#2424,.T.);
#2399 = FACE_BOUND('',#2400,.T.);
#2400 = EDGE_LOOP('',(#2401,#2409,#2417,#2423));
#2401 = ORIENTED_EDGE('',*,*,#2402,.T.);
#2402 = EDGE_CURVE('',#2319,#2403,#2405,.T.);
#2403 = VERTEX_POINT('',#2404);
#2404 = CARTESIAN_POINT('',(-5.79,-2.58,-2.70609920631E-16));
#2405 = LINE('',#2406,#2407);
#2406 = CARTESIAN_POINT('',(-5.79,-1.98,-2.70609920631E-16));
#2407 = VECTOR('',#2408,1.);
#2408 = DIRECTION('',(0.,-1.,0.));
#2409 = ORIENTED_EDGE('',*,*,#2410,.T.);
#2410 = EDGE_CURVE('',#2403,#2411,#2413,.T.);
#2411 = VERTEX_POINT('',#2412);
#2412 = CARTESIAN_POINT('',(-5.79,-2.58,0.5));
#2413 = LINE('',#2414,#2415);
#2414 = CARTESIAN_POINT('',(-5.79,-2.58,-2.70609920631E-16));
#2415 = VECTOR('',#2416,1.);
#2416 = DIRECTION('',(1.7763568394E-15,0.,1.));
#2417 = ORIENTED_EDGE('',*,*,#2418,.F.);
#2418 = EDGE_CURVE('',#2321,#2411,#2419,.T.);
#2419 = LINE('',#2420,#2421);
#2420 = CARTESIAN_POINT('',(-5.79,-1.98,0.5));
#2421 = VECTOR('',#2422,1.);
#2422 = DIRECTION('',(0.,-1.,0.));
#2423 = ORIENTED_EDGE('',*,*,#2318,.F.);
#2424 = PLANE('',#2425);
#2425 = AXIS2_PLACEMENT_3D('',#2426,#2427,#2428);
#2426 = CARTESIAN_POINT('',(-5.79,-1.98,-2.70609920631E-16));
#2427 = DIRECTION('',(-1.,0.,1.7763568394E-15));
#2428 = DIRECTION('',(1.7763568394E-15,0.,1.));
#2429 = ADVANCED_FACE('',(#2430),#2448,.T.);
#2430 = FACE_BOUND('',#2431,.T.);
#2431 = EDGE_LOOP('',(#2432,#2440,#2446,#2447));
#2432 = ORIENTED_EDGE('',*,*,#2433,.T.);
#2433 = EDGE_CURVE('',#2363,#2434,#2436,.T.);
#2434 = VERTEX_POINT('',#2435);
#2435 = CARTESIAN_POINT('',(-5.28,-2.58,-2.22044604925E-16));
#2436 = LINE('',#2437,#2438);
#2437 = CARTESIAN_POINT('',(-5.28,-1.98,-2.22044604925E-16));
#2438 = VECTOR('',#2439,1.);
#2439 = DIRECTION('',(0.,-1.,0.));
#2440 = ORIENTED_EDGE('',*,*,#2441,.T.);
#2441 = EDGE_CURVE('',#2434,#2403,#2442,.T.);
#2442 = LINE('',#2443,#2444);
#2443 = CARTESIAN_POINT('',(-5.28,-2.58,-2.22044604925E-16));
#2444 = VECTOR('',#2445,1.);
#2445 = DIRECTION('',(-1.,0.,-9.522610922745E-17));
#2446 = ORIENTED_EDGE('',*,*,#2402,.F.);
#2447 = ORIENTED_EDGE('',*,*,#2371,.F.);
#2448 = PLANE('',#2449);
#2449 = AXIS2_PLACEMENT_3D('',#2450,#2451,#2452);
#2450 = CARTESIAN_POINT('',(-5.28,-1.98,-2.22044604925E-16));
#2451 = DIRECTION('',(9.522610922745E-17,0.,-1.));
#2452 = DIRECTION('',(-1.,0.,-9.522610922745E-17));
#2453 = ADVANCED_FACE('',(#2454),#2473,.T.);
#2454 = FACE_BOUND('',#2455,.T.);
#2455 = EDGE_LOOP('',(#2456,#2464,#2471,#2472));
#2456 = ORIENTED_EDGE('',*,*,#2457,.T.);
#2457 = EDGE_CURVE('',#2355,#2458,#2460,.T.);
#2458 = VERTEX_POINT('',#2459);
#2459 = CARTESIAN_POINT('',(-4.575230534411,-2.58,0.493484892506));
#2460 = LINE('',#2461,#2462);
#2461 = CARTESIAN_POINT('',(-4.575230534411,-1.98,0.493484892506));
#2462 = VECTOR('',#2463,1.);
#2463 = DIRECTION('',(0.,-1.,0.));
#2464 = ORIENTED_EDGE('',*,*,#2465,.T.);
#2465 = EDGE_CURVE('',#2458,#2434,#2466,.T.);
#2466 = CIRCLE('',#2467,0.75);
#2467 = AXIS2_PLACEMENT_3D('',#2468,#2469,#2470);
#2468 = CARTESIAN_POINT('',(-5.28,-2.58,0.75));
#2469 = DIRECTION('',(0.,1.,0.));
#2470 = DIRECTION('',(0.939692620786,0.,-0.342020143326));
#2471 = ORIENTED_EDGE('',*,*,#2433,.F.);
#2472 = ORIENTED_EDGE('',*,*,#2362,.F.);
#2473 = CYLINDRICAL_SURFACE('',#2474,0.75);
#2474 = AXIS2_PLACEMENT_3D('',#2475,#2476,#2477);
#2475 = CARTESIAN_POINT('',(-5.28,-1.98,0.75));
#2476 = DIRECTION('',(0.,1.,0.));
#2477 = DIRECTION('',(0.939692620786,0.,-0.342020143326));
#2478 = ADVANCED_FACE('',(#2479),#2490,.T.);
#2479 = FACE_BOUND('',#2480,.T.);
#2480 = EDGE_LOOP('',(#2481,#2482,#2488,#2489));
#2481 = ORIENTED_EDGE('',*,*,#2040,.T.);
#2482 = ORIENTED_EDGE('',*,*,#2483,.T.);
#2483 = EDGE_CURVE('',#2041,#2458,#2484,.T.);
#2484 = LINE('',#2485,#2486);
#2485 = CARTESIAN_POINT('',(-4.472624491413,-2.58,0.775392678742));
#2486 = VECTOR('',#2487,1.);
#2487 = DIRECTION('',(-0.342020143326,0.,-0.939692620786));
#2488 = ORIENTED_EDGE('',*,*,#2457,.F.);
#2489 = ORIENTED_EDGE('',*,*,#2354,.F.);
#2490 = PLANE('',#2491);
#2491 = AXIS2_PLACEMENT_3D('',#2492,#2493,#2494);
#2492 = CARTESIAN_POINT('',(-4.472624491413,-1.98,0.775392678742));
#2493 = DIRECTION('',(0.939692620786,0.,-0.342020143326));
#2494 = DIRECTION('',(-0.342020143326,0.,-0.939692620786));
#2495 = ADVANCED_FACE('',(#2496),#2514,.T.);
#2496 = FACE_BOUND('',#2497,.T.);
#2497 = EDGE_LOOP('',(#2498,#2506,#2512,#2513));
#2498 = ORIENTED_EDGE('',*,*,#2499,.T.);
#2499 = EDGE_CURVE('',#2337,#2500,#2502,.T.);
#2500 = VERTEX_POINT('',#2501);
#2501 = CARTESIAN_POINT('',(-5.045076844804,-2.58,0.664494964169));
#2502 = LINE('',#2503,#2504);
#2503 = CARTESIAN_POINT('',(-5.045076844804,-1.98,0.664494964169));
#2504 = VECTOR('',#2505,1.);
#2505 = DIRECTION('',(0.,-1.,0.));
#2506 = ORIENTED_EDGE('',*,*,#2507,.T.);
#2507 = EDGE_CURVE('',#2500,#2244,#2508,.T.);
#2508 = LINE('',#2509,#2510);
#2509 = CARTESIAN_POINT('',(-5.045076844804,-2.58,0.664494964169));
#2510 = VECTOR('',#2511,1.);
#2511 = DIRECTION('',(0.342020143326,0.,0.939692620786));
#2512 = ORIENTED_EDGE('',*,*,#2243,.F.);
#2513 = ORIENTED_EDGE('',*,*,#2345,.F.);
#2514 = PLANE('',#2515);
#2515 = AXIS2_PLACEMENT_3D('',#2516,#2517,#2518);
#2516 = CARTESIAN_POINT('',(-5.045076844804,-1.98,0.664494964169));
#2517 = DIRECTION('',(-0.939692620786,0.,0.342020143326));
#2518 = DIRECTION('',(0.342020143326,0.,0.939692620786));
#2519 = ADVANCED_FACE('',(#2520),#2539,.F.);
#2520 = FACE_BOUND('',#2521,.F.);
#2521 = EDGE_LOOP('',(#2522,#2523,#2524,#2533));
#2522 = ORIENTED_EDGE('',*,*,#2336,.T.);
#2523 = ORIENTED_EDGE('',*,*,#2499,.T.);
#2524 = ORIENTED_EDGE('',*,*,#2525,.F.);
#2525 = EDGE_CURVE('',#2526,#2500,#2528,.T.);
#2526 = VERTEX_POINT('',#2527);
#2527 = CARTESIAN_POINT('',(-5.28,-2.58,0.5));
#2528 = CIRCLE('',#2529,0.25);
#2529 = AXIS2_PLACEMENT_3D('',#2530,#2531,#2532);
#2530 = CARTESIAN_POINT('',(-5.28,-2.58,0.75));
#2531 = DIRECTION('',(0.,-1.,0.));
#2532 = DIRECTION('',(0.,0.,-1.));
#2533 = ORIENTED_EDGE('',*,*,#2534,.F.);
#2534 = EDGE_CURVE('',#2329,#2526,#2535,.T.);
#2535 = LINE('',#2536,#2537);
#2536 = CARTESIAN_POINT('',(-5.28,-1.98,0.5));
#2537 = VECTOR('',#2538,1.);
#2538 = DIRECTION('',(0.,-1.,0.));
#2539 = CYLINDRICAL_SURFACE('',#2540,0.25);
#2540 = AXIS2_PLACEMENT_3D('',#2541,#2542,#2543);
#2541 = CARTESIAN_POINT('',(-5.28,-1.98,0.75));
#2542 = DIRECTION('',(-0.,1.,-0.));
#2543 = DIRECTION('',(0.,0.,-1.));
#2544 = ADVANCED_FACE('',(#2545),#2556,.T.);
#2545 = FACE_BOUND('',#2546,.T.);
#2546 = EDGE_LOOP('',(#2547,#2548,#2554,#2555));
#2547 = ORIENTED_EDGE('',*,*,#2418,.T.);
#2548 = ORIENTED_EDGE('',*,*,#2549,.T.);
#2549 = EDGE_CURVE('',#2411,#2526,#2550,.T.);
#2550 = LINE('',#2551,#2552);
#2551 = CARTESIAN_POINT('',(-5.79,-2.58,0.5));
#2552 = VECTOR('',#2553,1.);
#2553 = DIRECTION('',(1.,0.,0.));
#2554 = ORIENTED_EDGE('',*,*,#2534,.F.);
#2555 = ORIENTED_EDGE('',*,*,#2328,.F.);
#2556 = PLANE('',#2557);
#2557 = AXIS2_PLACEMENT_3D('',#2558,#2559,#2560);
#2558 = CARTESIAN_POINT('',(-5.79,-1.98,0.5));
#2559 = DIRECTION('',(-0.,0.,1.));
#2560 = DIRECTION('',(1.,0.,0.));
#2561 = ADVANCED_FACE('',(#2562),#2579,.F.);
#2562 = FACE_BOUND('',#2563,.F.);
#2563 = EDGE_LOOP('',(#2564,#2565,#2566,#2567,#2568,#2569,#2575,#2576,
    #2577,#2578));
#2564 = ORIENTED_EDGE('',*,*,#2410,.T.);
#2565 = ORIENTED_EDGE('',*,*,#2549,.T.);
#2566 = ORIENTED_EDGE('',*,*,#2525,.T.);
#2567 = ORIENTED_EDGE('',*,*,#2507,.T.);
#2568 = ORIENTED_EDGE('',*,*,#2251,.T.);
#2569 = ORIENTED_EDGE('',*,*,#2570,.F.);
#2570 = EDGE_CURVE('',#2049,#2252,#2571,.T.);
#2571 = LINE('',#2572,#2573);
#2572 = CARTESIAN_POINT('',(-4.24,-2.58,0.437372862773));
#2573 = VECTOR('',#2574,1.);
#2574 = DIRECTION('',(0.,-1.094463156608E-30,1.));
#2575 = ORIENTED_EDGE('',*,*,#2048,.T.);
#2576 = ORIENTED_EDGE('',*,*,#2483,.T.);
#2577 = ORIENTED_EDGE('',*,*,#2465,.T.);
#2578 = ORIENTED_EDGE('',*,*,#2441,.T.);
#2579 = PLANE('',#2580);
#2580 = AXIS2_PLACEMENT_3D('',#2581,#2582,#2583);
#2581 = CARTESIAN_POINT('',(-4.091426690538,-2.58,0.874745725546));
#2582 = DIRECTION('',(-3.850029760267E-31,1.,1.094463156608E-30));
#2583 = DIRECTION('',(0.,-1.094463156608E-30,1.));
#2584 = ADVANCED_FACE('',(#2585),#2596,.T.);
#2585 = FACE_BOUND('',#2586,.T.);
#2586 = EDGE_LOOP('',(#2587,#2588,#2594,#2595));
#2587 = ORIENTED_EDGE('',*,*,#2057,.F.);
#2588 = ORIENTED_EDGE('',*,*,#2589,.T.);
#2589 = EDGE_CURVE('',#2058,#2261,#2590,.T.);
#2590 = LINE('',#2591,#2592);
#2591 = CARTESIAN_POINT('',(-4.24,-2.7,0.437372862773));
#2592 = VECTOR('',#2593,1.);
#2593 = DIRECTION('',(0.,1.094463156608E-30,1.));
#2594 = ORIENTED_EDGE('',*,*,#2260,.T.);
#2595 = ORIENTED_EDGE('',*,*,#2570,.F.);
#2596 = PLANE('',#2597);
#2597 = AXIS2_PLACEMENT_3D('',#2598,#2599,#2600);
#2598 = CARTESIAN_POINT('',(-4.24,-3.25,0.));
#2599 = DIRECTION('',(-1.,0.,0.));
#2600 = DIRECTION('',(0.,1.,0.));
#2601 = ADVANCED_FACE('',(#2602),#2615,.F.);
#2602 = FACE_BOUND('',#2603,.F.);
#2603 = EDGE_LOOP('',(#2604,#2605,#2606,#2607,#2608,#2614));
#2604 = ORIENTED_EDGE('',*,*,#2065,.T.);
#2605 = ORIENTED_EDGE('',*,*,#2589,.T.);
#2606 = ORIENTED_EDGE('',*,*,#2268,.T.);
#2607 = ORIENTED_EDGE('',*,*,#2178,.T.);
#2608 = ORIENTED_EDGE('',*,*,#2609,.T.);
#2609 = EDGE_CURVE('',#2179,#2123,#2610,.T.);
#2610 = LINE('',#2611,#2612);
#2611 = CARTESIAN_POINT('',(-3.49,-2.7,0.437372862773));
#2612 = VECTOR('',#2613,1.);
#2613 = DIRECTION('',(0.,-1.094463156608E-30,-1.));
#2614 = ORIENTED_EDGE('',*,*,#2130,.T.);
#2615 = PLANE('',#2616);
#2616 = AXIS2_PLACEMENT_3D('',#2617,#2618,#2619);
#2617 = CARTESIAN_POINT('',(-4.091426690538,-2.7,0.874745725546));
#2618 = DIRECTION('',(3.850029760267E-31,1.,-1.094463156608E-30));
#2619 = DIRECTION('',(0.,1.094463156608E-30,1.));
#2620 = ADVANCED_FACE('',(#2621),#2632,.T.);
#2621 = FACE_BOUND('',#2622,.T.);
#2622 = EDGE_LOOP('',(#2623,#2629,#2630,#2631));
#2623 = ORIENTED_EDGE('',*,*,#2624,.F.);
#2624 = EDGE_CURVE('',#2187,#2115,#2625,.T.);
#2625 = LINE('',#2626,#2627);
#2626 = CARTESIAN_POINT('',(-3.49,-2.58,0.437372862773));
#2627 = VECTOR('',#2628,1.);
#2628 = DIRECTION('',(-0.,1.094463156608E-30,-1.));
#2629 = ORIENTED_EDGE('',*,*,#2186,.F.);
#2630 = ORIENTED_EDGE('',*,*,#2609,.T.);
#2631 = ORIENTED_EDGE('',*,*,#2122,.F.);
#2632 = PLANE('',#2633);
#2633 = AXIS2_PLACEMENT_3D('',#2634,#2635,#2636);
#2634 = CARTESIAN_POINT('',(-3.49,3.25,0.));
#2635 = DIRECTION('',(1.,0.,-0.));
#2636 = DIRECTION('',(0.,-1.,0.));
#2637 = ADVANCED_FACE('',(#2638),#2644,.F.);
#2638 = FACE_BOUND('',#2639,.F.);
#2639 = EDGE_LOOP('',(#2640,#2641,#2642,#2643));
#2640 = ORIENTED_EDGE('',*,*,#2624,.F.);
#2641 = ORIENTED_EDGE('',*,*,#2194,.T.);
#2642 = ORIENTED_EDGE('',*,*,#2386,.T.);
#2643 = ORIENTED_EDGE('',*,*,#2114,.T.);
#2644 = PLANE('',#2645);
#2645 = AXIS2_PLACEMENT_3D('',#2646,#2647,#2648);
#2646 = CARTESIAN_POINT('',(-4.091426690538,-2.58,0.874745725546));
#2647 = DIRECTION('',(-3.850029760267E-31,1.,1.094463156608E-30));
#2648 = DIRECTION('',(0.,-1.094463156608E-30,1.));
#2649 = MANIFOLD_SOLID_BREP('',#2650);
#2650 = CLOSED_SHELL('',(#2651,#2709,#2775,#2831,#2855,#2911,#2970,#2987
    ,#3004,#3071,#3088,#3119,#3143,#3168,#3185,#3209,#3234,#3251,#3274,
    #3291,#3310,#3327));
#2651 = ADVANCED_FACE('',(#2652),#2704,.T.);
#2652 = FACE_BOUND('',#2653,.T.);
#2653 = EDGE_LOOP('',(#2654,#2665,#2673,#2682,#2690,#2698));
#2654 = ORIENTED_EDGE('',*,*,#2655,.T.);
#2655 = EDGE_CURVE('',#2656,#2658,#2660,.T.);
#2656 = VERTEX_POINT('',#2657);
#2657 = CARTESIAN_POINT('',(-4.237701336216,-0.72,0.93988764291));
#2658 = VERTEX_POINT('',#2659);
#2659 = CARTESIAN_POINT('',(-4.24,-0.72,0.939877074976));
#2660 = CIRCLE('',#2661,0.25);
#2661 = AXIS2_PLACEMENT_3D('',#2662,#2663,#2664);
#2662 = CARTESIAN_POINT('',(-4.237701336216,-0.72,0.68988764291));
#2663 = DIRECTION('',(0.,-1.,0.));
#2664 = DIRECTION('',(-3.5527136788E-15,0.,1.));
#2665 = ORIENTED_EDGE('',*,*,#2666,.T.);
#2666 = EDGE_CURVE('',#2658,#2667,#2669,.T.);
#2667 = VERTEX_POINT('',#2668);
#2668 = CARTESIAN_POINT('',(-4.24,-0.72,1.439884120332));
#2669 = LINE('',#2670,#2671);
#2670 = CARTESIAN_POINT('',(-4.24,-0.72,0.437372862773));
#2671 = VECTOR('',#2672,1.);
#2672 = DIRECTION('',(0.,1.094463156608E-30,1.));
#2673 = ORIENTED_EDGE('',*,*,#2674,.T.);
#2674 = EDGE_CURVE('',#2667,#2675,#2677,.T.);
#2675 = VERTEX_POINT('',#2676);
#2676 = CARTESIAN_POINT('',(-4.237701336216,-0.72,1.43988764291));
#2677 = CIRCLE('',#2678,0.75);
#2678 = AXIS2_PLACEMENT_3D('',#2679,#2680,#2681);
#2679 = CARTESIAN_POINT('',(-4.237701336216,-0.72,0.68988764291));
#2680 = DIRECTION('',(0.,1.,0.));
#2681 = DIRECTION('',(-0.939692620786,0.,0.342020143326));
#2682 = ORIENTED_EDGE('',*,*,#2683,.T.);
#2683 = EDGE_CURVE('',#2675,#2684,#2686,.T.);
#2684 = VERTEX_POINT('',#2685);
#2685 = CARTESIAN_POINT('',(-3.49,-0.72,1.43988764291));
#2686 = LINE('',#2687,#2688);
#2687 = CARTESIAN_POINT('',(-4.237701336216,-0.72,1.43988764291));
#2688 = VECTOR('',#2689,1.);
#2689 = DIRECTION('',(1.,0.,-1.110223024625E-16));
#2690 = ORIENTED_EDGE('',*,*,#2691,.T.);
#2691 = EDGE_CURVE('',#2684,#2692,#2694,.T.);
#2692 = VERTEX_POINT('',#2693);
#2693 = CARTESIAN_POINT('',(-3.49,-0.72,0.93988764291));
#2694 = LINE('',#2695,#2696);
#2695 = CARTESIAN_POINT('',(-3.49,-0.72,0.437372862773));
#2696 = VECTOR('',#2697,1.);
#2697 = DIRECTION('',(0.,-1.094463156608E-30,-1.));
#2698 = ORIENTED_EDGE('',*,*,#2699,.T.);
#2699 = EDGE_CURVE('',#2692,#2656,#2700,.T.);
#2700 = LINE('',#2701,#2702);
#2701 = CARTESIAN_POINT('',(-2.237701336216,-0.72,0.93988764291));
#2702 = VECTOR('',#2703,1.);
#2703 = DIRECTION('',(-1.,0.,1.110223024625E-16));
#2704 = PLANE('',#2705);
#2705 = AXIS2_PLACEMENT_3D('',#2706,#2707,#2708);
#2706 = CARTESIAN_POINT('',(-4.091426690538,-0.72,0.874745725546));
#2707 = DIRECTION('',(3.850029760267E-31,1.,-1.094463156608E-30));
#2708 = DIRECTION('',(0.,1.094463156608E-30,1.));
#2709 = ADVANCED_FACE('',(#2710),#2770,.F.);
#2710 = FACE_BOUND('',#2711,.F.);
#2711 = EDGE_LOOP('',(#2712,#2720,#2729,#2737,#2746,#2754,#2763,#2769));
#2712 = ORIENTED_EDGE('',*,*,#2713,.F.);
#2713 = EDGE_CURVE('',#2714,#2658,#2716,.T.);
#2714 = VERTEX_POINT('',#2715);
#2715 = CARTESIAN_POINT('',(-4.24,-0.84,0.939877074976));
#2716 = LINE('',#2717,#2718);
#2717 = CARTESIAN_POINT('',(-4.24,-0.72,0.939877074976));
#2718 = VECTOR('',#2719,1.);
#2719 = DIRECTION('',(-0.,1.,-0.));
#2720 = ORIENTED_EDGE('',*,*,#2721,.T.);
#2721 = EDGE_CURVE('',#2714,#2722,#2724,.T.);
#2722 = VERTEX_POINT('',#2723);
#2723 = CARTESIAN_POINT('',(-4.472624491413,-0.84,0.775392678742));
#2724 = CIRCLE('',#2725,0.25);
#2725 = AXIS2_PLACEMENT_3D('',#2726,#2727,#2728);
#2726 = CARTESIAN_POINT('',(-4.237701336216,-0.84,0.68988764291));
#2727 = DIRECTION('',(0.,-1.,0.));
#2728 = DIRECTION('',(-3.5527136788E-15,0.,1.));
#2729 = ORIENTED_EDGE('',*,*,#2730,.T.);
#2730 = EDGE_CURVE('',#2722,#2731,#2733,.T.);
#2731 = VERTEX_POINT('',#2732);
#2732 = CARTESIAN_POINT('',(-4.472624491413,-1.44,0.775392678742));
#2733 = LINE('',#2734,#2735);
#2734 = CARTESIAN_POINT('',(-4.472624491413,-0.84,0.775392678742));
#2735 = VECTOR('',#2736,1.);
#2736 = DIRECTION('',(0.,-1.,0.));
#2737 = ORIENTED_EDGE('',*,*,#2738,.F.);
#2738 = EDGE_CURVE('',#2739,#2731,#2741,.T.);
#2739 = VERTEX_POINT('',#2740);
#2740 = CARTESIAN_POINT('',(-4.24,-1.44,0.939877074976));
#2741 = CIRCLE('',#2742,0.25);
#2742 = AXIS2_PLACEMENT_3D('',#2743,#2744,#2745);
#2743 = CARTESIAN_POINT('',(-4.237701336216,-1.44,0.68988764291));
#2744 = DIRECTION('',(0.,-1.,0.));
#2745 = DIRECTION('',(-3.5527136788E-15,0.,1.));
#2746 = ORIENTED_EDGE('',*,*,#2747,.F.);
#2747 = EDGE_CURVE('',#2748,#2739,#2750,.T.);
#2748 = VERTEX_POINT('',#2749);
#2749 = CARTESIAN_POINT('',(-4.24,-1.56,0.939877074976));
#2750 = LINE('',#2751,#2752);
#2751 = CARTESIAN_POINT('',(-4.24,-0.72,0.939877074976));
#2752 = VECTOR('',#2753,1.);
#2753 = DIRECTION('',(-0.,1.,-0.));
#2754 = ORIENTED_EDGE('',*,*,#2755,.F.);
#2755 = EDGE_CURVE('',#2756,#2748,#2758,.T.);
#2756 = VERTEX_POINT('',#2757);
#2757 = CARTESIAN_POINT('',(-4.237701336216,-1.56,0.93988764291));
#2758 = CIRCLE('',#2759,0.25);
#2759 = AXIS2_PLACEMENT_3D('',#2760,#2761,#2762);
#2760 = CARTESIAN_POINT('',(-4.237701336216,-1.56,0.68988764291));
#2761 = DIRECTION('',(0.,-1.,0.));
#2762 = DIRECTION('',(-3.5527136788E-15,0.,1.));
#2763 = ORIENTED_EDGE('',*,*,#2764,.F.);
#2764 = EDGE_CURVE('',#2656,#2756,#2765,.T.);
#2765 = LINE('',#2766,#2767);
#2766 = CARTESIAN_POINT('',(-4.237701336216,-0.72,0.93988764291));
#2767 = VECTOR('',#2768,1.);
#2768 = DIRECTION('',(0.,-1.,0.));
#2769 = ORIENTED_EDGE('',*,*,#2655,.T.);
#2770 = CYLINDRICAL_SURFACE('',#2771,0.25);
#2771 = AXIS2_PLACEMENT_3D('',#2772,#2773,#2774);
#2772 = CARTESIAN_POINT('',(-4.237701336216,-0.72,0.68988764291));
#2773 = DIRECTION('',(-0.,1.,-0.));
#2774 = DIRECTION('',(-3.5527136788E-15,0.,1.));
#2775 = ADVANCED_FACE('',(#2776),#2826,.T.);
#2776 = FACE_BOUND('',#2777,.T.);
#2777 = EDGE_LOOP('',(#2778,#2779,#2787,#2795,#2803,#2811,#2819,#2825));
#2778 = ORIENTED_EDGE('',*,*,#2699,.F.);
#2779 = ORIENTED_EDGE('',*,*,#2780,.T.);
#2780 = EDGE_CURVE('',#2692,#2781,#2783,.T.);
#2781 = VERTEX_POINT('',#2782);
#2782 = CARTESIAN_POINT('',(-3.49,-0.84,0.93988764291));
#2783 = LINE('',#2784,#2785);
#2784 = CARTESIAN_POINT('',(-3.49,1.265,0.93988764291));
#2785 = VECTOR('',#2786,1.);
#2786 = DIRECTION('',(0.,-1.,0.));
#2787 = ORIENTED_EDGE('',*,*,#2788,.F.);
#2788 = EDGE_CURVE('',#2789,#2781,#2791,.T.);
#2789 = VERTEX_POINT('',#2790);
#2790 = CARTESIAN_POINT('',(-2.237701336216,-0.84,0.93988764291));
#2791 = LINE('',#2792,#2793);
#2792 = CARTESIAN_POINT('',(-2.237701336216,-0.84,0.93988764291));
#2793 = VECTOR('',#2794,1.);
#2794 = DIRECTION('',(-1.,0.,1.110223024625E-16));
#2795 = ORIENTED_EDGE('',*,*,#2796,.T.);
#2796 = EDGE_CURVE('',#2789,#2797,#2799,.T.);
#2797 = VERTEX_POINT('',#2798);
#2798 = CARTESIAN_POINT('',(-2.237701336216,-1.44,0.93988764291));
#2799 = LINE('',#2800,#2801);
#2800 = CARTESIAN_POINT('',(-2.237701336216,-0.84,0.93988764291));
#2801 = VECTOR('',#2802,1.);
#2802 = DIRECTION('',(0.,-1.,0.));
#2803 = ORIENTED_EDGE('',*,*,#2804,.T.);
#2804 = EDGE_CURVE('',#2797,#2805,#2807,.T.);
#2805 = VERTEX_POINT('',#2806);
#2806 = CARTESIAN_POINT('',(-3.49,-1.44,0.93988764291));
#2807 = LINE('',#2808,#2809);
#2808 = CARTESIAN_POINT('',(-2.237701336216,-1.44,0.93988764291));
#2809 = VECTOR('',#2810,1.);
#2810 = DIRECTION('',(-1.,0.,1.110223024625E-16));
#2811 = ORIENTED_EDGE('',*,*,#2812,.T.);
#2812 = EDGE_CURVE('',#2805,#2813,#2815,.T.);
#2813 = VERTEX_POINT('',#2814);
#2814 = CARTESIAN_POINT('',(-3.49,-1.56,0.93988764291));
#2815 = LINE('',#2816,#2817);
#2816 = CARTESIAN_POINT('',(-3.49,1.265,0.93988764291));
#2817 = VECTOR('',#2818,1.);
#2818 = DIRECTION('',(0.,-1.,0.));
#2819 = ORIENTED_EDGE('',*,*,#2820,.T.);
#2820 = EDGE_CURVE('',#2813,#2756,#2821,.T.);
#2821 = LINE('',#2822,#2823);
#2822 = CARTESIAN_POINT('',(-2.237701336216,-1.56,0.93988764291));
#2823 = VECTOR('',#2824,1.);
#2824 = DIRECTION('',(-1.,0.,1.110223024625E-16));
#2825 = ORIENTED_EDGE('',*,*,#2764,.F.);
#2826 = PLANE('',#2827);
#2827 = AXIS2_PLACEMENT_3D('',#2828,#2829,#2830);
#2828 = CARTESIAN_POINT('',(-2.237701336216,-0.72,0.93988764291));
#2829 = DIRECTION('',(-1.110223024625E-16,-0.,-1.));
#2830 = DIRECTION('',(-1.,0.,1.110223024625E-16));
#2831 = ADVANCED_FACE('',(#2832),#2850,.T.);
#2832 = FACE_BOUND('',#2833,.T.);
#2833 = EDGE_LOOP('',(#2834,#2835,#2843,#2849));
#2834 = ORIENTED_EDGE('',*,*,#2691,.F.);
#2835 = ORIENTED_EDGE('',*,*,#2836,.F.);
#2836 = EDGE_CURVE('',#2837,#2684,#2839,.T.);
#2837 = VERTEX_POINT('',#2838);
#2838 = CARTESIAN_POINT('',(-3.49,-0.84,1.43988764291));
#2839 = LINE('',#2840,#2841);
#2840 = CARTESIAN_POINT('',(-3.49,1.265,1.43988764291));
#2841 = VECTOR('',#2842,1.);
#2842 = DIRECTION('',(-0.,1.,0.));
#2843 = ORIENTED_EDGE('',*,*,#2844,.T.);
#2844 = EDGE_CURVE('',#2837,#2781,#2845,.T.);
#2845 = LINE('',#2846,#2847);
#2846 = CARTESIAN_POINT('',(-3.49,-0.84,0.437372862773));
#2847 = VECTOR('',#2848,1.);
#2848 = DIRECTION('',(-0.,1.094463156608E-30,-1.));
#2849 = ORIENTED_EDGE('',*,*,#2780,.F.);
#2850 = PLANE('',#2851);
#2851 = AXIS2_PLACEMENT_3D('',#2852,#2853,#2854);
#2852 = CARTESIAN_POINT('',(-3.49,3.25,0.));
#2853 = DIRECTION('',(1.,0.,-0.));
#2854 = DIRECTION('',(0.,-1.,0.));
#2855 = ADVANCED_FACE('',(#2856),#2906,.T.);
#2856 = FACE_BOUND('',#2857,.T.);
#2857 = EDGE_LOOP('',(#2858,#2859,#2867,#2875,#2883,#2891,#2899,#2905));
#2858 = ORIENTED_EDGE('',*,*,#2683,.F.);
#2859 = ORIENTED_EDGE('',*,*,#2860,.T.);
#2860 = EDGE_CURVE('',#2675,#2861,#2863,.T.);
#2861 = VERTEX_POINT('',#2862);
#2862 = CARTESIAN_POINT('',(-4.237701336216,-1.56,1.43988764291));
#2863 = LINE('',#2864,#2865);
#2864 = CARTESIAN_POINT('',(-4.237701336216,-0.72,1.43988764291));
#2865 = VECTOR('',#2866,1.);
#2866 = DIRECTION('',(0.,-1.,0.));
#2867 = ORIENTED_EDGE('',*,*,#2868,.T.);
#2868 = EDGE_CURVE('',#2861,#2869,#2871,.T.);
#2869 = VERTEX_POINT('',#2870);
#2870 = CARTESIAN_POINT('',(-3.49,-1.56,1.43988764291));
#2871 = LINE('',#2872,#2873);
#2872 = CARTESIAN_POINT('',(-4.237701336216,-1.56,1.43988764291));
#2873 = VECTOR('',#2874,1.);
#2874 = DIRECTION('',(1.,0.,-1.110223024625E-16));
#2875 = ORIENTED_EDGE('',*,*,#2876,.T.);
#2876 = EDGE_CURVE('',#2869,#2877,#2879,.T.);
#2877 = VERTEX_POINT('',#2878);
#2878 = CARTESIAN_POINT('',(-3.49,-1.44,1.43988764291));
#2879 = LINE('',#2880,#2881);
#2880 = CARTESIAN_POINT('',(-3.49,1.265,1.43988764291));
#2881 = VECTOR('',#2882,1.);
#2882 = DIRECTION('',(-0.,1.,0.));
#2883 = ORIENTED_EDGE('',*,*,#2884,.T.);
#2884 = EDGE_CURVE('',#2877,#2885,#2887,.T.);
#2885 = VERTEX_POINT('',#2886);
#2886 = CARTESIAN_POINT('',(-2.237701336216,-1.44,1.43988764291));
#2887 = LINE('',#2888,#2889);
#2888 = CARTESIAN_POINT('',(-4.237701336216,-1.44,1.43988764291));
#2889 = VECTOR('',#2890,1.);
#2890 = DIRECTION('',(1.,0.,-1.110223024625E-16));
#2891 = ORIENTED_EDGE('',*,*,#2892,.F.);
#2892 = EDGE_CURVE('',#2893,#2885,#2895,.T.);
#2893 = VERTEX_POINT('',#2894);
#2894 = CARTESIAN_POINT('',(-2.237701336216,-0.84,1.43988764291));
#2895 = LINE('',#2896,#2897);
#2896 = CARTESIAN_POINT('',(-2.237701336216,-0.84,1.43988764291));
#2897 = VECTOR('',#2898,1.);
#2898 = DIRECTION('',(0.,-1.,0.));
#2899 = ORIENTED_EDGE('',*,*,#2900,.F.);
#2900 = EDGE_CURVE('',#2837,#2893,#2901,.T.);
#2901 = LINE('',#2902,#2903);
#2902 = CARTESIAN_POINT('',(-4.237701336216,-0.84,1.43988764291));
#2903 = VECTOR('',#2904,1.);
#2904 = DIRECTION('',(1.,0.,-1.110223024625E-16));
#2905 = ORIENTED_EDGE('',*,*,#2836,.T.);
#2906 = PLANE('',#2907);
#2907 = AXIS2_PLACEMENT_3D('',#2908,#2909,#2910);
#2908 = CARTESIAN_POINT('',(-4.237701336216,-0.72,1.43988764291));
#2909 = DIRECTION('',(1.110223024625E-16,0.,1.));
#2910 = DIRECTION('',(1.,0.,-1.110223024625E-16));
#2911 = ADVANCED_FACE('',(#2912),#2965,.T.);
#2912 = FACE_BOUND('',#2913,.T.);
#2913 = EDGE_LOOP('',(#2914,#2915,#2923,#2932,#2940,#2949,#2957,#2964));
#2914 = ORIENTED_EDGE('',*,*,#2674,.F.);
#2915 = ORIENTED_EDGE('',*,*,#2916,.F.);
#2916 = EDGE_CURVE('',#2917,#2667,#2919,.T.);
#2917 = VERTEX_POINT('',#2918);
#2918 = CARTESIAN_POINT('',(-4.24,-0.84,1.439884120332));
#2919 = LINE('',#2920,#2921);
#2920 = CARTESIAN_POINT('',(-4.24,-0.72,1.439884120332));
#2921 = VECTOR('',#2922,1.);
#2922 = DIRECTION('',(0.,1.,0.));
#2923 = ORIENTED_EDGE('',*,*,#2924,.F.);
#2924 = EDGE_CURVE('',#2925,#2917,#2927,.T.);
#2925 = VERTEX_POINT('',#2926);
#2926 = CARTESIAN_POINT('',(-4.942470801806,-0.84,0.946402750404));
#2927 = CIRCLE('',#2928,0.75);
#2928 = AXIS2_PLACEMENT_3D('',#2929,#2930,#2931);
#2929 = CARTESIAN_POINT('',(-4.237701336216,-0.84,0.68988764291));
#2930 = DIRECTION('',(0.,1.,0.));
#2931 = DIRECTION('',(-0.939692620786,0.,0.342020143326));
#2932 = ORIENTED_EDGE('',*,*,#2933,.T.);
#2933 = EDGE_CURVE('',#2925,#2934,#2936,.T.);
#2934 = VERTEX_POINT('',#2935);
#2935 = CARTESIAN_POINT('',(-4.942470801806,-1.44,0.946402750404));
#2936 = LINE('',#2937,#2938);
#2937 = CARTESIAN_POINT('',(-4.942470801806,-0.84,0.946402750404));
#2938 = VECTOR('',#2939,1.);
#2939 = DIRECTION('',(0.,-1.,0.));
#2940 = ORIENTED_EDGE('',*,*,#2941,.T.);
#2941 = EDGE_CURVE('',#2934,#2942,#2944,.T.);
#2942 = VERTEX_POINT('',#2943);
#2943 = CARTESIAN_POINT('',(-4.24,-1.44,1.439884120332));
#2944 = CIRCLE('',#2945,0.75);
#2945 = AXIS2_PLACEMENT_3D('',#2946,#2947,#2948);
#2946 = CARTESIAN_POINT('',(-4.237701336216,-1.44,0.68988764291));
#2947 = DIRECTION('',(0.,1.,0.));
#2948 = DIRECTION('',(-0.939692620786,0.,0.342020143326));
#2949 = ORIENTED_EDGE('',*,*,#2950,.F.);
#2950 = EDGE_CURVE('',#2951,#2942,#2953,.T.);
#2951 = VERTEX_POINT('',#2952);
#2952 = CARTESIAN_POINT('',(-4.24,-1.56,1.439884120332));
#2953 = LINE('',#2954,#2955);
#2954 = CARTESIAN_POINT('',(-4.24,-0.72,1.439884120332));
#2955 = VECTOR('',#2956,1.);
#2956 = DIRECTION('',(0.,1.,0.));
#2957 = ORIENTED_EDGE('',*,*,#2958,.T.);
#2958 = EDGE_CURVE('',#2951,#2861,#2959,.T.);
#2959 = CIRCLE('',#2960,0.75);
#2960 = AXIS2_PLACEMENT_3D('',#2961,#2962,#2963);
#2961 = CARTESIAN_POINT('',(-4.237701336216,-1.56,0.68988764291));
#2962 = DIRECTION('',(0.,1.,0.));
#2963 = DIRECTION('',(-0.939692620786,0.,0.342020143326));
#2964 = ORIENTED_EDGE('',*,*,#2860,.F.);
#2965 = CYLINDRICAL_SURFACE('',#2966,0.75);
#2966 = AXIS2_PLACEMENT_3D('',#2967,#2968,#2969);
#2967 = CARTESIAN_POINT('',(-4.237701336216,-0.72,0.68988764291));
#2968 = DIRECTION('',(0.,1.,0.));
#2969 = DIRECTION('',(-0.939692620786,0.,0.342020143326));
#2970 = ADVANCED_FACE('',(#2971),#2982,.T.);
#2971 = FACE_BOUND('',#2972,.T.);
#2972 = EDGE_LOOP('',(#2973,#2974,#2980,#2981));
#2973 = ORIENTED_EDGE('',*,*,#2713,.F.);
#2974 = ORIENTED_EDGE('',*,*,#2975,.T.);
#2975 = EDGE_CURVE('',#2714,#2917,#2976,.T.);
#2976 = LINE('',#2977,#2978);
#2977 = CARTESIAN_POINT('',(-4.24,-0.84,0.437372862773));
#2978 = VECTOR('',#2979,1.);
#2979 = DIRECTION('',(0.,-1.094463156608E-30,1.));
#2980 = ORIENTED_EDGE('',*,*,#2916,.T.);
#2981 = ORIENTED_EDGE('',*,*,#2666,.F.);
#2982 = PLANE('',#2983);
#2983 = AXIS2_PLACEMENT_3D('',#2984,#2985,#2986);
#2984 = CARTESIAN_POINT('',(-4.24,-3.25,0.));
#2985 = DIRECTION('',(-1.,0.,0.));
#2986 = DIRECTION('',(0.,1.,0.));
#2987 = ADVANCED_FACE('',(#2988),#2999,.T.);
#2988 = FACE_BOUND('',#2989,.T.);
#2989 = EDGE_LOOP('',(#2990,#2991,#2992,#2998));
#2990 = ORIENTED_EDGE('',*,*,#2844,.F.);
#2991 = ORIENTED_EDGE('',*,*,#2900,.T.);
#2992 = ORIENTED_EDGE('',*,*,#2993,.T.);
#2993 = EDGE_CURVE('',#2893,#2789,#2994,.T.);
#2994 = LINE('',#2995,#2996);
#2995 = CARTESIAN_POINT('',(-2.237701336216,-0.84,1.43988764291));
#2996 = VECTOR('',#2997,1.);
#2997 = DIRECTION('',(0.,0.,-1.));
#2998 = ORIENTED_EDGE('',*,*,#2788,.T.);
#2999 = PLANE('',#3000);
#3000 = AXIS2_PLACEMENT_3D('',#3001,#3002,#3003);
#3001 = CARTESIAN_POINT('',(-4.091426690538,-0.84,0.874745725546));
#3002 = DIRECTION('',(-3.850029760267E-31,1.,1.094463156608E-30));
#3003 = DIRECTION('',(0.,-1.094463156608E-30,1.));
#3004 = ADVANCED_FACE('',(#3005),#3066,.T.);
#3005 = FACE_BOUND('',#3006,.T.);
#3006 = EDGE_LOOP('',(#3007,#3017,#3025,#3034,#3040,#3041,#3042,#3043,
    #3051,#3060));
#3007 = ORIENTED_EDGE('',*,*,#3008,.T.);
#3008 = EDGE_CURVE('',#3009,#3011,#3013,.T.);
#3009 = VERTEX_POINT('',#3010);
#3010 = CARTESIAN_POINT('',(-5.79,-0.84,-2.70609920631E-16));
#3011 = VERTEX_POINT('',#3012);
#3012 = CARTESIAN_POINT('',(-5.79,-0.84,0.5));
#3013 = LINE('',#3014,#3015);
#3014 = CARTESIAN_POINT('',(-5.79,-0.84,-2.70609920631E-16));
#3015 = VECTOR('',#3016,1.);
#3016 = DIRECTION('',(1.7763568394E-15,0.,1.));
#3017 = ORIENTED_EDGE('',*,*,#3018,.T.);
#3018 = EDGE_CURVE('',#3011,#3019,#3021,.T.);
#3019 = VERTEX_POINT('',#3020);
#3020 = CARTESIAN_POINT('',(-5.28,-0.84,0.5));
#3021 = LINE('',#3022,#3023);
#3022 = CARTESIAN_POINT('',(-5.79,-0.84,0.5));
#3023 = VECTOR('',#3024,1.);
#3024 = DIRECTION('',(1.,0.,0.));
#3025 = ORIENTED_EDGE('',*,*,#3026,.T.);
#3026 = EDGE_CURVE('',#3019,#3027,#3029,.T.);
#3027 = VERTEX_POINT('',#3028);
#3028 = CARTESIAN_POINT('',(-5.045076844804,-0.84,0.664494964169));
#3029 = CIRCLE('',#3030,0.25);
#3030 = AXIS2_PLACEMENT_3D('',#3031,#3032,#3033);
#3031 = CARTESIAN_POINT('',(-5.28,-0.84,0.75));
#3032 = DIRECTION('',(0.,-1.,0.));
#3033 = DIRECTION('',(0.,0.,-1.));
#3034 = ORIENTED_EDGE('',*,*,#3035,.T.);
#3035 = EDGE_CURVE('',#3027,#2925,#3036,.T.);
#3036 = LINE('',#3037,#3038);
#3037 = CARTESIAN_POINT('',(-5.045076844804,-0.84,0.664494964169));
#3038 = VECTOR('',#3039,1.);
#3039 = DIRECTION('',(0.342020143326,0.,0.939692620786));
#3040 = ORIENTED_EDGE('',*,*,#2924,.T.);
#3041 = ORIENTED_EDGE('',*,*,#2975,.F.);
#3042 = ORIENTED_EDGE('',*,*,#2721,.T.);
#3043 = ORIENTED_EDGE('',*,*,#3044,.T.);
#3044 = EDGE_CURVE('',#2722,#3045,#3047,.T.);
#3045 = VERTEX_POINT('',#3046);
#3046 = CARTESIAN_POINT('',(-4.575230534411,-0.84,0.493484892506));
#3047 = LINE('',#3048,#3049);
#3048 = CARTESIAN_POINT('',(-4.472624491413,-0.84,0.775392678742));
#3049 = VECTOR('',#3050,1.);
#3050 = DIRECTION('',(-0.342020143326,0.,-0.939692620786));
#3051 = ORIENTED_EDGE('',*,*,#3052,.T.);
#3052 = EDGE_CURVE('',#3045,#3053,#3055,.T.);
#3053 = VERTEX_POINT('',#3054);
#3054 = CARTESIAN_POINT('',(-5.28,-0.84,-2.22044604925E-16));
#3055 = CIRCLE('',#3056,0.75);
#3056 = AXIS2_PLACEMENT_3D('',#3057,#3058,#3059);
#3057 = CARTESIAN_POINT('',(-5.28,-0.84,0.75));
#3058 = DIRECTION('',(0.,1.,0.));
#3059 = DIRECTION('',(0.939692620786,0.,-0.342020143326));
#3060 = ORIENTED_EDGE('',*,*,#3061,.T.);
#3061 = EDGE_CURVE('',#3053,#3009,#3062,.T.);
#3062 = LINE('',#3063,#3064);
#3063 = CARTESIAN_POINT('',(-5.28,-0.84,-2.22044604925E-16));
#3064 = VECTOR('',#3065,1.);
#3065 = DIRECTION('',(-1.,0.,-9.522610922745E-17));
#3066 = PLANE('',#3067);
#3067 = AXIS2_PLACEMENT_3D('',#3068,#3069,#3070);
#3068 = CARTESIAN_POINT('',(-4.091426690538,-0.84,0.874745725546));
#3069 = DIRECTION('',(-3.850029760267E-31,1.,1.094463156608E-30));
#3070 = DIRECTION('',(0.,-1.094463156608E-30,1.));
#3071 = ADVANCED_FACE('',(#3072),#3083,.T.);
#3072 = FACE_BOUND('',#3073,.T.);
#3073 = EDGE_LOOP('',(#3074,#3075,#3081,#3082));
#3074 = ORIENTED_EDGE('',*,*,#2892,.T.);
#3075 = ORIENTED_EDGE('',*,*,#3076,.T.);
#3076 = EDGE_CURVE('',#2885,#2797,#3077,.T.);
#3077 = LINE('',#3078,#3079);
#3078 = CARTESIAN_POINT('',(-2.237701336216,-1.44,1.43988764291));
#3079 = VECTOR('',#3080,1.);
#3080 = DIRECTION('',(0.,0.,-1.));
#3081 = ORIENTED_EDGE('',*,*,#2796,.F.);
#3082 = ORIENTED_EDGE('',*,*,#2993,.F.);
#3083 = PLANE('',#3084);
#3084 = AXIS2_PLACEMENT_3D('',#3085,#3086,#3087);
#3085 = CARTESIAN_POINT('',(-2.237701336216,-0.84,1.43988764291));
#3086 = DIRECTION('',(1.,0.,0.));
#3087 = DIRECTION('',(0.,0.,-1.));
#3088 = ADVANCED_FACE('',(#3089),#3114,.T.);
#3089 = FACE_BOUND('',#3090,.T.);
#3090 = EDGE_LOOP('',(#3091,#3099,#3107,#3113));
#3091 = ORIENTED_EDGE('',*,*,#3092,.T.);
#3092 = EDGE_CURVE('',#3009,#3093,#3095,.T.);
#3093 = VERTEX_POINT('',#3094);
#3094 = CARTESIAN_POINT('',(-5.79,-1.44,-2.70609920631E-16));
#3095 = LINE('',#3096,#3097);
#3096 = CARTESIAN_POINT('',(-5.79,-0.84,-2.70609920631E-16));
#3097 = VECTOR('',#3098,1.);
#3098 = DIRECTION('',(0.,-1.,0.));
#3099 = ORIENTED_EDGE('',*,*,#3100,.T.);
#3100 = EDGE_CURVE('',#3093,#3101,#3103,.T.);
#3101 = VERTEX_POINT('',#3102);
#3102 = CARTESIAN_POINT('',(-5.79,-1.44,0.5));
#3103 = LINE('',#3104,#3105);
#3104 = CARTESIAN_POINT('',(-5.79,-1.44,-2.70609920631E-16));
#3105 = VECTOR('',#3106,1.);
#3106 = DIRECTION('',(1.7763568394E-15,0.,1.));
#3107 = ORIENTED_EDGE('',*,*,#3108,.F.);
#3108 = EDGE_CURVE('',#3011,#3101,#3109,.T.);
#3109 = LINE('',#3110,#3111);
#3110 = CARTESIAN_POINT('',(-5.79,-0.84,0.5));
#3111 = VECTOR('',#3112,1.);
#3112 = DIRECTION('',(0.,-1.,0.));
#3113 = ORIENTED_EDGE('',*,*,#3008,.F.);
#3114 = PLANE('',#3115);
#3115 = AXIS2_PLACEMENT_3D('',#3116,#3117,#3118);
#3116 = CARTESIAN_POINT('',(-5.79,-0.84,-2.70609920631E-16));
#3117 = DIRECTION('',(-1.,0.,1.7763568394E-15));
#3118 = DIRECTION('',(1.7763568394E-15,0.,1.));
#3119 = ADVANCED_FACE('',(#3120),#3138,.T.);
#3120 = FACE_BOUND('',#3121,.T.);
#3121 = EDGE_LOOP('',(#3122,#3130,#3136,#3137));
#3122 = ORIENTED_EDGE('',*,*,#3123,.T.);
#3123 = EDGE_CURVE('',#3053,#3124,#3126,.T.);
#3124 = VERTEX_POINT('',#3125);
#3125 = CARTESIAN_POINT('',(-5.28,-1.44,-2.22044604925E-16));
#3126 = LINE('',#3127,#3128);
#3127 = CARTESIAN_POINT('',(-5.28,-0.84,-2.22044604925E-16));
#3128 = VECTOR('',#3129,1.);
#3129 = DIRECTION('',(0.,-1.,0.));
#3130 = ORIENTED_EDGE('',*,*,#3131,.T.);
#3131 = EDGE_CURVE('',#3124,#3093,#3132,.T.);
#3132 = LINE('',#3133,#3134);
#3133 = CARTESIAN_POINT('',(-5.28,-1.44,-2.22044604925E-16));
#3134 = VECTOR('',#3135,1.);
#3135 = DIRECTION('',(-1.,0.,-9.522610922745E-17));
#3136 = ORIENTED_EDGE('',*,*,#3092,.F.);
#3137 = ORIENTED_EDGE('',*,*,#3061,.F.);
#3138 = PLANE('',#3139);
#3139 = AXIS2_PLACEMENT_3D('',#3140,#3141,#3142);
#3140 = CARTESIAN_POINT('',(-5.28,-0.84,-2.22044604925E-16));
#3141 = DIRECTION('',(9.522610922745E-17,0.,-1.));
#3142 = DIRECTION('',(-1.,0.,-9.522610922745E-17));
#3143 = ADVANCED_FACE('',(#3144),#3163,.T.);
#3144 = FACE_BOUND('',#3145,.T.);
#3145 = EDGE_LOOP('',(#3146,#3154,#3161,#3162));
#3146 = ORIENTED_EDGE('',*,*,#3147,.T.);
#3147 = EDGE_CURVE('',#3045,#3148,#3150,.T.);
#3148 = VERTEX_POINT('',#3149);
#3149 = CARTESIAN_POINT('',(-4.575230534411,-1.44,0.493484892506));
#3150 = LINE('',#3151,#3152);
#3151 = CARTESIAN_POINT('',(-4.575230534411,-0.84,0.493484892506));
#3152 = VECTOR('',#3153,1.);
#3153 = DIRECTION('',(0.,-1.,0.));
#3154 = ORIENTED_EDGE('',*,*,#3155,.T.);
#3155 = EDGE_CURVE('',#3148,#3124,#3156,.T.);
#3156 = CIRCLE('',#3157,0.75);
#3157 = AXIS2_PLACEMENT_3D('',#3158,#3159,#3160);
#3158 = CARTESIAN_POINT('',(-5.28,-1.44,0.75));
#3159 = DIRECTION('',(0.,1.,0.));
#3160 = DIRECTION('',(0.939692620786,0.,-0.342020143326));
#3161 = ORIENTED_EDGE('',*,*,#3123,.F.);
#3162 = ORIENTED_EDGE('',*,*,#3052,.F.);
#3163 = CYLINDRICAL_SURFACE('',#3164,0.75);
#3164 = AXIS2_PLACEMENT_3D('',#3165,#3166,#3167);
#3165 = CARTESIAN_POINT('',(-5.28,-0.84,0.75));
#3166 = DIRECTION('',(0.,1.,0.));
#3167 = DIRECTION('',(0.939692620786,0.,-0.342020143326));
#3168 = ADVANCED_FACE('',(#3169),#3180,.T.);
#3169 = FACE_BOUND('',#3170,.T.);
#3170 = EDGE_LOOP('',(#3171,#3172,#3178,#3179));
#3171 = ORIENTED_EDGE('',*,*,#2730,.T.);
#3172 = ORIENTED_EDGE('',*,*,#3173,.T.);
#3173 = EDGE_CURVE('',#2731,#3148,#3174,.T.);
#3174 = LINE('',#3175,#3176);
#3175 = CARTESIAN_POINT('',(-4.472624491413,-1.44,0.775392678742));
#3176 = VECTOR('',#3177,1.);
#3177 = DIRECTION('',(-0.342020143326,0.,-0.939692620786));
#3178 = ORIENTED_EDGE('',*,*,#3147,.F.);
#3179 = ORIENTED_EDGE('',*,*,#3044,.F.);
#3180 = PLANE('',#3181);
#3181 = AXIS2_PLACEMENT_3D('',#3182,#3183,#3184);
#3182 = CARTESIAN_POINT('',(-4.472624491413,-0.84,0.775392678742));
#3183 = DIRECTION('',(0.939692620786,0.,-0.342020143326));
#3184 = DIRECTION('',(-0.342020143326,0.,-0.939692620786));
#3185 = ADVANCED_FACE('',(#3186),#3204,.T.);
#3186 = FACE_BOUND('',#3187,.T.);
#3187 = EDGE_LOOP('',(#3188,#3196,#3202,#3203));
#3188 = ORIENTED_EDGE('',*,*,#3189,.T.);
#3189 = EDGE_CURVE('',#3027,#3190,#3192,.T.);
#3190 = VERTEX_POINT('',#3191);
#3191 = CARTESIAN_POINT('',(-5.045076844804,-1.44,0.664494964169));
#3192 = LINE('',#3193,#3194);
#3193 = CARTESIAN_POINT('',(-5.045076844804,-0.84,0.664494964169));
#3194 = VECTOR('',#3195,1.);
#3195 = DIRECTION('',(0.,-1.,0.));
#3196 = ORIENTED_EDGE('',*,*,#3197,.T.);
#3197 = EDGE_CURVE('',#3190,#2934,#3198,.T.);
#3198 = LINE('',#3199,#3200);
#3199 = CARTESIAN_POINT('',(-5.045076844804,-1.44,0.664494964169));
#3200 = VECTOR('',#3201,1.);
#3201 = DIRECTION('',(0.342020143326,0.,0.939692620786));
#3202 = ORIENTED_EDGE('',*,*,#2933,.F.);
#3203 = ORIENTED_EDGE('',*,*,#3035,.F.);
#3204 = PLANE('',#3205);
#3205 = AXIS2_PLACEMENT_3D('',#3206,#3207,#3208);
#3206 = CARTESIAN_POINT('',(-5.045076844804,-0.84,0.664494964169));
#3207 = DIRECTION('',(-0.939692620786,0.,0.342020143326));
#3208 = DIRECTION('',(0.342020143326,0.,0.939692620786));
#3209 = ADVANCED_FACE('',(#3210),#3229,.F.);
#3210 = FACE_BOUND('',#3211,.F.);
#3211 = EDGE_LOOP('',(#3212,#3213,#3214,#3223));
#3212 = ORIENTED_EDGE('',*,*,#3026,.T.);
#3213 = ORIENTED_EDGE('',*,*,#3189,.T.);
#3214 = ORIENTED_EDGE('',*,*,#3215,.F.);
#3215 = EDGE_CURVE('',#3216,#3190,#3218,.T.);
#3216 = VERTEX_POINT('',#3217);
#3217 = CARTESIAN_POINT('',(-5.28,-1.44,0.5));
#3218 = CIRCLE('',#3219,0.25);
#3219 = AXIS2_PLACEMENT_3D('',#3220,#3221,#3222);
#3220 = CARTESIAN_POINT('',(-5.28,-1.44,0.75));
#3221 = DIRECTION('',(0.,-1.,0.));
#3222 = DIRECTION('',(0.,0.,-1.));
#3223 = ORIENTED_EDGE('',*,*,#3224,.F.);
#3224 = EDGE_CURVE('',#3019,#3216,#3225,.T.);
#3225 = LINE('',#3226,#3227);
#3226 = CARTESIAN_POINT('',(-5.28,-0.84,0.5));
#3227 = VECTOR('',#3228,1.);
#3228 = DIRECTION('',(0.,-1.,0.));
#3229 = CYLINDRICAL_SURFACE('',#3230,0.25);
#3230 = AXIS2_PLACEMENT_3D('',#3231,#3232,#3233);
#3231 = CARTESIAN_POINT('',(-5.28,-0.84,0.75));
#3232 = DIRECTION('',(-0.,1.,-0.));
#3233 = DIRECTION('',(0.,0.,-1.));
#3234 = ADVANCED_FACE('',(#3235),#3246,.T.);
#3235 = FACE_BOUND('',#3236,.T.);
#3236 = EDGE_LOOP('',(#3237,#3238,#3244,#3245));
#3237 = ORIENTED_EDGE('',*,*,#3108,.T.);
#3238 = ORIENTED_EDGE('',*,*,#3239,.T.);
#3239 = EDGE_CURVE('',#3101,#3216,#3240,.T.);
#3240 = LINE('',#3241,#3242);
#3241 = CARTESIAN_POINT('',(-5.79,-1.44,0.5));
#3242 = VECTOR('',#3243,1.);
#3243 = DIRECTION('',(1.,0.,0.));
#3244 = ORIENTED_EDGE('',*,*,#3224,.F.);
#3245 = ORIENTED_EDGE('',*,*,#3018,.F.);
#3246 = PLANE('',#3247);
#3247 = AXIS2_PLACEMENT_3D('',#3248,#3249,#3250);
#3248 = CARTESIAN_POINT('',(-5.79,-0.84,0.5));
#3249 = DIRECTION('',(-0.,0.,1.));
#3250 = DIRECTION('',(1.,0.,0.));
#3251 = ADVANCED_FACE('',(#3252),#3269,.F.);
#3252 = FACE_BOUND('',#3253,.F.);
#3253 = EDGE_LOOP('',(#3254,#3255,#3256,#3257,#3258,#3259,#3265,#3266,
    #3267,#3268));
#3254 = ORIENTED_EDGE('',*,*,#3100,.T.);
#3255 = ORIENTED_EDGE('',*,*,#3239,.T.);
#3256 = ORIENTED_EDGE('',*,*,#3215,.T.);
#3257 = ORIENTED_EDGE('',*,*,#3197,.T.);
#3258 = ORIENTED_EDGE('',*,*,#2941,.T.);
#3259 = ORIENTED_EDGE('',*,*,#3260,.F.);
#3260 = EDGE_CURVE('',#2739,#2942,#3261,.T.);
#3261 = LINE('',#3262,#3263);
#3262 = CARTESIAN_POINT('',(-4.24,-1.44,0.437372862773));
#3263 = VECTOR('',#3264,1.);
#3264 = DIRECTION('',(0.,-1.094463156608E-30,1.));
#3265 = ORIENTED_EDGE('',*,*,#2738,.T.);
#3266 = ORIENTED_EDGE('',*,*,#3173,.T.);
#3267 = ORIENTED_EDGE('',*,*,#3155,.T.);
#3268 = ORIENTED_EDGE('',*,*,#3131,.T.);
#3269 = PLANE('',#3270);
#3270 = AXIS2_PLACEMENT_3D('',#3271,#3272,#3273);
#3271 = CARTESIAN_POINT('',(-4.091426690538,-1.44,0.874745725546));
#3272 = DIRECTION('',(-3.850029760267E-31,1.,1.094463156608E-30));
#3273 = DIRECTION('',(0.,-1.094463156608E-30,1.));
#3274 = ADVANCED_FACE('',(#3275),#3286,.T.);
#3275 = FACE_BOUND('',#3276,.T.);
#3276 = EDGE_LOOP('',(#3277,#3278,#3284,#3285));
#3277 = ORIENTED_EDGE('',*,*,#2747,.F.);
#3278 = ORIENTED_EDGE('',*,*,#3279,.T.);
#3279 = EDGE_CURVE('',#2748,#2951,#3280,.T.);
#3280 = LINE('',#3281,#3282);
#3281 = CARTESIAN_POINT('',(-4.24,-1.56,0.437372862773));
#3282 = VECTOR('',#3283,1.);
#3283 = DIRECTION('',(0.,1.094463156608E-30,1.));
#3284 = ORIENTED_EDGE('',*,*,#2950,.T.);
#3285 = ORIENTED_EDGE('',*,*,#3260,.F.);
#3286 = PLANE('',#3287);
#3287 = AXIS2_PLACEMENT_3D('',#3288,#3289,#3290);
#3288 = CARTESIAN_POINT('',(-4.24,-3.25,0.));
#3289 = DIRECTION('',(-1.,0.,0.));
#3290 = DIRECTION('',(0.,1.,0.));
#3291 = ADVANCED_FACE('',(#3292),#3305,.F.);
#3292 = FACE_BOUND('',#3293,.F.);
#3293 = EDGE_LOOP('',(#3294,#3295,#3296,#3297,#3298,#3304));
#3294 = ORIENTED_EDGE('',*,*,#2755,.T.);
#3295 = ORIENTED_EDGE('',*,*,#3279,.T.);
#3296 = ORIENTED_EDGE('',*,*,#2958,.T.);
#3297 = ORIENTED_EDGE('',*,*,#2868,.T.);
#3298 = ORIENTED_EDGE('',*,*,#3299,.T.);
#3299 = EDGE_CURVE('',#2869,#2813,#3300,.T.);
#3300 = LINE('',#3301,#3302);
#3301 = CARTESIAN_POINT('',(-3.49,-1.56,0.437372862773));
#3302 = VECTOR('',#3303,1.);
#3303 = DIRECTION('',(0.,-1.094463156608E-30,-1.));
#3304 = ORIENTED_EDGE('',*,*,#2820,.T.);
#3305 = PLANE('',#3306);
#3306 = AXIS2_PLACEMENT_3D('',#3307,#3308,#3309);
#3307 = CARTESIAN_POINT('',(-4.091426690538,-1.56,0.874745725546));
#3308 = DIRECTION('',(3.850029760267E-31,1.,-1.094463156608E-30));
#3309 = DIRECTION('',(0.,1.094463156608E-30,1.));
#3310 = ADVANCED_FACE('',(#3311),#3322,.T.);
#3311 = FACE_BOUND('',#3312,.T.);
#3312 = EDGE_LOOP('',(#3313,#3319,#3320,#3321));
#3313 = ORIENTED_EDGE('',*,*,#3314,.F.);
#3314 = EDGE_CURVE('',#2877,#2805,#3315,.T.);
#3315 = LINE('',#3316,#3317);
#3316 = CARTESIAN_POINT('',(-3.49,-1.44,0.437372862773));
#3317 = VECTOR('',#3318,1.);
#3318 = DIRECTION('',(-0.,1.094463156608E-30,-1.));
#3319 = ORIENTED_EDGE('',*,*,#2876,.F.);
#3320 = ORIENTED_EDGE('',*,*,#3299,.T.);
#3321 = ORIENTED_EDGE('',*,*,#2812,.F.);
#3322 = PLANE('',#3323);
#3323 = AXIS2_PLACEMENT_3D('',#3324,#3325,#3326);
#3324 = CARTESIAN_POINT('',(-3.49,3.25,0.));
#3325 = DIRECTION('',(1.,0.,-0.));
#3326 = DIRECTION('',(0.,-1.,0.));
#3327 = ADVANCED_FACE('',(#3328),#3334,.F.);
#3328 = FACE_BOUND('',#3329,.F.);
#3329 = EDGE_LOOP('',(#3330,#3331,#3332,#3333));
#3330 = ORIENTED_EDGE('',*,*,#3314,.F.);
#3331 = ORIENTED_EDGE('',*,*,#2884,.T.);
#3332 = ORIENTED_EDGE('',*,*,#3076,.T.);
#3333 = ORIENTED_EDGE('',*,*,#2804,.T.);
#3334 = PLANE('',#3335);
#3335 = AXIS2_PLACEMENT_3D('',#3336,#3337,#3338);
#3336 = CARTESIAN_POINT('',(-4.091426690538,-1.44,0.874745725546));
#3337 = DIRECTION('',(-3.850029760267E-31,1.,1.094463156608E-30));
#3338 = DIRECTION('',(0.,-1.094463156608E-30,1.));
#3339 = MANIFOLD_SOLID_BREP('',#3340);
#3340 = CLOSED_SHELL('',(#3341,#3381,#3444,#3468,#3524,#3541,#3558,#3575
    ,#3592,#3609));
#3341 = ADVANCED_FACE('',(#3342),#3376,.T.);
#3342 = FACE_BOUND('',#3343,.T.);
#3343 = EDGE_LOOP('',(#3344,#3354,#3362,#3370));
#3344 = ORIENTED_EDGE('',*,*,#3345,.T.);
#3345 = EDGE_CURVE('',#3346,#3348,#3350,.T.);
#3346 = VERTEX_POINT('',#3347);
#3347 = CARTESIAN_POINT('',(-3.49,0.42,0.93988764291));
#3348 = VERTEX_POINT('',#3349);
#3349 = CARTESIAN_POINT('',(-3.91,0.42,0.93988764291));
#3350 = LINE('',#3351,#3352);
#3351 = CARTESIAN_POINT('',(-2.237701336216,0.42,0.93988764291));
#3352 = VECTOR('',#3353,1.);
#3353 = DIRECTION('',(-1.,0.,1.110223024625E-16));
#3354 = ORIENTED_EDGE('',*,*,#3355,.T.);
#3355 = EDGE_CURVE('',#3348,#3356,#3358,.T.);
#3356 = VERTEX_POINT('',#3357);
#3357 = CARTESIAN_POINT('',(-3.91,0.42,1.43988764291));
#3358 = LINE('',#3359,#3360);
#3359 = CARTESIAN_POINT('',(-3.91,0.42,0.));
#3360 = VECTOR('',#3361,1.);
#3361 = DIRECTION('',(0.,0.,1.));
#3362 = ORIENTED_EDGE('',*,*,#3363,.T.);
#3363 = EDGE_CURVE('',#3356,#3364,#3366,.T.);
#3364 = VERTEX_POINT('',#3365);
#3365 = CARTESIAN_POINT('',(-3.49,0.42,1.43988764291));
#3366 = LINE('',#3367,#3368);
#3367 = CARTESIAN_POINT('',(-4.237701336216,0.42,1.43988764291));
#3368 = VECTOR('',#3369,1.);
#3369 = DIRECTION('',(1.,0.,-1.110223024625E-16));
#3370 = ORIENTED_EDGE('',*,*,#3371,.T.);
#3371 = EDGE_CURVE('',#3364,#3346,#3372,.T.);
#3372 = LINE('',#3373,#3374);
#3373 = CARTESIAN_POINT('',(-3.49,0.42,0.437372862773));
#3374 = VECTOR('',#3375,1.);
#3375 = DIRECTION('',(0.,-1.094463156608E-30,-1.));
#3376 = PLANE('',#3377);
#3377 = AXIS2_PLACEMENT_3D('',#3378,#3379,#3380);
#3378 = CARTESIAN_POINT('',(-4.091426690538,0.42,0.874745725546));
#3379 = DIRECTION('',(3.850029760267E-31,1.,-1.094463156608E-30));
#3380 = DIRECTION('',(0.,1.094463156608E-30,1.));
#3381 = ADVANCED_FACE('',(#3382),#3439,.T.);
#3382 = FACE_BOUND('',#3383,.T.);
#3383 = EDGE_LOOP('',(#3384,#3385,#3393,#3401,#3409,#3417,#3425,#3433));
#3384 = ORIENTED_EDGE('',*,*,#3345,.F.);
#3385 = ORIENTED_EDGE('',*,*,#3386,.T.);
#3386 = EDGE_CURVE('',#3346,#3387,#3389,.T.);
#3387 = VERTEX_POINT('',#3388);
#3388 = CARTESIAN_POINT('',(-3.49,0.3,0.93988764291));
#3389 = LINE('',#3390,#3391);
#3390 = CARTESIAN_POINT('',(-3.49,1.835,0.93988764291));
#3391 = VECTOR('',#3392,1.);
#3392 = DIRECTION('',(0.,-1.,0.));
#3393 = ORIENTED_EDGE('',*,*,#3394,.F.);
#3394 = EDGE_CURVE('',#3395,#3387,#3397,.T.);
#3395 = VERTEX_POINT('',#3396);
#3396 = CARTESIAN_POINT('',(-2.237701336216,0.3,0.93988764291));
#3397 = LINE('',#3398,#3399);
#3398 = CARTESIAN_POINT('',(-2.237701336216,0.3,0.93988764291));
#3399 = VECTOR('',#3400,1.);
#3400 = DIRECTION('',(-1.,0.,1.110223024625E-16));
#3401 = ORIENTED_EDGE('',*,*,#3402,.T.);
#3402 = EDGE_CURVE('',#3395,#3403,#3405,.T.);
#3403 = VERTEX_POINT('',#3404);
#3404 = CARTESIAN_POINT('',(-2.237701336216,-0.3,0.93988764291));
#3405 = LINE('',#3406,#3407);
#3406 = CARTESIAN_POINT('',(-2.237701336216,0.3,0.93988764291));
#3407 = VECTOR('',#3408,1.);
#3408 = DIRECTION('',(0.,-1.,0.));
#3409 = ORIENTED_EDGE('',*,*,#3410,.T.);
#3410 = EDGE_CURVE('',#3403,#3411,#3413,.T.);
#3411 = VERTEX_POINT('',#3412);
#3412 = CARTESIAN_POINT('',(-3.49,-0.3,0.93988764291));
#3413 = LINE('',#3414,#3415);
#3414 = CARTESIAN_POINT('',(-2.237701336216,-0.3,0.93988764291));
#3415 = VECTOR('',#3416,1.);
#3416 = DIRECTION('',(-1.,0.,1.110223024625E-16));
#3417 = ORIENTED_EDGE('',*,*,#3418,.T.);
#3418 = EDGE_CURVE('',#3411,#3419,#3421,.T.);
#3419 = VERTEX_POINT('',#3420);
#3420 = CARTESIAN_POINT('',(-3.49,-0.42,0.93988764291));
#3421 = LINE('',#3422,#3423);
#3422 = CARTESIAN_POINT('',(-3.49,1.835,0.93988764291));
#3423 = VECTOR('',#3424,1.);
#3424 = DIRECTION('',(0.,-1.,0.));
#3425 = ORIENTED_EDGE('',*,*,#3426,.T.);
#3426 = EDGE_CURVE('',#3419,#3427,#3429,.T.);
#3427 = VERTEX_POINT('',#3428);
#3428 = CARTESIAN_POINT('',(-3.91,-0.42,0.93988764291));
#3429 = LINE('',#3430,#3431);
#3430 = CARTESIAN_POINT('',(-2.237701336216,-0.42,0.93988764291));
#3431 = VECTOR('',#3432,1.);
#3432 = DIRECTION('',(-1.,0.,1.110223024625E-16));
#3433 = ORIENTED_EDGE('',*,*,#3434,.T.);
#3434 = EDGE_CURVE('',#3427,#3348,#3435,.T.);
#3435 = LINE('',#3436,#3437);
#3436 = CARTESIAN_POINT('',(-3.91,-2.775557561563E-17,0.93988764291));
#3437 = VECTOR('',#3438,1.);
#3438 = DIRECTION('',(0.,1.,-0.));
#3439 = PLANE('',#3440);
#3440 = AXIS2_PLACEMENT_3D('',#3441,#3442,#3443);
#3441 = CARTESIAN_POINT('',(-2.237701336216,0.42,0.93988764291));
#3442 = DIRECTION('',(-1.110223024625E-16,-0.,-1.));
#3443 = DIRECTION('',(-1.,0.,1.110223024625E-16));
#3444 = ADVANCED_FACE('',(#3445),#3463,.T.);
#3445 = FACE_BOUND('',#3446,.T.);
#3446 = EDGE_LOOP('',(#3447,#3448,#3456,#3462));
#3447 = ORIENTED_EDGE('',*,*,#3371,.F.);
#3448 = ORIENTED_EDGE('',*,*,#3449,.F.);
#3449 = EDGE_CURVE('',#3450,#3364,#3452,.T.);
#3450 = VERTEX_POINT('',#3451);
#3451 = CARTESIAN_POINT('',(-3.49,0.3,1.43988764291));
#3452 = LINE('',#3453,#3454);
#3453 = CARTESIAN_POINT('',(-3.49,1.835,1.43988764291));
#3454 = VECTOR('',#3455,1.);
#3455 = DIRECTION('',(-0.,1.,0.));
#3456 = ORIENTED_EDGE('',*,*,#3457,.T.);
#3457 = EDGE_CURVE('',#3450,#3387,#3458,.T.);
#3458 = LINE('',#3459,#3460);
#3459 = CARTESIAN_POINT('',(-3.49,0.3,0.437372862773));
#3460 = VECTOR('',#3461,1.);
#3461 = DIRECTION('',(-0.,1.094463156608E-30,-1.));
#3462 = ORIENTED_EDGE('',*,*,#3386,.F.);
#3463 = PLANE('',#3464);
#3464 = AXIS2_PLACEMENT_3D('',#3465,#3466,#3467);
#3465 = CARTESIAN_POINT('',(-3.49,3.25,0.));
#3466 = DIRECTION('',(1.,0.,-0.));
#3467 = DIRECTION('',(0.,-1.,0.));
#3468 = ADVANCED_FACE('',(#3469),#3519,.T.);
#3469 = FACE_BOUND('',#3470,.T.);
#3470 = EDGE_LOOP('',(#3471,#3472,#3480,#3488,#3496,#3504,#3512,#3518));
#3471 = ORIENTED_EDGE('',*,*,#3363,.F.);
#3472 = ORIENTED_EDGE('',*,*,#3473,.T.);
#3473 = EDGE_CURVE('',#3356,#3474,#3476,.T.);
#3474 = VERTEX_POINT('',#3475);
#3475 = CARTESIAN_POINT('',(-3.91,-0.42,1.43988764291));
#3476 = LINE('',#3477,#3478);
#3477 = CARTESIAN_POINT('',(-3.91,-2.775557561563E-17,1.43988764291));
#3478 = VECTOR('',#3479,1.);
#3479 = DIRECTION('',(0.,-1.,0.));
#3480 = ORIENTED_EDGE('',*,*,#3481,.T.);
#3481 = EDGE_CURVE('',#3474,#3482,#3484,.T.);
#3482 = VERTEX_POINT('',#3483);
#3483 = CARTESIAN_POINT('',(-3.49,-0.42,1.43988764291));
#3484 = LINE('',#3485,#3486);
#3485 = CARTESIAN_POINT('',(-4.237701336216,-0.42,1.43988764291));
#3486 = VECTOR('',#3487,1.);
#3487 = DIRECTION('',(1.,0.,-1.110223024625E-16));
#3488 = ORIENTED_EDGE('',*,*,#3489,.T.);
#3489 = EDGE_CURVE('',#3482,#3490,#3492,.T.);
#3490 = VERTEX_POINT('',#3491);
#3491 = CARTESIAN_POINT('',(-3.49,-0.3,1.43988764291));
#3492 = LINE('',#3493,#3494);
#3493 = CARTESIAN_POINT('',(-3.49,1.835,1.43988764291));
#3494 = VECTOR('',#3495,1.);
#3495 = DIRECTION('',(-0.,1.,0.));
#3496 = ORIENTED_EDGE('',*,*,#3497,.T.);
#3497 = EDGE_CURVE('',#3490,#3498,#3500,.T.);
#3498 = VERTEX_POINT('',#3499);
#3499 = CARTESIAN_POINT('',(-2.237701336216,-0.3,1.43988764291));
#3500 = LINE('',#3501,#3502);
#3501 = CARTESIAN_POINT('',(-4.237701336216,-0.3,1.43988764291));
#3502 = VECTOR('',#3503,1.);
#3503 = DIRECTION('',(1.,0.,-1.110223024625E-16));
#3504 = ORIENTED_EDGE('',*,*,#3505,.F.);
#3505 = EDGE_CURVE('',#3506,#3498,#3508,.T.);
#3506 = VERTEX_POINT('',#3507);
#3507 = CARTESIAN_POINT('',(-2.237701336216,0.3,1.43988764291));
#3508 = LINE('',#3509,#3510);
#3509 = CARTESIAN_POINT('',(-2.237701336216,0.3,1.43988764291));
#3510 = VECTOR('',#3511,1.);
#3511 = DIRECTION('',(0.,-1.,0.));
#3512 = ORIENTED_EDGE('',*,*,#3513,.F.);
#3513 = EDGE_CURVE('',#3450,#3506,#3514,.T.);
#3514 = LINE('',#3515,#3516);
#3515 = CARTESIAN_POINT('',(-4.237701336216,0.3,1.43988764291));
#3516 = VECTOR('',#3517,1.);
#3517 = DIRECTION('',(1.,0.,-1.110223024625E-16));
#3518 = ORIENTED_EDGE('',*,*,#3449,.T.);
#3519 = PLANE('',#3520);
#3520 = AXIS2_PLACEMENT_3D('',#3521,#3522,#3523);
#3521 = CARTESIAN_POINT('',(-4.237701336216,0.42,1.43988764291));
#3522 = DIRECTION('',(1.110223024625E-16,0.,1.));
#3523 = DIRECTION('',(1.,0.,-1.110223024625E-16));
#3524 = ADVANCED_FACE('',(#3525),#3536,.T.);
#3525 = FACE_BOUND('',#3526,.T.);
#3526 = EDGE_LOOP('',(#3527,#3528,#3534,#3535));
#3527 = ORIENTED_EDGE('',*,*,#3434,.F.);
#3528 = ORIENTED_EDGE('',*,*,#3529,.T.);
#3529 = EDGE_CURVE('',#3427,#3474,#3530,.T.);
#3530 = LINE('',#3531,#3532);
#3531 = CARTESIAN_POINT('',(-3.91,-0.42,0.));
#3532 = VECTOR('',#3533,1.);
#3533 = DIRECTION('',(0.,0.,1.));
#3534 = ORIENTED_EDGE('',*,*,#3473,.F.);
#3535 = ORIENTED_EDGE('',*,*,#3355,.F.);
#3536 = PLANE('',#3537);
#3537 = AXIS2_PLACEMENT_3D('',#3538,#3539,#3540);
#3538 = CARTESIAN_POINT('',(-3.91,-0.42,0.));
#3539 = DIRECTION('',(-1.,0.,0.));
#3540 = DIRECTION('',(0.,1.,0.));
#3541 = ADVANCED_FACE('',(#3542),#3553,.F.);
#3542 = FACE_BOUND('',#3543,.F.);
#3543 = EDGE_LOOP('',(#3544,#3545,#3546,#3547));
#3544 = ORIENTED_EDGE('',*,*,#3426,.T.);
#3545 = ORIENTED_EDGE('',*,*,#3529,.T.);
#3546 = ORIENTED_EDGE('',*,*,#3481,.T.);
#3547 = ORIENTED_EDGE('',*,*,#3548,.T.);
#3548 = EDGE_CURVE('',#3482,#3419,#3549,.T.);
#3549 = LINE('',#3550,#3551);
#3550 = CARTESIAN_POINT('',(-3.49,-0.42,0.437372862773));
#3551 = VECTOR('',#3552,1.);
#3552 = DIRECTION('',(0.,-1.094463156608E-30,-1.));
#3553 = PLANE('',#3554);
#3554 = AXIS2_PLACEMENT_3D('',#3555,#3556,#3557);
#3555 = CARTESIAN_POINT('',(-4.091426690538,-0.42,0.874745725546));
#3556 = DIRECTION('',(3.850029760267E-31,1.,-1.094463156608E-30));
#3557 = DIRECTION('',(0.,1.094463156608E-30,1.));
#3558 = ADVANCED_FACE('',(#3559),#3570,.T.);
#3559 = FACE_BOUND('',#3560,.T.);
#3560 = EDGE_LOOP('',(#3561,#3567,#3568,#3569));
#3561 = ORIENTED_EDGE('',*,*,#3562,.F.);
#3562 = EDGE_CURVE('',#3490,#3411,#3563,.T.);
#3563 = LINE('',#3564,#3565);
#3564 = CARTESIAN_POINT('',(-3.49,-0.3,0.437372862773));
#3565 = VECTOR('',#3566,1.);
#3566 = DIRECTION('',(-0.,1.094463156608E-30,-1.));
#3567 = ORIENTED_EDGE('',*,*,#3489,.F.);
#3568 = ORIENTED_EDGE('',*,*,#3548,.T.);
#3569 = ORIENTED_EDGE('',*,*,#3418,.F.);
#3570 = PLANE('',#3571);
#3571 = AXIS2_PLACEMENT_3D('',#3572,#3573,#3574);
#3572 = CARTESIAN_POINT('',(-3.49,3.25,0.));
#3573 = DIRECTION('',(1.,0.,-0.));
#3574 = DIRECTION('',(0.,-1.,0.));
#3575 = ADVANCED_FACE('',(#3576),#3587,.F.);
#3576 = FACE_BOUND('',#3577,.F.);
#3577 = EDGE_LOOP('',(#3578,#3579,#3580,#3586));
#3578 = ORIENTED_EDGE('',*,*,#3562,.F.);
#3579 = ORIENTED_EDGE('',*,*,#3497,.T.);
#3580 = ORIENTED_EDGE('',*,*,#3581,.T.);
#3581 = EDGE_CURVE('',#3498,#3403,#3582,.T.);
#3582 = LINE('',#3583,#3584);
#3583 = CARTESIAN_POINT('',(-2.237701336216,-0.3,1.43988764291));
#3584 = VECTOR('',#3585,1.);
#3585 = DIRECTION('',(0.,0.,-1.));
#3586 = ORIENTED_EDGE('',*,*,#3410,.T.);
#3587 = PLANE('',#3588);
#3588 = AXIS2_PLACEMENT_3D('',#3589,#3590,#3591);
#3589 = CARTESIAN_POINT('',(-4.091426690538,-0.3,0.874745725546));
#3590 = DIRECTION('',(-3.850029760267E-31,1.,1.094463156608E-30));
#3591 = DIRECTION('',(0.,-1.094463156608E-30,1.));
#3592 = ADVANCED_FACE('',(#3593),#3604,.T.);
#3593 = FACE_BOUND('',#3594,.T.);
#3594 = EDGE_LOOP('',(#3595,#3596,#3597,#3598));
#3595 = ORIENTED_EDGE('',*,*,#3505,.T.);
#3596 = ORIENTED_EDGE('',*,*,#3581,.T.);
#3597 = ORIENTED_EDGE('',*,*,#3402,.F.);
#3598 = ORIENTED_EDGE('',*,*,#3599,.F.);
#3599 = EDGE_CURVE('',#3506,#3395,#3600,.T.);
#3600 = LINE('',#3601,#3602);
#3601 = CARTESIAN_POINT('',(-2.237701336216,0.3,1.43988764291));
#3602 = VECTOR('',#3603,1.);
#3603 = DIRECTION('',(0.,0.,-1.));
#3604 = PLANE('',#3605);
#3605 = AXIS2_PLACEMENT_3D('',#3606,#3607,#3608);
#3606 = CARTESIAN_POINT('',(-2.237701336216,0.3,1.43988764291));
#3607 = DIRECTION('',(1.,0.,0.));
#3608 = DIRECTION('',(0.,0.,-1.));
#3609 = ADVANCED_FACE('',(#3610),#3616,.T.);
#3610 = FACE_BOUND('',#3611,.T.);
#3611 = EDGE_LOOP('',(#3612,#3613,#3614,#3615));
#3612 = ORIENTED_EDGE('',*,*,#3457,.F.);
#3613 = ORIENTED_EDGE('',*,*,#3513,.T.);
#3614 = ORIENTED_EDGE('',*,*,#3599,.T.);
#3615 = ORIENTED_EDGE('',*,*,#3394,.T.);
#3616 = PLANE('',#3617);
#3617 = AXIS2_PLACEMENT_3D('',#3618,#3619,#3620);
#3618 = CARTESIAN_POINT('',(-4.091426690538,0.3,0.874745725546));
#3619 = DIRECTION('',(-3.850029760267E-31,1.,1.094463156608E-30));
#3620 = DIRECTION('',(0.,-1.094463156608E-30,1.));
#3621 = MANIFOLD_SOLID_BREP('',#3622);
#3622 = CLOSED_SHELL('',(#3623,#3681,#3747,#3803,#3827,#3883,#3942,#3959
    ,#3976,#4043,#4060,#4091,#4115,#4140,#4157,#4181,#4206,#4223,#4246,
    #4263,#4282,#4299));
#3623 = ADVANCED_FACE('',(#3624),#3676,.T.);
#3624 = FACE_BOUND('',#3625,.T.);
#3625 = EDGE_LOOP('',(#3626,#3637,#3645,#3654,#3662,#3670));
#3626 = ORIENTED_EDGE('',*,*,#3627,.T.);
#3627 = EDGE_CURVE('',#3628,#3630,#3632,.T.);
#3628 = VERTEX_POINT('',#3629);
#3629 = CARTESIAN_POINT('',(-4.237701336216,1.56,0.93988764291));
#3630 = VERTEX_POINT('',#3631);
#3631 = CARTESIAN_POINT('',(-4.24,1.56,0.939877074976));
#3632 = CIRCLE('',#3633,0.25);
#3633 = AXIS2_PLACEMENT_3D('',#3634,#3635,#3636);
#3634 = CARTESIAN_POINT('',(-4.237701336216,1.56,0.68988764291));
#3635 = DIRECTION('',(0.,-1.,0.));
#3636 = DIRECTION('',(-3.5527136788E-15,0.,1.));
#3637 = ORIENTED_EDGE('',*,*,#3638,.T.);
#3638 = EDGE_CURVE('',#3630,#3639,#3641,.T.);
#3639 = VERTEX_POINT('',#3640);
#3640 = CARTESIAN_POINT('',(-4.24,1.56,1.439884120332));
#3641 = LINE('',#3642,#3643);
#3642 = CARTESIAN_POINT('',(-4.24,1.56,0.437372862773));
#3643 = VECTOR('',#3644,1.);
#3644 = DIRECTION('',(0.,1.094463156608E-30,1.));
#3645 = ORIENTED_EDGE('',*,*,#3646,.T.);
#3646 = EDGE_CURVE('',#3639,#3647,#3649,.T.);
#3647 = VERTEX_POINT('',#3648);
#3648 = CARTESIAN_POINT('',(-4.237701336216,1.56,1.43988764291));
#3649 = CIRCLE('',#3650,0.75);
#3650 = AXIS2_PLACEMENT_3D('',#3651,#3652,#3653);
#3651 = CARTESIAN_POINT('',(-4.237701336216,1.56,0.68988764291));
#3652 = DIRECTION('',(0.,1.,0.));
#3653 = DIRECTION('',(-0.939692620786,0.,0.342020143326));
#3654 = ORIENTED_EDGE('',*,*,#3655,.T.);
#3655 = EDGE_CURVE('',#3647,#3656,#3658,.T.);
#3656 = VERTEX_POINT('',#3657);
#3657 = CARTESIAN_POINT('',(-3.49,1.56,1.43988764291));
#3658 = LINE('',#3659,#3660);
#3659 = CARTESIAN_POINT('',(-4.237701336216,1.56,1.43988764291));
#3660 = VECTOR('',#3661,1.);
#3661 = DIRECTION('',(1.,0.,-1.110223024625E-16));
#3662 = ORIENTED_EDGE('',*,*,#3663,.T.);
#3663 = EDGE_CURVE('',#3656,#3664,#3666,.T.);
#3664 = VERTEX_POINT('',#3665);
#3665 = CARTESIAN_POINT('',(-3.49,1.56,0.93988764291));
#3666 = LINE('',#3667,#3668);
#3667 = CARTESIAN_POINT('',(-3.49,1.56,0.437372862773));
#3668 = VECTOR('',#3669,1.);
#3669 = DIRECTION('',(0.,-1.094463156608E-30,-1.));
#3670 = ORIENTED_EDGE('',*,*,#3671,.T.);
#3671 = EDGE_CURVE('',#3664,#3628,#3672,.T.);
#3672 = LINE('',#3673,#3674);
#3673 = CARTESIAN_POINT('',(-2.237701336216,1.56,0.93988764291));
#3674 = VECTOR('',#3675,1.);
#3675 = DIRECTION('',(-1.,0.,1.110223024625E-16));
#3676 = PLANE('',#3677);
#3677 = AXIS2_PLACEMENT_3D('',#3678,#3679,#3680);
#3678 = CARTESIAN_POINT('',(-4.091426690538,1.56,0.874745725546));
#3679 = DIRECTION('',(3.850029760267E-31,1.,-1.094463156608E-30));
#3680 = DIRECTION('',(0.,1.094463156608E-30,1.));
#3681 = ADVANCED_FACE('',(#3682),#3742,.F.);
#3682 = FACE_BOUND('',#3683,.F.);
#3683 = EDGE_LOOP('',(#3684,#3692,#3701,#3709,#3718,#3726,#3735,#3741));
#3684 = ORIENTED_EDGE('',*,*,#3685,.F.);
#3685 = EDGE_CURVE('',#3686,#3630,#3688,.T.);
#3686 = VERTEX_POINT('',#3687);
#3687 = CARTESIAN_POINT('',(-4.24,1.44,0.939877074976));
#3688 = LINE('',#3689,#3690);
#3689 = CARTESIAN_POINT('',(-4.24,1.56,0.939877074976));
#3690 = VECTOR('',#3691,1.);
#3691 = DIRECTION('',(-0.,1.,-0.));
#3692 = ORIENTED_EDGE('',*,*,#3693,.T.);
#3693 = EDGE_CURVE('',#3686,#3694,#3696,.T.);
#3694 = VERTEX_POINT('',#3695);
#3695 = CARTESIAN_POINT('',(-4.472624491413,1.44,0.775392678742));
#3696 = CIRCLE('',#3697,0.25);
#3697 = AXIS2_PLACEMENT_3D('',#3698,#3699,#3700);
#3698 = CARTESIAN_POINT('',(-4.237701336216,1.44,0.68988764291));
#3699 = DIRECTION('',(0.,-1.,0.));
#3700 = DIRECTION('',(-3.5527136788E-15,0.,1.));
#3701 = ORIENTED_EDGE('',*,*,#3702,.T.);
#3702 = EDGE_CURVE('',#3694,#3703,#3705,.T.);
#3703 = VERTEX_POINT('',#3704);
#3704 = CARTESIAN_POINT('',(-4.472624491413,0.84,0.775392678742));
#3705 = LINE('',#3706,#3707);
#3706 = CARTESIAN_POINT('',(-4.472624491413,1.44,0.775392678742));
#3707 = VECTOR('',#3708,1.);
#3708 = DIRECTION('',(0.,-1.,0.));
#3709 = ORIENTED_EDGE('',*,*,#3710,.F.);
#3710 = EDGE_CURVE('',#3711,#3703,#3713,.T.);
#3711 = VERTEX_POINT('',#3712);
#3712 = CARTESIAN_POINT('',(-4.24,0.84,0.939877074976));
#3713 = CIRCLE('',#3714,0.25);
#3714 = AXIS2_PLACEMENT_3D('',#3715,#3716,#3717);
#3715 = CARTESIAN_POINT('',(-4.237701336216,0.84,0.68988764291));
#3716 = DIRECTION('',(0.,-1.,0.));
#3717 = DIRECTION('',(-3.5527136788E-15,0.,1.));
#3718 = ORIENTED_EDGE('',*,*,#3719,.F.);
#3719 = EDGE_CURVE('',#3720,#3711,#3722,.T.);
#3720 = VERTEX_POINT('',#3721);
#3721 = CARTESIAN_POINT('',(-4.24,0.72,0.939877074976));
#3722 = LINE('',#3723,#3724);
#3723 = CARTESIAN_POINT('',(-4.24,1.56,0.939877074976));
#3724 = VECTOR('',#3725,1.);
#3725 = DIRECTION('',(-0.,1.,-0.));
#3726 = ORIENTED_EDGE('',*,*,#3727,.F.);
#3727 = EDGE_CURVE('',#3728,#3720,#3730,.T.);
#3728 = VERTEX_POINT('',#3729);
#3729 = CARTESIAN_POINT('',(-4.237701336216,0.72,0.93988764291));
#3730 = CIRCLE('',#3731,0.25);
#3731 = AXIS2_PLACEMENT_3D('',#3732,#3733,#3734);
#3732 = CARTESIAN_POINT('',(-4.237701336216,0.72,0.68988764291));
#3733 = DIRECTION('',(0.,-1.,0.));
#3734 = DIRECTION('',(-3.5527136788E-15,0.,1.));
#3735 = ORIENTED_EDGE('',*,*,#3736,.F.);
#3736 = EDGE_CURVE('',#3628,#3728,#3737,.T.);
#3737 = LINE('',#3738,#3739);
#3738 = CARTESIAN_POINT('',(-4.237701336216,1.56,0.93988764291));
#3739 = VECTOR('',#3740,1.);
#3740 = DIRECTION('',(0.,-1.,0.));
#3741 = ORIENTED_EDGE('',*,*,#3627,.T.);
#3742 = CYLINDRICAL_SURFACE('',#3743,0.25);
#3743 = AXIS2_PLACEMENT_3D('',#3744,#3745,#3746);
#3744 = CARTESIAN_POINT('',(-4.237701336216,1.56,0.68988764291));
#3745 = DIRECTION('',(-0.,1.,-0.));
#3746 = DIRECTION('',(-3.5527136788E-15,0.,1.));
#3747 = ADVANCED_FACE('',(#3748),#3798,.T.);
#3748 = FACE_BOUND('',#3749,.T.);
#3749 = EDGE_LOOP('',(#3750,#3751,#3759,#3767,#3775,#3783,#3791,#3797));
#3750 = ORIENTED_EDGE('',*,*,#3671,.F.);
#3751 = ORIENTED_EDGE('',*,*,#3752,.T.);
#3752 = EDGE_CURVE('',#3664,#3753,#3755,.T.);
#3753 = VERTEX_POINT('',#3754);
#3754 = CARTESIAN_POINT('',(-3.49,1.44,0.93988764291));
#3755 = LINE('',#3756,#3757);
#3756 = CARTESIAN_POINT('',(-3.49,2.405,0.93988764291));
#3757 = VECTOR('',#3758,1.);
#3758 = DIRECTION('',(0.,-1.,0.));
#3759 = ORIENTED_EDGE('',*,*,#3760,.F.);
#3760 = EDGE_CURVE('',#3761,#3753,#3763,.T.);
#3761 = VERTEX_POINT('',#3762);
#3762 = CARTESIAN_POINT('',(-2.237701336216,1.44,0.93988764291));
#3763 = LINE('',#3764,#3765);
#3764 = CARTESIAN_POINT('',(-2.237701336216,1.44,0.93988764291));
#3765 = VECTOR('',#3766,1.);
#3766 = DIRECTION('',(-1.,0.,1.110223024625E-16));
#3767 = ORIENTED_EDGE('',*,*,#3768,.T.);
#3768 = EDGE_CURVE('',#3761,#3769,#3771,.T.);
#3769 = VERTEX_POINT('',#3770);
#3770 = CARTESIAN_POINT('',(-2.237701336216,0.84,0.93988764291));
#3771 = LINE('',#3772,#3773);
#3772 = CARTESIAN_POINT('',(-2.237701336216,1.44,0.93988764291));
#3773 = VECTOR('',#3774,1.);
#3774 = DIRECTION('',(0.,-1.,0.));
#3775 = ORIENTED_EDGE('',*,*,#3776,.T.);
#3776 = EDGE_CURVE('',#3769,#3777,#3779,.T.);
#3777 = VERTEX_POINT('',#3778);
#3778 = CARTESIAN_POINT('',(-3.49,0.84,0.93988764291));
#3779 = LINE('',#3780,#3781);
#3780 = CARTESIAN_POINT('',(-2.237701336216,0.84,0.93988764291));
#3781 = VECTOR('',#3782,1.);
#3782 = DIRECTION('',(-1.,0.,1.110223024625E-16));
#3783 = ORIENTED_EDGE('',*,*,#3784,.T.);
#3784 = EDGE_CURVE('',#3777,#3785,#3787,.T.);
#3785 = VERTEX_POINT('',#3786);
#3786 = CARTESIAN_POINT('',(-3.49,0.72,0.93988764291));
#3787 = LINE('',#3788,#3789);
#3788 = CARTESIAN_POINT('',(-3.49,2.405,0.93988764291));
#3789 = VECTOR('',#3790,1.);
#3790 = DIRECTION('',(0.,-1.,0.));
#3791 = ORIENTED_EDGE('',*,*,#3792,.T.);
#3792 = EDGE_CURVE('',#3785,#3728,#3793,.T.);
#3793 = LINE('',#3794,#3795);
#3794 = CARTESIAN_POINT('',(-2.237701336216,0.72,0.93988764291));
#3795 = VECTOR('',#3796,1.);
#3796 = DIRECTION('',(-1.,0.,1.110223024625E-16));
#3797 = ORIENTED_EDGE('',*,*,#3736,.F.);
#3798 = PLANE('',#3799);
#3799 = AXIS2_PLACEMENT_3D('',#3800,#3801,#3802);
#3800 = CARTESIAN_POINT('',(-2.237701336216,1.56,0.93988764291));
#3801 = DIRECTION('',(-1.110223024625E-16,-0.,-1.));
#3802 = DIRECTION('',(-1.,0.,1.110223024625E-16));
#3803 = ADVANCED_FACE('',(#3804),#3822,.T.);
#3804 = FACE_BOUND('',#3805,.T.);
#3805 = EDGE_LOOP('',(#3806,#3807,#3815,#3821));
#3806 = ORIENTED_EDGE('',*,*,#3663,.F.);
#3807 = ORIENTED_EDGE('',*,*,#3808,.F.);
#3808 = EDGE_CURVE('',#3809,#3656,#3811,.T.);
#3809 = VERTEX_POINT('',#3810);
#3810 = CARTESIAN_POINT('',(-3.49,1.44,1.43988764291));
#3811 = LINE('',#3812,#3813);
#3812 = CARTESIAN_POINT('',(-3.49,2.405,1.43988764291));
#3813 = VECTOR('',#3814,1.);
#3814 = DIRECTION('',(-0.,1.,0.));
#3815 = ORIENTED_EDGE('',*,*,#3816,.T.);
#3816 = EDGE_CURVE('',#3809,#3753,#3817,.T.);
#3817 = LINE('',#3818,#3819);
#3818 = CARTESIAN_POINT('',(-3.49,1.44,0.437372862773));
#3819 = VECTOR('',#3820,1.);
#3820 = DIRECTION('',(-0.,1.094463156608E-30,-1.));
#3821 = ORIENTED_EDGE('',*,*,#3752,.F.);
#3822 = PLANE('',#3823);
#3823 = AXIS2_PLACEMENT_3D('',#3824,#3825,#3826);
#3824 = CARTESIAN_POINT('',(-3.49,3.25,0.));
#3825 = DIRECTION('',(1.,0.,-0.));
#3826 = DIRECTION('',(0.,-1.,0.));
#3827 = ADVANCED_FACE('',(#3828),#3878,.T.);
#3828 = FACE_BOUND('',#3829,.T.);
#3829 = EDGE_LOOP('',(#3830,#3831,#3839,#3847,#3855,#3863,#3871,#3877));
#3830 = ORIENTED_EDGE('',*,*,#3655,.F.);
#3831 = ORIENTED_EDGE('',*,*,#3832,.T.);
#3832 = EDGE_CURVE('',#3647,#3833,#3835,.T.);
#3833 = VERTEX_POINT('',#3834);
#3834 = CARTESIAN_POINT('',(-4.237701336216,0.72,1.43988764291));
#3835 = LINE('',#3836,#3837);
#3836 = CARTESIAN_POINT('',(-4.237701336216,1.56,1.43988764291));
#3837 = VECTOR('',#3838,1.);
#3838 = DIRECTION('',(0.,-1.,0.));
#3839 = ORIENTED_EDGE('',*,*,#3840,.T.);
#3840 = EDGE_CURVE('',#3833,#3841,#3843,.T.);
#3841 = VERTEX_POINT('',#3842);
#3842 = CARTESIAN_POINT('',(-3.49,0.72,1.43988764291));
#3843 = LINE('',#3844,#3845);
#3844 = CARTESIAN_POINT('',(-4.237701336216,0.72,1.43988764291));
#3845 = VECTOR('',#3846,1.);
#3846 = DIRECTION('',(1.,0.,-1.110223024625E-16));
#3847 = ORIENTED_EDGE('',*,*,#3848,.T.);
#3848 = EDGE_CURVE('',#3841,#3849,#3851,.T.);
#3849 = VERTEX_POINT('',#3850);
#3850 = CARTESIAN_POINT('',(-3.49,0.84,1.43988764291));
#3851 = LINE('',#3852,#3853);
#3852 = CARTESIAN_POINT('',(-3.49,2.405,1.43988764291));
#3853 = VECTOR('',#3854,1.);
#3854 = DIRECTION('',(-0.,1.,0.));
#3855 = ORIENTED_EDGE('',*,*,#3856,.T.);
#3856 = EDGE_CURVE('',#3849,#3857,#3859,.T.);
#3857 = VERTEX_POINT('',#3858);
#3858 = CARTESIAN_POINT('',(-2.237701336216,0.84,1.43988764291));
#3859 = LINE('',#3860,#3861);
#3860 = CARTESIAN_POINT('',(-4.237701336216,0.84,1.43988764291));
#3861 = VECTOR('',#3862,1.);
#3862 = DIRECTION('',(1.,0.,-1.110223024625E-16));
#3863 = ORIENTED_EDGE('',*,*,#3864,.F.);
#3864 = EDGE_CURVE('',#3865,#3857,#3867,.T.);
#3865 = VERTEX_POINT('',#3866);
#3866 = CARTESIAN_POINT('',(-2.237701336216,1.44,1.43988764291));
#3867 = LINE('',#3868,#3869);
#3868 = CARTESIAN_POINT('',(-2.237701336216,1.44,1.43988764291));
#3869 = VECTOR('',#3870,1.);
#3870 = DIRECTION('',(0.,-1.,0.));
#3871 = ORIENTED_EDGE('',*,*,#3872,.F.);
#3872 = EDGE_CURVE('',#3809,#3865,#3873,.T.);
#3873 = LINE('',#3874,#3875);
#3874 = CARTESIAN_POINT('',(-4.237701336216,1.44,1.43988764291));
#3875 = VECTOR('',#3876,1.);
#3876 = DIRECTION('',(1.,0.,-1.110223024625E-16));
#3877 = ORIENTED_EDGE('',*,*,#3808,.T.);
#3878 = PLANE('',#3879);
#3879 = AXIS2_PLACEMENT_3D('',#3880,#3881,#3882);
#3880 = CARTESIAN_POINT('',(-4.237701336216,1.56,1.43988764291));
#3881 = DIRECTION('',(1.110223024625E-16,0.,1.));
#3882 = DIRECTION('',(1.,0.,-1.110223024625E-16));
#3883 = ADVANCED_FACE('',(#3884),#3937,.T.);
#3884 = FACE_BOUND('',#3885,.T.);
#3885 = EDGE_LOOP('',(#3886,#3887,#3895,#3904,#3912,#3921,#3929,#3936));
#3886 = ORIENTED_EDGE('',*,*,#3646,.F.);
#3887 = ORIENTED_EDGE('',*,*,#3888,.F.);
#3888 = EDGE_CURVE('',#3889,#3639,#3891,.T.);
#3889 = VERTEX_POINT('',#3890);
#3890 = CARTESIAN_POINT('',(-4.24,1.44,1.439884120332));
#3891 = LINE('',#3892,#3893);
#3892 = CARTESIAN_POINT('',(-4.24,1.56,1.439884120332));
#3893 = VECTOR('',#3894,1.);
#3894 = DIRECTION('',(0.,1.,0.));
#3895 = ORIENTED_EDGE('',*,*,#3896,.F.);
#3896 = EDGE_CURVE('',#3897,#3889,#3899,.T.);
#3897 = VERTEX_POINT('',#3898);
#3898 = CARTESIAN_POINT('',(-4.942470801806,1.44,0.946402750404));
#3899 = CIRCLE('',#3900,0.75);
#3900 = AXIS2_PLACEMENT_3D('',#3901,#3902,#3903);
#3901 = CARTESIAN_POINT('',(-4.237701336216,1.44,0.68988764291));
#3902 = DIRECTION('',(0.,1.,0.));
#3903 = DIRECTION('',(-0.939692620786,0.,0.342020143326));
#3904 = ORIENTED_EDGE('',*,*,#3905,.T.);
#3905 = EDGE_CURVE('',#3897,#3906,#3908,.T.);
#3906 = VERTEX_POINT('',#3907);
#3907 = CARTESIAN_POINT('',(-4.942470801806,0.84,0.946402750404));
#3908 = LINE('',#3909,#3910);
#3909 = CARTESIAN_POINT('',(-4.942470801806,1.44,0.946402750404));
#3910 = VECTOR('',#3911,1.);
#3911 = DIRECTION('',(0.,-1.,0.));
#3912 = ORIENTED_EDGE('',*,*,#3913,.T.);
#3913 = EDGE_CURVE('',#3906,#3914,#3916,.T.);
#3914 = VERTEX_POINT('',#3915);
#3915 = CARTESIAN_POINT('',(-4.24,0.84,1.439884120332));
#3916 = CIRCLE('',#3917,0.75);
#3917 = AXIS2_PLACEMENT_3D('',#3918,#3919,#3920);
#3918 = CARTESIAN_POINT('',(-4.237701336216,0.84,0.68988764291));
#3919 = DIRECTION('',(0.,1.,0.));
#3920 = DIRECTION('',(-0.939692620786,0.,0.342020143326));
#3921 = ORIENTED_EDGE('',*,*,#3922,.F.);
#3922 = EDGE_CURVE('',#3923,#3914,#3925,.T.);
#3923 = VERTEX_POINT('',#3924);
#3924 = CARTESIAN_POINT('',(-4.24,0.72,1.439884120332));
#3925 = LINE('',#3926,#3927);
#3926 = CARTESIAN_POINT('',(-4.24,1.56,1.439884120332));
#3927 = VECTOR('',#3928,1.);
#3928 = DIRECTION('',(0.,1.,0.));
#3929 = ORIENTED_EDGE('',*,*,#3930,.T.);
#3930 = EDGE_CURVE('',#3923,#3833,#3931,.T.);
#3931 = CIRCLE('',#3932,0.75);
#3932 = AXIS2_PLACEMENT_3D('',#3933,#3934,#3935);
#3933 = CARTESIAN_POINT('',(-4.237701336216,0.72,0.68988764291));
#3934 = DIRECTION('',(0.,1.,0.));
#3935 = DIRECTION('',(-0.939692620786,0.,0.342020143326));
#3936 = ORIENTED_EDGE('',*,*,#3832,.F.);
#3937 = CYLINDRICAL_SURFACE('',#3938,0.75);
#3938 = AXIS2_PLACEMENT_3D('',#3939,#3940,#3941);
#3939 = CARTESIAN_POINT('',(-4.237701336216,1.56,0.68988764291));
#3940 = DIRECTION('',(0.,1.,0.));
#3941 = DIRECTION('',(-0.939692620786,0.,0.342020143326));
#3942 = ADVANCED_FACE('',(#3943),#3954,.T.);
#3943 = FACE_BOUND('',#3944,.T.);
#3944 = EDGE_LOOP('',(#3945,#3946,#3952,#3953));
#3945 = ORIENTED_EDGE('',*,*,#3685,.F.);
#3946 = ORIENTED_EDGE('',*,*,#3947,.T.);
#3947 = EDGE_CURVE('',#3686,#3889,#3948,.T.);
#3948 = LINE('',#3949,#3950);
#3949 = CARTESIAN_POINT('',(-4.24,1.44,0.437372862773));
#3950 = VECTOR('',#3951,1.);
#3951 = DIRECTION('',(0.,-1.094463156608E-30,1.));
#3952 = ORIENTED_EDGE('',*,*,#3888,.T.);
#3953 = ORIENTED_EDGE('',*,*,#3638,.F.);
#3954 = PLANE('',#3955);
#3955 = AXIS2_PLACEMENT_3D('',#3956,#3957,#3958);
#3956 = CARTESIAN_POINT('',(-4.24,-3.25,0.));
#3957 = DIRECTION('',(-1.,0.,0.));
#3958 = DIRECTION('',(0.,1.,0.));
#3959 = ADVANCED_FACE('',(#3960),#3971,.T.);
#3960 = FACE_BOUND('',#3961,.T.);
#3961 = EDGE_LOOP('',(#3962,#3963,#3964,#3970));
#3962 = ORIENTED_EDGE('',*,*,#3816,.F.);
#3963 = ORIENTED_EDGE('',*,*,#3872,.T.);
#3964 = ORIENTED_EDGE('',*,*,#3965,.T.);
#3965 = EDGE_CURVE('',#3865,#3761,#3966,.T.);
#3966 = LINE('',#3967,#3968);
#3967 = CARTESIAN_POINT('',(-2.237701336216,1.44,1.43988764291));
#3968 = VECTOR('',#3969,1.);
#3969 = DIRECTION('',(0.,0.,-1.));
#3970 = ORIENTED_EDGE('',*,*,#3760,.T.);
#3971 = PLANE('',#3972);
#3972 = AXIS2_PLACEMENT_3D('',#3973,#3974,#3975);
#3973 = CARTESIAN_POINT('',(-4.091426690538,1.44,0.874745725546));
#3974 = DIRECTION('',(-3.850029760267E-31,1.,1.094463156608E-30));
#3975 = DIRECTION('',(0.,-1.094463156608E-30,1.));
#3976 = ADVANCED_FACE('',(#3977),#4038,.T.);
#3977 = FACE_BOUND('',#3978,.T.);
#3978 = EDGE_LOOP('',(#3979,#3989,#3997,#4006,#4012,#4013,#4014,#4015,
    #4023,#4032));
#3979 = ORIENTED_EDGE('',*,*,#3980,.T.);
#3980 = EDGE_CURVE('',#3981,#3983,#3985,.T.);
#3981 = VERTEX_POINT('',#3982);
#3982 = CARTESIAN_POINT('',(-5.79,1.44,-2.70609920631E-16));
#3983 = VERTEX_POINT('',#3984);
#3984 = CARTESIAN_POINT('',(-5.79,1.44,0.5));
#3985 = LINE('',#3986,#3987);
#3986 = CARTESIAN_POINT('',(-5.79,1.44,-2.70609920631E-16));
#3987 = VECTOR('',#3988,1.);
#3988 = DIRECTION('',(1.7763568394E-15,0.,1.));
#3989 = ORIENTED_EDGE('',*,*,#3990,.T.);
#3990 = EDGE_CURVE('',#3983,#3991,#3993,.T.);
#3991 = VERTEX_POINT('',#3992);
#3992 = CARTESIAN_POINT('',(-5.28,1.44,0.5));
#3993 = LINE('',#3994,#3995);
#3994 = CARTESIAN_POINT('',(-5.79,1.44,0.5));
#3995 = VECTOR('',#3996,1.);
#3996 = DIRECTION('',(1.,0.,0.));
#3997 = ORIENTED_EDGE('',*,*,#3998,.T.);
#3998 = EDGE_CURVE('',#3991,#3999,#4001,.T.);
#3999 = VERTEX_POINT('',#4000);
#4000 = CARTESIAN_POINT('',(-5.045076844804,1.44,0.664494964169));
#4001 = CIRCLE('',#4002,0.25);
#4002 = AXIS2_PLACEMENT_3D('',#4003,#4004,#4005);
#4003 = CARTESIAN_POINT('',(-5.28,1.44,0.75));
#4004 = DIRECTION('',(0.,-1.,0.));
#4005 = DIRECTION('',(0.,0.,-1.));
#4006 = ORIENTED_EDGE('',*,*,#4007,.T.);
#4007 = EDGE_CURVE('',#3999,#3897,#4008,.T.);
#4008 = LINE('',#4009,#4010);
#4009 = CARTESIAN_POINT('',(-5.045076844804,1.44,0.664494964169));
#4010 = VECTOR('',#4011,1.);
#4011 = DIRECTION('',(0.342020143326,0.,0.939692620786));
#4012 = ORIENTED_EDGE('',*,*,#3896,.T.);
#4013 = ORIENTED_EDGE('',*,*,#3947,.F.);
#4014 = ORIENTED_EDGE('',*,*,#3693,.T.);
#4015 = ORIENTED_EDGE('',*,*,#4016,.T.);
#4016 = EDGE_CURVE('',#3694,#4017,#4019,.T.);
#4017 = VERTEX_POINT('',#4018);
#4018 = CARTESIAN_POINT('',(-4.575230534411,1.44,0.493484892506));
#4019 = LINE('',#4020,#4021);
#4020 = CARTESIAN_POINT('',(-4.472624491413,1.44,0.775392678742));
#4021 = VECTOR('',#4022,1.);
#4022 = DIRECTION('',(-0.342020143326,0.,-0.939692620786));
#4023 = ORIENTED_EDGE('',*,*,#4024,.T.);
#4024 = EDGE_CURVE('',#4017,#4025,#4027,.T.);
#4025 = VERTEX_POINT('',#4026);
#4026 = CARTESIAN_POINT('',(-5.28,1.44,-2.22044604925E-16));
#4027 = CIRCLE('',#4028,0.75);
#4028 = AXIS2_PLACEMENT_3D('',#4029,#4030,#4031);
#4029 = CARTESIAN_POINT('',(-5.28,1.44,0.75));
#4030 = DIRECTION('',(0.,1.,0.));
#4031 = DIRECTION('',(0.939692620786,0.,-0.342020143326));
#4032 = ORIENTED_EDGE('',*,*,#4033,.T.);
#4033 = EDGE_CURVE('',#4025,#3981,#4034,.T.);
#4034 = LINE('',#4035,#4036);
#4035 = CARTESIAN_POINT('',(-5.28,1.44,-2.22044604925E-16));
#4036 = VECTOR('',#4037,1.);
#4037 = DIRECTION('',(-1.,0.,-9.522610922745E-17));
#4038 = PLANE('',#4039);
#4039 = AXIS2_PLACEMENT_3D('',#4040,#4041,#4042);
#4040 = CARTESIAN_POINT('',(-4.091426690538,1.44,0.874745725546));
#4041 = DIRECTION('',(-3.850029760267E-31,1.,1.094463156608E-30));
#4042 = DIRECTION('',(0.,-1.094463156608E-30,1.));
#4043 = ADVANCED_FACE('',(#4044),#4055,.T.);
#4044 = FACE_BOUND('',#4045,.T.);
#4045 = EDGE_LOOP('',(#4046,#4047,#4053,#4054));
#4046 = ORIENTED_EDGE('',*,*,#3864,.T.);
#4047 = ORIENTED_EDGE('',*,*,#4048,.T.);
#4048 = EDGE_CURVE('',#3857,#3769,#4049,.T.);
#4049 = LINE('',#4050,#4051);
#4050 = CARTESIAN_POINT('',(-2.237701336216,0.84,1.43988764291));
#4051 = VECTOR('',#4052,1.);
#4052 = DIRECTION('',(0.,0.,-1.));
#4053 = ORIENTED_EDGE('',*,*,#3768,.F.);
#4054 = ORIENTED_EDGE('',*,*,#3965,.F.);
#4055 = PLANE('',#4056);
#4056 = AXIS2_PLACEMENT_3D('',#4057,#4058,#4059);
#4057 = CARTESIAN_POINT('',(-2.237701336216,1.44,1.43988764291));
#4058 = DIRECTION('',(1.,0.,0.));
#4059 = DIRECTION('',(0.,0.,-1.));
#4060 = ADVANCED_FACE('',(#4061),#4086,.T.);
#4061 = FACE_BOUND('',#4062,.T.);
#4062 = EDGE_LOOP('',(#4063,#4071,#4079,#4085));
#4063 = ORIENTED_EDGE('',*,*,#4064,.T.);
#4064 = EDGE_CURVE('',#3981,#4065,#4067,.T.);
#4065 = VERTEX_POINT('',#4066);
#4066 = CARTESIAN_POINT('',(-5.79,0.84,-2.70609920631E-16));
#4067 = LINE('',#4068,#4069);
#4068 = CARTESIAN_POINT('',(-5.79,1.44,-2.70609920631E-16));
#4069 = VECTOR('',#4070,1.);
#4070 = DIRECTION('',(0.,-1.,0.));
#4071 = ORIENTED_EDGE('',*,*,#4072,.T.);
#4072 = EDGE_CURVE('',#4065,#4073,#4075,.T.);
#4073 = VERTEX_POINT('',#4074);
#4074 = CARTESIAN_POINT('',(-5.79,0.84,0.5));
#4075 = LINE('',#4076,#4077);
#4076 = CARTESIAN_POINT('',(-5.79,0.84,-2.70609920631E-16));
#4077 = VECTOR('',#4078,1.);
#4078 = DIRECTION('',(1.7763568394E-15,0.,1.));
#4079 = ORIENTED_EDGE('',*,*,#4080,.F.);
#4080 = EDGE_CURVE('',#3983,#4073,#4081,.T.);
#4081 = LINE('',#4082,#4083);
#4082 = CARTESIAN_POINT('',(-5.79,1.44,0.5));
#4083 = VECTOR('',#4084,1.);
#4084 = DIRECTION('',(0.,-1.,0.));
#4085 = ORIENTED_EDGE('',*,*,#3980,.F.);
#4086 = PLANE('',#4087);
#4087 = AXIS2_PLACEMENT_3D('',#4088,#4089,#4090);
#4088 = CARTESIAN_POINT('',(-5.79,1.44,-2.70609920631E-16));
#4089 = DIRECTION('',(-1.,0.,1.7763568394E-15));
#4090 = DIRECTION('',(1.7763568394E-15,0.,1.));
#4091 = ADVANCED_FACE('',(#4092),#4110,.T.);
#4092 = FACE_BOUND('',#4093,.T.);
#4093 = EDGE_LOOP('',(#4094,#4102,#4108,#4109));
#4094 = ORIENTED_EDGE('',*,*,#4095,.T.);
#4095 = EDGE_CURVE('',#4025,#4096,#4098,.T.);
#4096 = VERTEX_POINT('',#4097);
#4097 = CARTESIAN_POINT('',(-5.28,0.84,-2.22044604925E-16));
#4098 = LINE('',#4099,#4100);
#4099 = CARTESIAN_POINT('',(-5.28,1.44,-2.22044604925E-16));
#4100 = VECTOR('',#4101,1.);
#4101 = DIRECTION('',(0.,-1.,0.));
#4102 = ORIENTED_EDGE('',*,*,#4103,.T.);
#4103 = EDGE_CURVE('',#4096,#4065,#4104,.T.);
#4104 = LINE('',#4105,#4106);
#4105 = CARTESIAN_POINT('',(-5.28,0.84,-2.22044604925E-16));
#4106 = VECTOR('',#4107,1.);
#4107 = DIRECTION('',(-1.,0.,-9.522610922745E-17));
#4108 = ORIENTED_EDGE('',*,*,#4064,.F.);
#4109 = ORIENTED_EDGE('',*,*,#4033,.F.);
#4110 = PLANE('',#4111);
#4111 = AXIS2_PLACEMENT_3D('',#4112,#4113,#4114);
#4112 = CARTESIAN_POINT('',(-5.28,1.44,-2.22044604925E-16));
#4113 = DIRECTION('',(9.522610922745E-17,0.,-1.));
#4114 = DIRECTION('',(-1.,0.,-9.522610922745E-17));
#4115 = ADVANCED_FACE('',(#4116),#4135,.T.);
#4116 = FACE_BOUND('',#4117,.T.);
#4117 = EDGE_LOOP('',(#4118,#4126,#4133,#4134));
#4118 = ORIENTED_EDGE('',*,*,#4119,.T.);
#4119 = EDGE_CURVE('',#4017,#4120,#4122,.T.);
#4120 = VERTEX_POINT('',#4121);
#4121 = CARTESIAN_POINT('',(-4.575230534411,0.84,0.493484892506));
#4122 = LINE('',#4123,#4124);
#4123 = CARTESIAN_POINT('',(-4.575230534411,1.44,0.493484892506));
#4124 = VECTOR('',#4125,1.);
#4125 = DIRECTION('',(0.,-1.,0.));
#4126 = ORIENTED_EDGE('',*,*,#4127,.T.);
#4127 = EDGE_CURVE('',#4120,#4096,#4128,.T.);
#4128 = CIRCLE('',#4129,0.75);
#4129 = AXIS2_PLACEMENT_3D('',#4130,#4131,#4132);
#4130 = CARTESIAN_POINT('',(-5.28,0.84,0.75));
#4131 = DIRECTION('',(0.,1.,0.));
#4132 = DIRECTION('',(0.939692620786,0.,-0.342020143326));
#4133 = ORIENTED_EDGE('',*,*,#4095,.F.);
#4134 = ORIENTED_EDGE('',*,*,#4024,.F.);
#4135 = CYLINDRICAL_SURFACE('',#4136,0.75);
#4136 = AXIS2_PLACEMENT_3D('',#4137,#4138,#4139);
#4137 = CARTESIAN_POINT('',(-5.28,1.44,0.75));
#4138 = DIRECTION('',(0.,1.,0.));
#4139 = DIRECTION('',(0.939692620786,0.,-0.342020143326));
#4140 = ADVANCED_FACE('',(#4141),#4152,.T.);
#4141 = FACE_BOUND('',#4142,.T.);
#4142 = EDGE_LOOP('',(#4143,#4144,#4150,#4151));
#4143 = ORIENTED_EDGE('',*,*,#3702,.T.);
#4144 = ORIENTED_EDGE('',*,*,#4145,.T.);
#4145 = EDGE_CURVE('',#3703,#4120,#4146,.T.);
#4146 = LINE('',#4147,#4148);
#4147 = CARTESIAN_POINT('',(-4.472624491413,0.84,0.775392678742));
#4148 = VECTOR('',#4149,1.);
#4149 = DIRECTION('',(-0.342020143326,0.,-0.939692620786));
#4150 = ORIENTED_EDGE('',*,*,#4119,.F.);
#4151 = ORIENTED_EDGE('',*,*,#4016,.F.);
#4152 = PLANE('',#4153);
#4153 = AXIS2_PLACEMENT_3D('',#4154,#4155,#4156);
#4154 = CARTESIAN_POINT('',(-4.472624491413,1.44,0.775392678742));
#4155 = DIRECTION('',(0.939692620786,0.,-0.342020143326));
#4156 = DIRECTION('',(-0.342020143326,0.,-0.939692620786));
#4157 = ADVANCED_FACE('',(#4158),#4176,.T.);
#4158 = FACE_BOUND('',#4159,.T.);
#4159 = EDGE_LOOP('',(#4160,#4168,#4174,#4175));
#4160 = ORIENTED_EDGE('',*,*,#4161,.T.);
#4161 = EDGE_CURVE('',#3999,#4162,#4164,.T.);
#4162 = VERTEX_POINT('',#4163);
#4163 = CARTESIAN_POINT('',(-5.045076844804,0.84,0.664494964169));
#4164 = LINE('',#4165,#4166);
#4165 = CARTESIAN_POINT('',(-5.045076844804,1.44,0.664494964169));
#4166 = VECTOR('',#4167,1.);
#4167 = DIRECTION('',(0.,-1.,0.));
#4168 = ORIENTED_EDGE('',*,*,#4169,.T.);
#4169 = EDGE_CURVE('',#4162,#3906,#4170,.T.);
#4170 = LINE('',#4171,#4172);
#4171 = CARTESIAN_POINT('',(-5.045076844804,0.84,0.664494964169));
#4172 = VECTOR('',#4173,1.);
#4173 = DIRECTION('',(0.342020143326,0.,0.939692620786));
#4174 = ORIENTED_EDGE('',*,*,#3905,.F.);
#4175 = ORIENTED_EDGE('',*,*,#4007,.F.);
#4176 = PLANE('',#4177);
#4177 = AXIS2_PLACEMENT_3D('',#4178,#4179,#4180);
#4178 = CARTESIAN_POINT('',(-5.045076844804,1.44,0.664494964169));
#4179 = DIRECTION('',(-0.939692620786,0.,0.342020143326));
#4180 = DIRECTION('',(0.342020143326,0.,0.939692620786));
#4181 = ADVANCED_FACE('',(#4182),#4201,.F.);
#4182 = FACE_BOUND('',#4183,.F.);
#4183 = EDGE_LOOP('',(#4184,#4185,#4186,#4195));
#4184 = ORIENTED_EDGE('',*,*,#3998,.T.);
#4185 = ORIENTED_EDGE('',*,*,#4161,.T.);
#4186 = ORIENTED_EDGE('',*,*,#4187,.F.);
#4187 = EDGE_CURVE('',#4188,#4162,#4190,.T.);
#4188 = VERTEX_POINT('',#4189);
#4189 = CARTESIAN_POINT('',(-5.28,0.84,0.5));
#4190 = CIRCLE('',#4191,0.25);
#4191 = AXIS2_PLACEMENT_3D('',#4192,#4193,#4194);
#4192 = CARTESIAN_POINT('',(-5.28,0.84,0.75));
#4193 = DIRECTION('',(0.,-1.,0.));
#4194 = DIRECTION('',(0.,0.,-1.));
#4195 = ORIENTED_EDGE('',*,*,#4196,.F.);
#4196 = EDGE_CURVE('',#3991,#4188,#4197,.T.);
#4197 = LINE('',#4198,#4199);
#4198 = CARTESIAN_POINT('',(-5.28,1.44,0.5));
#4199 = VECTOR('',#4200,1.);
#4200 = DIRECTION('',(0.,-1.,0.));
#4201 = CYLINDRICAL_SURFACE('',#4202,0.25);
#4202 = AXIS2_PLACEMENT_3D('',#4203,#4204,#4205);
#4203 = CARTESIAN_POINT('',(-5.28,1.44,0.75));
#4204 = DIRECTION('',(-0.,1.,-0.));
#4205 = DIRECTION('',(0.,0.,-1.));
#4206 = ADVANCED_FACE('',(#4207),#4218,.T.);
#4207 = FACE_BOUND('',#4208,.T.);
#4208 = EDGE_LOOP('',(#4209,#4210,#4216,#4217));
#4209 = ORIENTED_EDGE('',*,*,#4080,.T.);
#4210 = ORIENTED_EDGE('',*,*,#4211,.T.);
#4211 = EDGE_CURVE('',#4073,#4188,#4212,.T.);
#4212 = LINE('',#4213,#4214);
#4213 = CARTESIAN_POINT('',(-5.79,0.84,0.5));
#4214 = VECTOR('',#4215,1.);
#4215 = DIRECTION('',(1.,0.,0.));
#4216 = ORIENTED_EDGE('',*,*,#4196,.F.);
#4217 = ORIENTED_EDGE('',*,*,#3990,.F.);
#4218 = PLANE('',#4219);
#4219 = AXIS2_PLACEMENT_3D('',#4220,#4221,#4222);
#4220 = CARTESIAN_POINT('',(-5.79,1.44,0.5));
#4221 = DIRECTION('',(-0.,0.,1.));
#4222 = DIRECTION('',(1.,0.,0.));
#4223 = ADVANCED_FACE('',(#4224),#4241,.F.);
#4224 = FACE_BOUND('',#4225,.F.);
#4225 = EDGE_LOOP('',(#4226,#4227,#4228,#4229,#4230,#4231,#4237,#4238,
    #4239,#4240));
#4226 = ORIENTED_EDGE('',*,*,#4072,.T.);
#4227 = ORIENTED_EDGE('',*,*,#4211,.T.);
#4228 = ORIENTED_EDGE('',*,*,#4187,.T.);
#4229 = ORIENTED_EDGE('',*,*,#4169,.T.);
#4230 = ORIENTED_EDGE('',*,*,#3913,.T.);
#4231 = ORIENTED_EDGE('',*,*,#4232,.F.);
#4232 = EDGE_CURVE('',#3711,#3914,#4233,.T.);
#4233 = LINE('',#4234,#4235);
#4234 = CARTESIAN_POINT('',(-4.24,0.84,0.437372862773));
#4235 = VECTOR('',#4236,1.);
#4236 = DIRECTION('',(0.,-1.094463156608E-30,1.));
#4237 = ORIENTED_EDGE('',*,*,#3710,.T.);
#4238 = ORIENTED_EDGE('',*,*,#4145,.T.);
#4239 = ORIENTED_EDGE('',*,*,#4127,.T.);
#4240 = ORIENTED_EDGE('',*,*,#4103,.T.);
#4241 = PLANE('',#4242);
#4242 = AXIS2_PLACEMENT_3D('',#4243,#4244,#4245);
#4243 = CARTESIAN_POINT('',(-4.091426690538,0.84,0.874745725546));
#4244 = DIRECTION('',(-3.850029760267E-31,1.,1.094463156608E-30));
#4245 = DIRECTION('',(0.,-1.094463156608E-30,1.));
#4246 = ADVANCED_FACE('',(#4247),#4258,.T.);
#4247 = FACE_BOUND('',#4248,.T.);
#4248 = EDGE_LOOP('',(#4249,#4250,#4256,#4257));
#4249 = ORIENTED_EDGE('',*,*,#3719,.F.);
#4250 = ORIENTED_EDGE('',*,*,#4251,.T.);
#4251 = EDGE_CURVE('',#3720,#3923,#4252,.T.);
#4252 = LINE('',#4253,#4254);
#4253 = CARTESIAN_POINT('',(-4.24,0.72,0.437372862773));
#4254 = VECTOR('',#4255,1.);
#4255 = DIRECTION('',(0.,1.094463156608E-30,1.));
#4256 = ORIENTED_EDGE('',*,*,#3922,.T.);
#4257 = ORIENTED_EDGE('',*,*,#4232,.F.);
#4258 = PLANE('',#4259);
#4259 = AXIS2_PLACEMENT_3D('',#4260,#4261,#4262);
#4260 = CARTESIAN_POINT('',(-4.24,-3.25,0.));
#4261 = DIRECTION('',(-1.,0.,0.));
#4262 = DIRECTION('',(0.,1.,0.));
#4263 = ADVANCED_FACE('',(#4264),#4277,.F.);
#4264 = FACE_BOUND('',#4265,.F.);
#4265 = EDGE_LOOP('',(#4266,#4267,#4268,#4269,#4270,#4276));
#4266 = ORIENTED_EDGE('',*,*,#3727,.T.);
#4267 = ORIENTED_EDGE('',*,*,#4251,.T.);
#4268 = ORIENTED_EDGE('',*,*,#3930,.T.);
#4269 = ORIENTED_EDGE('',*,*,#3840,.T.);
#4270 = ORIENTED_EDGE('',*,*,#4271,.T.);
#4271 = EDGE_CURVE('',#3841,#3785,#4272,.T.);
#4272 = LINE('',#4273,#4274);
#4273 = CARTESIAN_POINT('',(-3.49,0.72,0.437372862773));
#4274 = VECTOR('',#4275,1.);
#4275 = DIRECTION('',(0.,-1.094463156608E-30,-1.));
#4276 = ORIENTED_EDGE('',*,*,#3792,.T.);
#4277 = PLANE('',#4278);
#4278 = AXIS2_PLACEMENT_3D('',#4279,#4280,#4281);
#4279 = CARTESIAN_POINT('',(-4.091426690538,0.72,0.874745725546));
#4280 = DIRECTION('',(3.850029760267E-31,1.,-1.094463156608E-30));
#4281 = DIRECTION('',(0.,1.094463156608E-30,1.));
#4282 = ADVANCED_FACE('',(#4283),#4294,.T.);
#4283 = FACE_BOUND('',#4284,.T.);
#4284 = EDGE_LOOP('',(#4285,#4291,#4292,#4293));
#4285 = ORIENTED_EDGE('',*,*,#4286,.F.);
#4286 = EDGE_CURVE('',#3849,#3777,#4287,.T.);
#4287 = LINE('',#4288,#4289);
#4288 = CARTESIAN_POINT('',(-3.49,0.84,0.437372862773));
#4289 = VECTOR('',#4290,1.);
#4290 = DIRECTION('',(-0.,1.094463156608E-30,-1.));
#4291 = ORIENTED_EDGE('',*,*,#3848,.F.);
#4292 = ORIENTED_EDGE('',*,*,#4271,.T.);
#4293 = ORIENTED_EDGE('',*,*,#3784,.F.);
#4294 = PLANE('',#4295);
#4295 = AXIS2_PLACEMENT_3D('',#4296,#4297,#4298);
#4296 = CARTESIAN_POINT('',(-3.49,3.25,0.));
#4297 = DIRECTION('',(1.,0.,-0.));
#4298 = DIRECTION('',(0.,-1.,0.));
#4299 = ADVANCED_FACE('',(#4300),#4306,.F.);
#4300 = FACE_BOUND('',#4301,.F.);
#4301 = EDGE_LOOP('',(#4302,#4303,#4304,#4305));
#4302 = ORIENTED_EDGE('',*,*,#4286,.F.);
#4303 = ORIENTED_EDGE('',*,*,#3856,.T.);
#4304 = ORIENTED_EDGE('',*,*,#4048,.T.);
#4305 = ORIENTED_EDGE('',*,*,#3776,.T.);
#4306 = PLANE('',#4307);
#4307 = AXIS2_PLACEMENT_3D('',#4308,#4309,#4310);
#4308 = CARTESIAN_POINT('',(-4.091426690538,0.84,0.874745725546));
#4309 = DIRECTION('',(-3.850029760267E-31,1.,1.094463156608E-30));
#4310 = DIRECTION('',(0.,-1.094463156608E-30,1.));
#4311 = MANIFOLD_SOLID_BREP('',#4312);
#4312 = CLOSED_SHELL('',(#4313,#4371,#4437,#4493,#4517,#4573,#4632,#4649
    ,#4666,#4733,#4750,#4781,#4805,#4830,#4847,#4871,#4896,#4913,#4936,
    #4953,#4972,#4989));
#4313 = ADVANCED_FACE('',(#4314),#4366,.T.);
#4314 = FACE_BOUND('',#4315,.T.);
#4315 = EDGE_LOOP('',(#4316,#4327,#4335,#4344,#4352,#4360));
#4316 = ORIENTED_EDGE('',*,*,#4317,.T.);
#4317 = EDGE_CURVE('',#4318,#4320,#4322,.T.);
#4318 = VERTEX_POINT('',#4319);
#4319 = CARTESIAN_POINT('',(-4.237701336216,2.7,0.93988764291));
#4320 = VERTEX_POINT('',#4321);
#4321 = CARTESIAN_POINT('',(-4.24,2.7,0.939877074976));
#4322 = CIRCLE('',#4323,0.25);
#4323 = AXIS2_PLACEMENT_3D('',#4324,#4325,#4326);
#4324 = CARTESIAN_POINT('',(-4.237701336216,2.7,0.68988764291));
#4325 = DIRECTION('',(0.,-1.,0.));
#4326 = DIRECTION('',(-3.5527136788E-15,0.,1.));
#4327 = ORIENTED_EDGE('',*,*,#4328,.T.);
#4328 = EDGE_CURVE('',#4320,#4329,#4331,.T.);
#4329 = VERTEX_POINT('',#4330);
#4330 = CARTESIAN_POINT('',(-4.24,2.7,1.439884120332));
#4331 = LINE('',#4332,#4333);
#4332 = CARTESIAN_POINT('',(-4.24,2.7,0.437372862773));
#4333 = VECTOR('',#4334,1.);
#4334 = DIRECTION('',(0.,1.094463156608E-30,1.));
#4335 = ORIENTED_EDGE('',*,*,#4336,.T.);
#4336 = EDGE_CURVE('',#4329,#4337,#4339,.T.);
#4337 = VERTEX_POINT('',#4338);
#4338 = CARTESIAN_POINT('',(-4.237701336216,2.7,1.43988764291));
#4339 = CIRCLE('',#4340,0.75);
#4340 = AXIS2_PLACEMENT_3D('',#4341,#4342,#4343);
#4341 = CARTESIAN_POINT('',(-4.237701336216,2.7,0.68988764291));
#4342 = DIRECTION('',(0.,1.,0.));
#4343 = DIRECTION('',(-0.939692620786,0.,0.342020143326));
#4344 = ORIENTED_EDGE('',*,*,#4345,.T.);
#4345 = EDGE_CURVE('',#4337,#4346,#4348,.T.);
#4346 = VERTEX_POINT('',#4347);
#4347 = CARTESIAN_POINT('',(-3.49,2.7,1.43988764291));
#4348 = LINE('',#4349,#4350);
#4349 = CARTESIAN_POINT('',(-4.237701336216,2.7,1.43988764291));
#4350 = VECTOR('',#4351,1.);
#4351 = DIRECTION('',(1.,0.,-1.110223024625E-16));
#4352 = ORIENTED_EDGE('',*,*,#4353,.T.);
#4353 = EDGE_CURVE('',#4346,#4354,#4356,.T.);
#4354 = VERTEX_POINT('',#4355);
#4355 = CARTESIAN_POINT('',(-3.49,2.7,0.93988764291));
#4356 = LINE('',#4357,#4358);
#4357 = CARTESIAN_POINT('',(-3.49,2.7,0.437372862773));
#4358 = VECTOR('',#4359,1.);
#4359 = DIRECTION('',(0.,-1.094463156608E-30,-1.));
#4360 = ORIENTED_EDGE('',*,*,#4361,.T.);
#4361 = EDGE_CURVE('',#4354,#4318,#4362,.T.);
#4362 = LINE('',#4363,#4364);
#4363 = CARTESIAN_POINT('',(-2.237701336216,2.7,0.93988764291));
#4364 = VECTOR('',#4365,1.);
#4365 = DIRECTION('',(-1.,0.,1.110223024625E-16));
#4366 = PLANE('',#4367);
#4367 = AXIS2_PLACEMENT_3D('',#4368,#4369,#4370);
#4368 = CARTESIAN_POINT('',(-4.091426690538,2.7,0.874745725546));
#4369 = DIRECTION('',(3.850029760267E-31,1.,-1.094463156608E-30));
#4370 = DIRECTION('',(0.,1.094463156608E-30,1.));
#4371 = ADVANCED_FACE('',(#4372),#4432,.F.);
#4372 = FACE_BOUND('',#4373,.F.);
#4373 = EDGE_LOOP('',(#4374,#4382,#4391,#4399,#4408,#4416,#4425,#4431));
#4374 = ORIENTED_EDGE('',*,*,#4375,.F.);
#4375 = EDGE_CURVE('',#4376,#4320,#4378,.T.);
#4376 = VERTEX_POINT('',#4377);
#4377 = CARTESIAN_POINT('',(-4.24,2.58,0.939877074976));
#4378 = LINE('',#4379,#4380);
#4379 = CARTESIAN_POINT('',(-4.24,2.7,0.939877074976));
#4380 = VECTOR('',#4381,1.);
#4381 = DIRECTION('',(-0.,1.,-0.));
#4382 = ORIENTED_EDGE('',*,*,#4383,.T.);
#4383 = EDGE_CURVE('',#4376,#4384,#4386,.T.);
#4384 = VERTEX_POINT('',#4385);
#4385 = CARTESIAN_POINT('',(-4.472624491413,2.58,0.775392678742));
#4386 = CIRCLE('',#4387,0.25);
#4387 = AXIS2_PLACEMENT_3D('',#4388,#4389,#4390);
#4388 = CARTESIAN_POINT('',(-4.237701336216,2.58,0.68988764291));
#4389 = DIRECTION('',(0.,-1.,0.));
#4390 = DIRECTION('',(-3.5527136788E-15,0.,1.));
#4391 = ORIENTED_EDGE('',*,*,#4392,.T.);
#4392 = EDGE_CURVE('',#4384,#4393,#4395,.T.);
#4393 = VERTEX_POINT('',#4394);
#4394 = CARTESIAN_POINT('',(-4.472624491413,1.98,0.775392678742));
#4395 = LINE('',#4396,#4397);
#4396 = CARTESIAN_POINT('',(-4.472624491413,2.58,0.775392678742));
#4397 = VECTOR('',#4398,1.);
#4398 = DIRECTION('',(0.,-1.,0.));
#4399 = ORIENTED_EDGE('',*,*,#4400,.F.);
#4400 = EDGE_CURVE('',#4401,#4393,#4403,.T.);
#4401 = VERTEX_POINT('',#4402);
#4402 = CARTESIAN_POINT('',(-4.24,1.98,0.939877074976));
#4403 = CIRCLE('',#4404,0.25);
#4404 = AXIS2_PLACEMENT_3D('',#4405,#4406,#4407);
#4405 = CARTESIAN_POINT('',(-4.237701336216,1.98,0.68988764291));
#4406 = DIRECTION('',(0.,-1.,0.));
#4407 = DIRECTION('',(-3.5527136788E-15,0.,1.));
#4408 = ORIENTED_EDGE('',*,*,#4409,.F.);
#4409 = EDGE_CURVE('',#4410,#4401,#4412,.T.);
#4410 = VERTEX_POINT('',#4411);
#4411 = CARTESIAN_POINT('',(-4.24,1.86,0.939877074976));
#4412 = LINE('',#4413,#4414);
#4413 = CARTESIAN_POINT('',(-4.24,2.7,0.939877074976));
#4414 = VECTOR('',#4415,1.);
#4415 = DIRECTION('',(-0.,1.,-0.));
#4416 = ORIENTED_EDGE('',*,*,#4417,.F.);
#4417 = EDGE_CURVE('',#4418,#4410,#4420,.T.);
#4418 = VERTEX_POINT('',#4419);
#4419 = CARTESIAN_POINT('',(-4.237701336216,1.86,0.93988764291));
#4420 = CIRCLE('',#4421,0.25);
#4421 = AXIS2_PLACEMENT_3D('',#4422,#4423,#4424);
#4422 = CARTESIAN_POINT('',(-4.237701336216,1.86,0.68988764291));
#4423 = DIRECTION('',(0.,-1.,0.));
#4424 = DIRECTION('',(-3.5527136788E-15,0.,1.));
#4425 = ORIENTED_EDGE('',*,*,#4426,.F.);
#4426 = EDGE_CURVE('',#4318,#4418,#4427,.T.);
#4427 = LINE('',#4428,#4429);
#4428 = CARTESIAN_POINT('',(-4.237701336216,2.7,0.93988764291));
#4429 = VECTOR('',#4430,1.);
#4430 = DIRECTION('',(0.,-1.,0.));
#4431 = ORIENTED_EDGE('',*,*,#4317,.T.);
#4432 = CYLINDRICAL_SURFACE('',#4433,0.25);
#4433 = AXIS2_PLACEMENT_3D('',#4434,#4435,#4436);
#4434 = CARTESIAN_POINT('',(-4.237701336216,2.7,0.68988764291));
#4435 = DIRECTION('',(-0.,1.,-0.));
#4436 = DIRECTION('',(-3.5527136788E-15,0.,1.));
#4437 = ADVANCED_FACE('',(#4438),#4488,.T.);
#4438 = FACE_BOUND('',#4439,.T.);
#4439 = EDGE_LOOP('',(#4440,#4441,#4449,#4457,#4465,#4473,#4481,#4487));
#4440 = ORIENTED_EDGE('',*,*,#4361,.F.);
#4441 = ORIENTED_EDGE('',*,*,#4442,.T.);
#4442 = EDGE_CURVE('',#4354,#4443,#4445,.T.);
#4443 = VERTEX_POINT('',#4444);
#4444 = CARTESIAN_POINT('',(-3.49,2.58,0.93988764291));
#4445 = LINE('',#4446,#4447);
#4446 = CARTESIAN_POINT('',(-3.49,2.975,0.93988764291));
#4447 = VECTOR('',#4448,1.);
#4448 = DIRECTION('',(0.,-1.,0.));
#4449 = ORIENTED_EDGE('',*,*,#4450,.F.);
#4450 = EDGE_CURVE('',#4451,#4443,#4453,.T.);
#4451 = VERTEX_POINT('',#4452);
#4452 = CARTESIAN_POINT('',(-2.237701336216,2.58,0.93988764291));
#4453 = LINE('',#4454,#4455);
#4454 = CARTESIAN_POINT('',(-2.237701336216,2.58,0.93988764291));
#4455 = VECTOR('',#4456,1.);
#4456 = DIRECTION('',(-1.,0.,1.110223024625E-16));
#4457 = ORIENTED_EDGE('',*,*,#4458,.T.);
#4458 = EDGE_CURVE('',#4451,#4459,#4461,.T.);
#4459 = VERTEX_POINT('',#4460);
#4460 = CARTESIAN_POINT('',(-2.237701336216,1.98,0.93988764291));
#4461 = LINE('',#4462,#4463);
#4462 = CARTESIAN_POINT('',(-2.237701336216,2.58,0.93988764291));
#4463 = VECTOR('',#4464,1.);
#4464 = DIRECTION('',(0.,-1.,0.));
#4465 = ORIENTED_EDGE('',*,*,#4466,.T.);
#4466 = EDGE_CURVE('',#4459,#4467,#4469,.T.);
#4467 = VERTEX_POINT('',#4468);
#4468 = CARTESIAN_POINT('',(-3.49,1.98,0.93988764291));
#4469 = LINE('',#4470,#4471);
#4470 = CARTESIAN_POINT('',(-2.237701336216,1.98,0.93988764291));
#4471 = VECTOR('',#4472,1.);
#4472 = DIRECTION('',(-1.,0.,1.110223024625E-16));
#4473 = ORIENTED_EDGE('',*,*,#4474,.T.);
#4474 = EDGE_CURVE('',#4467,#4475,#4477,.T.);
#4475 = VERTEX_POINT('',#4476);
#4476 = CARTESIAN_POINT('',(-3.49,1.86,0.93988764291));
#4477 = LINE('',#4478,#4479);
#4478 = CARTESIAN_POINT('',(-3.49,2.975,0.93988764291));
#4479 = VECTOR('',#4480,1.);
#4480 = DIRECTION('',(0.,-1.,0.));
#4481 = ORIENTED_EDGE('',*,*,#4482,.T.);
#4482 = EDGE_CURVE('',#4475,#4418,#4483,.T.);
#4483 = LINE('',#4484,#4485);
#4484 = CARTESIAN_POINT('',(-2.237701336216,1.86,0.93988764291));
#4485 = VECTOR('',#4486,1.);
#4486 = DIRECTION('',(-1.,0.,1.110223024625E-16));
#4487 = ORIENTED_EDGE('',*,*,#4426,.F.);
#4488 = PLANE('',#4489);
#4489 = AXIS2_PLACEMENT_3D('',#4490,#4491,#4492);
#4490 = CARTESIAN_POINT('',(-2.237701336216,2.7,0.93988764291));
#4491 = DIRECTION('',(-1.110223024625E-16,-0.,-1.));
#4492 = DIRECTION('',(-1.,0.,1.110223024625E-16));
#4493 = ADVANCED_FACE('',(#4494),#4512,.T.);
#4494 = FACE_BOUND('',#4495,.T.);
#4495 = EDGE_LOOP('',(#4496,#4497,#4505,#4511));
#4496 = ORIENTED_EDGE('',*,*,#4353,.F.);
#4497 = ORIENTED_EDGE('',*,*,#4498,.F.);
#4498 = EDGE_CURVE('',#4499,#4346,#4501,.T.);
#4499 = VERTEX_POINT('',#4500);
#4500 = CARTESIAN_POINT('',(-3.49,2.58,1.43988764291));
#4501 = LINE('',#4502,#4503);
#4502 = CARTESIAN_POINT('',(-3.49,2.975,1.43988764291));
#4503 = VECTOR('',#4504,1.);
#4504 = DIRECTION('',(-0.,1.,0.));
#4505 = ORIENTED_EDGE('',*,*,#4506,.T.);
#4506 = EDGE_CURVE('',#4499,#4443,#4507,.T.);
#4507 = LINE('',#4508,#4509);
#4508 = CARTESIAN_POINT('',(-3.49,2.58,0.437372862773));
#4509 = VECTOR('',#4510,1.);
#4510 = DIRECTION('',(-0.,1.094463156608E-30,-1.));
#4511 = ORIENTED_EDGE('',*,*,#4442,.F.);
#4512 = PLANE('',#4513);
#4513 = AXIS2_PLACEMENT_3D('',#4514,#4515,#4516);
#4514 = CARTESIAN_POINT('',(-3.49,3.25,0.));
#4515 = DIRECTION('',(1.,0.,-0.));
#4516 = DIRECTION('',(0.,-1.,0.));
#4517 = ADVANCED_FACE('',(#4518),#4568,.T.);
#4518 = FACE_BOUND('',#4519,.T.);
#4519 = EDGE_LOOP('',(#4520,#4521,#4529,#4537,#4545,#4553,#4561,#4567));
#4520 = ORIENTED_EDGE('',*,*,#4345,.F.);
#4521 = ORIENTED_EDGE('',*,*,#4522,.T.);
#4522 = EDGE_CURVE('',#4337,#4523,#4525,.T.);
#4523 = VERTEX_POINT('',#4524);
#4524 = CARTESIAN_POINT('',(-4.237701336216,1.86,1.43988764291));
#4525 = LINE('',#4526,#4527);
#4526 = CARTESIAN_POINT('',(-4.237701336216,2.7,1.43988764291));
#4527 = VECTOR('',#4528,1.);
#4528 = DIRECTION('',(0.,-1.,0.));
#4529 = ORIENTED_EDGE('',*,*,#4530,.T.);
#4530 = EDGE_CURVE('',#4523,#4531,#4533,.T.);
#4531 = VERTEX_POINT('',#4532);
#4532 = CARTESIAN_POINT('',(-3.49,1.86,1.43988764291));
#4533 = LINE('',#4534,#4535);
#4534 = CARTESIAN_POINT('',(-4.237701336216,1.86,1.43988764291));
#4535 = VECTOR('',#4536,1.);
#4536 = DIRECTION('',(1.,0.,-1.110223024625E-16));
#4537 = ORIENTED_EDGE('',*,*,#4538,.T.);
#4538 = EDGE_CURVE('',#4531,#4539,#4541,.T.);
#4539 = VERTEX_POINT('',#4540);
#4540 = CARTESIAN_POINT('',(-3.49,1.98,1.43988764291));
#4541 = LINE('',#4542,#4543);
#4542 = CARTESIAN_POINT('',(-3.49,2.975,1.43988764291));
#4543 = VECTOR('',#4544,1.);
#4544 = DIRECTION('',(-0.,1.,0.));
#4545 = ORIENTED_EDGE('',*,*,#4546,.T.);
#4546 = EDGE_CURVE('',#4539,#4547,#4549,.T.);
#4547 = VERTEX_POINT('',#4548);
#4548 = CARTESIAN_POINT('',(-2.237701336216,1.98,1.43988764291));
#4549 = LINE('',#4550,#4551);
#4550 = CARTESIAN_POINT('',(-4.237701336216,1.98,1.43988764291));
#4551 = VECTOR('',#4552,1.);
#4552 = DIRECTION('',(1.,0.,-1.110223024625E-16));
#4553 = ORIENTED_EDGE('',*,*,#4554,.F.);
#4554 = EDGE_CURVE('',#4555,#4547,#4557,.T.);
#4555 = VERTEX_POINT('',#4556);
#4556 = CARTESIAN_POINT('',(-2.237701336216,2.58,1.43988764291));
#4557 = LINE('',#4558,#4559);
#4558 = CARTESIAN_POINT('',(-2.237701336216,2.58,1.43988764291));
#4559 = VECTOR('',#4560,1.);
#4560 = DIRECTION('',(0.,-1.,0.));
#4561 = ORIENTED_EDGE('',*,*,#4562,.F.);
#4562 = EDGE_CURVE('',#4499,#4555,#4563,.T.);
#4563 = LINE('',#4564,#4565);
#4564 = CARTESIAN_POINT('',(-4.237701336216,2.58,1.43988764291));
#4565 = VECTOR('',#4566,1.);
#4566 = DIRECTION('',(1.,0.,-1.110223024625E-16));
#4567 = ORIENTED_EDGE('',*,*,#4498,.T.);
#4568 = PLANE('',#4569);
#4569 = AXIS2_PLACEMENT_3D('',#4570,#4571,#4572);
#4570 = CARTESIAN_POINT('',(-4.237701336216,2.7,1.43988764291));
#4571 = DIRECTION('',(1.110223024625E-16,0.,1.));
#4572 = DIRECTION('',(1.,0.,-1.110223024625E-16));
#4573 = ADVANCED_FACE('',(#4574),#4627,.T.);
#4574 = FACE_BOUND('',#4575,.T.);
#4575 = EDGE_LOOP('',(#4576,#4577,#4585,#4594,#4602,#4611,#4619,#4626));
#4576 = ORIENTED_EDGE('',*,*,#4336,.F.);
#4577 = ORIENTED_EDGE('',*,*,#4578,.F.);
#4578 = EDGE_CURVE('',#4579,#4329,#4581,.T.);
#4579 = VERTEX_POINT('',#4580);
#4580 = CARTESIAN_POINT('',(-4.24,2.58,1.439884120332));
#4581 = LINE('',#4582,#4583);
#4582 = CARTESIAN_POINT('',(-4.24,2.7,1.439884120332));
#4583 = VECTOR('',#4584,1.);
#4584 = DIRECTION('',(0.,1.,0.));
#4585 = ORIENTED_EDGE('',*,*,#4586,.F.);
#4586 = EDGE_CURVE('',#4587,#4579,#4589,.T.);
#4587 = VERTEX_POINT('',#4588);
#4588 = CARTESIAN_POINT('',(-4.942470801806,2.58,0.946402750404));
#4589 = CIRCLE('',#4590,0.75);
#4590 = AXIS2_PLACEMENT_3D('',#4591,#4592,#4593);
#4591 = CARTESIAN_POINT('',(-4.237701336216,2.58,0.68988764291));
#4592 = DIRECTION('',(0.,1.,0.));
#4593 = DIRECTION('',(-0.939692620786,0.,0.342020143326));
#4594 = ORIENTED_EDGE('',*,*,#4595,.T.);
#4595 = EDGE_CURVE('',#4587,#4596,#4598,.T.);
#4596 = VERTEX_POINT('',#4597);
#4597 = CARTESIAN_POINT('',(-4.942470801806,1.98,0.946402750404));
#4598 = LINE('',#4599,#4600);
#4599 = CARTESIAN_POINT('',(-4.942470801806,2.58,0.946402750404));
#4600 = VECTOR('',#4601,1.);
#4601 = DIRECTION('',(0.,-1.,0.));
#4602 = ORIENTED_EDGE('',*,*,#4603,.T.);
#4603 = EDGE_CURVE('',#4596,#4604,#4606,.T.);
#4604 = VERTEX_POINT('',#4605);
#4605 = CARTESIAN_POINT('',(-4.24,1.98,1.439884120332));
#4606 = CIRCLE('',#4607,0.75);
#4607 = AXIS2_PLACEMENT_3D('',#4608,#4609,#4610);
#4608 = CARTESIAN_POINT('',(-4.237701336216,1.98,0.68988764291));
#4609 = DIRECTION('',(0.,1.,0.));
#4610 = DIRECTION('',(-0.939692620786,0.,0.342020143326));
#4611 = ORIENTED_EDGE('',*,*,#4612,.F.);
#4612 = EDGE_CURVE('',#4613,#4604,#4615,.T.);
#4613 = VERTEX_POINT('',#4614);
#4614 = CARTESIAN_POINT('',(-4.24,1.86,1.439884120332));
#4615 = LINE('',#4616,#4617);
#4616 = CARTESIAN_POINT('',(-4.24,2.7,1.439884120332));
#4617 = VECTOR('',#4618,1.);
#4618 = DIRECTION('',(0.,1.,0.));
#4619 = ORIENTED_EDGE('',*,*,#4620,.T.);
#4620 = EDGE_CURVE('',#4613,#4523,#4621,.T.);
#4621 = CIRCLE('',#4622,0.75);
#4622 = AXIS2_PLACEMENT_3D('',#4623,#4624,#4625);
#4623 = CARTESIAN_POINT('',(-4.237701336216,1.86,0.68988764291));
#4624 = DIRECTION('',(0.,1.,0.));
#4625 = DIRECTION('',(-0.939692620786,0.,0.342020143326));
#4626 = ORIENTED_EDGE('',*,*,#4522,.F.);
#4627 = CYLINDRICAL_SURFACE('',#4628,0.75);
#4628 = AXIS2_PLACEMENT_3D('',#4629,#4630,#4631);
#4629 = CARTESIAN_POINT('',(-4.237701336216,2.7,0.68988764291));
#4630 = DIRECTION('',(0.,1.,0.));
#4631 = DIRECTION('',(-0.939692620786,0.,0.342020143326));
#4632 = ADVANCED_FACE('',(#4633),#4644,.T.);
#4633 = FACE_BOUND('',#4634,.T.);
#4634 = EDGE_LOOP('',(#4635,#4636,#4637,#4643));
#4635 = ORIENTED_EDGE('',*,*,#4328,.F.);
#4636 = ORIENTED_EDGE('',*,*,#4375,.F.);
#4637 = ORIENTED_EDGE('',*,*,#4638,.T.);
#4638 = EDGE_CURVE('',#4376,#4579,#4639,.T.);
#4639 = LINE('',#4640,#4641);
#4640 = CARTESIAN_POINT('',(-4.24,2.58,0.437372862773));
#4641 = VECTOR('',#4642,1.);
#4642 = DIRECTION('',(0.,-1.094463156608E-30,1.));
#4643 = ORIENTED_EDGE('',*,*,#4578,.T.);
#4644 = PLANE('',#4645);
#4645 = AXIS2_PLACEMENT_3D('',#4646,#4647,#4648);
#4646 = CARTESIAN_POINT('',(-4.24,-3.25,0.));
#4647 = DIRECTION('',(-1.,0.,0.));
#4648 = DIRECTION('',(0.,1.,0.));
#4649 = ADVANCED_FACE('',(#4650),#4661,.T.);
#4650 = FACE_BOUND('',#4651,.T.);
#4651 = EDGE_LOOP('',(#4652,#4653,#4654,#4660));
#4652 = ORIENTED_EDGE('',*,*,#4506,.F.);
#4653 = ORIENTED_EDGE('',*,*,#4562,.T.);
#4654 = ORIENTED_EDGE('',*,*,#4655,.T.);
#4655 = EDGE_CURVE('',#4555,#4451,#4656,.T.);
#4656 = LINE('',#4657,#4658);
#4657 = CARTESIAN_POINT('',(-2.237701336216,2.58,1.43988764291));
#4658 = VECTOR('',#4659,1.);
#4659 = DIRECTION('',(0.,0.,-1.));
#4660 = ORIENTED_EDGE('',*,*,#4450,.T.);
#4661 = PLANE('',#4662);
#4662 = AXIS2_PLACEMENT_3D('',#4663,#4664,#4665);
#4663 = CARTESIAN_POINT('',(-4.091426690538,2.58,0.874745725546));
#4664 = DIRECTION('',(-3.850029760267E-31,1.,1.094463156608E-30));
#4665 = DIRECTION('',(0.,-1.094463156608E-30,1.));
#4666 = ADVANCED_FACE('',(#4667),#4728,.T.);
#4667 = FACE_BOUND('',#4668,.T.);
#4668 = EDGE_LOOP('',(#4669,#4679,#4687,#4696,#4702,#4703,#4704,#4705,
    #4713,#4722));
#4669 = ORIENTED_EDGE('',*,*,#4670,.T.);
#4670 = EDGE_CURVE('',#4671,#4673,#4675,.T.);
#4671 = VERTEX_POINT('',#4672);
#4672 = CARTESIAN_POINT('',(-5.79,2.58,-2.70609920631E-16));
#4673 = VERTEX_POINT('',#4674);
#4674 = CARTESIAN_POINT('',(-5.79,2.58,0.5));
#4675 = LINE('',#4676,#4677);
#4676 = CARTESIAN_POINT('',(-5.79,2.58,-2.70609920631E-16));
#4677 = VECTOR('',#4678,1.);
#4678 = DIRECTION('',(1.7763568394E-15,0.,1.));
#4679 = ORIENTED_EDGE('',*,*,#4680,.T.);
#4680 = EDGE_CURVE('',#4673,#4681,#4683,.T.);
#4681 = VERTEX_POINT('',#4682);
#4682 = CARTESIAN_POINT('',(-5.28,2.58,0.5));
#4683 = LINE('',#4684,#4685);
#4684 = CARTESIAN_POINT('',(-5.79,2.58,0.5));
#4685 = VECTOR('',#4686,1.);
#4686 = DIRECTION('',(1.,0.,0.));
#4687 = ORIENTED_EDGE('',*,*,#4688,.T.);
#4688 = EDGE_CURVE('',#4681,#4689,#4691,.T.);
#4689 = VERTEX_POINT('',#4690);
#4690 = CARTESIAN_POINT('',(-5.045076844804,2.58,0.664494964169));
#4691 = CIRCLE('',#4692,0.25);
#4692 = AXIS2_PLACEMENT_3D('',#4693,#4694,#4695);
#4693 = CARTESIAN_POINT('',(-5.28,2.58,0.75));
#4694 = DIRECTION('',(0.,-1.,0.));
#4695 = DIRECTION('',(0.,0.,-1.));
#4696 = ORIENTED_EDGE('',*,*,#4697,.T.);
#4697 = EDGE_CURVE('',#4689,#4587,#4698,.T.);
#4698 = LINE('',#4699,#4700);
#4699 = CARTESIAN_POINT('',(-5.045076844804,2.58,0.664494964169));
#4700 = VECTOR('',#4701,1.);
#4701 = DIRECTION('',(0.342020143326,0.,0.939692620786));
#4702 = ORIENTED_EDGE('',*,*,#4586,.T.);
#4703 = ORIENTED_EDGE('',*,*,#4638,.F.);
#4704 = ORIENTED_EDGE('',*,*,#4383,.T.);
#4705 = ORIENTED_EDGE('',*,*,#4706,.T.);
#4706 = EDGE_CURVE('',#4384,#4707,#4709,.T.);
#4707 = VERTEX_POINT('',#4708);
#4708 = CARTESIAN_POINT('',(-4.575230534411,2.58,0.493484892506));
#4709 = LINE('',#4710,#4711);
#4710 = CARTESIAN_POINT('',(-4.472624491413,2.58,0.775392678742));
#4711 = VECTOR('',#4712,1.);
#4712 = DIRECTION('',(-0.342020143326,0.,-0.939692620786));
#4713 = ORIENTED_EDGE('',*,*,#4714,.T.);
#4714 = EDGE_CURVE('',#4707,#4715,#4717,.T.);
#4715 = VERTEX_POINT('',#4716);
#4716 = CARTESIAN_POINT('',(-5.28,2.58,-2.22044604925E-16));
#4717 = CIRCLE('',#4718,0.75);
#4718 = AXIS2_PLACEMENT_3D('',#4719,#4720,#4721);
#4719 = CARTESIAN_POINT('',(-5.28,2.58,0.75));
#4720 = DIRECTION('',(0.,1.,0.));
#4721 = DIRECTION('',(0.939692620786,0.,-0.342020143326));
#4722 = ORIENTED_EDGE('',*,*,#4723,.T.);
#4723 = EDGE_CURVE('',#4715,#4671,#4724,.T.);
#4724 = LINE('',#4725,#4726);
#4725 = CARTESIAN_POINT('',(-5.28,2.58,-2.22044604925E-16));
#4726 = VECTOR('',#4727,1.);
#4727 = DIRECTION('',(-1.,0.,-9.522610922745E-17));
#4728 = PLANE('',#4729);
#4729 = AXIS2_PLACEMENT_3D('',#4730,#4731,#4732);
#4730 = CARTESIAN_POINT('',(-4.091426690538,2.58,0.874745725546));
#4731 = DIRECTION('',(-3.850029760267E-31,1.,1.094463156608E-30));
#4732 = DIRECTION('',(0.,-1.094463156608E-30,1.));
#4733 = ADVANCED_FACE('',(#4734),#4745,.T.);
#4734 = FACE_BOUND('',#4735,.T.);
#4735 = EDGE_LOOP('',(#4736,#4737,#4743,#4744));
#4736 = ORIENTED_EDGE('',*,*,#4554,.T.);
#4737 = ORIENTED_EDGE('',*,*,#4738,.T.);
#4738 = EDGE_CURVE('',#4547,#4459,#4739,.T.);
#4739 = LINE('',#4740,#4741);
#4740 = CARTESIAN_POINT('',(-2.237701336216,1.98,1.43988764291));
#4741 = VECTOR('',#4742,1.);
#4742 = DIRECTION('',(0.,0.,-1.));
#4743 = ORIENTED_EDGE('',*,*,#4458,.F.);
#4744 = ORIENTED_EDGE('',*,*,#4655,.F.);
#4745 = PLANE('',#4746);
#4746 = AXIS2_PLACEMENT_3D('',#4747,#4748,#4749);
#4747 = CARTESIAN_POINT('',(-2.237701336216,2.58,1.43988764291));
#4748 = DIRECTION('',(1.,0.,0.));
#4749 = DIRECTION('',(0.,0.,-1.));
#4750 = ADVANCED_FACE('',(#4751),#4776,.T.);
#4751 = FACE_BOUND('',#4752,.T.);
#4752 = EDGE_LOOP('',(#4753,#4761,#4769,#4775));
#4753 = ORIENTED_EDGE('',*,*,#4754,.T.);
#4754 = EDGE_CURVE('',#4671,#4755,#4757,.T.);
#4755 = VERTEX_POINT('',#4756);
#4756 = CARTESIAN_POINT('',(-5.79,1.98,-2.70609920631E-16));
#4757 = LINE('',#4758,#4759);
#4758 = CARTESIAN_POINT('',(-5.79,2.58,-2.70609920631E-16));
#4759 = VECTOR('',#4760,1.);
#4760 = DIRECTION('',(0.,-1.,0.));
#4761 = ORIENTED_EDGE('',*,*,#4762,.T.);
#4762 = EDGE_CURVE('',#4755,#4763,#4765,.T.);
#4763 = VERTEX_POINT('',#4764);
#4764 = CARTESIAN_POINT('',(-5.79,1.98,0.5));
#4765 = LINE('',#4766,#4767);
#4766 = CARTESIAN_POINT('',(-5.79,1.98,-2.70609920631E-16));
#4767 = VECTOR('',#4768,1.);
#4768 = DIRECTION('',(1.7763568394E-15,0.,1.));
#4769 = ORIENTED_EDGE('',*,*,#4770,.F.);
#4770 = EDGE_CURVE('',#4673,#4763,#4771,.T.);
#4771 = LINE('',#4772,#4773);
#4772 = CARTESIAN_POINT('',(-5.79,2.58,0.5));
#4773 = VECTOR('',#4774,1.);
#4774 = DIRECTION('',(0.,-1.,0.));
#4775 = ORIENTED_EDGE('',*,*,#4670,.F.);
#4776 = PLANE('',#4777);
#4777 = AXIS2_PLACEMENT_3D('',#4778,#4779,#4780);
#4778 = CARTESIAN_POINT('',(-5.79,2.58,-2.70609920631E-16));
#4779 = DIRECTION('',(-1.,0.,1.7763568394E-15));
#4780 = DIRECTION('',(1.7763568394E-15,0.,1.));
#4781 = ADVANCED_FACE('',(#4782),#4800,.T.);
#4782 = FACE_BOUND('',#4783,.T.);
#4783 = EDGE_LOOP('',(#4784,#4792,#4798,#4799));
#4784 = ORIENTED_EDGE('',*,*,#4785,.T.);
#4785 = EDGE_CURVE('',#4715,#4786,#4788,.T.);
#4786 = VERTEX_POINT('',#4787);
#4787 = CARTESIAN_POINT('',(-5.28,1.98,-2.22044604925E-16));
#4788 = LINE('',#4789,#4790);
#4789 = CARTESIAN_POINT('',(-5.28,2.58,-2.22044604925E-16));
#4790 = VECTOR('',#4791,1.);
#4791 = DIRECTION('',(0.,-1.,0.));
#4792 = ORIENTED_EDGE('',*,*,#4793,.T.);
#4793 = EDGE_CURVE('',#4786,#4755,#4794,.T.);
#4794 = LINE('',#4795,#4796);
#4795 = CARTESIAN_POINT('',(-5.28,1.98,-2.22044604925E-16));
#4796 = VECTOR('',#4797,1.);
#4797 = DIRECTION('',(-1.,0.,-9.522610922745E-17));
#4798 = ORIENTED_EDGE('',*,*,#4754,.F.);
#4799 = ORIENTED_EDGE('',*,*,#4723,.F.);
#4800 = PLANE('',#4801);
#4801 = AXIS2_PLACEMENT_3D('',#4802,#4803,#4804);
#4802 = CARTESIAN_POINT('',(-5.28,2.58,-2.22044604925E-16));
#4803 = DIRECTION('',(9.522610922745E-17,0.,-1.));
#4804 = DIRECTION('',(-1.,0.,-9.522610922745E-17));
#4805 = ADVANCED_FACE('',(#4806),#4825,.T.);
#4806 = FACE_BOUND('',#4807,.T.);
#4807 = EDGE_LOOP('',(#4808,#4816,#4823,#4824));
#4808 = ORIENTED_EDGE('',*,*,#4809,.T.);
#4809 = EDGE_CURVE('',#4707,#4810,#4812,.T.);
#4810 = VERTEX_POINT('',#4811);
#4811 = CARTESIAN_POINT('',(-4.575230534411,1.98,0.493484892506));
#4812 = LINE('',#4813,#4814);
#4813 = CARTESIAN_POINT('',(-4.575230534411,2.58,0.493484892506));
#4814 = VECTOR('',#4815,1.);
#4815 = DIRECTION('',(0.,-1.,0.));
#4816 = ORIENTED_EDGE('',*,*,#4817,.T.);
#4817 = EDGE_CURVE('',#4810,#4786,#4818,.T.);
#4818 = CIRCLE('',#4819,0.75);
#4819 = AXIS2_PLACEMENT_3D('',#4820,#4821,#4822);
#4820 = CARTESIAN_POINT('',(-5.28,1.98,0.75));
#4821 = DIRECTION('',(0.,1.,0.));
#4822 = DIRECTION('',(0.939692620786,0.,-0.342020143326));
#4823 = ORIENTED_EDGE('',*,*,#4785,.F.);
#4824 = ORIENTED_EDGE('',*,*,#4714,.F.);
#4825 = CYLINDRICAL_SURFACE('',#4826,0.75);
#4826 = AXIS2_PLACEMENT_3D('',#4827,#4828,#4829);
#4827 = CARTESIAN_POINT('',(-5.28,2.58,0.75));
#4828 = DIRECTION('',(0.,1.,0.));
#4829 = DIRECTION('',(0.939692620786,0.,-0.342020143326));
#4830 = ADVANCED_FACE('',(#4831),#4842,.T.);
#4831 = FACE_BOUND('',#4832,.T.);
#4832 = EDGE_LOOP('',(#4833,#4834,#4840,#4841));
#4833 = ORIENTED_EDGE('',*,*,#4392,.T.);
#4834 = ORIENTED_EDGE('',*,*,#4835,.T.);
#4835 = EDGE_CURVE('',#4393,#4810,#4836,.T.);
#4836 = LINE('',#4837,#4838);
#4837 = CARTESIAN_POINT('',(-4.472624491413,1.98,0.775392678742));
#4838 = VECTOR('',#4839,1.);
#4839 = DIRECTION('',(-0.342020143326,0.,-0.939692620786));
#4840 = ORIENTED_EDGE('',*,*,#4809,.F.);
#4841 = ORIENTED_EDGE('',*,*,#4706,.F.);
#4842 = PLANE('',#4843);
#4843 = AXIS2_PLACEMENT_3D('',#4844,#4845,#4846);
#4844 = CARTESIAN_POINT('',(-4.472624491413,2.58,0.775392678742));
#4845 = DIRECTION('',(0.939692620786,0.,-0.342020143326));
#4846 = DIRECTION('',(-0.342020143326,0.,-0.939692620786));
#4847 = ADVANCED_FACE('',(#4848),#4866,.T.);
#4848 = FACE_BOUND('',#4849,.T.);
#4849 = EDGE_LOOP('',(#4850,#4858,#4864,#4865));
#4850 = ORIENTED_EDGE('',*,*,#4851,.T.);
#4851 = EDGE_CURVE('',#4689,#4852,#4854,.T.);
#4852 = VERTEX_POINT('',#4853);
#4853 = CARTESIAN_POINT('',(-5.045076844804,1.98,0.664494964169));
#4854 = LINE('',#4855,#4856);
#4855 = CARTESIAN_POINT('',(-5.045076844804,2.58,0.664494964169));
#4856 = VECTOR('',#4857,1.);
#4857 = DIRECTION('',(0.,-1.,0.));
#4858 = ORIENTED_EDGE('',*,*,#4859,.T.);
#4859 = EDGE_CURVE('',#4852,#4596,#4860,.T.);
#4860 = LINE('',#4861,#4862);
#4861 = CARTESIAN_POINT('',(-5.045076844804,1.98,0.664494964169));
#4862 = VECTOR('',#4863,1.);
#4863 = DIRECTION('',(0.342020143326,0.,0.939692620786));
#4864 = ORIENTED_EDGE('',*,*,#4595,.F.);
#4865 = ORIENTED_EDGE('',*,*,#4697,.F.);
#4866 = PLANE('',#4867);
#4867 = AXIS2_PLACEMENT_3D('',#4868,#4869,#4870);
#4868 = CARTESIAN_POINT('',(-5.045076844804,2.58,0.664494964169));
#4869 = DIRECTION('',(-0.939692620786,0.,0.342020143326));
#4870 = DIRECTION('',(0.342020143326,0.,0.939692620786));
#4871 = ADVANCED_FACE('',(#4872),#4891,.F.);
#4872 = FACE_BOUND('',#4873,.F.);
#4873 = EDGE_LOOP('',(#4874,#4875,#4876,#4885));
#4874 = ORIENTED_EDGE('',*,*,#4688,.T.);
#4875 = ORIENTED_EDGE('',*,*,#4851,.T.);
#4876 = ORIENTED_EDGE('',*,*,#4877,.F.);
#4877 = EDGE_CURVE('',#4878,#4852,#4880,.T.);
#4878 = VERTEX_POINT('',#4879);
#4879 = CARTESIAN_POINT('',(-5.28,1.98,0.5));
#4880 = CIRCLE('',#4881,0.25);
#4881 = AXIS2_PLACEMENT_3D('',#4882,#4883,#4884);
#4882 = CARTESIAN_POINT('',(-5.28,1.98,0.75));
#4883 = DIRECTION('',(0.,-1.,0.));
#4884 = DIRECTION('',(0.,0.,-1.));
#4885 = ORIENTED_EDGE('',*,*,#4886,.F.);
#4886 = EDGE_CURVE('',#4681,#4878,#4887,.T.);
#4887 = LINE('',#4888,#4889);
#4888 = CARTESIAN_POINT('',(-5.28,2.58,0.5));
#4889 = VECTOR('',#4890,1.);
#4890 = DIRECTION('',(0.,-1.,0.));
#4891 = CYLINDRICAL_SURFACE('',#4892,0.25);
#4892 = AXIS2_PLACEMENT_3D('',#4893,#4894,#4895);
#4893 = CARTESIAN_POINT('',(-5.28,2.58,0.75));
#4894 = DIRECTION('',(-0.,1.,-0.));
#4895 = DIRECTION('',(0.,0.,-1.));
#4896 = ADVANCED_FACE('',(#4897),#4908,.T.);
#4897 = FACE_BOUND('',#4898,.T.);
#4898 = EDGE_LOOP('',(#4899,#4900,#4906,#4907));
#4899 = ORIENTED_EDGE('',*,*,#4770,.T.);
#4900 = ORIENTED_EDGE('',*,*,#4901,.T.);
#4901 = EDGE_CURVE('',#4763,#4878,#4902,.T.);
#4902 = LINE('',#4903,#4904);
#4903 = CARTESIAN_POINT('',(-5.79,1.98,0.5));
#4904 = VECTOR('',#4905,1.);
#4905 = DIRECTION('',(1.,0.,0.));
#4906 = ORIENTED_EDGE('',*,*,#4886,.F.);
#4907 = ORIENTED_EDGE('',*,*,#4680,.F.);
#4908 = PLANE('',#4909);
#4909 = AXIS2_PLACEMENT_3D('',#4910,#4911,#4912);
#4910 = CARTESIAN_POINT('',(-5.79,2.58,0.5));
#4911 = DIRECTION('',(-0.,0.,1.));
#4912 = DIRECTION('',(1.,0.,0.));
#4913 = ADVANCED_FACE('',(#4914),#4931,.F.);
#4914 = FACE_BOUND('',#4915,.F.);
#4915 = EDGE_LOOP('',(#4916,#4917,#4918,#4919,#4920,#4921,#4927,#4928,
    #4929,#4930));
#4916 = ORIENTED_EDGE('',*,*,#4762,.T.);
#4917 = ORIENTED_EDGE('',*,*,#4901,.T.);
#4918 = ORIENTED_EDGE('',*,*,#4877,.T.);
#4919 = ORIENTED_EDGE('',*,*,#4859,.T.);
#4920 = ORIENTED_EDGE('',*,*,#4603,.T.);
#4921 = ORIENTED_EDGE('',*,*,#4922,.F.);
#4922 = EDGE_CURVE('',#4401,#4604,#4923,.T.);
#4923 = LINE('',#4924,#4925);
#4924 = CARTESIAN_POINT('',(-4.24,1.98,0.437372862773));
#4925 = VECTOR('',#4926,1.);
#4926 = DIRECTION('',(0.,-1.094463156608E-30,1.));
#4927 = ORIENTED_EDGE('',*,*,#4400,.T.);
#4928 = ORIENTED_EDGE('',*,*,#4835,.T.);
#4929 = ORIENTED_EDGE('',*,*,#4817,.T.);
#4930 = ORIENTED_EDGE('',*,*,#4793,.T.);
#4931 = PLANE('',#4932);
#4932 = AXIS2_PLACEMENT_3D('',#4933,#4934,#4935);
#4933 = CARTESIAN_POINT('',(-4.091426690538,1.98,0.874745725546));
#4934 = DIRECTION('',(-3.850029760267E-31,1.,1.094463156608E-30));
#4935 = DIRECTION('',(0.,-1.094463156608E-30,1.));
#4936 = ADVANCED_FACE('',(#4937),#4948,.T.);
#4937 = FACE_BOUND('',#4938,.T.);
#4938 = EDGE_LOOP('',(#4939,#4940,#4941,#4947));
#4939 = ORIENTED_EDGE('',*,*,#4922,.F.);
#4940 = ORIENTED_EDGE('',*,*,#4409,.F.);
#4941 = ORIENTED_EDGE('',*,*,#4942,.T.);
#4942 = EDGE_CURVE('',#4410,#4613,#4943,.T.);
#4943 = LINE('',#4944,#4945);
#4944 = CARTESIAN_POINT('',(-4.24,1.86,0.437372862773));
#4945 = VECTOR('',#4946,1.);
#4946 = DIRECTION('',(0.,1.094463156608E-30,1.));
#4947 = ORIENTED_EDGE('',*,*,#4612,.T.);
#4948 = PLANE('',#4949);
#4949 = AXIS2_PLACEMENT_3D('',#4950,#4951,#4952);
#4950 = CARTESIAN_POINT('',(-4.24,-3.25,0.));
#4951 = DIRECTION('',(-1.,0.,0.));
#4952 = DIRECTION('',(0.,1.,0.));
#4953 = ADVANCED_FACE('',(#4954),#4967,.F.);
#4954 = FACE_BOUND('',#4955,.F.);
#4955 = EDGE_LOOP('',(#4956,#4957,#4958,#4959,#4960,#4966));
#4956 = ORIENTED_EDGE('',*,*,#4417,.T.);
#4957 = ORIENTED_EDGE('',*,*,#4942,.T.);
#4958 = ORIENTED_EDGE('',*,*,#4620,.T.);
#4959 = ORIENTED_EDGE('',*,*,#4530,.T.);
#4960 = ORIENTED_EDGE('',*,*,#4961,.T.);
#4961 = EDGE_CURVE('',#4531,#4475,#4962,.T.);
#4962 = LINE('',#4963,#4964);
#4963 = CARTESIAN_POINT('',(-3.49,1.86,0.437372862773));
#4964 = VECTOR('',#4965,1.);
#4965 = DIRECTION('',(0.,-1.094463156608E-30,-1.));
#4966 = ORIENTED_EDGE('',*,*,#4482,.T.);
#4967 = PLANE('',#4968);
#4968 = AXIS2_PLACEMENT_3D('',#4969,#4970,#4971);
#4969 = CARTESIAN_POINT('',(-4.091426690538,1.86,0.874745725546));
#4970 = DIRECTION('',(3.850029760267E-31,1.,-1.094463156608E-30));
#4971 = DIRECTION('',(0.,1.094463156608E-30,1.));
#4972 = ADVANCED_FACE('',(#4973),#4984,.T.);
#4973 = FACE_BOUND('',#4974,.T.);
#4974 = EDGE_LOOP('',(#4975,#4981,#4982,#4983));
#4975 = ORIENTED_EDGE('',*,*,#4976,.F.);
#4976 = EDGE_CURVE('',#4539,#4467,#4977,.T.);
#4977 = LINE('',#4978,#4979);
#4978 = CARTESIAN_POINT('',(-3.49,1.98,0.437372862773));
#4979 = VECTOR('',#4980,1.);
#4980 = DIRECTION('',(-0.,1.094463156608E-30,-1.));
#4981 = ORIENTED_EDGE('',*,*,#4538,.F.);
#4982 = ORIENTED_EDGE('',*,*,#4961,.T.);
#4983 = ORIENTED_EDGE('',*,*,#4474,.F.);
#4984 = PLANE('',#4985);
#4985 = AXIS2_PLACEMENT_3D('',#4986,#4987,#4988);
#4986 = CARTESIAN_POINT('',(-3.49,3.25,0.));
#4987 = DIRECTION('',(1.,0.,-0.));
#4988 = DIRECTION('',(0.,-1.,0.));
#4989 = ADVANCED_FACE('',(#4990),#4996,.F.);
#4990 = FACE_BOUND('',#4991,.F.);
#4991 = EDGE_LOOP('',(#4992,#4993,#4994,#4995));
#4992 = ORIENTED_EDGE('',*,*,#4976,.F.);
#4993 = ORIENTED_EDGE('',*,*,#4546,.T.);
#4994 = ORIENTED_EDGE('',*,*,#4738,.T.);
#4995 = ORIENTED_EDGE('',*,*,#4466,.T.);
#4996 = PLANE('',#4997);
#4997 = AXIS2_PLACEMENT_3D('',#4998,#4999,#5000);
#4998 = CARTESIAN_POINT('',(-4.091426690538,1.98,0.874745725546));
#4999 = DIRECTION('',(-3.850029760267E-31,1.,1.094463156608E-30));
#5000 = DIRECTION('',(0.,-1.094463156608E-30,1.));
#5001 = ( GEOMETRIC_REPRESENTATION_CONTEXT(3) 
GLOBAL_UNCERTAINTY_ASSIGNED_CONTEXT((#5005)) 
GLOBAL_UNIT_ASSIGNED_CONTEXT((#5002,#5003,#5004)) REPRESENTATION_CONTEXT
('Context #1','3D Context with UNIT and UNCERTAINTY') );
#5002 = ( LENGTH_UNIT() NAMED_UNIT(*) SI_UNIT(.MILLI.,.METRE.) );
#5003 = ( NAMED_UNIT(*) PLANE_ANGLE_UNIT() SI_UNIT($,.RADIAN.) );
#5004 = ( NAMED_UNIT(*) SI_UNIT($,.STERADIAN.) SOLID_ANGLE_UNIT() );
#5005 = UNCERTAINTY_MEASURE_WITH_UNIT(LENGTH_MEASURE(1.E-07),#5002,
  'distance_accuracy_value','confusion accuracy');
#5006 = CONTEXT_DEPENDENT_SHAPE_REPRESENTATION(#5007,#5009);
#5007 = ( REPRESENTATION_RELATIONSHIP('','',#1958,#1935) 
REPRESENTATION_RELATIONSHIP_WITH_TRANSFORMATION(#5008) 
SHAPE_REPRESENTATION_RELATIONSHIP() );
#5008 = ITEM_DEFINED_TRANSFORMATION('','',#11,#1936);
#5009 = PRODUCT_DEFINITION_SHAPE('Placement','Placement of an item',
  #5010);
#5010 = NEXT_ASSEMBLY_USAGE_OCCURRENCE('7','33','',#1930,#1953,$);
#5011 = PRODUCT_RELATED_PRODUCT_CATEGORY('part',$,(#1955));
#5012 = SHAPE_DEFINITION_REPRESENTATION(#5013,#5019);
#5013 = PRODUCT_DEFINITION_SHAPE('','',#5014);
#5014 = PRODUCT_DEFINITION('design','',#5015,#5018);
#5015 = PRODUCT_DEFINITION_FORMATION('','',#5016);
#5016 = PRODUCT('PinSocket_2x04_P2.54mm_Vertical',
  'PinSocket_2x04_P2.54mm_Vertical','',(#5017));
#5017 = PRODUCT_CONTEXT('',#2,'mechanical');
#5018 = PRODUCT_DEFINITION_CONTEXT('part definition',#2,'design');
#5019 = SHAPE_REPRESENTATION('',(#11,#5020),#5024);
#5020 = AXIS2_PLACEMENT_3D('',#5021,#5022,#5023);
#5021 = CARTESIAN_POINT('',(0.,0.,0.));
#5022 = DIRECTION('',(0.,0.,1.));
#5023 = DIRECTION('',(1.,0.,-0.));
#5024 = ( GEOMETRIC_REPRESENTATION_CONTEXT(3) 
GLOBAL_UNCERTAINTY_ASSIGNED_CONTEXT((#5028)) 
GLOBAL_UNIT_ASSIGNED_CONTEXT((#5025,#5026,#5027)) REPRESENTATION_CONTEXT
('Context #1','3D Context with UNIT and UNCERTAINTY') );
#5025 = ( LENGTH_UNIT() NAMED_UNIT(*) SI_UNIT(.MILLI.,.METRE.) );
#5026 = ( NAMED_UNIT(*) PLANE_ANGLE_UNIT() SI_UNIT($,.RADIAN.) );
#5027 = ( NAMED_UNIT(*) SI_UNIT($,.STERADIAN.) SOLID_ANGLE_UNIT() );
#5028 = UNCERTAINTY_MEASURE_WITH_UNIT(LENGTH_MEASURE(1.E-07),#5025,
  'distance_accuracy_value','confusion accuracy');
#5029 = CONTEXT_DEPENDENT_SHAPE_REPRESENTATION(#5030,#5032);
#5030 = ( REPRESENTATION_RELATIONSHIP('','',#5019,#10) 
REPRESENTATION_RELATIONSHIP_WITH_TRANSFORMATION(#5031) 
SHAPE_REPRESENTATION_RELATIONSHIP() );
#5031 = ITEM_DEFINED_TRANSFORMATION('','',#11,#23);
#5032 = PRODUCT_DEFINITION_SHAPE('Placement','Placement of an item',
  #5033);
#5033 = NEXT_ASSEMBLY_USAGE_OCCURRENCE('13','J2','',#5,#5014,$);
#5034 = PRODUCT_RELATED_PRODUCT_CATEGORY('part',$,(#5016));
#5035 = SHAPE_DEFINITION_REPRESENTATION(#5036,#5042);
#5036 = PRODUCT_DEFINITION_SHAPE('','',#5037);
#5037 = PRODUCT_DEFINITION('design','',#5038,#5041);
#5038 = PRODUCT_DEFINITION_FORMATION('','',#5039);
#5039 = PRODUCT('PinSocket_2x04_P2.54mm_Vertical',
  'PinSocket_2x04_P2.54mm_Vertical','',(#5040));
#5040 = PRODUCT_CONTEXT('',#2,'mechanical');
#5041 = PRODUCT_DEFINITION_CONTEXT('part definition',#2,'design');
#5042 = ADVANCED_BREP_SHAPE_REPRESENTATION('',(#11,#5043),#11533);
#5043 = MANIFOLD_SOLID_BREP('',#5044);
#5044 = CLOSED_SHELL('',(#5045,#5085,#5148,#5211,#5228,#5517,#5539,#5556
    ,#6101,#6113,#6125,#6156,#6180,#6204,#6221,#6252,#6276,#6300,#6317,
    #6348,#6372,#6396,#6413,#6444,#6468,#6492,#6509,#6540,#6564,#6588,
    #6605,#6636,#6660,#6684,#6701,#6732,#6756,#6780,#6797,#6828,#6852,
    #6876,#6893,#6910,#6957,#6974,#7021,#7038,#7085,#7102,#7149,#7166,
    #7213,#7230,#7277,#7294,#7341,#7358,#7405,#7422,#7469,#7486,#7533,
    #7550,#7597,#7614,#7661,#7678,#7725,#7742,#7789,#7806,#7853,#7870,
    #7917,#7948,#8004,#8028,#8077,#8108,#8164,#8188,#8237,#8268,#8324,
    #8348,#8397,#8428,#8484,#8508,#8557,#8588,#8644,#8668,#8717,#8748,
    #8804,#8828,#8877,#8908,#8964,#8988,#9037,#9068,#9124,#9148,#9197,
    #9214,#9231,#9248,#9265,#9277,#9294,#9311,#9328,#9345,#9357,#9374,
    #9391,#9408,#9425,#9437,#9454,#9471,#9488,#9505,#9517,#9534,#9551,
    #9568,#9585,#9597,#9614,#9631,#9648,#9665,#9677,#9694,#9711,#9728,
    #9745,#9757,#9774,#9791,#9808,#9825,#9837,#9854,#9871,#9920,#9944,
    #9986,#10003,#10020,#10037,#10086,#10110,#10152,#10169,#10186,#10203
    ,#10252,#10276,#10318,#10335,#10352,#10369,#10418,#10442,#10484,
    #10501,#10518,#10535,#10584,#10608,#10650,#10667,#10684,#10701,
    #10750,#10774,#10816,#10833,#10850,#10867,#10916,#10940,#10982,
    #10999,#11016,#11033,#11082,#11106,#11148,#11165,#11182,#11199,
    #11211,#11228,#11245,#11257,#11274,#11291,#11303,#11320,#11337,
    #11349,#11366,#11383,#11395,#11412,#11429,#11441,#11458,#11475,
    #11487,#11504,#11521));
#5045 = ADVANCED_FACE('',(#5046),#5080,.F.);
#5046 = FACE_BOUND('',#5047,.F.);
#5047 = EDGE_LOOP('',(#5048,#5058,#5066,#5074));
#5048 = ORIENTED_EDGE('',*,*,#5049,.T.);
#5049 = EDGE_CURVE('',#5050,#5052,#5054,.T.);
#5050 = VERTEX_POINT('',#5051);
#5051 = CARTESIAN_POINT('',(1.27,-8.89,0.));
#5052 = VERTEX_POINT('',#5053);
#5053 = CARTESIAN_POINT('',(1.27,-8.89,8.5));
#5054 = LINE('',#5055,#5056);
#5055 = CARTESIAN_POINT('',(1.27,-8.89,0.));
#5056 = VECTOR('',#5057,1.);
#5057 = DIRECTION('',(0.,0.,1.));
#5058 = ORIENTED_EDGE('',*,*,#5059,.T.);
#5059 = EDGE_CURVE('',#5052,#5060,#5062,.T.);
#5060 = VERTEX_POINT('',#5061);
#5061 = CARTESIAN_POINT('',(1.27,1.27,8.5));
#5062 = LINE('',#5063,#5064);
#5063 = CARTESIAN_POINT('',(1.27,-8.89,8.5));
#5064 = VECTOR('',#5065,1.);
#5065 = DIRECTION('',(1.110223024625E-16,1.,0.));
#5066 = ORIENTED_EDGE('',*,*,#5067,.F.);
#5067 = EDGE_CURVE('',#5068,#5060,#5070,.T.);
#5068 = VERTEX_POINT('',#5069);
#5069 = CARTESIAN_POINT('',(1.27,1.27,0.));
#5070 = LINE('',#5071,#5072);
#5071 = CARTESIAN_POINT('',(1.27,1.27,0.));
#5072 = VECTOR('',#5073,1.);
#5073 = DIRECTION('',(0.,0.,1.));
#5074 = ORIENTED_EDGE('',*,*,#5075,.F.);
#5075 = EDGE_CURVE('',#5050,#5068,#5076,.T.);
#5076 = LINE('',#5077,#5078);
#5077 = CARTESIAN_POINT('',(1.27,-8.89,0.));
#5078 = VECTOR('',#5079,1.);
#5079 = DIRECTION('',(1.110223024625E-16,1.,0.));
#5080 = PLANE('',#5081);
#5081 = AXIS2_PLACEMENT_3D('',#5082,#5083,#5084);
#5082 = CARTESIAN_POINT('',(1.27,-8.89,0.));
#5083 = DIRECTION('',(-1.,1.110223024625E-16,0.));
#5084 = DIRECTION('',(1.110223024625E-16,1.,0.));
#5085 = ADVANCED_FACE('',(#5086),#5143,.F.);
#5086 = FACE_BOUND('',#5087,.F.);
#5087 = EDGE_LOOP('',(#5088,#5098,#5106,#5112,#5113,#5121,#5129,#5137));
#5088 = ORIENTED_EDGE('',*,*,#5089,.F.);
#5089 = EDGE_CURVE('',#5090,#5092,#5094,.T.);
#5090 = VERTEX_POINT('',#5091);
#5091 = CARTESIAN_POINT('',(-3.81,-8.89,0.));
#5092 = VERTEX_POINT('',#5093);
#5093 = CARTESIAN_POINT('',(-2.963333333333,-8.89,0.));
#5094 = LINE('',#5095,#5096);
#5095 = CARTESIAN_POINT('',(-3.81,-8.89,0.));
#5096 = VECTOR('',#5097,1.);
#5097 = DIRECTION('',(1.,-1.110223024625E-16,0.));
#5098 = ORIENTED_EDGE('',*,*,#5099,.T.);
#5099 = EDGE_CURVE('',#5090,#5100,#5102,.T.);
#5100 = VERTEX_POINT('',#5101);
#5101 = CARTESIAN_POINT('',(-3.81,-8.89,8.5));
#5102 = LINE('',#5103,#5104);
#5103 = CARTESIAN_POINT('',(-3.81,-8.89,0.));
#5104 = VECTOR('',#5105,1.);
#5105 = DIRECTION('',(0.,0.,1.));
#5106 = ORIENTED_EDGE('',*,*,#5107,.T.);
#5107 = EDGE_CURVE('',#5100,#5052,#5108,.T.);
#5108 = LINE('',#5109,#5110);
#5109 = CARTESIAN_POINT('',(-3.81,-8.89,8.5));
#5110 = VECTOR('',#5111,1.);
#5111 = DIRECTION('',(1.,-1.110223024625E-16,0.));
#5112 = ORIENTED_EDGE('',*,*,#5049,.F.);
#5113 = ORIENTED_EDGE('',*,*,#5114,.F.);
#5114 = EDGE_CURVE('',#5115,#5050,#5117,.T.);
#5115 = VERTEX_POINT('',#5116);
#5116 = CARTESIAN_POINT('',(0.423333333333,-8.89,0.));
#5117 = LINE('',#5118,#5119);
#5118 = CARTESIAN_POINT('',(-3.81,-8.89,0.));
#5119 = VECTOR('',#5120,1.);
#5120 = DIRECTION('',(1.,-1.110223024625E-16,0.));
#5121 = ORIENTED_EDGE('',*,*,#5122,.T.);
#5122 = EDGE_CURVE('',#5115,#5123,#5125,.T.);
#5123 = VERTEX_POINT('',#5124);
#5124 = CARTESIAN_POINT('',(0.423333333333,-8.89,0.2));
#5125 = LINE('',#5126,#5127);
#5126 = CARTESIAN_POINT('',(0.423333333333,-8.89,0.));
#5127 = VECTOR('',#5128,1.);
#5128 = DIRECTION('',(0.,0.,1.));
#5129 = ORIENTED_EDGE('',*,*,#5130,.F.);
#5130 = EDGE_CURVE('',#5131,#5123,#5133,.T.);
#5131 = VERTEX_POINT('',#5132);
#5132 = CARTESIAN_POINT('',(-2.963333333333,-8.89,0.2));
#5133 = LINE('',#5134,#5135);
#5134 = CARTESIAN_POINT('',(-2.963333333333,-8.89,0.2));
#5135 = VECTOR('',#5136,1.);
#5136 = DIRECTION('',(1.,-1.110223024625E-16,0.));
#5137 = ORIENTED_EDGE('',*,*,#5138,.F.);
#5138 = EDGE_CURVE('',#5092,#5131,#5139,.T.);
#5139 = LINE('',#5140,#5141);
#5140 = CARTESIAN_POINT('',(-2.963333333333,-8.89,0.));
#5141 = VECTOR('',#5142,1.);
#5142 = DIRECTION('',(0.,0.,1.));
#5143 = PLANE('',#5144);
#5144 = AXIS2_PLACEMENT_3D('',#5145,#5146,#5147);
#5145 = CARTESIAN_POINT('',(-3.81,-8.89,0.));
#5146 = DIRECTION('',(1.110223024625E-16,1.,0.));
#5147 = DIRECTION('',(1.,-1.110223024625E-16,0.));
#5148 = ADVANCED_FACE('',(#5149),#5206,.F.);
#5149 = FACE_BOUND('',#5150,.F.);
#5150 = EDGE_LOOP('',(#5151,#5159,#5160,#5168,#5176,#5184,#5192,#5200));
#5151 = ORIENTED_EDGE('',*,*,#5152,.F.);
#5152 = EDGE_CURVE('',#5068,#5153,#5155,.T.);
#5153 = VERTEX_POINT('',#5154);
#5154 = CARTESIAN_POINT('',(0.423333333333,1.27,0.));
#5155 = LINE('',#5156,#5157);
#5156 = CARTESIAN_POINT('',(1.27,1.27,0.));
#5157 = VECTOR('',#5158,1.);
#5158 = DIRECTION('',(-1.,1.110223024625E-16,0.));
#5159 = ORIENTED_EDGE('',*,*,#5067,.T.);
#5160 = ORIENTED_EDGE('',*,*,#5161,.T.);
#5161 = EDGE_CURVE('',#5060,#5162,#5164,.T.);
#5162 = VERTEX_POINT('',#5163);
#5163 = CARTESIAN_POINT('',(-3.81,1.27,8.5));
#5164 = LINE('',#5165,#5166);
#5165 = CARTESIAN_POINT('',(1.27,1.27,8.5));
#5166 = VECTOR('',#5167,1.);
#5167 = DIRECTION('',(-1.,1.110223024625E-16,0.));
#5168 = ORIENTED_EDGE('',*,*,#5169,.F.);
#5169 = EDGE_CURVE('',#5170,#5162,#5172,.T.);
#5170 = VERTEX_POINT('',#5171);
#5171 = CARTESIAN_POINT('',(-3.81,1.27,0.));
#5172 = LINE('',#5173,#5174);
#5173 = CARTESIAN_POINT('',(-3.81,1.27,0.));
#5174 = VECTOR('',#5175,1.);
#5175 = DIRECTION('',(0.,0.,1.));
#5176 = ORIENTED_EDGE('',*,*,#5177,.F.);
#5177 = EDGE_CURVE('',#5178,#5170,#5180,.T.);
#5178 = VERTEX_POINT('',#5179);
#5179 = CARTESIAN_POINT('',(-2.963333333333,1.27,0.));
#5180 = LINE('',#5181,#5182);
#5181 = CARTESIAN_POINT('',(1.27,1.27,0.));
#5182 = VECTOR('',#5183,1.);
#5183 = DIRECTION('',(-1.,1.110223024625E-16,0.));
#5184 = ORIENTED_EDGE('',*,*,#5185,.T.);
#5185 = EDGE_CURVE('',#5178,#5186,#5188,.T.);
#5186 = VERTEX_POINT('',#5187);
#5187 = CARTESIAN_POINT('',(-2.963333333333,1.27,0.2));
#5188 = LINE('',#5189,#5190);
#5189 = CARTESIAN_POINT('',(-2.963333333333,1.27,0.));
#5190 = VECTOR('',#5191,1.);
#5191 = DIRECTION('',(0.,0.,1.));
#5192 = ORIENTED_EDGE('',*,*,#5193,.F.);
#5193 = EDGE_CURVE('',#5194,#5186,#5196,.T.);
#5194 = VERTEX_POINT('',#5195);
#5195 = CARTESIAN_POINT('',(0.423333333333,1.27,0.2));
#5196 = LINE('',#5197,#5198);
#5197 = CARTESIAN_POINT('',(0.423333333333,1.27,0.2));
#5198 = VECTOR('',#5199,1.);
#5199 = DIRECTION('',(-1.,1.110223024625E-16,0.));
#5200 = ORIENTED_EDGE('',*,*,#5201,.F.);
#5201 = EDGE_CURVE('',#5153,#5194,#5202,.T.);
#5202 = LINE('',#5203,#5204);
#5203 = CARTESIAN_POINT('',(0.423333333333,1.27,0.));
#5204 = VECTOR('',#5205,1.);
#5205 = DIRECTION('',(0.,0.,1.));
#5206 = PLANE('',#5207);
#5207 = AXIS2_PLACEMENT_3D('',#5208,#5209,#5210);
#5208 = CARTESIAN_POINT('',(1.27,1.27,0.));
#5209 = DIRECTION('',(-1.110223024625E-16,-1.,0.));
#5210 = DIRECTION('',(-1.,1.110223024625E-16,0.));
#5211 = ADVANCED_FACE('',(#5212),#5223,.F.);
#5212 = FACE_BOUND('',#5213,.F.);
#5213 = EDGE_LOOP('',(#5214,#5215,#5216,#5217));
#5214 = ORIENTED_EDGE('',*,*,#5114,.T.);
#5215 = ORIENTED_EDGE('',*,*,#5075,.T.);
#5216 = ORIENTED_EDGE('',*,*,#5152,.T.);
#5217 = ORIENTED_EDGE('',*,*,#5218,.F.);
#5218 = EDGE_CURVE('',#5115,#5153,#5219,.T.);
#5219 = LINE('',#5220,#5221);
#5220 = CARTESIAN_POINT('',(0.423333333333,-8.89,0.));
#5221 = VECTOR('',#5222,1.);
#5222 = DIRECTION('',(1.110223024625E-16,1.,0.));
#5223 = PLANE('',#5224);
#5224 = AXIS2_PLACEMENT_3D('',#5225,#5226,#5227);
#5225 = CARTESIAN_POINT('',(-1.27,-3.81,0.));
#5226 = DIRECTION('',(0.,0.,1.));
#5227 = DIRECTION('',(1.110223024625E-16,1.,-0.));
#5228 = ADVANCED_FACE('',(#5229,#5240,#5274,#5308,#5342,#5376,#5410,
    #5444,#5478),#5512,.T.);
#5229 = FACE_BOUND('',#5230,.T.);
#5230 = EDGE_LOOP('',(#5231,#5232,#5233,#5239));
#5231 = ORIENTED_EDGE('',*,*,#5059,.T.);
#5232 = ORIENTED_EDGE('',*,*,#5161,.T.);
#5233 = ORIENTED_EDGE('',*,*,#5234,.T.);
#5234 = EDGE_CURVE('',#5162,#5100,#5235,.T.);
#5235 = LINE('',#5236,#5237);
#5236 = CARTESIAN_POINT('',(-3.81,1.27,8.5));
#5237 = VECTOR('',#5238,1.);
#5238 = DIRECTION('',(-1.110223024625E-16,-1.,0.));
#5239 = ORIENTED_EDGE('',*,*,#5107,.T.);
#5240 = FACE_BOUND('',#5241,.T.);
#5241 = EDGE_LOOP('',(#5242,#5252,#5260,#5268));
#5242 = ORIENTED_EDGE('',*,*,#5243,.F.);
#5243 = EDGE_CURVE('',#5244,#5246,#5248,.T.);
#5244 = VERTEX_POINT('',#5245);
#5245 = CARTESIAN_POINT('',(-0.6,-7.02,8.5));
#5246 = VERTEX_POINT('',#5247);
#5247 = CARTESIAN_POINT('',(-0.6,-8.22,8.5));
#5248 = LINE('',#5249,#5250);
#5249 = CARTESIAN_POINT('',(-0.6,-7.02,8.5));
#5250 = VECTOR('',#5251,1.);
#5251 = DIRECTION('',(-2.334869823773E-16,-1.,0.));
#5252 = ORIENTED_EDGE('',*,*,#5253,.F.);
#5253 = EDGE_CURVE('',#5254,#5244,#5256,.T.);
#5254 = VERTEX_POINT('',#5255);
#5255 = CARTESIAN_POINT('',(0.6,-7.02,8.5));
#5256 = LINE('',#5257,#5258);
#5257 = CARTESIAN_POINT('',(0.6,-7.02,8.5));
#5258 = VECTOR('',#5259,1.);
#5259 = DIRECTION('',(-1.,2.334869823773E-16,0.));
#5260 = ORIENTED_EDGE('',*,*,#5261,.F.);
#5261 = EDGE_CURVE('',#5262,#5254,#5264,.T.);
#5262 = VERTEX_POINT('',#5263);
#5263 = CARTESIAN_POINT('',(0.6,-8.22,8.5));
#5264 = LINE('',#5265,#5266);
#5265 = CARTESIAN_POINT('',(0.6,-8.22,8.5));
#5266 = VECTOR('',#5267,1.);
#5267 = DIRECTION('',(2.334869823773E-16,1.,0.));
#5268 = ORIENTED_EDGE('',*,*,#5269,.F.);
#5269 = EDGE_CURVE('',#5246,#5262,#5270,.T.);
#5270 = LINE('',#5271,#5272);
#5271 = CARTESIAN_POINT('',(-0.6,-8.22,8.5));
#5272 = VECTOR('',#5273,1.);
#5273 = DIRECTION('',(1.,-2.334869823773E-16,0.));
#5274 = FACE_BOUND('',#5275,.T.);
#5275 = EDGE_LOOP('',(#5276,#5286,#5294,#5302));
#5276 = ORIENTED_EDGE('',*,*,#5277,.F.);
#5277 = EDGE_CURVE('',#5278,#5280,#5282,.T.);
#5278 = VERTEX_POINT('',#5279);
#5279 = CARTESIAN_POINT('',(-0.6,-4.48,8.5));
#5280 = VERTEX_POINT('',#5281);
#5281 = CARTESIAN_POINT('',(-0.6,-5.68,8.5));
#5282 = LINE('',#5283,#5284);
#5283 = CARTESIAN_POINT('',(-0.6,-4.48,8.5));
#5284 = VECTOR('',#5285,1.);
#5285 = DIRECTION('',(-2.334869823773E-16,-1.,0.));
#5286 = ORIENTED_EDGE('',*,*,#5287,.F.);
#5287 = EDGE_CURVE('',#5288,#5278,#5290,.T.);
#5288 = VERTEX_POINT('',#5289);
#5289 = CARTESIAN_POINT('',(0.6,-4.48,8.5));
#5290 = LINE('',#5291,#5292);
#5291 = CARTESIAN_POINT('',(0.6,-4.48,8.5));
#5292 = VECTOR('',#5293,1.);
#5293 = DIRECTION('',(-1.,2.334869823773E-16,0.));
#5294 = ORIENTED_EDGE('',*,*,#5295,.F.);
#5295 = EDGE_CURVE('',#5296,#5288,#5298,.T.);
#5296 = VERTEX_POINT('',#5297);
#5297 = CARTESIAN_POINT('',(0.6,-5.68,8.5));
#5298 = LINE('',#5299,#5300);
#5299 = CARTESIAN_POINT('',(0.6,-5.68,8.5));
#5300 = VECTOR('',#5301,1.);
#5301 = DIRECTION('',(2.334869823773E-16,1.,0.));
#5302 = ORIENTED_EDGE('',*,*,#5303,.F.);
#5303 = EDGE_CURVE('',#5280,#5296,#5304,.T.);
#5304 = LINE('',#5305,#5306);
#5305 = CARTESIAN_POINT('',(-0.6,-5.68,8.5));
#5306 = VECTOR('',#5307,1.);
#5307 = DIRECTION('',(1.,-2.334869823773E-16,0.));
#5308 = FACE_BOUND('',#5309,.T.);
#5309 = EDGE_LOOP('',(#5310,#5320,#5328,#5336));
#5310 = ORIENTED_EDGE('',*,*,#5311,.F.);
#5311 = EDGE_CURVE('',#5312,#5314,#5316,.T.);
#5312 = VERTEX_POINT('',#5313);
#5313 = CARTESIAN_POINT('',(-0.6,-1.94,8.5));
#5314 = VERTEX_POINT('',#5315);
#5315 = CARTESIAN_POINT('',(-0.6,-3.14,8.5));
#5316 = LINE('',#5317,#5318);
#5317 = CARTESIAN_POINT('',(-0.6,-1.94,8.5));
#5318 = VECTOR('',#5319,1.);
#5319 = DIRECTION('',(-2.334869823773E-16,-1.,0.));
#5320 = ORIENTED_EDGE('',*,*,#5321,.F.);
#5321 = EDGE_CURVE('',#5322,#5312,#5324,.T.);
#5322 = VERTEX_POINT('',#5323);
#5323 = CARTESIAN_POINT('',(0.6,-1.94,8.5));
#5324 = LINE('',#5325,#5326);
#5325 = CARTESIAN_POINT('',(0.6,-1.94,8.5));
#5326 = VECTOR('',#5327,1.);
#5327 = DIRECTION('',(-1.,2.334869823773E-16,0.));
#5328 = ORIENTED_EDGE('',*,*,#5329,.F.);
#5329 = EDGE_CURVE('',#5330,#5322,#5332,.T.);
#5330 = VERTEX_POINT('',#5331);
#5331 = CARTESIAN_POINT('',(0.6,-3.14,8.5));
#5332 = LINE('',#5333,#5334);
#5333 = CARTESIAN_POINT('',(0.6,-3.14,8.5));
#5334 = VECTOR('',#5335,1.);
#5335 = DIRECTION('',(2.334869823773E-16,1.,0.));
#5336 = ORIENTED_EDGE('',*,*,#5337,.F.);
#5337 = EDGE_CURVE('',#5314,#5330,#5338,.T.);
#5338 = LINE('',#5339,#5340);
#5339 = CARTESIAN_POINT('',(-0.6,-3.14,8.5));
#5340 = VECTOR('',#5341,1.);
#5341 = DIRECTION('',(1.,-2.334869823773E-16,0.));
#5342 = FACE_BOUND('',#5343,.T.);
#5343 = EDGE_LOOP('',(#5344,#5354,#5362,#5370));
#5344 = ORIENTED_EDGE('',*,*,#5345,.F.);
#5345 = EDGE_CURVE('',#5346,#5348,#5350,.T.);
#5346 = VERTEX_POINT('',#5347);
#5347 = CARTESIAN_POINT('',(-0.6,0.6,8.5));
#5348 = VERTEX_POINT('',#5349);
#5349 = CARTESIAN_POINT('',(-0.6,-0.6,8.5));
#5350 = LINE('',#5351,#5352);
#5351 = CARTESIAN_POINT('',(-0.6,0.6,8.5));
#5352 = VECTOR('',#5353,1.);
#5353 = DIRECTION('',(-2.334869823773E-16,-1.,0.));
#5354 = ORIENTED_EDGE('',*,*,#5355,.F.);
#5355 = EDGE_CURVE('',#5356,#5346,#5358,.T.);
#5356 = VERTEX_POINT('',#5357);
#5357 = CARTESIAN_POINT('',(0.6,0.6,8.5));
#5358 = LINE('',#5359,#5360);
#5359 = CARTESIAN_POINT('',(0.6,0.6,8.5));
#5360 = VECTOR('',#5361,1.);
#5361 = DIRECTION('',(-1.,2.334869823773E-16,0.));
#5362 = ORIENTED_EDGE('',*,*,#5363,.F.);
#5363 = EDGE_CURVE('',#5364,#5356,#5366,.T.);
#5364 = VERTEX_POINT('',#5365);
#5365 = CARTESIAN_POINT('',(0.6,-0.6,8.5));
#5366 = LINE('',#5367,#5368);
#5367 = CARTESIAN_POINT('',(0.6,-0.6,8.5));
#5368 = VECTOR('',#5369,1.);
#5369 = DIRECTION('',(2.334869823773E-16,1.,0.));
#5370 = ORIENTED_EDGE('',*,*,#5371,.F.);
#5371 = EDGE_CURVE('',#5348,#5364,#5372,.T.);
#5372 = LINE('',#5373,#5374);
#5373 = CARTESIAN_POINT('',(-0.6,-0.6,8.5));
#5374 = VECTOR('',#5375,1.);
#5375 = DIRECTION('',(1.,-2.334869823773E-16,0.));
#5376 = FACE_BOUND('',#5377,.T.);
#5377 = EDGE_LOOP('',(#5378,#5388,#5396,#5404));
#5378 = ORIENTED_EDGE('',*,*,#5379,.F.);
#5379 = EDGE_CURVE('',#5380,#5382,#5384,.T.);
#5380 = VERTEX_POINT('',#5381);
#5381 = CARTESIAN_POINT('',(-1.94,-8.22,8.5));
#5382 = VERTEX_POINT('',#5383);
#5383 = CARTESIAN_POINT('',(-1.94,-7.02,8.5));
#5384 = LINE('',#5385,#5386);
#5385 = CARTESIAN_POINT('',(-1.94,-8.22,8.5));
#5386 = VECTOR('',#5387,1.);
#5387 = DIRECTION('',(1.110223024625E-16,1.,0.));
#5388 = ORIENTED_EDGE('',*,*,#5389,.F.);
#5389 = EDGE_CURVE('',#5390,#5380,#5392,.T.);
#5390 = VERTEX_POINT('',#5391);
#5391 = CARTESIAN_POINT('',(-3.14,-8.22,8.5));
#5392 = LINE('',#5393,#5394);
#5393 = CARTESIAN_POINT('',(-3.14,-8.22,8.5));
#5394 = VECTOR('',#5395,1.);
#5395 = DIRECTION('',(1.,-1.110223024625E-16,0.));
#5396 = ORIENTED_EDGE('',*,*,#5397,.F.);
#5397 = EDGE_CURVE('',#5398,#5390,#5400,.T.);
#5398 = VERTEX_POINT('',#5399);
#5399 = CARTESIAN_POINT('',(-3.14,-7.02,8.5));
#5400 = LINE('',#5401,#5402);
#5401 = CARTESIAN_POINT('',(-3.14,-7.02,8.5));
#5402 = VECTOR('',#5403,1.);
#5403 = DIRECTION('',(-1.110223024625E-16,-1.,0.));
#5404 = ORIENTED_EDGE('',*,*,#5405,.F.);
#5405 = EDGE_CURVE('',#5382,#5398,#5406,.T.);
#5406 = LINE('',#5407,#5408);
#5407 = CARTESIAN_POINT('',(-1.94,-7.02,8.5));
#5408 = VECTOR('',#5409,1.);
#5409 = DIRECTION('',(-1.,1.110223024625E-16,0.));
#5410 = FACE_BOUND('',#5411,.T.);
#5411 = EDGE_LOOP('',(#5412,#5422,#5430,#5438));
#5412 = ORIENTED_EDGE('',*,*,#5413,.F.);
#5413 = EDGE_CURVE('',#5414,#5416,#5418,.T.);
#5414 = VERTEX_POINT('',#5415);
#5415 = CARTESIAN_POINT('',(-1.94,-5.68,8.5));
#5416 = VERTEX_POINT('',#5417);
#5417 = CARTESIAN_POINT('',(-1.94,-4.48,8.5));
#5418 = LINE('',#5419,#5420);
#5419 = CARTESIAN_POINT('',(-1.94,-5.68,8.5));
#5420 = VECTOR('',#5421,1.);
#5421 = DIRECTION('',(1.110223024625E-16,1.,0.));
#5422 = ORIENTED_EDGE('',*,*,#5423,.F.);
#5423 = EDGE_CURVE('',#5424,#5414,#5426,.T.);
#5424 = VERTEX_POINT('',#5425);
#5425 = CARTESIAN_POINT('',(-3.14,-5.68,8.5));
#5426 = LINE('',#5427,#5428);
#5427 = CARTESIAN_POINT('',(-3.14,-5.68,8.5));
#5428 = VECTOR('',#5429,1.);
#5429 = DIRECTION('',(1.,-1.110223024625E-16,0.));
#5430 = ORIENTED_EDGE('',*,*,#5431,.F.);
#5431 = EDGE_CURVE('',#5432,#5424,#5434,.T.);
#5432 = VERTEX_POINT('',#5433);
#5433 = CARTESIAN_POINT('',(-3.14,-4.48,8.5));
#5434 = LINE('',#5435,#5436);
#5435 = CARTESIAN_POINT('',(-3.14,-4.48,8.5));
#5436 = VECTOR('',#5437,1.);
#5437 = DIRECTION('',(-1.110223024625E-16,-1.,0.));
#5438 = ORIENTED_EDGE('',*,*,#5439,.F.);
#5439 = EDGE_CURVE('',#5416,#5432,#5440,.T.);
#5440 = LINE('',#5441,#5442);
#5441 = CARTESIAN_POINT('',(-1.94,-4.48,8.5));
#5442 = VECTOR('',#5443,1.);
#5443 = DIRECTION('',(-1.,1.110223024625E-16,0.));
#5444 = FACE_BOUND('',#5445,.T.);
#5445 = EDGE_LOOP('',(#5446,#5456,#5464,#5472));
#5446 = ORIENTED_EDGE('',*,*,#5447,.F.);
#5447 = EDGE_CURVE('',#5448,#5450,#5452,.T.);
#5448 = VERTEX_POINT('',#5449);
#5449 = CARTESIAN_POINT('',(-1.94,-3.14,8.5));
#5450 = VERTEX_POINT('',#5451);
#5451 = CARTESIAN_POINT('',(-1.94,-1.94,8.5));
#5452 = LINE('',#5453,#5454);
#5453 = CARTESIAN_POINT('',(-1.94,-3.14,8.5));
#5454 = VECTOR('',#5455,1.);
#5455 = DIRECTION('',(1.110223024625E-16,1.,0.));
#5456 = ORIENTED_EDGE('',*,*,#5457,.F.);
#5457 = EDGE_CURVE('',#5458,#5448,#5460,.T.);
#5458 = VERTEX_POINT('',#5459);
#5459 = CARTESIAN_POINT('',(-3.14,-3.14,8.5));
#5460 = LINE('',#5461,#5462);
#5461 = CARTESIAN_POINT('',(-3.14,-3.14,8.5));
#5462 = VECTOR('',#5463,1.);
#5463 = DIRECTION('',(1.,-1.110223024625E-16,0.));
#5464 = ORIENTED_EDGE('',*,*,#5465,.F.);
#5465 = EDGE_CURVE('',#5466,#5458,#5468,.T.);
#5466 = VERTEX_POINT('',#5467);
#5467 = CARTESIAN_POINT('',(-3.14,-1.94,8.5));
#5468 = LINE('',#5469,#5470);
#5469 = CARTESIAN_POINT('',(-3.14,-1.94,8.5));
#5470 = VECTOR('',#5471,1.);
#5471 = DIRECTION('',(-1.110223024625E-16,-1.,0.));
#5472 = ORIENTED_EDGE('',*,*,#5473,.F.);
#5473 = EDGE_CURVE('',#5450,#5466,#5474,.T.);
#5474 = LINE('',#5475,#5476);
#5475 = CARTESIAN_POINT('',(-1.94,-1.94,8.5));
#5476 = VECTOR('',#5477,1.);
#5477 = DIRECTION('',(-1.,1.110223024625E-16,0.));
#5478 = FACE_BOUND('',#5479,.T.);
#5479 = EDGE_LOOP('',(#5480,#5490,#5498,#5506));
#5480 = ORIENTED_EDGE('',*,*,#5481,.F.);
#5481 = EDGE_CURVE('',#5482,#5484,#5486,.T.);
#5482 = VERTEX_POINT('',#5483);
#5483 = CARTESIAN_POINT('',(-1.94,-0.6,8.5));
#5484 = VERTEX_POINT('',#5485);
#5485 = CARTESIAN_POINT('',(-1.94,0.6,8.5));
#5486 = LINE('',#5487,#5488);
#5487 = CARTESIAN_POINT('',(-1.94,-0.6,8.5));
#5488 = VECTOR('',#5489,1.);
#5489 = DIRECTION('',(1.110223024625E-16,1.,0.));
#5490 = ORIENTED_EDGE('',*,*,#5491,.F.);
#5491 = EDGE_CURVE('',#5492,#5482,#5494,.T.);
#5492 = VERTEX_POINT('',#5493);
#5493 = CARTESIAN_POINT('',(-3.14,-0.6,8.5));
#5494 = LINE('',#5495,#5496);
#5495 = CARTESIAN_POINT('',(-3.14,-0.6,8.5));
#5496 = VECTOR('',#5497,1.);
#5497 = DIRECTION('',(1.,-1.110223024625E-16,0.));
#5498 = ORIENTED_EDGE('',*,*,#5499,.F.);
#5499 = EDGE_CURVE('',#5500,#5492,#5502,.T.);
#5500 = VERTEX_POINT('',#5501);
#5501 = CARTESIAN_POINT('',(-3.14,0.6,8.5));
#5502 = LINE('',#5503,#5504);
#5503 = CARTESIAN_POINT('',(-3.14,0.6,8.5));
#5504 = VECTOR('',#5505,1.);
#5505 = DIRECTION('',(-1.110223024625E-16,-1.,0.));
#5506 = ORIENTED_EDGE('',*,*,#5507,.F.);
#5507 = EDGE_CURVE('',#5484,#5500,#5508,.T.);
#5508 = LINE('',#5509,#5510);
#5509 = CARTESIAN_POINT('',(-1.94,0.6,8.5));
#5510 = VECTOR('',#5511,1.);
#5511 = DIRECTION('',(-1.,1.110223024625E-16,0.));
#5512 = PLANE('',#5513);
#5513 = AXIS2_PLACEMENT_3D('',#5514,#5515,#5516);
#5514 = CARTESIAN_POINT('',(-1.27,-3.81,8.5));
#5515 = DIRECTION('',(0.,0.,1.));
#5516 = DIRECTION('',(1.110223024625E-16,1.,-0.));
#5517 = ADVANCED_FACE('',(#5518),#5534,.F.);
#5518 = FACE_BOUND('',#5519,.F.);
#5519 = EDGE_LOOP('',(#5520,#5521,#5527,#5528));
#5520 = ORIENTED_EDGE('',*,*,#5089,.T.);
#5521 = ORIENTED_EDGE('',*,*,#5522,.F.);
#5522 = EDGE_CURVE('',#5178,#5092,#5523,.T.);
#5523 = LINE('',#5524,#5525);
#5524 = CARTESIAN_POINT('',(-2.963333333333,1.27,0.));
#5525 = VECTOR('',#5526,1.);
#5526 = DIRECTION('',(-1.110223024625E-16,-1.,0.));
#5527 = ORIENTED_EDGE('',*,*,#5177,.T.);
#5528 = ORIENTED_EDGE('',*,*,#5529,.T.);
#5529 = EDGE_CURVE('',#5170,#5090,#5530,.T.);
#5530 = LINE('',#5531,#5532);
#5531 = CARTESIAN_POINT('',(-3.81,1.27,0.));
#5532 = VECTOR('',#5533,1.);
#5533 = DIRECTION('',(-1.110223024625E-16,-1.,0.));
#5534 = PLANE('',#5535);
#5535 = AXIS2_PLACEMENT_3D('',#5536,#5537,#5538);
#5536 = CARTESIAN_POINT('',(-1.27,-3.81,0.));
#5537 = DIRECTION('',(0.,0.,1.));
#5538 = DIRECTION('',(1.110223024625E-16,1.,-0.));
#5539 = ADVANCED_FACE('',(#5540),#5551,.T.);
#5540 = FACE_BOUND('',#5541,.T.);
#5541 = EDGE_LOOP('',(#5542,#5543,#5549,#5550));
#5542 = ORIENTED_EDGE('',*,*,#5185,.T.);
#5543 = ORIENTED_EDGE('',*,*,#5544,.T.);
#5544 = EDGE_CURVE('',#5186,#5131,#5545,.T.);
#5545 = LINE('',#5546,#5547);
#5546 = CARTESIAN_POINT('',(-2.963333333333,1.27,0.2));
#5547 = VECTOR('',#5548,1.);
#5548 = DIRECTION('',(-1.110223024625E-16,-1.,0.));
#5549 = ORIENTED_EDGE('',*,*,#5138,.F.);
#5550 = ORIENTED_EDGE('',*,*,#5522,.F.);
#5551 = PLANE('',#5552);
#5552 = AXIS2_PLACEMENT_3D('',#5553,#5554,#5555);
#5553 = CARTESIAN_POINT('',(-2.963333333333,1.27,0.));
#5554 = DIRECTION('',(1.,-1.110223024625E-16,0.));
#5555 = DIRECTION('',(-1.110223024625E-16,-1.,0.));
#5556 = ADVANCED_FACE('',(#5557,#5568,#5634,#5700,#5766,#5832,#5898,
    #5964,#6030),#6096,.F.);
#5557 = FACE_BOUND('',#5558,.F.);
#5558 = EDGE_LOOP('',(#5559,#5565,#5566,#5567));
#5559 = ORIENTED_EDGE('',*,*,#5560,.T.);
#5560 = EDGE_CURVE('',#5123,#5194,#5561,.T.);
#5561 = LINE('',#5562,#5563);
#5562 = CARTESIAN_POINT('',(0.423333333333,-8.89,0.2));
#5563 = VECTOR('',#5564,1.);
#5564 = DIRECTION('',(1.110223024625E-16,1.,0.));
#5565 = ORIENTED_EDGE('',*,*,#5193,.T.);
#5566 = ORIENTED_EDGE('',*,*,#5544,.T.);
#5567 = ORIENTED_EDGE('',*,*,#5130,.T.);
#5568 = FACE_BOUND('',#5569,.F.);
#5569 = EDGE_LOOP('',(#5570,#5580,#5588,#5596,#5604,#5612,#5620,#5628));
#5570 = ORIENTED_EDGE('',*,*,#5571,.F.);
#5571 = EDGE_CURVE('',#5572,#5574,#5576,.T.);
#5572 = VERTEX_POINT('',#5573);
#5573 = CARTESIAN_POINT('',(0.1,-7.17,0.2));
#5574 = VERTEX_POINT('',#5575);
#5575 = CARTESIAN_POINT('',(-0.1,-7.17,0.2));
#5576 = LINE('',#5577,#5578);
#5577 = CARTESIAN_POINT('',(0.1,-7.17,0.2));
#5578 = VECTOR('',#5579,1.);
#5579 = DIRECTION('',(-1.,2.334869823773E-16,0.));
#5580 = ORIENTED_EDGE('',*,*,#5581,.T.);
#5581 = EDGE_CURVE('',#5572,#5582,#5584,.T.);
#5582 = VERTEX_POINT('',#5583);
#5583 = CARTESIAN_POINT('',(0.1,-7.32,0.2));
#5584 = LINE('',#5585,#5586);
#5585 = CARTESIAN_POINT('',(0.1,-7.17,0.2));
#5586 = VECTOR('',#5587,1.);
#5587 = DIRECTION('',(-2.334869823773E-16,-1.,0.));
#5588 = ORIENTED_EDGE('',*,*,#5589,.F.);
#5589 = EDGE_CURVE('',#5590,#5582,#5592,.T.);
#5590 = VERTEX_POINT('',#5591);
#5591 = CARTESIAN_POINT('',(0.1,-7.92,0.2));
#5592 = LINE('',#5593,#5594);
#5593 = CARTESIAN_POINT('',(0.1,-5.715,0.2));
#5594 = VECTOR('',#5595,1.);
#5595 = DIRECTION('',(2.334869823773E-16,1.,-0.));
#5596 = ORIENTED_EDGE('',*,*,#5597,.T.);
#5597 = EDGE_CURVE('',#5590,#5598,#5600,.T.);
#5598 = VERTEX_POINT('',#5599);
#5599 = CARTESIAN_POINT('',(0.1,-8.07,0.2));
#5600 = LINE('',#5601,#5602);
#5601 = CARTESIAN_POINT('',(0.1,-7.17,0.2));
#5602 = VECTOR('',#5603,1.);
#5603 = DIRECTION('',(-2.334869823773E-16,-1.,0.));
#5604 = ORIENTED_EDGE('',*,*,#5605,.T.);
#5605 = EDGE_CURVE('',#5598,#5606,#5608,.T.);
#5606 = VERTEX_POINT('',#5607);
#5607 = CARTESIAN_POINT('',(-0.1,-8.07,0.2));
#5608 = LINE('',#5609,#5610);
#5609 = CARTESIAN_POINT('',(0.1,-8.07,0.2));
#5610 = VECTOR('',#5611,1.);
#5611 = DIRECTION('',(-1.,2.334869823773E-16,0.));
#5612 = ORIENTED_EDGE('',*,*,#5613,.T.);
#5613 = EDGE_CURVE('',#5606,#5614,#5616,.T.);
#5614 = VERTEX_POINT('',#5615);
#5615 = CARTESIAN_POINT('',(-0.1,-7.92,0.2));
#5616 = LINE('',#5617,#5618);
#5617 = CARTESIAN_POINT('',(-0.1,-8.07,0.2));
#5618 = VECTOR('',#5619,1.);
#5619 = DIRECTION('',(2.334869823773E-16,1.,0.));
#5620 = ORIENTED_EDGE('',*,*,#5621,.T.);
#5621 = EDGE_CURVE('',#5614,#5622,#5624,.T.);
#5622 = VERTEX_POINT('',#5623);
#5623 = CARTESIAN_POINT('',(-0.1,-7.32,0.2));
#5624 = LINE('',#5625,#5626);
#5625 = CARTESIAN_POINT('',(-0.1,-5.715,0.2));
#5626 = VECTOR('',#5627,1.);
#5627 = DIRECTION('',(2.334869823773E-16,1.,-0.));
#5628 = ORIENTED_EDGE('',*,*,#5629,.T.);
#5629 = EDGE_CURVE('',#5622,#5574,#5630,.T.);
#5630 = LINE('',#5631,#5632);
#5631 = CARTESIAN_POINT('',(-0.1,-8.07,0.2));
#5632 = VECTOR('',#5633,1.);
#5633 = DIRECTION('',(2.334869823773E-16,1.,0.));
#5634 = FACE_BOUND('',#5635,.F.);
#5635 = EDGE_LOOP('',(#5636,#5646,#5654,#5662,#5670,#5678,#5686,#5694));
#5636 = ORIENTED_EDGE('',*,*,#5637,.F.);
#5637 = EDGE_CURVE('',#5638,#5640,#5642,.T.);
#5638 = VERTEX_POINT('',#5639);
#5639 = CARTESIAN_POINT('',(0.1,-4.63,0.2));
#5640 = VERTEX_POINT('',#5641);
#5641 = CARTESIAN_POINT('',(-0.1,-4.63,0.2));
#5642 = LINE('',#5643,#5644);
#5643 = CARTESIAN_POINT('',(0.1,-4.63,0.2));
#5644 = VECTOR('',#5645,1.);
#5645 = DIRECTION('',(-1.,2.334869823773E-16,0.));
#5646 = ORIENTED_EDGE('',*,*,#5647,.T.);
#5647 = EDGE_CURVE('',#5638,#5648,#5650,.T.);
#5648 = VERTEX_POINT('',#5649);
#5649 = CARTESIAN_POINT('',(0.1,-4.78,0.2));
#5650 = LINE('',#5651,#5652);
#5651 = CARTESIAN_POINT('',(0.1,-4.63,0.2));
#5652 = VECTOR('',#5653,1.);
#5653 = DIRECTION('',(-2.334869823773E-16,-1.,0.));
#5654 = ORIENTED_EDGE('',*,*,#5655,.F.);
#5655 = EDGE_CURVE('',#5656,#5648,#5658,.T.);
#5656 = VERTEX_POINT('',#5657);
#5657 = CARTESIAN_POINT('',(0.1,-5.38,0.2));
#5658 = LINE('',#5659,#5660);
#5659 = CARTESIAN_POINT('',(0.1,-4.445,0.2));
#5660 = VECTOR('',#5661,1.);
#5661 = DIRECTION('',(2.334869823773E-16,1.,-0.));
#5662 = ORIENTED_EDGE('',*,*,#5663,.T.);
#5663 = EDGE_CURVE('',#5656,#5664,#5666,.T.);
#5664 = VERTEX_POINT('',#5665);
#5665 = CARTESIAN_POINT('',(0.1,-5.53,0.2));
#5666 = LINE('',#5667,#5668);
#5667 = CARTESIAN_POINT('',(0.1,-4.63,0.2));
#5668 = VECTOR('',#5669,1.);
#5669 = DIRECTION('',(-2.334869823773E-16,-1.,0.));
#5670 = ORIENTED_EDGE('',*,*,#5671,.T.);
#5671 = EDGE_CURVE('',#5664,#5672,#5674,.T.);
#5672 = VERTEX_POINT('',#5673);
#5673 = CARTESIAN_POINT('',(-0.1,-5.53,0.2));
#5674 = LINE('',#5675,#5676);
#5675 = CARTESIAN_POINT('',(0.1,-5.53,0.2));
#5676 = VECTOR('',#5677,1.);
#5677 = DIRECTION('',(-1.,2.334869823773E-16,0.));
#5678 = ORIENTED_EDGE('',*,*,#5679,.T.);
#5679 = EDGE_CURVE('',#5672,#5680,#5682,.T.);
#5680 = VERTEX_POINT('',#5681);
#5681 = CARTESIAN_POINT('',(-0.1,-5.38,0.2));
#5682 = LINE('',#5683,#5684);
#5683 = CARTESIAN_POINT('',(-0.1,-5.53,0.2));
#5684 = VECTOR('',#5685,1.);
#5685 = DIRECTION('',(2.334869823773E-16,1.,0.));
#5686 = ORIENTED_EDGE('',*,*,#5687,.T.);
#5687 = EDGE_CURVE('',#5680,#5688,#5690,.T.);
#5688 = VERTEX_POINT('',#5689);
#5689 = CARTESIAN_POINT('',(-0.1,-4.78,0.2));
#5690 = LINE('',#5691,#5692);
#5691 = CARTESIAN_POINT('',(-0.1,-4.445,0.2));
#5692 = VECTOR('',#5693,1.);
#5693 = DIRECTION('',(2.334869823773E-16,1.,-0.));
#5694 = ORIENTED_EDGE('',*,*,#5695,.T.);
#5695 = EDGE_CURVE('',#5688,#5640,#5696,.T.);
#5696 = LINE('',#5697,#5698);
#5697 = CARTESIAN_POINT('',(-0.1,-5.53,0.2));
#5698 = VECTOR('',#5699,1.);
#5699 = DIRECTION('',(2.334869823773E-16,1.,0.));
#5700 = FACE_BOUND('',#5701,.F.);
#5701 = EDGE_LOOP('',(#5702,#5712,#5720,#5728,#5736,#5744,#5752,#5760));
#5702 = ORIENTED_EDGE('',*,*,#5703,.F.);
#5703 = EDGE_CURVE('',#5704,#5706,#5708,.T.);
#5704 = VERTEX_POINT('',#5705);
#5705 = CARTESIAN_POINT('',(0.1,-2.09,0.2));
#5706 = VERTEX_POINT('',#5707);
#5707 = CARTESIAN_POINT('',(-0.1,-2.09,0.2));
#5708 = LINE('',#5709,#5710);
#5709 = CARTESIAN_POINT('',(0.1,-2.09,0.2));
#5710 = VECTOR('',#5711,1.);
#5711 = DIRECTION('',(-1.,2.334869823773E-16,0.));
#5712 = ORIENTED_EDGE('',*,*,#5713,.T.);
#5713 = EDGE_CURVE('',#5704,#5714,#5716,.T.);
#5714 = VERTEX_POINT('',#5715);
#5715 = CARTESIAN_POINT('',(0.1,-2.24,0.2));
#5716 = LINE('',#5717,#5718);
#5717 = CARTESIAN_POINT('',(0.1,-2.09,0.2));
#5718 = VECTOR('',#5719,1.);
#5719 = DIRECTION('',(-2.334869823773E-16,-1.,0.));
#5720 = ORIENTED_EDGE('',*,*,#5721,.F.);
#5721 = EDGE_CURVE('',#5722,#5714,#5724,.T.);
#5722 = VERTEX_POINT('',#5723);
#5723 = CARTESIAN_POINT('',(0.1,-2.84,0.2));
#5724 = LINE('',#5725,#5726);
#5725 = CARTESIAN_POINT('',(0.1,-3.175,0.2));
#5726 = VECTOR('',#5727,1.);
#5727 = DIRECTION('',(2.334869823773E-16,1.,-0.));
#5728 = ORIENTED_EDGE('',*,*,#5729,.T.);
#5729 = EDGE_CURVE('',#5722,#5730,#5732,.T.);
#5730 = VERTEX_POINT('',#5731);
#5731 = CARTESIAN_POINT('',(0.1,-2.99,0.2));
#5732 = LINE('',#5733,#5734);
#5733 = CARTESIAN_POINT('',(0.1,-2.09,0.2));
#5734 = VECTOR('',#5735,1.);
#5735 = DIRECTION('',(-2.334869823773E-16,-1.,0.));
#5736 = ORIENTED_EDGE('',*,*,#5737,.T.);
#5737 = EDGE_CURVE('',#5730,#5738,#5740,.T.);
#5738 = VERTEX_POINT('',#5739);
#5739 = CARTESIAN_POINT('',(-0.1,-2.99,0.2));
#5740 = LINE('',#5741,#5742);
#5741 = CARTESIAN_POINT('',(0.1,-2.99,0.2));
#5742 = VECTOR('',#5743,1.);
#5743 = DIRECTION('',(-1.,2.334869823773E-16,0.));
#5744 = ORIENTED_EDGE('',*,*,#5745,.T.);
#5745 = EDGE_CURVE('',#5738,#5746,#5748,.T.);
#5746 = VERTEX_POINT('',#5747);
#5747 = CARTESIAN_POINT('',(-0.1,-2.84,0.2));
#5748 = LINE('',#5749,#5750);
#5749 = CARTESIAN_POINT('',(-0.1,-2.99,0.2));
#5750 = VECTOR('',#5751,1.);
#5751 = DIRECTION('',(2.334869823773E-16,1.,0.));
#5752 = ORIENTED_EDGE('',*,*,#5753,.T.);
#5753 = EDGE_CURVE('',#5746,#5754,#5756,.T.);
#5754 = VERTEX_POINT('',#5755);
#5755 = CARTESIAN_POINT('',(-0.1,-2.24,0.2));
#5756 = LINE('',#5757,#5758);
#5757 = CARTESIAN_POINT('',(-0.1,-3.175,0.2));
#5758 = VECTOR('',#5759,1.);
#5759 = DIRECTION('',(2.334869823773E-16,1.,-0.));
#5760 = ORIENTED_EDGE('',*,*,#5761,.T.);
#5761 = EDGE_CURVE('',#5754,#5706,#5762,.T.);
#5762 = LINE('',#5763,#5764);
#5763 = CARTESIAN_POINT('',(-0.1,-2.99,0.2));
#5764 = VECTOR('',#5765,1.);
#5765 = DIRECTION('',(2.334869823773E-16,1.,0.));
#5766 = FACE_BOUND('',#5767,.F.);
#5767 = EDGE_LOOP('',(#5768,#5778,#5786,#5794,#5802,#5810,#5818,#5826));
#5768 = ORIENTED_EDGE('',*,*,#5769,.F.);
#5769 = EDGE_CURVE('',#5770,#5772,#5774,.T.);
#5770 = VERTEX_POINT('',#5771);
#5771 = CARTESIAN_POINT('',(0.1,0.45,0.2));
#5772 = VERTEX_POINT('',#5773);
#5773 = CARTESIAN_POINT('',(-0.1,0.45,0.2));
#5774 = LINE('',#5775,#5776);
#5775 = CARTESIAN_POINT('',(0.1,0.45,0.2));
#5776 = VECTOR('',#5777,1.);
#5777 = DIRECTION('',(-1.,2.334869823773E-16,0.));
#5778 = ORIENTED_EDGE('',*,*,#5779,.T.);
#5779 = EDGE_CURVE('',#5770,#5780,#5782,.T.);
#5780 = VERTEX_POINT('',#5781);
#5781 = CARTESIAN_POINT('',(0.1,0.3,0.2));
#5782 = LINE('',#5783,#5784);
#5783 = CARTESIAN_POINT('',(0.1,0.45,0.2));
#5784 = VECTOR('',#5785,1.);
#5785 = DIRECTION('',(-2.334869823773E-16,-1.,0.));
#5786 = ORIENTED_EDGE('',*,*,#5787,.F.);
#5787 = EDGE_CURVE('',#5788,#5780,#5790,.T.);
#5788 = VERTEX_POINT('',#5789);
#5789 = CARTESIAN_POINT('',(0.1,-0.3,0.2));
#5790 = LINE('',#5791,#5792);
#5791 = CARTESIAN_POINT('',(0.1,-1.905,0.2));
#5792 = VECTOR('',#5793,1.);
#5793 = DIRECTION('',(2.334869823773E-16,1.,-0.));
#5794 = ORIENTED_EDGE('',*,*,#5795,.T.);
#5795 = EDGE_CURVE('',#5788,#5796,#5798,.T.);
#5796 = VERTEX_POINT('',#5797);
#5797 = CARTESIAN_POINT('',(0.1,-0.45,0.2));
#5798 = LINE('',#5799,#5800);
#5799 = CARTESIAN_POINT('',(0.1,0.45,0.2));
#5800 = VECTOR('',#5801,1.);
#5801 = DIRECTION('',(-2.334869823773E-16,-1.,0.));
#5802 = ORIENTED_EDGE('',*,*,#5803,.T.);
#5803 = EDGE_CURVE('',#5796,#5804,#5806,.T.);
#5804 = VERTEX_POINT('',#5805);
#5805 = CARTESIAN_POINT('',(-0.1,-0.45,0.2));
#5806 = LINE('',#5807,#5808);
#5807 = CARTESIAN_POINT('',(0.1,-0.45,0.2));
#5808 = VECTOR('',#5809,1.);
#5809 = DIRECTION('',(-1.,2.334869823773E-16,0.));
#5810 = ORIENTED_EDGE('',*,*,#5811,.T.);
#5811 = EDGE_CURVE('',#5804,#5812,#5814,.T.);
#5812 = VERTEX_POINT('',#5813);
#5813 = CARTESIAN_POINT('',(-0.1,-0.3,0.2));
#5814 = LINE('',#5815,#5816);
#5815 = CARTESIAN_POINT('',(-0.1,-0.45,0.2));
#5816 = VECTOR('',#5817,1.);
#5817 = DIRECTION('',(2.334869823773E-16,1.,0.));
#5818 = ORIENTED_EDGE('',*,*,#5819,.T.);
#5819 = EDGE_CURVE('',#5812,#5820,#5822,.T.);
#5820 = VERTEX_POINT('',#5821);
#5821 = CARTESIAN_POINT('',(-0.1,0.3,0.2));
#5822 = LINE('',#5823,#5824);
#5823 = CARTESIAN_POINT('',(-0.1,-1.905,0.2));
#5824 = VECTOR('',#5825,1.);
#5825 = DIRECTION('',(2.334869823773E-16,1.,-0.));
#5826 = ORIENTED_EDGE('',*,*,#5827,.T.);
#5827 = EDGE_CURVE('',#5820,#5772,#5828,.T.);
#5828 = LINE('',#5829,#5830);
#5829 = CARTESIAN_POINT('',(-0.1,-0.45,0.2));
#5830 = VECTOR('',#5831,1.);
#5831 = DIRECTION('',(2.334869823773E-16,1.,0.));
#5832 = FACE_BOUND('',#5833,.F.);
#5833 = EDGE_LOOP('',(#5834,#5844,#5852,#5860,#5868,#5876,#5884,#5892));
#5834 = ORIENTED_EDGE('',*,*,#5835,.F.);
#5835 = EDGE_CURVE('',#5836,#5838,#5840,.T.);
#5836 = VERTEX_POINT('',#5837);
#5837 = CARTESIAN_POINT('',(-2.64,-8.07,0.2));
#5838 = VERTEX_POINT('',#5839);
#5839 = CARTESIAN_POINT('',(-2.44,-8.07,0.2));
#5840 = LINE('',#5841,#5842);
#5841 = CARTESIAN_POINT('',(-2.64,-8.07,0.2));
#5842 = VECTOR('',#5843,1.);
#5843 = DIRECTION('',(1.,-1.110223024625E-16,0.));
#5844 = ORIENTED_EDGE('',*,*,#5845,.T.);
#5845 = EDGE_CURVE('',#5836,#5846,#5848,.T.);
#5846 = VERTEX_POINT('',#5847);
#5847 = CARTESIAN_POINT('',(-2.64,-7.92,0.2));
#5848 = LINE('',#5849,#5850);
#5849 = CARTESIAN_POINT('',(-2.64,-8.07,0.2));
#5850 = VECTOR('',#5851,1.);
#5851 = DIRECTION('',(1.110223024625E-16,1.,0.));
#5852 = ORIENTED_EDGE('',*,*,#5853,.F.);
#5853 = EDGE_CURVE('',#5854,#5846,#5856,.T.);
#5854 = VERTEX_POINT('',#5855);
#5855 = CARTESIAN_POINT('',(-2.64,-7.32,0.2));
#5856 = LINE('',#5857,#5858);
#5857 = CARTESIAN_POINT('',(-2.64,-5.715,0.2));
#5858 = VECTOR('',#5859,1.);
#5859 = DIRECTION('',(-1.110223024625E-16,-1.,0.));
#5860 = ORIENTED_EDGE('',*,*,#5861,.T.);
#5861 = EDGE_CURVE('',#5854,#5862,#5864,.T.);
#5862 = VERTEX_POINT('',#5863);
#5863 = CARTESIAN_POINT('',(-2.64,-7.17,0.2));
#5864 = LINE('',#5865,#5866);
#5865 = CARTESIAN_POINT('',(-2.64,-8.07,0.2));
#5866 = VECTOR('',#5867,1.);
#5867 = DIRECTION('',(1.110223024625E-16,1.,0.));
#5868 = ORIENTED_EDGE('',*,*,#5869,.T.);
#5869 = EDGE_CURVE('',#5862,#5870,#5872,.T.);
#5870 = VERTEX_POINT('',#5871);
#5871 = CARTESIAN_POINT('',(-2.44,-7.17,0.2));
#5872 = LINE('',#5873,#5874);
#5873 = CARTESIAN_POINT('',(-2.64,-7.17,0.2));
#5874 = VECTOR('',#5875,1.);
#5875 = DIRECTION('',(1.,-1.110223024625E-16,0.));
#5876 = ORIENTED_EDGE('',*,*,#5877,.T.);
#5877 = EDGE_CURVE('',#5870,#5878,#5880,.T.);
#5878 = VERTEX_POINT('',#5879);
#5879 = CARTESIAN_POINT('',(-2.44,-7.32,0.2));
#5880 = LINE('',#5881,#5882);
#5881 = CARTESIAN_POINT('',(-2.44,-7.17,0.2));
#5882 = VECTOR('',#5883,1.);
#5883 = DIRECTION('',(-1.110223024625E-16,-1.,0.));
#5884 = ORIENTED_EDGE('',*,*,#5885,.T.);
#5885 = EDGE_CURVE('',#5878,#5886,#5888,.T.);
#5886 = VERTEX_POINT('',#5887);
#5887 = CARTESIAN_POINT('',(-2.44,-7.92,0.2));
#5888 = LINE('',#5889,#5890);
#5889 = CARTESIAN_POINT('',(-2.44,-5.715,0.2));
#5890 = VECTOR('',#5891,1.);
#5891 = DIRECTION('',(-1.110223024625E-16,-1.,0.));
#5892 = ORIENTED_EDGE('',*,*,#5893,.T.);
#5893 = EDGE_CURVE('',#5886,#5838,#5894,.T.);
#5894 = LINE('',#5895,#5896);
#5895 = CARTESIAN_POINT('',(-2.44,-7.17,0.2));
#5896 = VECTOR('',#5897,1.);
#5897 = DIRECTION('',(-1.110223024625E-16,-1.,0.));
#5898 = FACE_BOUND('',#5899,.F.);
#5899 = EDGE_LOOP('',(#5900,#5910,#5918,#5926,#5934,#5942,#5950,#5958));
#5900 = ORIENTED_EDGE('',*,*,#5901,.F.);
#5901 = EDGE_CURVE('',#5902,#5904,#5906,.T.);
#5902 = VERTEX_POINT('',#5903);
#5903 = CARTESIAN_POINT('',(-2.64,-5.53,0.2));
#5904 = VERTEX_POINT('',#5905);
#5905 = CARTESIAN_POINT('',(-2.44,-5.53,0.2));
#5906 = LINE('',#5907,#5908);
#5907 = CARTESIAN_POINT('',(-2.64,-5.53,0.2));
#5908 = VECTOR('',#5909,1.);
#5909 = DIRECTION('',(1.,-1.110223024625E-16,0.));
#5910 = ORIENTED_EDGE('',*,*,#5911,.T.);
#5911 = EDGE_CURVE('',#5902,#5912,#5914,.T.);
#5912 = VERTEX_POINT('',#5913);
#5913 = CARTESIAN_POINT('',(-2.64,-5.38,0.2));
#5914 = LINE('',#5915,#5916);
#5915 = CARTESIAN_POINT('',(-2.64,-5.53,0.2));
#5916 = VECTOR('',#5917,1.);
#5917 = DIRECTION('',(1.110223024625E-16,1.,0.));
#5918 = ORIENTED_EDGE('',*,*,#5919,.F.);
#5919 = EDGE_CURVE('',#5920,#5912,#5922,.T.);
#5920 = VERTEX_POINT('',#5921);
#5921 = CARTESIAN_POINT('',(-2.64,-4.78,0.2));
#5922 = LINE('',#5923,#5924);
#5923 = CARTESIAN_POINT('',(-2.64,-4.445,0.2));
#5924 = VECTOR('',#5925,1.);
#5925 = DIRECTION('',(-1.110223024625E-16,-1.,0.));
#5926 = ORIENTED_EDGE('',*,*,#5927,.T.);
#5927 = EDGE_CURVE('',#5920,#5928,#5930,.T.);
#5928 = VERTEX_POINT('',#5929);
#5929 = CARTESIAN_POINT('',(-2.64,-4.63,0.2));
#5930 = LINE('',#5931,#5932);
#5931 = CARTESIAN_POINT('',(-2.64,-5.53,0.2));
#5932 = VECTOR('',#5933,1.);
#5933 = DIRECTION('',(1.110223024625E-16,1.,0.));
#5934 = ORIENTED_EDGE('',*,*,#5935,.T.);
#5935 = EDGE_CURVE('',#5928,#5936,#5938,.T.);
#5936 = VERTEX_POINT('',#5937);
#5937 = CARTESIAN_POINT('',(-2.44,-4.63,0.2));
#5938 = LINE('',#5939,#5940);
#5939 = CARTESIAN_POINT('',(-2.64,-4.63,0.2));
#5940 = VECTOR('',#5941,1.);
#5941 = DIRECTION('',(1.,-1.110223024625E-16,0.));
#5942 = ORIENTED_EDGE('',*,*,#5943,.T.);
#5943 = EDGE_CURVE('',#5936,#5944,#5946,.T.);
#5944 = VERTEX_POINT('',#5945);
#5945 = CARTESIAN_POINT('',(-2.44,-4.78,0.2));
#5946 = LINE('',#5947,#5948);
#5947 = CARTESIAN_POINT('',(-2.44,-4.63,0.2));
#5948 = VECTOR('',#5949,1.);
#5949 = DIRECTION('',(-1.110223024625E-16,-1.,0.));
#5950 = ORIENTED_EDGE('',*,*,#5951,.T.);
#5951 = EDGE_CURVE('',#5944,#5952,#5954,.T.);
#5952 = VERTEX_POINT('',#5953);
#5953 = CARTESIAN_POINT('',(-2.44,-5.38,0.2));
#5954 = LINE('',#5955,#5956);
#5955 = CARTESIAN_POINT('',(-2.44,-4.445,0.2));
#5956 = VECTOR('',#5957,1.);
#5957 = DIRECTION('',(-1.110223024625E-16,-1.,0.));
#5958 = ORIENTED_EDGE('',*,*,#5959,.T.);
#5959 = EDGE_CURVE('',#5952,#5904,#5960,.T.);
#5960 = LINE('',#5961,#5962);
#5961 = CARTESIAN_POINT('',(-2.44,-4.63,0.2));
#5962 = VECTOR('',#5963,1.);
#5963 = DIRECTION('',(-1.110223024625E-16,-1.,0.));
#5964 = FACE_BOUND('',#5965,.F.);
#5965 = EDGE_LOOP('',(#5966,#5976,#5984,#5992,#6000,#6008,#6016,#6024));
#5966 = ORIENTED_EDGE('',*,*,#5967,.F.);
#5967 = EDGE_CURVE('',#5968,#5970,#5972,.T.);
#5968 = VERTEX_POINT('',#5969);
#5969 = CARTESIAN_POINT('',(-2.64,-2.99,0.2));
#5970 = VERTEX_POINT('',#5971);
#5971 = CARTESIAN_POINT('',(-2.44,-2.99,0.2));
#5972 = LINE('',#5973,#5974);
#5973 = CARTESIAN_POINT('',(-2.64,-2.99,0.2));
#5974 = VECTOR('',#5975,1.);
#5975 = DIRECTION('',(1.,-1.110223024625E-16,0.));
#5976 = ORIENTED_EDGE('',*,*,#5977,.T.);
#5977 = EDGE_CURVE('',#5968,#5978,#5980,.T.);
#5978 = VERTEX_POINT('',#5979);
#5979 = CARTESIAN_POINT('',(-2.64,-2.84,0.2));
#5980 = LINE('',#5981,#5982);
#5981 = CARTESIAN_POINT('',(-2.64,-2.99,0.2));
#5982 = VECTOR('',#5983,1.);
#5983 = DIRECTION('',(1.110223024625E-16,1.,0.));
#5984 = ORIENTED_EDGE('',*,*,#5985,.F.);
#5985 = EDGE_CURVE('',#5986,#5978,#5988,.T.);
#5986 = VERTEX_POINT('',#5987);
#5987 = CARTESIAN_POINT('',(-2.64,-2.24,0.2));
#5988 = LINE('',#5989,#5990);
#5989 = CARTESIAN_POINT('',(-2.64,-3.175,0.2));
#5990 = VECTOR('',#5991,1.);
#5991 = DIRECTION('',(-1.110223024625E-16,-1.,0.));
#5992 = ORIENTED_EDGE('',*,*,#5993,.T.);
#5993 = EDGE_CURVE('',#5986,#5994,#5996,.T.);
#5994 = VERTEX_POINT('',#5995);
#5995 = CARTESIAN_POINT('',(-2.64,-2.09,0.2));
#5996 = LINE('',#5997,#5998);
#5997 = CARTESIAN_POINT('',(-2.64,-2.99,0.2));
#5998 = VECTOR('',#5999,1.);
#5999 = DIRECTION('',(1.110223024625E-16,1.,0.));
#6000 = ORIENTED_EDGE('',*,*,#6001,.T.);
#6001 = EDGE_CURVE('',#5994,#6002,#6004,.T.);
#6002 = VERTEX_POINT('',#6003);
#6003 = CARTESIAN_POINT('',(-2.44,-2.09,0.2));
#6004 = LINE('',#6005,#6006);
#6005 = CARTESIAN_POINT('',(-2.64,-2.09,0.2));
#6006 = VECTOR('',#6007,1.);
#6007 = DIRECTION('',(1.,-1.110223024625E-16,0.));
#6008 = ORIENTED_EDGE('',*,*,#6009,.T.);
#6009 = EDGE_CURVE('',#6002,#6010,#6012,.T.);
#6010 = VERTEX_POINT('',#6011);
#6011 = CARTESIAN_POINT('',(-2.44,-2.24,0.2));
#6012 = LINE('',#6013,#6014);
#6013 = CARTESIAN_POINT('',(-2.44,-2.09,0.2));
#6014 = VECTOR('',#6015,1.);
#6015 = DIRECTION('',(-1.110223024625E-16,-1.,0.));
#6016 = ORIENTED_EDGE('',*,*,#6017,.T.);
#6017 = EDGE_CURVE('',#6010,#6018,#6020,.T.);
#6018 = VERTEX_POINT('',#6019);
#6019 = CARTESIAN_POINT('',(-2.44,-2.84,0.2));
#6020 = LINE('',#6021,#6022);
#6021 = CARTESIAN_POINT('',(-2.44,-3.175,0.2));
#6022 = VECTOR('',#6023,1.);
#6023 = DIRECTION('',(-1.110223024625E-16,-1.,0.));
#6024 = ORIENTED_EDGE('',*,*,#6025,.T.);
#6025 = EDGE_CURVE('',#6018,#5970,#6026,.T.);
#6026 = LINE('',#6027,#6028);
#6027 = CARTESIAN_POINT('',(-2.44,-2.09,0.2));
#6028 = VECTOR('',#6029,1.);
#6029 = DIRECTION('',(-1.110223024625E-16,-1.,0.));
#6030 = FACE_BOUND('',#6031,.F.);
#6031 = EDGE_LOOP('',(#6032,#6042,#6050,#6058,#6066,#6074,#6082,#6090));
#6032 = ORIENTED_EDGE('',*,*,#6033,.F.);
#6033 = EDGE_CURVE('',#6034,#6036,#6038,.T.);
#6034 = VERTEX_POINT('',#6035);
#6035 = CARTESIAN_POINT('',(-2.64,-0.45,0.2));
#6036 = VERTEX_POINT('',#6037);
#6037 = CARTESIAN_POINT('',(-2.44,-0.45,0.2));
#6038 = LINE('',#6039,#6040);
#6039 = CARTESIAN_POINT('',(-2.64,-0.45,0.2));
#6040 = VECTOR('',#6041,1.);
#6041 = DIRECTION('',(1.,-1.110223024625E-16,0.));
#6042 = ORIENTED_EDGE('',*,*,#6043,.T.);
#6043 = EDGE_CURVE('',#6034,#6044,#6046,.T.);
#6044 = VERTEX_POINT('',#6045);
#6045 = CARTESIAN_POINT('',(-2.64,-0.3,0.2));
#6046 = LINE('',#6047,#6048);
#6047 = CARTESIAN_POINT('',(-2.64,-0.45,0.2));
#6048 = VECTOR('',#6049,1.);
#6049 = DIRECTION('',(1.110223024625E-16,1.,0.));
#6050 = ORIENTED_EDGE('',*,*,#6051,.F.);
#6051 = EDGE_CURVE('',#6052,#6044,#6054,.T.);
#6052 = VERTEX_POINT('',#6053);
#6053 = CARTESIAN_POINT('',(-2.64,0.3,0.2));
#6054 = LINE('',#6055,#6056);
#6055 = CARTESIAN_POINT('',(-2.64,-1.905,0.2));
#6056 = VECTOR('',#6057,1.);
#6057 = DIRECTION('',(-1.110223024625E-16,-1.,0.));
#6058 = ORIENTED_EDGE('',*,*,#6059,.T.);
#6059 = EDGE_CURVE('',#6052,#6060,#6062,.T.);
#6060 = VERTEX_POINT('',#6061);
#6061 = CARTESIAN_POINT('',(-2.64,0.45,0.2));
#6062 = LINE('',#6063,#6064);
#6063 = CARTESIAN_POINT('',(-2.64,-0.45,0.2));
#6064 = VECTOR('',#6065,1.);
#6065 = DIRECTION('',(1.110223024625E-16,1.,0.));
#6066 = ORIENTED_EDGE('',*,*,#6067,.T.);
#6067 = EDGE_CURVE('',#6060,#6068,#6070,.T.);
#6068 = VERTEX_POINT('',#6069);
#6069 = CARTESIAN_POINT('',(-2.44,0.45,0.2));
#6070 = LINE('',#6071,#6072);
#6071 = CARTESIAN_POINT('',(-2.64,0.45,0.2));
#6072 = VECTOR('',#6073,1.);
#6073 = DIRECTION('',(1.,-1.110223024625E-16,0.));
#6074 = ORIENTED_EDGE('',*,*,#6075,.T.);
#6075 = EDGE_CURVE('',#6068,#6076,#6078,.T.);
#6076 = VERTEX_POINT('',#6077);
#6077 = CARTESIAN_POINT('',(-2.44,0.3,0.2));
#6078 = LINE('',#6079,#6080);
#6079 = CARTESIAN_POINT('',(-2.44,0.45,0.2));
#6080 = VECTOR('',#6081,1.);
#6081 = DIRECTION('',(-1.110223024625E-16,-1.,0.));
#6082 = ORIENTED_EDGE('',*,*,#6083,.T.);
#6083 = EDGE_CURVE('',#6076,#6084,#6086,.T.);
#6084 = VERTEX_POINT('',#6085);
#6085 = CARTESIAN_POINT('',(-2.44,-0.3,0.2));
#6086 = LINE('',#6087,#6088);
#6087 = CARTESIAN_POINT('',(-2.44,-1.905,0.2));
#6088 = VECTOR('',#6089,1.);
#6089 = DIRECTION('',(-1.110223024625E-16,-1.,0.));
#6090 = ORIENTED_EDGE('',*,*,#6091,.T.);
#6091 = EDGE_CURVE('',#6084,#6036,#6092,.T.);
#6092 = LINE('',#6093,#6094);
#6093 = CARTESIAN_POINT('',(-2.44,0.45,0.2));
#6094 = VECTOR('',#6095,1.);
#6095 = DIRECTION('',(-1.110223024625E-16,-1.,0.));
#6096 = PLANE('',#6097);
#6097 = AXIS2_PLACEMENT_3D('',#6098,#6099,#6100);
#6098 = CARTESIAN_POINT('',(-1.27,-3.81,0.2));
#6099 = DIRECTION('',(0.,0.,1.));
#6100 = DIRECTION('',(1.110223024625E-16,1.,-0.));
#6101 = ADVANCED_FACE('',(#6102),#6108,.T.);
#6102 = FACE_BOUND('',#6103,.T.);
#6103 = EDGE_LOOP('',(#6104,#6105,#6106,#6107));
#6104 = ORIENTED_EDGE('',*,*,#5122,.T.);
#6105 = ORIENTED_EDGE('',*,*,#5560,.T.);
#6106 = ORIENTED_EDGE('',*,*,#5201,.F.);
#6107 = ORIENTED_EDGE('',*,*,#5218,.F.);
#6108 = PLANE('',#6109);
#6109 = AXIS2_PLACEMENT_3D('',#6110,#6111,#6112);
#6110 = CARTESIAN_POINT('',(0.423333333333,-8.89,0.));
#6111 = DIRECTION('',(-1.,1.110223024625E-16,0.));
#6112 = DIRECTION('',(1.110223024625E-16,1.,0.));
#6113 = ADVANCED_FACE('',(#6114),#6120,.F.);
#6114 = FACE_BOUND('',#6115,.F.);
#6115 = EDGE_LOOP('',(#6116,#6117,#6118,#6119));
#6116 = ORIENTED_EDGE('',*,*,#5169,.T.);
#6117 = ORIENTED_EDGE('',*,*,#5234,.T.);
#6118 = ORIENTED_EDGE('',*,*,#5099,.F.);
#6119 = ORIENTED_EDGE('',*,*,#5529,.F.);
#6120 = PLANE('',#6121);
#6121 = AXIS2_PLACEMENT_3D('',#6122,#6123,#6124);
#6122 = CARTESIAN_POINT('',(-3.81,1.27,0.));
#6123 = DIRECTION('',(1.,-1.110223024625E-16,0.));
#6124 = DIRECTION('',(-1.110223024625E-16,-1.,0.));
#6125 = ADVANCED_FACE('',(#6126),#6151,.T.);
#6126 = FACE_BOUND('',#6127,.T.);
#6127 = EDGE_LOOP('',(#6128,#6136,#6137,#6145));
#6128 = ORIENTED_EDGE('',*,*,#6129,.F.);
#6129 = EDGE_CURVE('',#5244,#6130,#6132,.T.);
#6130 = VERTEX_POINT('',#6131);
#6131 = CARTESIAN_POINT('',(-0.3,-7.32,8.2));
#6132 = LINE('',#6133,#6134);
#6133 = CARTESIAN_POINT('',(-0.3,-7.32,8.2));
#6134 = VECTOR('',#6135,1.);
#6135 = DIRECTION('',(0.57735026919,-0.57735026919,-0.57735026919));
#6136 = ORIENTED_EDGE('',*,*,#5243,.T.);
#6137 = ORIENTED_EDGE('',*,*,#6138,.T.);
#6138 = EDGE_CURVE('',#5246,#6139,#6141,.T.);
#6139 = VERTEX_POINT('',#6140);
#6140 = CARTESIAN_POINT('',(-0.3,-7.92,8.2));
#6141 = LINE('',#6142,#6143);
#6142 = CARTESIAN_POINT('',(-0.3,-7.92,8.2));
#6143 = VECTOR('',#6144,1.);
#6144 = DIRECTION('',(0.57735026919,0.57735026919,-0.57735026919));
#6145 = ORIENTED_EDGE('',*,*,#6146,.F.);
#6146 = EDGE_CURVE('',#6130,#6139,#6147,.T.);
#6147 = LINE('',#6148,#6149);
#6148 = CARTESIAN_POINT('',(-0.3,-7.02,8.2));
#6149 = VECTOR('',#6150,1.);
#6150 = DIRECTION('',(-2.334869823773E-16,-1.,0.));
#6151 = PLANE('',#6152);
#6152 = AXIS2_PLACEMENT_3D('',#6153,#6154,#6155);
#6153 = CARTESIAN_POINT('',(-0.45,-7.02,8.35));
#6154 = DIRECTION('',(0.707106781187,-1.651002285576E-16,0.707106781187)
  );
#6155 = DIRECTION('',(-2.334869823772E-16,-1.,1.261191372222E-28));
#6156 = ADVANCED_FACE('',(#6157),#6175,.T.);
#6157 = FACE_BOUND('',#6158,.T.);
#6158 = EDGE_LOOP('',(#6159,#6160,#6161,#6169));
#6159 = ORIENTED_EDGE('',*,*,#6138,.F.);
#6160 = ORIENTED_EDGE('',*,*,#5269,.T.);
#6161 = ORIENTED_EDGE('',*,*,#6162,.T.);
#6162 = EDGE_CURVE('',#5262,#6163,#6165,.T.);
#6163 = VERTEX_POINT('',#6164);
#6164 = CARTESIAN_POINT('',(0.3,-7.92,8.2));
#6165 = LINE('',#6166,#6167);
#6166 = CARTESIAN_POINT('',(0.3,-7.92,8.2));
#6167 = VECTOR('',#6168,1.);
#6168 = DIRECTION('',(-0.57735026919,0.57735026919,-0.57735026919));
#6169 = ORIENTED_EDGE('',*,*,#6170,.F.);
#6170 = EDGE_CURVE('',#6139,#6163,#6171,.T.);
#6171 = LINE('',#6172,#6173);
#6172 = CARTESIAN_POINT('',(-0.6,-7.92,8.2));
#6173 = VECTOR('',#6174,1.);
#6174 = DIRECTION('',(1.,-2.334869823773E-16,0.));
#6175 = PLANE('',#6176);
#6176 = AXIS2_PLACEMENT_3D('',#6177,#6178,#6179);
#6177 = CARTESIAN_POINT('',(-0.6,-8.07,8.35));
#6178 = DIRECTION('',(1.651002285576E-16,0.707106781187,0.707106781187)
  );
#6179 = DIRECTION('',(1.,-2.334869823772E-16,1.261191372222E-28));
#6180 = ADVANCED_FACE('',(#6181),#6199,.T.);
#6181 = FACE_BOUND('',#6182,.T.);
#6182 = EDGE_LOOP('',(#6183,#6184,#6185,#6193));
#6183 = ORIENTED_EDGE('',*,*,#6162,.F.);
#6184 = ORIENTED_EDGE('',*,*,#5261,.T.);
#6185 = ORIENTED_EDGE('',*,*,#6186,.T.);
#6186 = EDGE_CURVE('',#5254,#6187,#6189,.T.);
#6187 = VERTEX_POINT('',#6188);
#6188 = CARTESIAN_POINT('',(0.3,-7.32,8.2));
#6189 = LINE('',#6190,#6191);
#6190 = CARTESIAN_POINT('',(0.3,-7.32,8.2));
#6191 = VECTOR('',#6192,1.);
#6192 = DIRECTION('',(-0.57735026919,-0.57735026919,-0.57735026919));
#6193 = ORIENTED_EDGE('',*,*,#6194,.F.);
#6194 = EDGE_CURVE('',#6163,#6187,#6195,.T.);
#6195 = LINE('',#6196,#6197);
#6196 = CARTESIAN_POINT('',(0.3,-8.22,8.2));
#6197 = VECTOR('',#6198,1.);
#6198 = DIRECTION('',(2.334869823773E-16,1.,0.));
#6199 = PLANE('',#6200);
#6200 = AXIS2_PLACEMENT_3D('',#6201,#6202,#6203);
#6201 = CARTESIAN_POINT('',(0.45,-8.22,8.35));
#6202 = DIRECTION('',(-0.707106781187,1.651002285576E-16,0.707106781187)
  );
#6203 = DIRECTION('',(2.334869823772E-16,1.,1.261191372222E-28));
#6204 = ADVANCED_FACE('',(#6205),#6216,.T.);
#6205 = FACE_BOUND('',#6206,.T.);
#6206 = EDGE_LOOP('',(#6207,#6208,#6209,#6210));
#6207 = ORIENTED_EDGE('',*,*,#6186,.F.);
#6208 = ORIENTED_EDGE('',*,*,#5253,.T.);
#6209 = ORIENTED_EDGE('',*,*,#6129,.T.);
#6210 = ORIENTED_EDGE('',*,*,#6211,.F.);
#6211 = EDGE_CURVE('',#6187,#6130,#6212,.T.);
#6212 = LINE('',#6213,#6214);
#6213 = CARTESIAN_POINT('',(0.6,-7.32,8.2));
#6214 = VECTOR('',#6215,1.);
#6215 = DIRECTION('',(-1.,2.334869823773E-16,0.));
#6216 = PLANE('',#6217);
#6217 = AXIS2_PLACEMENT_3D('',#6218,#6219,#6220);
#6218 = CARTESIAN_POINT('',(0.6,-7.17,8.35));
#6219 = DIRECTION('',(-1.651002285576E-16,-0.707106781187,0.707106781187
    ));
#6220 = DIRECTION('',(-1.,2.334869823772E-16,1.261191372222E-28));
#6221 = ADVANCED_FACE('',(#6222),#6247,.T.);
#6222 = FACE_BOUND('',#6223,.T.);
#6223 = EDGE_LOOP('',(#6224,#6232,#6233,#6241));
#6224 = ORIENTED_EDGE('',*,*,#6225,.F.);
#6225 = EDGE_CURVE('',#5278,#6226,#6228,.T.);
#6226 = VERTEX_POINT('',#6227);
#6227 = CARTESIAN_POINT('',(-0.3,-4.78,8.2));
#6228 = LINE('',#6229,#6230);
#6229 = CARTESIAN_POINT('',(-0.3,-4.78,8.2));
#6230 = VECTOR('',#6231,1.);
#6231 = DIRECTION('',(0.57735026919,-0.57735026919,-0.57735026919));
#6232 = ORIENTED_EDGE('',*,*,#5277,.T.);
#6233 = ORIENTED_EDGE('',*,*,#6234,.T.);
#6234 = EDGE_CURVE('',#5280,#6235,#6237,.T.);
#6235 = VERTEX_POINT('',#6236);
#6236 = CARTESIAN_POINT('',(-0.3,-5.38,8.2));
#6237 = LINE('',#6238,#6239);
#6238 = CARTESIAN_POINT('',(-0.3,-5.38,8.2));
#6239 = VECTOR('',#6240,1.);
#6240 = DIRECTION('',(0.57735026919,0.57735026919,-0.57735026919));
#6241 = ORIENTED_EDGE('',*,*,#6242,.F.);
#6242 = EDGE_CURVE('',#6226,#6235,#6243,.T.);
#6243 = LINE('',#6244,#6245);
#6244 = CARTESIAN_POINT('',(-0.3,-4.48,8.2));
#6245 = VECTOR('',#6246,1.);
#6246 = DIRECTION('',(-2.334869823773E-16,-1.,0.));
#6247 = PLANE('',#6248);
#6248 = AXIS2_PLACEMENT_3D('',#6249,#6250,#6251);
#6249 = CARTESIAN_POINT('',(-0.45,-4.48,8.35));
#6250 = DIRECTION('',(0.707106781187,-1.651002285576E-16,0.707106781187)
  );
#6251 = DIRECTION('',(-2.334869823772E-16,-1.,1.261191372222E-28));
#6252 = ADVANCED_FACE('',(#6253),#6271,.T.);
#6253 = FACE_BOUND('',#6254,.T.);
#6254 = EDGE_LOOP('',(#6255,#6256,#6257,#6265));
#6255 = ORIENTED_EDGE('',*,*,#6234,.F.);
#6256 = ORIENTED_EDGE('',*,*,#5303,.T.);
#6257 = ORIENTED_EDGE('',*,*,#6258,.T.);
#6258 = EDGE_CURVE('',#5296,#6259,#6261,.T.);
#6259 = VERTEX_POINT('',#6260);
#6260 = CARTESIAN_POINT('',(0.3,-5.38,8.2));
#6261 = LINE('',#6262,#6263);
#6262 = CARTESIAN_POINT('',(0.3,-5.38,8.2));
#6263 = VECTOR('',#6264,1.);
#6264 = DIRECTION('',(-0.57735026919,0.57735026919,-0.57735026919));
#6265 = ORIENTED_EDGE('',*,*,#6266,.F.);
#6266 = EDGE_CURVE('',#6235,#6259,#6267,.T.);
#6267 = LINE('',#6268,#6269);
#6268 = CARTESIAN_POINT('',(-0.6,-5.38,8.2));
#6269 = VECTOR('',#6270,1.);
#6270 = DIRECTION('',(1.,-2.334869823773E-16,0.));
#6271 = PLANE('',#6272);
#6272 = AXIS2_PLACEMENT_3D('',#6273,#6274,#6275);
#6273 = CARTESIAN_POINT('',(-0.6,-5.53,8.35));
#6274 = DIRECTION('',(1.651002285576E-16,0.707106781187,0.707106781187)
  );
#6275 = DIRECTION('',(1.,-2.334869823772E-16,1.261191372222E-28));
#6276 = ADVANCED_FACE('',(#6277),#6295,.T.);
#6277 = FACE_BOUND('',#6278,.T.);
#6278 = EDGE_LOOP('',(#6279,#6280,#6281,#6289));
#6279 = ORIENTED_EDGE('',*,*,#6258,.F.);
#6280 = ORIENTED_EDGE('',*,*,#5295,.T.);
#6281 = ORIENTED_EDGE('',*,*,#6282,.T.);
#6282 = EDGE_CURVE('',#5288,#6283,#6285,.T.);
#6283 = VERTEX_POINT('',#6284);
#6284 = CARTESIAN_POINT('',(0.3,-4.78,8.2));
#6285 = LINE('',#6286,#6287);
#6286 = CARTESIAN_POINT('',(0.3,-4.78,8.2));
#6287 = VECTOR('',#6288,1.);
#6288 = DIRECTION('',(-0.57735026919,-0.57735026919,-0.57735026919));
#6289 = ORIENTED_EDGE('',*,*,#6290,.F.);
#6290 = EDGE_CURVE('',#6259,#6283,#6291,.T.);
#6291 = LINE('',#6292,#6293);
#6292 = CARTESIAN_POINT('',(0.3,-5.68,8.2));
#6293 = VECTOR('',#6294,1.);
#6294 = DIRECTION('',(2.334869823773E-16,1.,0.));
#6295 = PLANE('',#6296);
#6296 = AXIS2_PLACEMENT_3D('',#6297,#6298,#6299);
#6297 = CARTESIAN_POINT('',(0.45,-5.68,8.35));
#6298 = DIRECTION('',(-0.707106781187,1.651002285576E-16,0.707106781187)
  );
#6299 = DIRECTION('',(2.334869823772E-16,1.,1.261191372222E-28));
#6300 = ADVANCED_FACE('',(#6301),#6312,.T.);
#6301 = FACE_BOUND('',#6302,.T.);
#6302 = EDGE_LOOP('',(#6303,#6304,#6305,#6306));
#6303 = ORIENTED_EDGE('',*,*,#6282,.F.);
#6304 = ORIENTED_EDGE('',*,*,#5287,.T.);
#6305 = ORIENTED_EDGE('',*,*,#6225,.T.);
#6306 = ORIENTED_EDGE('',*,*,#6307,.F.);
#6307 = EDGE_CURVE('',#6283,#6226,#6308,.T.);
#6308 = LINE('',#6309,#6310);
#6309 = CARTESIAN_POINT('',(0.6,-4.78,8.2));
#6310 = VECTOR('',#6311,1.);
#6311 = DIRECTION('',(-1.,2.334869823773E-16,0.));
#6312 = PLANE('',#6313);
#6313 = AXIS2_PLACEMENT_3D('',#6314,#6315,#6316);
#6314 = CARTESIAN_POINT('',(0.6,-4.63,8.35));
#6315 = DIRECTION('',(-1.651002285576E-16,-0.707106781187,0.707106781187
    ));
#6316 = DIRECTION('',(-1.,2.334869823772E-16,1.261191372222E-28));
#6317 = ADVANCED_FACE('',(#6318),#6343,.T.);
#6318 = FACE_BOUND('',#6319,.T.);
#6319 = EDGE_LOOP('',(#6320,#6328,#6329,#6337));
#6320 = ORIENTED_EDGE('',*,*,#6321,.F.);
#6321 = EDGE_CURVE('',#5312,#6322,#6324,.T.);
#6322 = VERTEX_POINT('',#6323);
#6323 = CARTESIAN_POINT('',(-0.3,-2.24,8.2));
#6324 = LINE('',#6325,#6326);
#6325 = CARTESIAN_POINT('',(-0.3,-2.24,8.2));
#6326 = VECTOR('',#6327,1.);
#6327 = DIRECTION('',(0.57735026919,-0.57735026919,-0.57735026919));
#6328 = ORIENTED_EDGE('',*,*,#5311,.T.);
#6329 = ORIENTED_EDGE('',*,*,#6330,.T.);
#6330 = EDGE_CURVE('',#5314,#6331,#6333,.T.);
#6331 = VERTEX_POINT('',#6332);
#6332 = CARTESIAN_POINT('',(-0.3,-2.84,8.2));
#6333 = LINE('',#6334,#6335);
#6334 = CARTESIAN_POINT('',(-0.3,-2.84,8.2));
#6335 = VECTOR('',#6336,1.);
#6336 = DIRECTION('',(0.57735026919,0.57735026919,-0.57735026919));
#6337 = ORIENTED_EDGE('',*,*,#6338,.F.);
#6338 = EDGE_CURVE('',#6322,#6331,#6339,.T.);
#6339 = LINE('',#6340,#6341);
#6340 = CARTESIAN_POINT('',(-0.3,-1.94,8.2));
#6341 = VECTOR('',#6342,1.);
#6342 = DIRECTION('',(-2.334869823773E-16,-1.,0.));
#6343 = PLANE('',#6344);
#6344 = AXIS2_PLACEMENT_3D('',#6345,#6346,#6347);
#6345 = CARTESIAN_POINT('',(-0.45,-1.94,8.35));
#6346 = DIRECTION('',(0.707106781187,-1.651002285576E-16,0.707106781187)
  );
#6347 = DIRECTION('',(-2.334869823772E-16,-1.,1.261191372222E-28));
#6348 = ADVANCED_FACE('',(#6349),#6367,.T.);
#6349 = FACE_BOUND('',#6350,.T.);
#6350 = EDGE_LOOP('',(#6351,#6352,#6353,#6361));
#6351 = ORIENTED_EDGE('',*,*,#6330,.F.);
#6352 = ORIENTED_EDGE('',*,*,#5337,.T.);
#6353 = ORIENTED_EDGE('',*,*,#6354,.T.);
#6354 = EDGE_CURVE('',#5330,#6355,#6357,.T.);
#6355 = VERTEX_POINT('',#6356);
#6356 = CARTESIAN_POINT('',(0.3,-2.84,8.2));
#6357 = LINE('',#6358,#6359);
#6358 = CARTESIAN_POINT('',(0.3,-2.84,8.2));
#6359 = VECTOR('',#6360,1.);
#6360 = DIRECTION('',(-0.57735026919,0.57735026919,-0.57735026919));
#6361 = ORIENTED_EDGE('',*,*,#6362,.F.);
#6362 = EDGE_CURVE('',#6331,#6355,#6363,.T.);
#6363 = LINE('',#6364,#6365);
#6364 = CARTESIAN_POINT('',(-0.6,-2.84,8.2));
#6365 = VECTOR('',#6366,1.);
#6366 = DIRECTION('',(1.,-2.334869823773E-16,0.));
#6367 = PLANE('',#6368);
#6368 = AXIS2_PLACEMENT_3D('',#6369,#6370,#6371);
#6369 = CARTESIAN_POINT('',(-0.6,-2.99,8.35));
#6370 = DIRECTION('',(1.651002285576E-16,0.707106781187,0.707106781187)
  );
#6371 = DIRECTION('',(1.,-2.334869823772E-16,1.261191372222E-28));
#6372 = ADVANCED_FACE('',(#6373),#6391,.T.);
#6373 = FACE_BOUND('',#6374,.T.);
#6374 = EDGE_LOOP('',(#6375,#6376,#6377,#6385));
#6375 = ORIENTED_EDGE('',*,*,#6354,.F.);
#6376 = ORIENTED_EDGE('',*,*,#5329,.T.);
#6377 = ORIENTED_EDGE('',*,*,#6378,.T.);
#6378 = EDGE_CURVE('',#5322,#6379,#6381,.T.);
#6379 = VERTEX_POINT('',#6380);
#6380 = CARTESIAN_POINT('',(0.3,-2.24,8.2));
#6381 = LINE('',#6382,#6383);
#6382 = CARTESIAN_POINT('',(0.3,-2.24,8.2));
#6383 = VECTOR('',#6384,1.);
#6384 = DIRECTION('',(-0.57735026919,-0.57735026919,-0.57735026919));
#6385 = ORIENTED_EDGE('',*,*,#6386,.F.);
#6386 = EDGE_CURVE('',#6355,#6379,#6387,.T.);
#6387 = LINE('',#6388,#6389);
#6388 = CARTESIAN_POINT('',(0.3,-3.14,8.2));
#6389 = VECTOR('',#6390,1.);
#6390 = DIRECTION('',(2.334869823773E-16,1.,0.));
#6391 = PLANE('',#6392);
#6392 = AXIS2_PLACEMENT_3D('',#6393,#6394,#6395);
#6393 = CARTESIAN_POINT('',(0.45,-3.14,8.35));
#6394 = DIRECTION('',(-0.707106781187,1.651002285576E-16,0.707106781187)
  );
#6395 = DIRECTION('',(2.334869823772E-16,1.,1.261191372222E-28));
#6396 = ADVANCED_FACE('',(#6397),#6408,.T.);
#6397 = FACE_BOUND('',#6398,.T.);
#6398 = EDGE_LOOP('',(#6399,#6400,#6401,#6402));
#6399 = ORIENTED_EDGE('',*,*,#6378,.F.);
#6400 = ORIENTED_EDGE('',*,*,#5321,.T.);
#6401 = ORIENTED_EDGE('',*,*,#6321,.T.);
#6402 = ORIENTED_EDGE('',*,*,#6403,.F.);
#6403 = EDGE_CURVE('',#6379,#6322,#6404,.T.);
#6404 = LINE('',#6405,#6406);
#6405 = CARTESIAN_POINT('',(0.6,-2.24,8.2));
#6406 = VECTOR('',#6407,1.);
#6407 = DIRECTION('',(-1.,2.334869823773E-16,0.));
#6408 = PLANE('',#6409);
#6409 = AXIS2_PLACEMENT_3D('',#6410,#6411,#6412);
#6410 = CARTESIAN_POINT('',(0.6,-2.09,8.35));
#6411 = DIRECTION('',(-1.651002285576E-16,-0.707106781187,0.707106781187
    ));
#6412 = DIRECTION('',(-1.,2.334869823772E-16,1.261191372222E-28));
#6413 = ADVANCED_FACE('',(#6414),#6439,.T.);
#6414 = FACE_BOUND('',#6415,.T.);
#6415 = EDGE_LOOP('',(#6416,#6424,#6425,#6433));
#6416 = ORIENTED_EDGE('',*,*,#6417,.F.);
#6417 = EDGE_CURVE('',#5346,#6418,#6420,.T.);
#6418 = VERTEX_POINT('',#6419);
#6419 = CARTESIAN_POINT('',(-0.3,0.3,8.2));
#6420 = LINE('',#6421,#6422);
#6421 = CARTESIAN_POINT('',(-0.3,0.3,8.2));
#6422 = VECTOR('',#6423,1.);
#6423 = DIRECTION('',(0.57735026919,-0.57735026919,-0.57735026919));
#6424 = ORIENTED_EDGE('',*,*,#5345,.T.);
#6425 = ORIENTED_EDGE('',*,*,#6426,.T.);
#6426 = EDGE_CURVE('',#5348,#6427,#6429,.T.);
#6427 = VERTEX_POINT('',#6428);
#6428 = CARTESIAN_POINT('',(-0.3,-0.3,8.2));
#6429 = LINE('',#6430,#6431);
#6430 = CARTESIAN_POINT('',(-0.3,-0.3,8.2));
#6431 = VECTOR('',#6432,1.);
#6432 = DIRECTION('',(0.57735026919,0.57735026919,-0.57735026919));
#6433 = ORIENTED_EDGE('',*,*,#6434,.F.);
#6434 = EDGE_CURVE('',#6418,#6427,#6435,.T.);
#6435 = LINE('',#6436,#6437);
#6436 = CARTESIAN_POINT('',(-0.3,0.6,8.2));
#6437 = VECTOR('',#6438,1.);
#6438 = DIRECTION('',(-2.334869823773E-16,-1.,0.));
#6439 = PLANE('',#6440);
#6440 = AXIS2_PLACEMENT_3D('',#6441,#6442,#6443);
#6441 = CARTESIAN_POINT('',(-0.45,0.6,8.35));
#6442 = DIRECTION('',(0.707106781187,-1.651002285576E-16,0.707106781187)
  );
#6443 = DIRECTION('',(-2.334869823772E-16,-1.,1.261191372222E-28));
#6444 = ADVANCED_FACE('',(#6445),#6463,.T.);
#6445 = FACE_BOUND('',#6446,.T.);
#6446 = EDGE_LOOP('',(#6447,#6448,#6449,#6457));
#6447 = ORIENTED_EDGE('',*,*,#6426,.F.);
#6448 = ORIENTED_EDGE('',*,*,#5371,.T.);
#6449 = ORIENTED_EDGE('',*,*,#6450,.T.);
#6450 = EDGE_CURVE('',#5364,#6451,#6453,.T.);
#6451 = VERTEX_POINT('',#6452);
#6452 = CARTESIAN_POINT('',(0.3,-0.3,8.2));
#6453 = LINE('',#6454,#6455);
#6454 = CARTESIAN_POINT('',(0.3,-0.3,8.2));
#6455 = VECTOR('',#6456,1.);
#6456 = DIRECTION('',(-0.57735026919,0.57735026919,-0.57735026919));
#6457 = ORIENTED_EDGE('',*,*,#6458,.F.);
#6458 = EDGE_CURVE('',#6427,#6451,#6459,.T.);
#6459 = LINE('',#6460,#6461);
#6460 = CARTESIAN_POINT('',(-0.6,-0.3,8.2));
#6461 = VECTOR('',#6462,1.);
#6462 = DIRECTION('',(1.,-2.334869823773E-16,0.));
#6463 = PLANE('',#6464);
#6464 = AXIS2_PLACEMENT_3D('',#6465,#6466,#6467);
#6465 = CARTESIAN_POINT('',(-0.6,-0.45,8.35));
#6466 = DIRECTION('',(1.651002285576E-16,0.707106781187,0.707106781187)
  );
#6467 = DIRECTION('',(1.,-2.334869823772E-16,1.261191372222E-28));
#6468 = ADVANCED_FACE('',(#6469),#6487,.T.);
#6469 = FACE_BOUND('',#6470,.T.);
#6470 = EDGE_LOOP('',(#6471,#6472,#6473,#6481));
#6471 = ORIENTED_EDGE('',*,*,#6450,.F.);
#6472 = ORIENTED_EDGE('',*,*,#5363,.T.);
#6473 = ORIENTED_EDGE('',*,*,#6474,.T.);
#6474 = EDGE_CURVE('',#5356,#6475,#6477,.T.);
#6475 = VERTEX_POINT('',#6476);
#6476 = CARTESIAN_POINT('',(0.3,0.3,8.2));
#6477 = LINE('',#6478,#6479);
#6478 = CARTESIAN_POINT('',(0.3,0.3,8.2));
#6479 = VECTOR('',#6480,1.);
#6480 = DIRECTION('',(-0.57735026919,-0.57735026919,-0.57735026919));
#6481 = ORIENTED_EDGE('',*,*,#6482,.F.);
#6482 = EDGE_CURVE('',#6451,#6475,#6483,.T.);
#6483 = LINE('',#6484,#6485);
#6484 = CARTESIAN_POINT('',(0.3,-0.6,8.2));
#6485 = VECTOR('',#6486,1.);
#6486 = DIRECTION('',(2.334869823773E-16,1.,0.));
#6487 = PLANE('',#6488);
#6488 = AXIS2_PLACEMENT_3D('',#6489,#6490,#6491);
#6489 = CARTESIAN_POINT('',(0.45,-0.6,8.35));
#6490 = DIRECTION('',(-0.707106781187,1.651002285576E-16,0.707106781187)
  );
#6491 = DIRECTION('',(2.334869823772E-16,1.,1.261191372222E-28));
#6492 = ADVANCED_FACE('',(#6493),#6504,.T.);
#6493 = FACE_BOUND('',#6494,.T.);
#6494 = EDGE_LOOP('',(#6495,#6496,#6497,#6498));
#6495 = ORIENTED_EDGE('',*,*,#6474,.F.);
#6496 = ORIENTED_EDGE('',*,*,#5355,.T.);
#6497 = ORIENTED_EDGE('',*,*,#6417,.T.);
#6498 = ORIENTED_EDGE('',*,*,#6499,.F.);
#6499 = EDGE_CURVE('',#6475,#6418,#6500,.T.);
#6500 = LINE('',#6501,#6502);
#6501 = CARTESIAN_POINT('',(0.6,0.3,8.2));
#6502 = VECTOR('',#6503,1.);
#6503 = DIRECTION('',(-1.,2.334869823773E-16,0.));
#6504 = PLANE('',#6505);
#6505 = AXIS2_PLACEMENT_3D('',#6506,#6507,#6508);
#6506 = CARTESIAN_POINT('',(0.6,0.45,8.35));
#6507 = DIRECTION('',(-1.651002285576E-16,-0.707106781187,0.707106781187
    ));
#6508 = DIRECTION('',(-1.,2.334869823772E-16,1.261191372222E-28));
#6509 = ADVANCED_FACE('',(#6510),#6535,.T.);
#6510 = FACE_BOUND('',#6511,.T.);
#6511 = EDGE_LOOP('',(#6512,#6520,#6521,#6529));
#6512 = ORIENTED_EDGE('',*,*,#6513,.F.);
#6513 = EDGE_CURVE('',#5380,#6514,#6516,.T.);
#6514 = VERTEX_POINT('',#6515);
#6515 = CARTESIAN_POINT('',(-2.24,-7.92,8.2));
#6516 = LINE('',#6517,#6518);
#6517 = CARTESIAN_POINT('',(-2.24,-7.92,8.2));
#6518 = VECTOR('',#6519,1.);
#6519 = DIRECTION('',(-0.57735026919,0.57735026919,-0.57735026919));
#6520 = ORIENTED_EDGE('',*,*,#5379,.T.);
#6521 = ORIENTED_EDGE('',*,*,#6522,.T.);
#6522 = EDGE_CURVE('',#5382,#6523,#6525,.T.);
#6523 = VERTEX_POINT('',#6524);
#6524 = CARTESIAN_POINT('',(-2.24,-7.32,8.2));
#6525 = LINE('',#6526,#6527);
#6526 = CARTESIAN_POINT('',(-2.24,-7.32,8.2));
#6527 = VECTOR('',#6528,1.);
#6528 = DIRECTION('',(-0.57735026919,-0.57735026919,-0.57735026919));
#6529 = ORIENTED_EDGE('',*,*,#6530,.F.);
#6530 = EDGE_CURVE('',#6514,#6523,#6531,.T.);
#6531 = LINE('',#6532,#6533);
#6532 = CARTESIAN_POINT('',(-2.24,-8.22,8.2));
#6533 = VECTOR('',#6534,1.);
#6534 = DIRECTION('',(1.110223024625E-16,1.,0.));
#6535 = PLANE('',#6536);
#6536 = AXIS2_PLACEMENT_3D('',#6537,#6538,#6539);
#6537 = CARTESIAN_POINT('',(-2.09,-8.22,8.35));
#6538 = DIRECTION('',(-0.707106781187,7.850462293414E-17,0.707106781187)
  );
#6539 = DIRECTION('',(1.110223024625E-16,1.,2.680278185005E-29));
#6540 = ADVANCED_FACE('',(#6541),#6559,.T.);
#6541 = FACE_BOUND('',#6542,.T.);
#6542 = EDGE_LOOP('',(#6543,#6544,#6545,#6553));
#6543 = ORIENTED_EDGE('',*,*,#6522,.F.);
#6544 = ORIENTED_EDGE('',*,*,#5405,.T.);
#6545 = ORIENTED_EDGE('',*,*,#6546,.T.);
#6546 = EDGE_CURVE('',#5398,#6547,#6549,.T.);
#6547 = VERTEX_POINT('',#6548);
#6548 = CARTESIAN_POINT('',(-2.84,-7.32,8.2));
#6549 = LINE('',#6550,#6551);
#6550 = CARTESIAN_POINT('',(-2.84,-7.32,8.2));
#6551 = VECTOR('',#6552,1.);
#6552 = DIRECTION('',(0.57735026919,-0.57735026919,-0.57735026919));
#6553 = ORIENTED_EDGE('',*,*,#6554,.F.);
#6554 = EDGE_CURVE('',#6523,#6547,#6555,.T.);
#6555 = LINE('',#6556,#6557);
#6556 = CARTESIAN_POINT('',(-1.94,-7.32,8.2));
#6557 = VECTOR('',#6558,1.);
#6558 = DIRECTION('',(-1.,1.110223024625E-16,0.));
#6559 = PLANE('',#6560);
#6560 = AXIS2_PLACEMENT_3D('',#6561,#6562,#6563);
#6561 = CARTESIAN_POINT('',(-1.94,-7.17,8.35));
#6562 = DIRECTION('',(-7.850462293414E-17,-0.707106781187,0.707106781187
    ));
#6563 = DIRECTION('',(-1.,1.110223024625E-16,2.680278185005E-29));
#6564 = ADVANCED_FACE('',(#6565),#6583,.T.);
#6565 = FACE_BOUND('',#6566,.T.);
#6566 = EDGE_LOOP('',(#6567,#6568,#6569,#6577));
#6567 = ORIENTED_EDGE('',*,*,#6546,.F.);
#6568 = ORIENTED_EDGE('',*,*,#5397,.T.);
#6569 = ORIENTED_EDGE('',*,*,#6570,.T.);
#6570 = EDGE_CURVE('',#5390,#6571,#6573,.T.);
#6571 = VERTEX_POINT('',#6572);
#6572 = CARTESIAN_POINT('',(-2.84,-7.92,8.2));
#6573 = LINE('',#6574,#6575);
#6574 = CARTESIAN_POINT('',(-2.84,-7.92,8.2));
#6575 = VECTOR('',#6576,1.);
#6576 = DIRECTION('',(0.57735026919,0.57735026919,-0.57735026919));
#6577 = ORIENTED_EDGE('',*,*,#6578,.F.);
#6578 = EDGE_CURVE('',#6547,#6571,#6579,.T.);
#6579 = LINE('',#6580,#6581);
#6580 = CARTESIAN_POINT('',(-2.84,-7.02,8.2));
#6581 = VECTOR('',#6582,1.);
#6582 = DIRECTION('',(-1.110223024625E-16,-1.,0.));
#6583 = PLANE('',#6584);
#6584 = AXIS2_PLACEMENT_3D('',#6585,#6586,#6587);
#6585 = CARTESIAN_POINT('',(-2.99,-7.02,8.35));
#6586 = DIRECTION('',(0.707106781187,-7.850462293414E-17,0.707106781187)
  );
#6587 = DIRECTION('',(-1.110223024625E-16,-1.,2.680278185005E-29));
#6588 = ADVANCED_FACE('',(#6589),#6600,.T.);
#6589 = FACE_BOUND('',#6590,.T.);
#6590 = EDGE_LOOP('',(#6591,#6592,#6593,#6594));
#6591 = ORIENTED_EDGE('',*,*,#6570,.F.);
#6592 = ORIENTED_EDGE('',*,*,#5389,.T.);
#6593 = ORIENTED_EDGE('',*,*,#6513,.T.);
#6594 = ORIENTED_EDGE('',*,*,#6595,.F.);
#6595 = EDGE_CURVE('',#6571,#6514,#6596,.T.);
#6596 = LINE('',#6597,#6598);
#6597 = CARTESIAN_POINT('',(-3.14,-7.92,8.2));
#6598 = VECTOR('',#6599,1.);
#6599 = DIRECTION('',(1.,-1.110223024625E-16,0.));
#6600 = PLANE('',#6601);
#6601 = AXIS2_PLACEMENT_3D('',#6602,#6603,#6604);
#6602 = CARTESIAN_POINT('',(-3.14,-8.07,8.35));
#6603 = DIRECTION('',(7.850462293414E-17,0.707106781187,0.707106781187)
  );
#6604 = DIRECTION('',(1.,-1.110223024625E-16,2.680278185005E-29));
#6605 = ADVANCED_FACE('',(#6606),#6631,.T.);
#6606 = FACE_BOUND('',#6607,.T.);
#6607 = EDGE_LOOP('',(#6608,#6616,#6617,#6625));
#6608 = ORIENTED_EDGE('',*,*,#6609,.F.);
#6609 = EDGE_CURVE('',#5414,#6610,#6612,.T.);
#6610 = VERTEX_POINT('',#6611);
#6611 = CARTESIAN_POINT('',(-2.24,-5.38,8.2));
#6612 = LINE('',#6613,#6614);
#6613 = CARTESIAN_POINT('',(-2.24,-5.38,8.2));
#6614 = VECTOR('',#6615,1.);
#6615 = DIRECTION('',(-0.57735026919,0.57735026919,-0.57735026919));
#6616 = ORIENTED_EDGE('',*,*,#5413,.T.);
#6617 = ORIENTED_EDGE('',*,*,#6618,.T.);
#6618 = EDGE_CURVE('',#5416,#6619,#6621,.T.);
#6619 = VERTEX_POINT('',#6620);
#6620 = CARTESIAN_POINT('',(-2.24,-4.78,8.2));
#6621 = LINE('',#6622,#6623);
#6622 = CARTESIAN_POINT('',(-2.24,-4.78,8.2));
#6623 = VECTOR('',#6624,1.);
#6624 = DIRECTION('',(-0.57735026919,-0.57735026919,-0.57735026919));
#6625 = ORIENTED_EDGE('',*,*,#6626,.F.);
#6626 = EDGE_CURVE('',#6610,#6619,#6627,.T.);
#6627 = LINE('',#6628,#6629);
#6628 = CARTESIAN_POINT('',(-2.24,-5.68,8.2));
#6629 = VECTOR('',#6630,1.);
#6630 = DIRECTION('',(1.110223024625E-16,1.,0.));
#6631 = PLANE('',#6632);
#6632 = AXIS2_PLACEMENT_3D('',#6633,#6634,#6635);
#6633 = CARTESIAN_POINT('',(-2.09,-5.68,8.35));
#6634 = DIRECTION('',(-0.707106781187,7.850462293414E-17,0.707106781187)
  );
#6635 = DIRECTION('',(1.110223024625E-16,1.,2.680278185005E-29));
#6636 = ADVANCED_FACE('',(#6637),#6655,.T.);
#6637 = FACE_BOUND('',#6638,.T.);
#6638 = EDGE_LOOP('',(#6639,#6640,#6641,#6649));
#6639 = ORIENTED_EDGE('',*,*,#6618,.F.);
#6640 = ORIENTED_EDGE('',*,*,#5439,.T.);
#6641 = ORIENTED_EDGE('',*,*,#6642,.T.);
#6642 = EDGE_CURVE('',#5432,#6643,#6645,.T.);
#6643 = VERTEX_POINT('',#6644);
#6644 = CARTESIAN_POINT('',(-2.84,-4.78,8.2));
#6645 = LINE('',#6646,#6647);
#6646 = CARTESIAN_POINT('',(-2.84,-4.78,8.2));
#6647 = VECTOR('',#6648,1.);
#6648 = DIRECTION('',(0.57735026919,-0.57735026919,-0.57735026919));
#6649 = ORIENTED_EDGE('',*,*,#6650,.F.);
#6650 = EDGE_CURVE('',#6619,#6643,#6651,.T.);
#6651 = LINE('',#6652,#6653);
#6652 = CARTESIAN_POINT('',(-1.94,-4.78,8.2));
#6653 = VECTOR('',#6654,1.);
#6654 = DIRECTION('',(-1.,1.110223024625E-16,0.));
#6655 = PLANE('',#6656);
#6656 = AXIS2_PLACEMENT_3D('',#6657,#6658,#6659);
#6657 = CARTESIAN_POINT('',(-1.94,-4.63,8.35));
#6658 = DIRECTION('',(-7.850462293414E-17,-0.707106781187,0.707106781187
    ));
#6659 = DIRECTION('',(-1.,1.110223024625E-16,2.680278185005E-29));
#6660 = ADVANCED_FACE('',(#6661),#6679,.T.);
#6661 = FACE_BOUND('',#6662,.T.);
#6662 = EDGE_LOOP('',(#6663,#6664,#6665,#6673));
#6663 = ORIENTED_EDGE('',*,*,#6642,.F.);
#6664 = ORIENTED_EDGE('',*,*,#5431,.T.);
#6665 = ORIENTED_EDGE('',*,*,#6666,.T.);
#6666 = EDGE_CURVE('',#5424,#6667,#6669,.T.);
#6667 = VERTEX_POINT('',#6668);
#6668 = CARTESIAN_POINT('',(-2.84,-5.38,8.2));
#6669 = LINE('',#6670,#6671);
#6670 = CARTESIAN_POINT('',(-2.84,-5.38,8.2));
#6671 = VECTOR('',#6672,1.);
#6672 = DIRECTION('',(0.57735026919,0.57735026919,-0.57735026919));
#6673 = ORIENTED_EDGE('',*,*,#6674,.F.);
#6674 = EDGE_CURVE('',#6643,#6667,#6675,.T.);
#6675 = LINE('',#6676,#6677);
#6676 = CARTESIAN_POINT('',(-2.84,-4.48,8.2));
#6677 = VECTOR('',#6678,1.);
#6678 = DIRECTION('',(-1.110223024625E-16,-1.,0.));
#6679 = PLANE('',#6680);
#6680 = AXIS2_PLACEMENT_3D('',#6681,#6682,#6683);
#6681 = CARTESIAN_POINT('',(-2.99,-4.48,8.35));
#6682 = DIRECTION('',(0.707106781187,-7.850462293414E-17,0.707106781187)
  );
#6683 = DIRECTION('',(-1.110223024625E-16,-1.,2.680278185005E-29));
#6684 = ADVANCED_FACE('',(#6685),#6696,.T.);
#6685 = FACE_BOUND('',#6686,.T.);
#6686 = EDGE_LOOP('',(#6687,#6688,#6689,#6690));
#6687 = ORIENTED_EDGE('',*,*,#6666,.F.);
#6688 = ORIENTED_EDGE('',*,*,#5423,.T.);
#6689 = ORIENTED_EDGE('',*,*,#6609,.T.);
#6690 = ORIENTED_EDGE('',*,*,#6691,.F.);
#6691 = EDGE_CURVE('',#6667,#6610,#6692,.T.);
#6692 = LINE('',#6693,#6694);
#6693 = CARTESIAN_POINT('',(-3.14,-5.38,8.2));
#6694 = VECTOR('',#6695,1.);
#6695 = DIRECTION('',(1.,-1.110223024625E-16,0.));
#6696 = PLANE('',#6697);
#6697 = AXIS2_PLACEMENT_3D('',#6698,#6699,#6700);
#6698 = CARTESIAN_POINT('',(-3.14,-5.53,8.35));
#6699 = DIRECTION('',(7.850462293414E-17,0.707106781187,0.707106781187)
  );
#6700 = DIRECTION('',(1.,-1.110223024625E-16,2.680278185005E-29));
#6701 = ADVANCED_FACE('',(#6702),#6727,.T.);
#6702 = FACE_BOUND('',#6703,.T.);
#6703 = EDGE_LOOP('',(#6704,#6712,#6713,#6721));
#6704 = ORIENTED_EDGE('',*,*,#6705,.F.);
#6705 = EDGE_CURVE('',#5448,#6706,#6708,.T.);
#6706 = VERTEX_POINT('',#6707);
#6707 = CARTESIAN_POINT('',(-2.24,-2.84,8.2));
#6708 = LINE('',#6709,#6710);
#6709 = CARTESIAN_POINT('',(-2.24,-2.84,8.2));
#6710 = VECTOR('',#6711,1.);
#6711 = DIRECTION('',(-0.57735026919,0.57735026919,-0.57735026919));
#6712 = ORIENTED_EDGE('',*,*,#5447,.T.);
#6713 = ORIENTED_EDGE('',*,*,#6714,.T.);
#6714 = EDGE_CURVE('',#5450,#6715,#6717,.T.);
#6715 = VERTEX_POINT('',#6716);
#6716 = CARTESIAN_POINT('',(-2.24,-2.24,8.2));
#6717 = LINE('',#6718,#6719);
#6718 = CARTESIAN_POINT('',(-2.24,-2.24,8.2));
#6719 = VECTOR('',#6720,1.);
#6720 = DIRECTION('',(-0.57735026919,-0.57735026919,-0.57735026919));
#6721 = ORIENTED_EDGE('',*,*,#6722,.F.);
#6722 = EDGE_CURVE('',#6706,#6715,#6723,.T.);
#6723 = LINE('',#6724,#6725);
#6724 = CARTESIAN_POINT('',(-2.24,-3.14,8.2));
#6725 = VECTOR('',#6726,1.);
#6726 = DIRECTION('',(1.110223024625E-16,1.,0.));
#6727 = PLANE('',#6728);
#6728 = AXIS2_PLACEMENT_3D('',#6729,#6730,#6731);
#6729 = CARTESIAN_POINT('',(-2.09,-3.14,8.35));
#6730 = DIRECTION('',(-0.707106781187,7.850462293414E-17,0.707106781187)
  );
#6731 = DIRECTION('',(1.110223024625E-16,1.,2.680278185005E-29));
#6732 = ADVANCED_FACE('',(#6733),#6751,.T.);
#6733 = FACE_BOUND('',#6734,.T.);
#6734 = EDGE_LOOP('',(#6735,#6736,#6737,#6745));
#6735 = ORIENTED_EDGE('',*,*,#6714,.F.);
#6736 = ORIENTED_EDGE('',*,*,#5473,.T.);
#6737 = ORIENTED_EDGE('',*,*,#6738,.T.);
#6738 = EDGE_CURVE('',#5466,#6739,#6741,.T.);
#6739 = VERTEX_POINT('',#6740);
#6740 = CARTESIAN_POINT('',(-2.84,-2.24,8.2));
#6741 = LINE('',#6742,#6743);
#6742 = CARTESIAN_POINT('',(-2.84,-2.24,8.2));
#6743 = VECTOR('',#6744,1.);
#6744 = DIRECTION('',(0.57735026919,-0.57735026919,-0.57735026919));
#6745 = ORIENTED_EDGE('',*,*,#6746,.F.);
#6746 = EDGE_CURVE('',#6715,#6739,#6747,.T.);
#6747 = LINE('',#6748,#6749);
#6748 = CARTESIAN_POINT('',(-1.94,-2.24,8.2));
#6749 = VECTOR('',#6750,1.);
#6750 = DIRECTION('',(-1.,1.110223024625E-16,0.));
#6751 = PLANE('',#6752);
#6752 = AXIS2_PLACEMENT_3D('',#6753,#6754,#6755);
#6753 = CARTESIAN_POINT('',(-1.94,-2.09,8.35));
#6754 = DIRECTION('',(-7.850462293414E-17,-0.707106781187,0.707106781187
    ));
#6755 = DIRECTION('',(-1.,1.110223024625E-16,2.680278185005E-29));
#6756 = ADVANCED_FACE('',(#6757),#6775,.T.);
#6757 = FACE_BOUND('',#6758,.T.);
#6758 = EDGE_LOOP('',(#6759,#6760,#6761,#6769));
#6759 = ORIENTED_EDGE('',*,*,#6738,.F.);
#6760 = ORIENTED_EDGE('',*,*,#5465,.T.);
#6761 = ORIENTED_EDGE('',*,*,#6762,.T.);
#6762 = EDGE_CURVE('',#5458,#6763,#6765,.T.);
#6763 = VERTEX_POINT('',#6764);
#6764 = CARTESIAN_POINT('',(-2.84,-2.84,8.2));
#6765 = LINE('',#6766,#6767);
#6766 = CARTESIAN_POINT('',(-2.84,-2.84,8.2));
#6767 = VECTOR('',#6768,1.);
#6768 = DIRECTION('',(0.57735026919,0.57735026919,-0.57735026919));
#6769 = ORIENTED_EDGE('',*,*,#6770,.F.);
#6770 = EDGE_CURVE('',#6739,#6763,#6771,.T.);
#6771 = LINE('',#6772,#6773);
#6772 = CARTESIAN_POINT('',(-2.84,-1.94,8.2));
#6773 = VECTOR('',#6774,1.);
#6774 = DIRECTION('',(-1.110223024625E-16,-1.,0.));
#6775 = PLANE('',#6776);
#6776 = AXIS2_PLACEMENT_3D('',#6777,#6778,#6779);
#6777 = CARTESIAN_POINT('',(-2.99,-1.94,8.35));
#6778 = DIRECTION('',(0.707106781187,-7.850462293414E-17,0.707106781187)
  );
#6779 = DIRECTION('',(-1.110223024625E-16,-1.,2.680278185005E-29));
#6780 = ADVANCED_FACE('',(#6781),#6792,.T.);
#6781 = FACE_BOUND('',#6782,.T.);
#6782 = EDGE_LOOP('',(#6783,#6784,#6785,#6786));
#6783 = ORIENTED_EDGE('',*,*,#6762,.F.);
#6784 = ORIENTED_EDGE('',*,*,#5457,.T.);
#6785 = ORIENTED_EDGE('',*,*,#6705,.T.);
#6786 = ORIENTED_EDGE('',*,*,#6787,.F.);
#6787 = EDGE_CURVE('',#6763,#6706,#6788,.T.);
#6788 = LINE('',#6789,#6790);
#6789 = CARTESIAN_POINT('',(-3.14,-2.84,8.2));
#6790 = VECTOR('',#6791,1.);
#6791 = DIRECTION('',(1.,-1.110223024625E-16,0.));
#6792 = PLANE('',#6793);
#6793 = AXIS2_PLACEMENT_3D('',#6794,#6795,#6796);
#6794 = CARTESIAN_POINT('',(-3.14,-2.99,8.35));
#6795 = DIRECTION('',(7.850462293414E-17,0.707106781187,0.707106781187)
  );
#6796 = DIRECTION('',(1.,-1.110223024625E-16,2.680278185005E-29));
#6797 = ADVANCED_FACE('',(#6798),#6823,.T.);
#6798 = FACE_BOUND('',#6799,.T.);
#6799 = EDGE_LOOP('',(#6800,#6808,#6809,#6817));
#6800 = ORIENTED_EDGE('',*,*,#6801,.F.);
#6801 = EDGE_CURVE('',#5482,#6802,#6804,.T.);
#6802 = VERTEX_POINT('',#6803);
#6803 = CARTESIAN_POINT('',(-2.24,-0.3,8.2));
#6804 = LINE('',#6805,#6806);
#6805 = CARTESIAN_POINT('',(-2.24,-0.3,8.2));
#6806 = VECTOR('',#6807,1.);
#6807 = DIRECTION('',(-0.57735026919,0.57735026919,-0.57735026919));
#6808 = ORIENTED_EDGE('',*,*,#5481,.T.);
#6809 = ORIENTED_EDGE('',*,*,#6810,.T.);
#6810 = EDGE_CURVE('',#5484,#6811,#6813,.T.);
#6811 = VERTEX_POINT('',#6812);
#6812 = CARTESIAN_POINT('',(-2.24,0.3,8.2));
#6813 = LINE('',#6814,#6815);
#6814 = CARTESIAN_POINT('',(-2.24,0.3,8.2));
#6815 = VECTOR('',#6816,1.);
#6816 = DIRECTION('',(-0.57735026919,-0.57735026919,-0.57735026919));
#6817 = ORIENTED_EDGE('',*,*,#6818,.F.);
#6818 = EDGE_CURVE('',#6802,#6811,#6819,.T.);
#6819 = LINE('',#6820,#6821);
#6820 = CARTESIAN_POINT('',(-2.24,-0.6,8.2));
#6821 = VECTOR('',#6822,1.);
#6822 = DIRECTION('',(1.110223024625E-16,1.,0.));
#6823 = PLANE('',#6824);
#6824 = AXIS2_PLACEMENT_3D('',#6825,#6826,#6827);
#6825 = CARTESIAN_POINT('',(-2.09,-0.6,8.35));
#6826 = DIRECTION('',(-0.707106781187,7.850462293414E-17,0.707106781187)
  );
#6827 = DIRECTION('',(1.110223024625E-16,1.,2.680278185005E-29));
#6828 = ADVANCED_FACE('',(#6829),#6847,.T.);
#6829 = FACE_BOUND('',#6830,.T.);
#6830 = EDGE_LOOP('',(#6831,#6832,#6833,#6841));
#6831 = ORIENTED_EDGE('',*,*,#6810,.F.);
#6832 = ORIENTED_EDGE('',*,*,#5507,.T.);
#6833 = ORIENTED_EDGE('',*,*,#6834,.T.);
#6834 = EDGE_CURVE('',#5500,#6835,#6837,.T.);
#6835 = VERTEX_POINT('',#6836);
#6836 = CARTESIAN_POINT('',(-2.84,0.3,8.2));
#6837 = LINE('',#6838,#6839);
#6838 = CARTESIAN_POINT('',(-2.84,0.3,8.2));
#6839 = VECTOR('',#6840,1.);
#6840 = DIRECTION('',(0.57735026919,-0.57735026919,-0.57735026919));
#6841 = ORIENTED_EDGE('',*,*,#6842,.F.);
#6842 = EDGE_CURVE('',#6811,#6835,#6843,.T.);
#6843 = LINE('',#6844,#6845);
#6844 = CARTESIAN_POINT('',(-1.94,0.3,8.2));
#6845 = VECTOR('',#6846,1.);
#6846 = DIRECTION('',(-1.,1.110223024625E-16,0.));
#6847 = PLANE('',#6848);
#6848 = AXIS2_PLACEMENT_3D('',#6849,#6850,#6851);
#6849 = CARTESIAN_POINT('',(-1.94,0.45,8.35));
#6850 = DIRECTION('',(-7.850462293414E-17,-0.707106781187,0.707106781187
    ));
#6851 = DIRECTION('',(-1.,1.110223024625E-16,2.680278185005E-29));
#6852 = ADVANCED_FACE('',(#6853),#6871,.T.);
#6853 = FACE_BOUND('',#6854,.T.);
#6854 = EDGE_LOOP('',(#6855,#6856,#6857,#6865));
#6855 = ORIENTED_EDGE('',*,*,#6834,.F.);
#6856 = ORIENTED_EDGE('',*,*,#5499,.T.);
#6857 = ORIENTED_EDGE('',*,*,#6858,.T.);
#6858 = EDGE_CURVE('',#5492,#6859,#6861,.T.);
#6859 = VERTEX_POINT('',#6860);
#6860 = CARTESIAN_POINT('',(-2.84,-0.3,8.2));
#6861 = LINE('',#6862,#6863);
#6862 = CARTESIAN_POINT('',(-2.84,-0.3,8.2));
#6863 = VECTOR('',#6864,1.);
#6864 = DIRECTION('',(0.57735026919,0.57735026919,-0.57735026919));
#6865 = ORIENTED_EDGE('',*,*,#6866,.F.);
#6866 = EDGE_CURVE('',#6835,#6859,#6867,.T.);
#6867 = LINE('',#6868,#6869);
#6868 = CARTESIAN_POINT('',(-2.84,0.6,8.2));
#6869 = VECTOR('',#6870,1.);
#6870 = DIRECTION('',(-1.110223024625E-16,-1.,0.));
#6871 = PLANE('',#6872);
#6872 = AXIS2_PLACEMENT_3D('',#6873,#6874,#6875);
#6873 = CARTESIAN_POINT('',(-2.99,0.6,8.35));
#6874 = DIRECTION('',(0.707106781187,-7.850462293414E-17,0.707106781187)
  );
#6875 = DIRECTION('',(-1.110223024625E-16,-1.,2.680278185005E-29));
#6876 = ADVANCED_FACE('',(#6877),#6888,.T.);
#6877 = FACE_BOUND('',#6878,.T.);
#6878 = EDGE_LOOP('',(#6879,#6880,#6881,#6882));
#6879 = ORIENTED_EDGE('',*,*,#6858,.F.);
#6880 = ORIENTED_EDGE('',*,*,#5491,.T.);
#6881 = ORIENTED_EDGE('',*,*,#6801,.T.);
#6882 = ORIENTED_EDGE('',*,*,#6883,.F.);
#6883 = EDGE_CURVE('',#6859,#6802,#6884,.T.);
#6884 = LINE('',#6885,#6886);
#6885 = CARTESIAN_POINT('',(-3.14,-0.3,8.2));
#6886 = VECTOR('',#6887,1.);
#6887 = DIRECTION('',(1.,-1.110223024625E-16,0.));
#6888 = PLANE('',#6889);
#6889 = AXIS2_PLACEMENT_3D('',#6890,#6891,#6892);
#6890 = CARTESIAN_POINT('',(-3.14,-0.45,8.35));
#6891 = DIRECTION('',(7.850462293414E-17,0.707106781187,0.707106781187)
  );
#6892 = DIRECTION('',(1.,-1.110223024625E-16,2.680278185005E-29));
#6893 = ADVANCED_FACE('',(#6894),#6905,.T.);
#6894 = FACE_BOUND('',#6895,.T.);
#6895 = EDGE_LOOP('',(#6896,#6897,#6898,#6904));
#6896 = ORIENTED_EDGE('',*,*,#5571,.F.);
#6897 = ORIENTED_EDGE('',*,*,#5581,.T.);
#6898 = ORIENTED_EDGE('',*,*,#6899,.T.);
#6899 = EDGE_CURVE('',#5582,#5622,#6900,.T.);
#6900 = LINE('',#6901,#6902);
#6901 = CARTESIAN_POINT('',(0.1,-7.32,0.2));
#6902 = VECTOR('',#6903,1.);
#6903 = DIRECTION('',(-1.,2.334869823773E-16,0.));
#6904 = ORIENTED_EDGE('',*,*,#5629,.T.);
#6905 = PLANE('',#6906);
#6906 = AXIS2_PLACEMENT_3D('',#6907,#6908,#6909);
#6907 = CARTESIAN_POINT('',(0.1,-7.32,0.2));
#6908 = DIRECTION('',(0.,0.,-1.));
#6909 = DIRECTION('',(2.334869823773E-16,1.,0.));
#6910 = ADVANCED_FACE('',(#6911),#6952,.F.);
#6911 = FACE_BOUND('',#6912,.F.);
#6912 = EDGE_LOOP('',(#6913,#6921,#6922,#6930,#6938,#6946));
#6913 = ORIENTED_EDGE('',*,*,#6914,.T.);
#6914 = EDGE_CURVE('',#6915,#5622,#6917,.T.);
#6915 = VERTEX_POINT('',#6916);
#6916 = CARTESIAN_POINT('',(-0.1,-7.32,-2.5));
#6917 = LINE('',#6918,#6919);
#6918 = CARTESIAN_POINT('',(-0.1,-7.32,-2.5));
#6919 = VECTOR('',#6920,1.);
#6920 = DIRECTION('',(0.,0.,1.));
#6921 = ORIENTED_EDGE('',*,*,#5621,.F.);
#6922 = ORIENTED_EDGE('',*,*,#6923,.T.);
#6923 = EDGE_CURVE('',#5614,#6924,#6926,.T.);
#6924 = VERTEX_POINT('',#6925);
#6925 = CARTESIAN_POINT('',(-0.1,-7.92,-2.5));
#6926 = LINE('',#6927,#6928);
#6927 = CARTESIAN_POINT('',(-0.1,-7.92,0.2));
#6928 = VECTOR('',#6929,1.);
#6929 = DIRECTION('',(-0.,0.,-1.));
#6930 = ORIENTED_EDGE('',*,*,#6931,.T.);
#6931 = EDGE_CURVE('',#6924,#6932,#6934,.T.);
#6932 = VERTEX_POINT('',#6933);
#6933 = CARTESIAN_POINT('',(-0.1,-7.77,-3.1));
#6934 = LINE('',#6935,#6936);
#6935 = CARTESIAN_POINT('',(-0.1,-7.92,-2.5));
#6936 = VECTOR('',#6937,1.);
#6937 = DIRECTION('',(5.662891120873E-17,0.242535625036,-0.970142500145)
  );
#6938 = ORIENTED_EDGE('',*,*,#6939,.T.);
#6939 = EDGE_CURVE('',#6932,#6940,#6942,.T.);
#6940 = VERTEX_POINT('',#6941);
#6941 = CARTESIAN_POINT('',(-0.1,-7.47,-3.1));
#6942 = LINE('',#6943,#6944);
#6943 = CARTESIAN_POINT('',(-0.1,-7.77,-3.1));
#6944 = VECTOR('',#6945,1.);
#6945 = DIRECTION('',(2.334869823773E-16,1.,0.));
#6946 = ORIENTED_EDGE('',*,*,#6947,.T.);
#6947 = EDGE_CURVE('',#6940,#6915,#6948,.T.);
#6948 = LINE('',#6949,#6950);
#6949 = CARTESIAN_POINT('',(-0.1,-7.47,-3.1));
#6950 = VECTOR('',#6951,1.);
#6951 = DIRECTION('',(5.662891120873E-17,0.242535625036,0.970142500145)
  );
#6952 = PLANE('',#6953);
#6953 = AXIS2_PLACEMENT_3D('',#6954,#6955,#6956);
#6954 = CARTESIAN_POINT('',(-0.1,-7.62,3.911477598424));
#6955 = DIRECTION('',(1.,-2.334869823773E-16,0.));
#6956 = DIRECTION('',(0.,0.,1.));
#6957 = ADVANCED_FACE('',(#6958),#6969,.T.);
#6958 = FACE_BOUND('',#6959,.T.);
#6959 = EDGE_LOOP('',(#6960,#6966,#6967,#6968));
#6960 = ORIENTED_EDGE('',*,*,#6961,.F.);
#6961 = EDGE_CURVE('',#5590,#5614,#6962,.T.);
#6962 = LINE('',#6963,#6964);
#6963 = CARTESIAN_POINT('',(0.1,-7.92,0.2));
#6964 = VECTOR('',#6965,1.);
#6965 = DIRECTION('',(-1.,2.334869823773E-16,0.));
#6966 = ORIENTED_EDGE('',*,*,#5597,.T.);
#6967 = ORIENTED_EDGE('',*,*,#5605,.T.);
#6968 = ORIENTED_EDGE('',*,*,#5613,.T.);
#6969 = PLANE('',#6970);
#6970 = AXIS2_PLACEMENT_3D('',#6971,#6972,#6973);
#6971 = CARTESIAN_POINT('',(0.1,-7.32,0.2));
#6972 = DIRECTION('',(0.,0.,-1.));
#6973 = DIRECTION('',(2.334869823773E-16,1.,0.));
#6974 = ADVANCED_FACE('',(#6975),#7016,.T.);
#6975 = FACE_BOUND('',#6976,.T.);
#6976 = EDGE_LOOP('',(#6977,#6985,#6986,#6994,#7002,#7010));
#6977 = ORIENTED_EDGE('',*,*,#6978,.T.);
#6978 = EDGE_CURVE('',#6979,#5582,#6981,.T.);
#6979 = VERTEX_POINT('',#6980);
#6980 = CARTESIAN_POINT('',(0.1,-7.32,-2.5));
#6981 = LINE('',#6982,#6983);
#6982 = CARTESIAN_POINT('',(0.1,-7.32,-2.5));
#6983 = VECTOR('',#6984,1.);
#6984 = DIRECTION('',(0.,0.,1.));
#6985 = ORIENTED_EDGE('',*,*,#5589,.F.);
#6986 = ORIENTED_EDGE('',*,*,#6987,.T.);
#6987 = EDGE_CURVE('',#5590,#6988,#6990,.T.);
#6988 = VERTEX_POINT('',#6989);
#6989 = CARTESIAN_POINT('',(0.1,-7.92,-2.5));
#6990 = LINE('',#6991,#6992);
#6991 = CARTESIAN_POINT('',(0.1,-7.92,0.2));
#6992 = VECTOR('',#6993,1.);
#6993 = DIRECTION('',(-0.,0.,-1.));
#6994 = ORIENTED_EDGE('',*,*,#6995,.T.);
#6995 = EDGE_CURVE('',#6988,#6996,#6998,.T.);
#6996 = VERTEX_POINT('',#6997);
#6997 = CARTESIAN_POINT('',(0.1,-7.77,-3.1));
#6998 = LINE('',#6999,#7000);
#6999 = CARTESIAN_POINT('',(0.1,-7.92,-2.5));
#7000 = VECTOR('',#7001,1.);
#7001 = DIRECTION('',(5.662891120873E-17,0.242535625036,-0.970142500145)
  );
#7002 = ORIENTED_EDGE('',*,*,#7003,.F.);
#7003 = EDGE_CURVE('',#7004,#6996,#7006,.T.);
#7004 = VERTEX_POINT('',#7005);
#7005 = CARTESIAN_POINT('',(0.1,-7.47,-3.1));
#7006 = LINE('',#7007,#7008);
#7007 = CARTESIAN_POINT('',(0.1,-7.47,-3.1));
#7008 = VECTOR('',#7009,1.);
#7009 = DIRECTION('',(-2.334869823773E-16,-1.,0.));
#7010 = ORIENTED_EDGE('',*,*,#7011,.T.);
#7011 = EDGE_CURVE('',#7004,#6979,#7012,.T.);
#7012 = LINE('',#7013,#7014);
#7013 = CARTESIAN_POINT('',(0.1,-7.47,-3.1));
#7014 = VECTOR('',#7015,1.);
#7015 = DIRECTION('',(5.662891120873E-17,0.242535625036,0.970142500145)
  );
#7016 = PLANE('',#7017);
#7017 = AXIS2_PLACEMENT_3D('',#7018,#7019,#7020);
#7018 = CARTESIAN_POINT('',(0.1,-7.62,3.911477598424));
#7019 = DIRECTION('',(1.,-2.334869823773E-16,0.));
#7020 = DIRECTION('',(0.,0.,1.));
#7021 = ADVANCED_FACE('',(#7022),#7033,.T.);
#7022 = FACE_BOUND('',#7023,.T.);
#7023 = EDGE_LOOP('',(#7024,#7025,#7026,#7032));
#7024 = ORIENTED_EDGE('',*,*,#5637,.F.);
#7025 = ORIENTED_EDGE('',*,*,#5647,.T.);
#7026 = ORIENTED_EDGE('',*,*,#7027,.T.);
#7027 = EDGE_CURVE('',#5648,#5688,#7028,.T.);
#7028 = LINE('',#7029,#7030);
#7029 = CARTESIAN_POINT('',(0.1,-4.78,0.2));
#7030 = VECTOR('',#7031,1.);
#7031 = DIRECTION('',(-1.,2.334869823773E-16,0.));
#7032 = ORIENTED_EDGE('',*,*,#5695,.T.);
#7033 = PLANE('',#7034);
#7034 = AXIS2_PLACEMENT_3D('',#7035,#7036,#7037);
#7035 = CARTESIAN_POINT('',(0.1,-4.78,0.2));
#7036 = DIRECTION('',(0.,0.,-1.));
#7037 = DIRECTION('',(2.334869823773E-16,1.,0.));
#7038 = ADVANCED_FACE('',(#7039),#7080,.F.);
#7039 = FACE_BOUND('',#7040,.F.);
#7040 = EDGE_LOOP('',(#7041,#7049,#7050,#7058,#7066,#7074));
#7041 = ORIENTED_EDGE('',*,*,#7042,.T.);
#7042 = EDGE_CURVE('',#7043,#5688,#7045,.T.);
#7043 = VERTEX_POINT('',#7044);
#7044 = CARTESIAN_POINT('',(-0.1,-4.78,-2.5));
#7045 = LINE('',#7046,#7047);
#7046 = CARTESIAN_POINT('',(-0.1,-4.78,-2.5));
#7047 = VECTOR('',#7048,1.);
#7048 = DIRECTION('',(0.,0.,1.));
#7049 = ORIENTED_EDGE('',*,*,#5687,.F.);
#7050 = ORIENTED_EDGE('',*,*,#7051,.T.);
#7051 = EDGE_CURVE('',#5680,#7052,#7054,.T.);
#7052 = VERTEX_POINT('',#7053);
#7053 = CARTESIAN_POINT('',(-0.1,-5.38,-2.5));
#7054 = LINE('',#7055,#7056);
#7055 = CARTESIAN_POINT('',(-0.1,-5.38,0.2));
#7056 = VECTOR('',#7057,1.);
#7057 = DIRECTION('',(-0.,0.,-1.));
#7058 = ORIENTED_EDGE('',*,*,#7059,.T.);
#7059 = EDGE_CURVE('',#7052,#7060,#7062,.T.);
#7060 = VERTEX_POINT('',#7061);
#7061 = CARTESIAN_POINT('',(-0.1,-5.23,-3.1));
#7062 = LINE('',#7063,#7064);
#7063 = CARTESIAN_POINT('',(-0.1,-5.38,-2.5));
#7064 = VECTOR('',#7065,1.);
#7065 = DIRECTION('',(5.662891120873E-17,0.242535625036,-0.970142500145)
  );
#7066 = ORIENTED_EDGE('',*,*,#7067,.T.);
#7067 = EDGE_CURVE('',#7060,#7068,#7070,.T.);
#7068 = VERTEX_POINT('',#7069);
#7069 = CARTESIAN_POINT('',(-0.1,-4.93,-3.1));
#7070 = LINE('',#7071,#7072);
#7071 = CARTESIAN_POINT('',(-0.1,-5.23,-3.1));
#7072 = VECTOR('',#7073,1.);
#7073 = DIRECTION('',(2.334869823773E-16,1.,0.));
#7074 = ORIENTED_EDGE('',*,*,#7075,.T.);
#7075 = EDGE_CURVE('',#7068,#7043,#7076,.T.);
#7076 = LINE('',#7077,#7078);
#7077 = CARTESIAN_POINT('',(-0.1,-4.93,-3.1));
#7078 = VECTOR('',#7079,1.);
#7079 = DIRECTION('',(5.662891120873E-17,0.242535625036,0.970142500145)
  );
#7080 = PLANE('',#7081);
#7081 = AXIS2_PLACEMENT_3D('',#7082,#7083,#7084);
#7082 = CARTESIAN_POINT('',(-0.1,-5.08,3.911477598424));
#7083 = DIRECTION('',(1.,-2.334869823773E-16,0.));
#7084 = DIRECTION('',(0.,0.,1.));
#7085 = ADVANCED_FACE('',(#7086),#7097,.T.);
#7086 = FACE_BOUND('',#7087,.T.);
#7087 = EDGE_LOOP('',(#7088,#7094,#7095,#7096));
#7088 = ORIENTED_EDGE('',*,*,#7089,.F.);
#7089 = EDGE_CURVE('',#5656,#5680,#7090,.T.);
#7090 = LINE('',#7091,#7092);
#7091 = CARTESIAN_POINT('',(0.1,-5.38,0.2));
#7092 = VECTOR('',#7093,1.);
#7093 = DIRECTION('',(-1.,2.334869823773E-16,0.));
#7094 = ORIENTED_EDGE('',*,*,#5663,.T.);
#7095 = ORIENTED_EDGE('',*,*,#5671,.T.);
#7096 = ORIENTED_EDGE('',*,*,#5679,.T.);
#7097 = PLANE('',#7098);
#7098 = AXIS2_PLACEMENT_3D('',#7099,#7100,#7101);
#7099 = CARTESIAN_POINT('',(0.1,-4.78,0.2));
#7100 = DIRECTION('',(0.,0.,-1.));
#7101 = DIRECTION('',(2.334869823773E-16,1.,0.));
#7102 = ADVANCED_FACE('',(#7103),#7144,.T.);
#7103 = FACE_BOUND('',#7104,.T.);
#7104 = EDGE_LOOP('',(#7105,#7113,#7114,#7122,#7130,#7138));
#7105 = ORIENTED_EDGE('',*,*,#7106,.T.);
#7106 = EDGE_CURVE('',#7107,#5648,#7109,.T.);
#7107 = VERTEX_POINT('',#7108);
#7108 = CARTESIAN_POINT('',(0.1,-4.78,-2.5));
#7109 = LINE('',#7110,#7111);
#7110 = CARTESIAN_POINT('',(0.1,-4.78,-2.5));
#7111 = VECTOR('',#7112,1.);
#7112 = DIRECTION('',(0.,0.,1.));
#7113 = ORIENTED_EDGE('',*,*,#5655,.F.);
#7114 = ORIENTED_EDGE('',*,*,#7115,.T.);
#7115 = EDGE_CURVE('',#5656,#7116,#7118,.T.);
#7116 = VERTEX_POINT('',#7117);
#7117 = CARTESIAN_POINT('',(0.1,-5.38,-2.5));
#7118 = LINE('',#7119,#7120);
#7119 = CARTESIAN_POINT('',(0.1,-5.38,0.2));
#7120 = VECTOR('',#7121,1.);
#7121 = DIRECTION('',(-0.,0.,-1.));
#7122 = ORIENTED_EDGE('',*,*,#7123,.T.);
#7123 = EDGE_CURVE('',#7116,#7124,#7126,.T.);
#7124 = VERTEX_POINT('',#7125);
#7125 = CARTESIAN_POINT('',(0.1,-5.23,-3.1));
#7126 = LINE('',#7127,#7128);
#7127 = CARTESIAN_POINT('',(0.1,-5.38,-2.5));
#7128 = VECTOR('',#7129,1.);
#7129 = DIRECTION('',(5.662891120873E-17,0.242535625036,-0.970142500145)
  );
#7130 = ORIENTED_EDGE('',*,*,#7131,.F.);
#7131 = EDGE_CURVE('',#7132,#7124,#7134,.T.);
#7132 = VERTEX_POINT('',#7133);
#7133 = CARTESIAN_POINT('',(0.1,-4.93,-3.1));
#7134 = LINE('',#7135,#7136);
#7135 = CARTESIAN_POINT('',(0.1,-4.93,-3.1));
#7136 = VECTOR('',#7137,1.);
#7137 = DIRECTION('',(-2.334869823773E-16,-1.,0.));
#7138 = ORIENTED_EDGE('',*,*,#7139,.T.);
#7139 = EDGE_CURVE('',#7132,#7107,#7140,.T.);
#7140 = LINE('',#7141,#7142);
#7141 = CARTESIAN_POINT('',(0.1,-4.93,-3.1));
#7142 = VECTOR('',#7143,1.);
#7143 = DIRECTION('',(5.662891120873E-17,0.242535625036,0.970142500145)
  );
#7144 = PLANE('',#7145);
#7145 = AXIS2_PLACEMENT_3D('',#7146,#7147,#7148);
#7146 = CARTESIAN_POINT('',(0.1,-5.08,3.911477598424));
#7147 = DIRECTION('',(1.,-2.334869823773E-16,0.));
#7148 = DIRECTION('',(0.,0.,1.));
#7149 = ADVANCED_FACE('',(#7150),#7161,.T.);
#7150 = FACE_BOUND('',#7151,.T.);
#7151 = EDGE_LOOP('',(#7152,#7153,#7154,#7160));
#7152 = ORIENTED_EDGE('',*,*,#5703,.F.);
#7153 = ORIENTED_EDGE('',*,*,#5713,.T.);
#7154 = ORIENTED_EDGE('',*,*,#7155,.T.);
#7155 = EDGE_CURVE('',#5714,#5754,#7156,.T.);
#7156 = LINE('',#7157,#7158);
#7157 = CARTESIAN_POINT('',(0.1,-2.24,0.2));
#7158 = VECTOR('',#7159,1.);
#7159 = DIRECTION('',(-1.,2.334869823773E-16,0.));
#7160 = ORIENTED_EDGE('',*,*,#5761,.T.);
#7161 = PLANE('',#7162);
#7162 = AXIS2_PLACEMENT_3D('',#7163,#7164,#7165);
#7163 = CARTESIAN_POINT('',(0.1,-2.24,0.2));
#7164 = DIRECTION('',(0.,0.,-1.));
#7165 = DIRECTION('',(2.334869823773E-16,1.,0.));
#7166 = ADVANCED_FACE('',(#7167),#7208,.F.);
#7167 = FACE_BOUND('',#7168,.F.);
#7168 = EDGE_LOOP('',(#7169,#7177,#7178,#7186,#7194,#7202));
#7169 = ORIENTED_EDGE('',*,*,#7170,.T.);
#7170 = EDGE_CURVE('',#7171,#5754,#7173,.T.);
#7171 = VERTEX_POINT('',#7172);
#7172 = CARTESIAN_POINT('',(-0.1,-2.24,-2.5));
#7173 = LINE('',#7174,#7175);
#7174 = CARTESIAN_POINT('',(-0.1,-2.24,-2.5));
#7175 = VECTOR('',#7176,1.);
#7176 = DIRECTION('',(0.,0.,1.));
#7177 = ORIENTED_EDGE('',*,*,#5753,.F.);
#7178 = ORIENTED_EDGE('',*,*,#7179,.T.);
#7179 = EDGE_CURVE('',#5746,#7180,#7182,.T.);
#7180 = VERTEX_POINT('',#7181);
#7181 = CARTESIAN_POINT('',(-0.1,-2.84,-2.5));
#7182 = LINE('',#7183,#7184);
#7183 = CARTESIAN_POINT('',(-0.1,-2.84,0.2));
#7184 = VECTOR('',#7185,1.);
#7185 = DIRECTION('',(-0.,0.,-1.));
#7186 = ORIENTED_EDGE('',*,*,#7187,.T.);
#7187 = EDGE_CURVE('',#7180,#7188,#7190,.T.);
#7188 = VERTEX_POINT('',#7189);
#7189 = CARTESIAN_POINT('',(-0.1,-2.69,-3.1));
#7190 = LINE('',#7191,#7192);
#7191 = CARTESIAN_POINT('',(-0.1,-2.84,-2.5));
#7192 = VECTOR('',#7193,1.);
#7193 = DIRECTION('',(5.662891120873E-17,0.242535625036,-0.970142500145)
  );
#7194 = ORIENTED_EDGE('',*,*,#7195,.T.);
#7195 = EDGE_CURVE('',#7188,#7196,#7198,.T.);
#7196 = VERTEX_POINT('',#7197);
#7197 = CARTESIAN_POINT('',(-0.1,-2.39,-3.1));
#7198 = LINE('',#7199,#7200);
#7199 = CARTESIAN_POINT('',(-0.1,-2.69,-3.1));
#7200 = VECTOR('',#7201,1.);
#7201 = DIRECTION('',(2.334869823773E-16,1.,0.));
#7202 = ORIENTED_EDGE('',*,*,#7203,.T.);
#7203 = EDGE_CURVE('',#7196,#7171,#7204,.T.);
#7204 = LINE('',#7205,#7206);
#7205 = CARTESIAN_POINT('',(-0.1,-2.39,-3.1));
#7206 = VECTOR('',#7207,1.);
#7207 = DIRECTION('',(5.662891120873E-17,0.242535625036,0.970142500145)
  );
#7208 = PLANE('',#7209);
#7209 = AXIS2_PLACEMENT_3D('',#7210,#7211,#7212);
#7210 = CARTESIAN_POINT('',(-0.1,-2.54,3.911477598424));
#7211 = DIRECTION('',(1.,-2.334869823773E-16,0.));
#7212 = DIRECTION('',(0.,0.,1.));
#7213 = ADVANCED_FACE('',(#7214),#7225,.T.);
#7214 = FACE_BOUND('',#7215,.T.);
#7215 = EDGE_LOOP('',(#7216,#7222,#7223,#7224));
#7216 = ORIENTED_EDGE('',*,*,#7217,.F.);
#7217 = EDGE_CURVE('',#5722,#5746,#7218,.T.);
#7218 = LINE('',#7219,#7220);
#7219 = CARTESIAN_POINT('',(0.1,-2.84,0.2));
#7220 = VECTOR('',#7221,1.);
#7221 = DIRECTION('',(-1.,2.334869823773E-16,0.));
#7222 = ORIENTED_EDGE('',*,*,#5729,.T.);
#7223 = ORIENTED_EDGE('',*,*,#5737,.T.);
#7224 = ORIENTED_EDGE('',*,*,#5745,.T.);
#7225 = PLANE('',#7226);
#7226 = AXIS2_PLACEMENT_3D('',#7227,#7228,#7229);
#7227 = CARTESIAN_POINT('',(0.1,-2.24,0.2));
#7228 = DIRECTION('',(0.,0.,-1.));
#7229 = DIRECTION('',(2.334869823773E-16,1.,0.));
#7230 = ADVANCED_FACE('',(#7231),#7272,.T.);
#7231 = FACE_BOUND('',#7232,.T.);
#7232 = EDGE_LOOP('',(#7233,#7241,#7242,#7250,#7258,#7266));
#7233 = ORIENTED_EDGE('',*,*,#7234,.T.);
#7234 = EDGE_CURVE('',#7235,#5714,#7237,.T.);
#7235 = VERTEX_POINT('',#7236);
#7236 = CARTESIAN_POINT('',(0.1,-2.24,-2.5));
#7237 = LINE('',#7238,#7239);
#7238 = CARTESIAN_POINT('',(0.1,-2.24,-2.5));
#7239 = VECTOR('',#7240,1.);
#7240 = DIRECTION('',(0.,0.,1.));
#7241 = ORIENTED_EDGE('',*,*,#5721,.F.);
#7242 = ORIENTED_EDGE('',*,*,#7243,.T.);
#7243 = EDGE_CURVE('',#5722,#7244,#7246,.T.);
#7244 = VERTEX_POINT('',#7245);
#7245 = CARTESIAN_POINT('',(0.1,-2.84,-2.5));
#7246 = LINE('',#7247,#7248);
#7247 = CARTESIAN_POINT('',(0.1,-2.84,0.2));
#7248 = VECTOR('',#7249,1.);
#7249 = DIRECTION('',(-0.,0.,-1.));
#7250 = ORIENTED_EDGE('',*,*,#7251,.T.);
#7251 = EDGE_CURVE('',#7244,#7252,#7254,.T.);
#7252 = VERTEX_POINT('',#7253);
#7253 = CARTESIAN_POINT('',(0.1,-2.69,-3.1));
#7254 = LINE('',#7255,#7256);
#7255 = CARTESIAN_POINT('',(0.1,-2.84,-2.5));
#7256 = VECTOR('',#7257,1.);
#7257 = DIRECTION('',(5.662891120873E-17,0.242535625036,-0.970142500145)
  );
#7258 = ORIENTED_EDGE('',*,*,#7259,.F.);
#7259 = EDGE_CURVE('',#7260,#7252,#7262,.T.);
#7260 = VERTEX_POINT('',#7261);
#7261 = CARTESIAN_POINT('',(0.1,-2.39,-3.1));
#7262 = LINE('',#7263,#7264);
#7263 = CARTESIAN_POINT('',(0.1,-2.39,-3.1));
#7264 = VECTOR('',#7265,1.);
#7265 = DIRECTION('',(-2.334869823773E-16,-1.,0.));
#7266 = ORIENTED_EDGE('',*,*,#7267,.T.);
#7267 = EDGE_CURVE('',#7260,#7235,#7268,.T.);
#7268 = LINE('',#7269,#7270);
#7269 = CARTESIAN_POINT('',(0.1,-2.39,-3.1));
#7270 = VECTOR('',#7271,1.);
#7271 = DIRECTION('',(5.662891120873E-17,0.242535625036,0.970142500145)
  );
#7272 = PLANE('',#7273);
#7273 = AXIS2_PLACEMENT_3D('',#7274,#7275,#7276);
#7274 = CARTESIAN_POINT('',(0.1,-2.54,3.911477598424));
#7275 = DIRECTION('',(1.,-2.334869823773E-16,0.));
#7276 = DIRECTION('',(0.,0.,1.));
#7277 = ADVANCED_FACE('',(#7278),#7289,.T.);
#7278 = FACE_BOUND('',#7279,.T.);
#7279 = EDGE_LOOP('',(#7280,#7281,#7282,#7288));
#7280 = ORIENTED_EDGE('',*,*,#5769,.F.);
#7281 = ORIENTED_EDGE('',*,*,#5779,.T.);
#7282 = ORIENTED_EDGE('',*,*,#7283,.T.);
#7283 = EDGE_CURVE('',#5780,#5820,#7284,.T.);
#7284 = LINE('',#7285,#7286);
#7285 = CARTESIAN_POINT('',(0.1,0.3,0.2));
#7286 = VECTOR('',#7287,1.);
#7287 = DIRECTION('',(-1.,2.334869823773E-16,0.));
#7288 = ORIENTED_EDGE('',*,*,#5827,.T.);
#7289 = PLANE('',#7290);
#7290 = AXIS2_PLACEMENT_3D('',#7291,#7292,#7293);
#7291 = CARTESIAN_POINT('',(0.1,0.3,0.2));
#7292 = DIRECTION('',(0.,0.,-1.));
#7293 = DIRECTION('',(2.334869823773E-16,1.,0.));
#7294 = ADVANCED_FACE('',(#7295),#7336,.F.);
#7295 = FACE_BOUND('',#7296,.F.);
#7296 = EDGE_LOOP('',(#7297,#7305,#7306,#7314,#7322,#7330));
#7297 = ORIENTED_EDGE('',*,*,#7298,.T.);
#7298 = EDGE_CURVE('',#7299,#5820,#7301,.T.);
#7299 = VERTEX_POINT('',#7300);
#7300 = CARTESIAN_POINT('',(-0.1,0.3,-2.5));
#7301 = LINE('',#7302,#7303);
#7302 = CARTESIAN_POINT('',(-0.1,0.3,-2.5));
#7303 = VECTOR('',#7304,1.);
#7304 = DIRECTION('',(0.,0.,1.));
#7305 = ORIENTED_EDGE('',*,*,#5819,.F.);
#7306 = ORIENTED_EDGE('',*,*,#7307,.T.);
#7307 = EDGE_CURVE('',#5812,#7308,#7310,.T.);
#7308 = VERTEX_POINT('',#7309);
#7309 = CARTESIAN_POINT('',(-0.1,-0.3,-2.5));
#7310 = LINE('',#7311,#7312);
#7311 = CARTESIAN_POINT('',(-0.1,-0.3,0.2));
#7312 = VECTOR('',#7313,1.);
#7313 = DIRECTION('',(-0.,0.,-1.));
#7314 = ORIENTED_EDGE('',*,*,#7315,.T.);
#7315 = EDGE_CURVE('',#7308,#7316,#7318,.T.);
#7316 = VERTEX_POINT('',#7317);
#7317 = CARTESIAN_POINT('',(-0.1,-0.15,-3.1));
#7318 = LINE('',#7319,#7320);
#7319 = CARTESIAN_POINT('',(-0.1,-0.3,-2.5));
#7320 = VECTOR('',#7321,1.);
#7321 = DIRECTION('',(5.662891120873E-17,0.242535625036,-0.970142500145)
  );
#7322 = ORIENTED_EDGE('',*,*,#7323,.T.);
#7323 = EDGE_CURVE('',#7316,#7324,#7326,.T.);
#7324 = VERTEX_POINT('',#7325);
#7325 = CARTESIAN_POINT('',(-0.1,0.15,-3.1));
#7326 = LINE('',#7327,#7328);
#7327 = CARTESIAN_POINT('',(-0.1,-0.15,-3.1));
#7328 = VECTOR('',#7329,1.);
#7329 = DIRECTION('',(2.334869823773E-16,1.,0.));
#7330 = ORIENTED_EDGE('',*,*,#7331,.T.);
#7331 = EDGE_CURVE('',#7324,#7299,#7332,.T.);
#7332 = LINE('',#7333,#7334);
#7333 = CARTESIAN_POINT('',(-0.1,0.15,-3.1));
#7334 = VECTOR('',#7335,1.);
#7335 = DIRECTION('',(5.662891120873E-17,0.242535625036,0.970142500145)
  );
#7336 = PLANE('',#7337);
#7337 = AXIS2_PLACEMENT_3D('',#7338,#7339,#7340);
#7338 = CARTESIAN_POINT('',(-0.1,1.110223024625E-17,3.911477598424));
#7339 = DIRECTION('',(1.,-2.334869823773E-16,0.));
#7340 = DIRECTION('',(0.,0.,1.));
#7341 = ADVANCED_FACE('',(#7342),#7353,.T.);
#7342 = FACE_BOUND('',#7343,.T.);
#7343 = EDGE_LOOP('',(#7344,#7350,#7351,#7352));
#7344 = ORIENTED_EDGE('',*,*,#7345,.F.);
#7345 = EDGE_CURVE('',#5788,#5812,#7346,.T.);
#7346 = LINE('',#7347,#7348);
#7347 = CARTESIAN_POINT('',(0.1,-0.3,0.2));
#7348 = VECTOR('',#7349,1.);
#7349 = DIRECTION('',(-1.,2.334869823773E-16,0.));
#7350 = ORIENTED_EDGE('',*,*,#5795,.T.);
#7351 = ORIENTED_EDGE('',*,*,#5803,.T.);
#7352 = ORIENTED_EDGE('',*,*,#5811,.T.);
#7353 = PLANE('',#7354);
#7354 = AXIS2_PLACEMENT_3D('',#7355,#7356,#7357);
#7355 = CARTESIAN_POINT('',(0.1,0.3,0.2));
#7356 = DIRECTION('',(0.,0.,-1.));
#7357 = DIRECTION('',(2.334869823773E-16,1.,0.));
#7358 = ADVANCED_FACE('',(#7359),#7400,.T.);
#7359 = FACE_BOUND('',#7360,.T.);
#7360 = EDGE_LOOP('',(#7361,#7369,#7370,#7378,#7386,#7394));
#7361 = ORIENTED_EDGE('',*,*,#7362,.T.);
#7362 = EDGE_CURVE('',#7363,#5780,#7365,.T.);
#7363 = VERTEX_POINT('',#7364);
#7364 = CARTESIAN_POINT('',(0.1,0.3,-2.5));
#7365 = LINE('',#7366,#7367);
#7366 = CARTESIAN_POINT('',(0.1,0.3,-2.5));
#7367 = VECTOR('',#7368,1.);
#7368 = DIRECTION('',(0.,0.,1.));
#7369 = ORIENTED_EDGE('',*,*,#5787,.F.);
#7370 = ORIENTED_EDGE('',*,*,#7371,.T.);
#7371 = EDGE_CURVE('',#5788,#7372,#7374,.T.);
#7372 = VERTEX_POINT('',#7373);
#7373 = CARTESIAN_POINT('',(0.1,-0.3,-2.5));
#7374 = LINE('',#7375,#7376);
#7375 = CARTESIAN_POINT('',(0.1,-0.3,0.2));
#7376 = VECTOR('',#7377,1.);
#7377 = DIRECTION('',(-0.,0.,-1.));
#7378 = ORIENTED_EDGE('',*,*,#7379,.T.);
#7379 = EDGE_CURVE('',#7372,#7380,#7382,.T.);
#7380 = VERTEX_POINT('',#7381);
#7381 = CARTESIAN_POINT('',(0.1,-0.15,-3.1));
#7382 = LINE('',#7383,#7384);
#7383 = CARTESIAN_POINT('',(0.1,-0.3,-2.5));
#7384 = VECTOR('',#7385,1.);
#7385 = DIRECTION('',(5.662891120873E-17,0.242535625036,-0.970142500145)
  );
#7386 = ORIENTED_EDGE('',*,*,#7387,.F.);
#7387 = EDGE_CURVE('',#7388,#7380,#7390,.T.);
#7388 = VERTEX_POINT('',#7389);
#7389 = CARTESIAN_POINT('',(0.1,0.15,-3.1));
#7390 = LINE('',#7391,#7392);
#7391 = CARTESIAN_POINT('',(0.1,0.15,-3.1));
#7392 = VECTOR('',#7393,1.);
#7393 = DIRECTION('',(-2.334869823773E-16,-1.,0.));
#7394 = ORIENTED_EDGE('',*,*,#7395,.T.);
#7395 = EDGE_CURVE('',#7388,#7363,#7396,.T.);
#7396 = LINE('',#7397,#7398);
#7397 = CARTESIAN_POINT('',(0.1,0.15,-3.1));
#7398 = VECTOR('',#7399,1.);
#7399 = DIRECTION('',(5.662891120873E-17,0.242535625036,0.970142500145)
  );
#7400 = PLANE('',#7401);
#7401 = AXIS2_PLACEMENT_3D('',#7402,#7403,#7404);
#7402 = CARTESIAN_POINT('',(0.1,-1.110223024625E-17,3.911477598424));
#7403 = DIRECTION('',(1.,-2.334869823773E-16,0.));
#7404 = DIRECTION('',(0.,0.,1.));
#7405 = ADVANCED_FACE('',(#7406),#7417,.T.);
#7406 = FACE_BOUND('',#7407,.T.);
#7407 = EDGE_LOOP('',(#7408,#7409,#7410,#7416));
#7408 = ORIENTED_EDGE('',*,*,#5835,.F.);
#7409 = ORIENTED_EDGE('',*,*,#5845,.T.);
#7410 = ORIENTED_EDGE('',*,*,#7411,.T.);
#7411 = EDGE_CURVE('',#5846,#5886,#7412,.T.);
#7412 = LINE('',#7413,#7414);
#7413 = CARTESIAN_POINT('',(-2.64,-7.92,0.2));
#7414 = VECTOR('',#7415,1.);
#7415 = DIRECTION('',(1.,-1.110223024625E-16,0.));
#7416 = ORIENTED_EDGE('',*,*,#5893,.T.);
#7417 = PLANE('',#7418);
#7418 = AXIS2_PLACEMENT_3D('',#7419,#7420,#7421);
#7419 = CARTESIAN_POINT('',(-2.64,-7.92,0.2));
#7420 = DIRECTION('',(0.,-0.,-1.));
#7421 = DIRECTION('',(-1.110223024625E-16,-1.,0.));
#7422 = ADVANCED_FACE('',(#7423),#7464,.F.);
#7423 = FACE_BOUND('',#7424,.F.);
#7424 = EDGE_LOOP('',(#7425,#7433,#7434,#7442,#7450,#7458));
#7425 = ORIENTED_EDGE('',*,*,#7426,.T.);
#7426 = EDGE_CURVE('',#7427,#5886,#7429,.T.);
#7427 = VERTEX_POINT('',#7428);
#7428 = CARTESIAN_POINT('',(-2.44,-7.92,-2.5));
#7429 = LINE('',#7430,#7431);
#7430 = CARTESIAN_POINT('',(-2.44,-7.92,-2.5));
#7431 = VECTOR('',#7432,1.);
#7432 = DIRECTION('',(0.,0.,1.));
#7433 = ORIENTED_EDGE('',*,*,#5885,.F.);
#7434 = ORIENTED_EDGE('',*,*,#7435,.T.);
#7435 = EDGE_CURVE('',#5878,#7436,#7438,.T.);
#7436 = VERTEX_POINT('',#7437);
#7437 = CARTESIAN_POINT('',(-2.44,-7.32,-2.5));
#7438 = LINE('',#7439,#7440);
#7439 = CARTESIAN_POINT('',(-2.44,-7.32,0.2));
#7440 = VECTOR('',#7441,1.);
#7441 = DIRECTION('',(0.,0.,-1.));
#7442 = ORIENTED_EDGE('',*,*,#7443,.T.);
#7443 = EDGE_CURVE('',#7436,#7444,#7446,.T.);
#7444 = VERTEX_POINT('',#7445);
#7445 = CARTESIAN_POINT('',(-2.44,-7.47,-3.1));
#7446 = LINE('',#7447,#7448);
#7447 = CARTESIAN_POINT('',(-2.44,-7.32,-2.5));
#7448 = VECTOR('',#7449,1.);
#7449 = DIRECTION('',(-2.692686352073E-17,-0.242535625036,
    -0.970142500145));
#7450 = ORIENTED_EDGE('',*,*,#7451,.T.);
#7451 = EDGE_CURVE('',#7444,#7452,#7454,.T.);
#7452 = VERTEX_POINT('',#7453);
#7453 = CARTESIAN_POINT('',(-2.44,-7.77,-3.1));
#7454 = LINE('',#7455,#7456);
#7455 = CARTESIAN_POINT('',(-2.44,-7.47,-3.1));
#7456 = VECTOR('',#7457,1.);
#7457 = DIRECTION('',(-1.110223024625E-16,-1.,0.));
#7458 = ORIENTED_EDGE('',*,*,#7459,.T.);
#7459 = EDGE_CURVE('',#7452,#7427,#7460,.T.);
#7460 = LINE('',#7461,#7462);
#7461 = CARTESIAN_POINT('',(-2.44,-7.77,-3.1));
#7462 = VECTOR('',#7463,1.);
#7463 = DIRECTION('',(-2.692686352073E-17,-0.242535625036,0.970142500145
    ));
#7464 = PLANE('',#7465);
#7465 = AXIS2_PLACEMENT_3D('',#7466,#7467,#7468);
#7466 = CARTESIAN_POINT('',(-2.44,-7.62,3.911477598424));
#7467 = DIRECTION('',(-1.,1.110223024625E-16,0.));
#7468 = DIRECTION('',(0.,0.,1.));
#7469 = ADVANCED_FACE('',(#7470),#7481,.T.);
#7470 = FACE_BOUND('',#7471,.T.);
#7471 = EDGE_LOOP('',(#7472,#7478,#7479,#7480));
#7472 = ORIENTED_EDGE('',*,*,#7473,.F.);
#7473 = EDGE_CURVE('',#5854,#5878,#7474,.T.);
#7474 = LINE('',#7475,#7476);
#7475 = CARTESIAN_POINT('',(-2.64,-7.32,0.2));
#7476 = VECTOR('',#7477,1.);
#7477 = DIRECTION('',(1.,-1.110223024625E-16,0.));
#7478 = ORIENTED_EDGE('',*,*,#5861,.T.);
#7479 = ORIENTED_EDGE('',*,*,#5869,.T.);
#7480 = ORIENTED_EDGE('',*,*,#5877,.T.);
#7481 = PLANE('',#7482);
#7482 = AXIS2_PLACEMENT_3D('',#7483,#7484,#7485);
#7483 = CARTESIAN_POINT('',(-2.64,-7.92,0.2));
#7484 = DIRECTION('',(0.,-0.,-1.));
#7485 = DIRECTION('',(-1.110223024625E-16,-1.,0.));
#7486 = ADVANCED_FACE('',(#7487),#7528,.T.);
#7487 = FACE_BOUND('',#7488,.T.);
#7488 = EDGE_LOOP('',(#7489,#7497,#7498,#7506,#7514,#7522));
#7489 = ORIENTED_EDGE('',*,*,#7490,.T.);
#7490 = EDGE_CURVE('',#7491,#5846,#7493,.T.);
#7491 = VERTEX_POINT('',#7492);
#7492 = CARTESIAN_POINT('',(-2.64,-7.92,-2.5));
#7493 = LINE('',#7494,#7495);
#7494 = CARTESIAN_POINT('',(-2.64,-7.92,-2.5));
#7495 = VECTOR('',#7496,1.);
#7496 = DIRECTION('',(0.,0.,1.));
#7497 = ORIENTED_EDGE('',*,*,#5853,.F.);
#7498 = ORIENTED_EDGE('',*,*,#7499,.T.);
#7499 = EDGE_CURVE('',#5854,#7500,#7502,.T.);
#7500 = VERTEX_POINT('',#7501);
#7501 = CARTESIAN_POINT('',(-2.64,-7.32,-2.5));
#7502 = LINE('',#7503,#7504);
#7503 = CARTESIAN_POINT('',(-2.64,-7.32,0.2));
#7504 = VECTOR('',#7505,1.);
#7505 = DIRECTION('',(0.,0.,-1.));
#7506 = ORIENTED_EDGE('',*,*,#7507,.T.);
#7507 = EDGE_CURVE('',#7500,#7508,#7510,.T.);
#7508 = VERTEX_POINT('',#7509);
#7509 = CARTESIAN_POINT('',(-2.64,-7.47,-3.1));
#7510 = LINE('',#7511,#7512);
#7511 = CARTESIAN_POINT('',(-2.64,-7.32,-2.5));
#7512 = VECTOR('',#7513,1.);
#7513 = DIRECTION('',(-2.692686352073E-17,-0.242535625036,
    -0.970142500145));
#7514 = ORIENTED_EDGE('',*,*,#7515,.F.);
#7515 = EDGE_CURVE('',#7516,#7508,#7518,.T.);
#7516 = VERTEX_POINT('',#7517);
#7517 = CARTESIAN_POINT('',(-2.64,-7.77,-3.1));
#7518 = LINE('',#7519,#7520);
#7519 = CARTESIAN_POINT('',(-2.64,-7.77,-3.1));
#7520 = VECTOR('',#7521,1.);
#7521 = DIRECTION('',(1.110223024625E-16,1.,0.));
#7522 = ORIENTED_EDGE('',*,*,#7523,.T.);
#7523 = EDGE_CURVE('',#7516,#7491,#7524,.T.);
#7524 = LINE('',#7525,#7526);
#7525 = CARTESIAN_POINT('',(-2.64,-7.77,-3.1));
#7526 = VECTOR('',#7527,1.);
#7527 = DIRECTION('',(-2.692686352073E-17,-0.242535625036,0.970142500145
    ));
#7528 = PLANE('',#7529);
#7529 = AXIS2_PLACEMENT_3D('',#7530,#7531,#7532);
#7530 = CARTESIAN_POINT('',(-2.64,-7.62,3.911477598424));
#7531 = DIRECTION('',(-1.,1.110223024625E-16,0.));
#7532 = DIRECTION('',(0.,0.,1.));
#7533 = ADVANCED_FACE('',(#7534),#7545,.T.);
#7534 = FACE_BOUND('',#7535,.T.);
#7535 = EDGE_LOOP('',(#7536,#7537,#7538,#7544));
#7536 = ORIENTED_EDGE('',*,*,#5901,.F.);
#7537 = ORIENTED_EDGE('',*,*,#5911,.T.);
#7538 = ORIENTED_EDGE('',*,*,#7539,.T.);
#7539 = EDGE_CURVE('',#5912,#5952,#7540,.T.);
#7540 = LINE('',#7541,#7542);
#7541 = CARTESIAN_POINT('',(-2.64,-5.38,0.2));
#7542 = VECTOR('',#7543,1.);
#7543 = DIRECTION('',(1.,-1.110223024625E-16,0.));
#7544 = ORIENTED_EDGE('',*,*,#5959,.T.);
#7545 = PLANE('',#7546);
#7546 = AXIS2_PLACEMENT_3D('',#7547,#7548,#7549);
#7547 = CARTESIAN_POINT('',(-2.64,-5.38,0.2));
#7548 = DIRECTION('',(0.,-0.,-1.));
#7549 = DIRECTION('',(-1.110223024625E-16,-1.,0.));
#7550 = ADVANCED_FACE('',(#7551),#7592,.F.);
#7551 = FACE_BOUND('',#7552,.F.);
#7552 = EDGE_LOOP('',(#7553,#7561,#7562,#7570,#7578,#7586));
#7553 = ORIENTED_EDGE('',*,*,#7554,.T.);
#7554 = EDGE_CURVE('',#7555,#5952,#7557,.T.);
#7555 = VERTEX_POINT('',#7556);
#7556 = CARTESIAN_POINT('',(-2.44,-5.38,-2.5));
#7557 = LINE('',#7558,#7559);
#7558 = CARTESIAN_POINT('',(-2.44,-5.38,-2.5));
#7559 = VECTOR('',#7560,1.);
#7560 = DIRECTION('',(0.,0.,1.));
#7561 = ORIENTED_EDGE('',*,*,#5951,.F.);
#7562 = ORIENTED_EDGE('',*,*,#7563,.T.);
#7563 = EDGE_CURVE('',#5944,#7564,#7566,.T.);
#7564 = VERTEX_POINT('',#7565);
#7565 = CARTESIAN_POINT('',(-2.44,-4.78,-2.5));
#7566 = LINE('',#7567,#7568);
#7567 = CARTESIAN_POINT('',(-2.44,-4.78,0.2));
#7568 = VECTOR('',#7569,1.);
#7569 = DIRECTION('',(0.,0.,-1.));
#7570 = ORIENTED_EDGE('',*,*,#7571,.T.);
#7571 = EDGE_CURVE('',#7564,#7572,#7574,.T.);
#7572 = VERTEX_POINT('',#7573);
#7573 = CARTESIAN_POINT('',(-2.44,-4.93,-3.1));
#7574 = LINE('',#7575,#7576);
#7575 = CARTESIAN_POINT('',(-2.44,-4.78,-2.5));
#7576 = VECTOR('',#7577,1.);
#7577 = DIRECTION('',(-2.692686352073E-17,-0.242535625036,
    -0.970142500145));
#7578 = ORIENTED_EDGE('',*,*,#7579,.T.);
#7579 = EDGE_CURVE('',#7572,#7580,#7582,.T.);
#7580 = VERTEX_POINT('',#7581);
#7581 = CARTESIAN_POINT('',(-2.44,-5.23,-3.1));
#7582 = LINE('',#7583,#7584);
#7583 = CARTESIAN_POINT('',(-2.44,-4.93,-3.1));
#7584 = VECTOR('',#7585,1.);
#7585 = DIRECTION('',(-1.110223024625E-16,-1.,0.));
#7586 = ORIENTED_EDGE('',*,*,#7587,.T.);
#7587 = EDGE_CURVE('',#7580,#7555,#7588,.T.);
#7588 = LINE('',#7589,#7590);
#7589 = CARTESIAN_POINT('',(-2.44,-5.23,-3.1));
#7590 = VECTOR('',#7591,1.);
#7591 = DIRECTION('',(-2.692686352073E-17,-0.242535625036,0.970142500145
    ));
#7592 = PLANE('',#7593);
#7593 = AXIS2_PLACEMENT_3D('',#7594,#7595,#7596);
#7594 = CARTESIAN_POINT('',(-2.44,-5.08,3.911477598424));
#7595 = DIRECTION('',(-1.,1.110223024625E-16,0.));
#7596 = DIRECTION('',(0.,0.,1.));
#7597 = ADVANCED_FACE('',(#7598),#7609,.T.);
#7598 = FACE_BOUND('',#7599,.T.);
#7599 = EDGE_LOOP('',(#7600,#7606,#7607,#7608));
#7600 = ORIENTED_EDGE('',*,*,#7601,.F.);
#7601 = EDGE_CURVE('',#5920,#5944,#7602,.T.);
#7602 = LINE('',#7603,#7604);
#7603 = CARTESIAN_POINT('',(-2.64,-4.78,0.2));
#7604 = VECTOR('',#7605,1.);
#7605 = DIRECTION('',(1.,-1.110223024625E-16,0.));
#7606 = ORIENTED_EDGE('',*,*,#5927,.T.);
#7607 = ORIENTED_EDGE('',*,*,#5935,.T.);
#7608 = ORIENTED_EDGE('',*,*,#5943,.T.);
#7609 = PLANE('',#7610);
#7610 = AXIS2_PLACEMENT_3D('',#7611,#7612,#7613);
#7611 = CARTESIAN_POINT('',(-2.64,-5.38,0.2));
#7612 = DIRECTION('',(0.,-0.,-1.));
#7613 = DIRECTION('',(-1.110223024625E-16,-1.,0.));
#7614 = ADVANCED_FACE('',(#7615),#7656,.T.);
#7615 = FACE_BOUND('',#7616,.T.);
#7616 = EDGE_LOOP('',(#7617,#7625,#7626,#7634,#7642,#7650));
#7617 = ORIENTED_EDGE('',*,*,#7618,.T.);
#7618 = EDGE_CURVE('',#7619,#5912,#7621,.T.);
#7619 = VERTEX_POINT('',#7620);
#7620 = CARTESIAN_POINT('',(-2.64,-5.38,-2.5));
#7621 = LINE('',#7622,#7623);
#7622 = CARTESIAN_POINT('',(-2.64,-5.38,-2.5));
#7623 = VECTOR('',#7624,1.);
#7624 = DIRECTION('',(0.,0.,1.));
#7625 = ORIENTED_EDGE('',*,*,#5919,.F.);
#7626 = ORIENTED_EDGE('',*,*,#7627,.T.);
#7627 = EDGE_CURVE('',#5920,#7628,#7630,.T.);
#7628 = VERTEX_POINT('',#7629);
#7629 = CARTESIAN_POINT('',(-2.64,-4.78,-2.5));
#7630 = LINE('',#7631,#7632);
#7631 = CARTESIAN_POINT('',(-2.64,-4.78,0.2));
#7632 = VECTOR('',#7633,1.);
#7633 = DIRECTION('',(0.,0.,-1.));
#7634 = ORIENTED_EDGE('',*,*,#7635,.T.);
#7635 = EDGE_CURVE('',#7628,#7636,#7638,.T.);
#7636 = VERTEX_POINT('',#7637);
#7637 = CARTESIAN_POINT('',(-2.64,-4.93,-3.1));
#7638 = LINE('',#7639,#7640);
#7639 = CARTESIAN_POINT('',(-2.64,-4.78,-2.5));
#7640 = VECTOR('',#7641,1.);
#7641 = DIRECTION('',(-2.692686352073E-17,-0.242535625036,
    -0.970142500145));
#7642 = ORIENTED_EDGE('',*,*,#7643,.F.);
#7643 = EDGE_CURVE('',#7644,#7636,#7646,.T.);
#7644 = VERTEX_POINT('',#7645);
#7645 = CARTESIAN_POINT('',(-2.64,-5.23,-3.1));
#7646 = LINE('',#7647,#7648);
#7647 = CARTESIAN_POINT('',(-2.64,-5.23,-3.1));
#7648 = VECTOR('',#7649,1.);
#7649 = DIRECTION('',(1.110223024625E-16,1.,0.));
#7650 = ORIENTED_EDGE('',*,*,#7651,.T.);
#7651 = EDGE_CURVE('',#7644,#7619,#7652,.T.);
#7652 = LINE('',#7653,#7654);
#7653 = CARTESIAN_POINT('',(-2.64,-5.23,-3.1));
#7654 = VECTOR('',#7655,1.);
#7655 = DIRECTION('',(-2.692686352073E-17,-0.242535625036,0.970142500145
    ));
#7656 = PLANE('',#7657);
#7657 = AXIS2_PLACEMENT_3D('',#7658,#7659,#7660);
#7658 = CARTESIAN_POINT('',(-2.64,-5.08,3.911477598424));
#7659 = DIRECTION('',(-1.,1.110223024625E-16,0.));
#7660 = DIRECTION('',(0.,0.,1.));
#7661 = ADVANCED_FACE('',(#7662),#7673,.T.);
#7662 = FACE_BOUND('',#7663,.T.);
#7663 = EDGE_LOOP('',(#7664,#7665,#7666,#7672));
#7664 = ORIENTED_EDGE('',*,*,#5967,.F.);
#7665 = ORIENTED_EDGE('',*,*,#5977,.T.);
#7666 = ORIENTED_EDGE('',*,*,#7667,.T.);
#7667 = EDGE_CURVE('',#5978,#6018,#7668,.T.);
#7668 = LINE('',#7669,#7670);
#7669 = CARTESIAN_POINT('',(-2.64,-2.84,0.2));
#7670 = VECTOR('',#7671,1.);
#7671 = DIRECTION('',(1.,-1.110223024625E-16,0.));
#7672 = ORIENTED_EDGE('',*,*,#6025,.T.);
#7673 = PLANE('',#7674);
#7674 = AXIS2_PLACEMENT_3D('',#7675,#7676,#7677);
#7675 = CARTESIAN_POINT('',(-2.64,-2.84,0.2));
#7676 = DIRECTION('',(0.,-0.,-1.));
#7677 = DIRECTION('',(-1.110223024625E-16,-1.,0.));
#7678 = ADVANCED_FACE('',(#7679),#7720,.F.);
#7679 = FACE_BOUND('',#7680,.F.);
#7680 = EDGE_LOOP('',(#7681,#7689,#7690,#7698,#7706,#7714));
#7681 = ORIENTED_EDGE('',*,*,#7682,.T.);
#7682 = EDGE_CURVE('',#7683,#6018,#7685,.T.);
#7683 = VERTEX_POINT('',#7684);
#7684 = CARTESIAN_POINT('',(-2.44,-2.84,-2.5));
#7685 = LINE('',#7686,#7687);
#7686 = CARTESIAN_POINT('',(-2.44,-2.84,-2.5));
#7687 = VECTOR('',#7688,1.);
#7688 = DIRECTION('',(0.,0.,1.));
#7689 = ORIENTED_EDGE('',*,*,#6017,.F.);
#7690 = ORIENTED_EDGE('',*,*,#7691,.T.);
#7691 = EDGE_CURVE('',#6010,#7692,#7694,.T.);
#7692 = VERTEX_POINT('',#7693);
#7693 = CARTESIAN_POINT('',(-2.44,-2.24,-2.5));
#7694 = LINE('',#7695,#7696);
#7695 = CARTESIAN_POINT('',(-2.44,-2.24,0.2));
#7696 = VECTOR('',#7697,1.);
#7697 = DIRECTION('',(0.,0.,-1.));
#7698 = ORIENTED_EDGE('',*,*,#7699,.T.);
#7699 = EDGE_CURVE('',#7692,#7700,#7702,.T.);
#7700 = VERTEX_POINT('',#7701);
#7701 = CARTESIAN_POINT('',(-2.44,-2.39,-3.1));
#7702 = LINE('',#7703,#7704);
#7703 = CARTESIAN_POINT('',(-2.44,-2.24,-2.5));
#7704 = VECTOR('',#7705,1.);
#7705 = DIRECTION('',(-2.692686352073E-17,-0.242535625036,
    -0.970142500145));
#7706 = ORIENTED_EDGE('',*,*,#7707,.T.);
#7707 = EDGE_CURVE('',#7700,#7708,#7710,.T.);
#7708 = VERTEX_POINT('',#7709);
#7709 = CARTESIAN_POINT('',(-2.44,-2.69,-3.1));
#7710 = LINE('',#7711,#7712);
#7711 = CARTESIAN_POINT('',(-2.44,-2.39,-3.1));
#7712 = VECTOR('',#7713,1.);
#7713 = DIRECTION('',(-1.110223024625E-16,-1.,0.));
#7714 = ORIENTED_EDGE('',*,*,#7715,.T.);
#7715 = EDGE_CURVE('',#7708,#7683,#7716,.T.);
#7716 = LINE('',#7717,#7718);
#7717 = CARTESIAN_POINT('',(-2.44,-2.69,-3.1));
#7718 = VECTOR('',#7719,1.);
#7719 = DIRECTION('',(-2.692686352073E-17,-0.242535625036,0.970142500145
    ));
#7720 = PLANE('',#7721);
#7721 = AXIS2_PLACEMENT_3D('',#7722,#7723,#7724);
#7722 = CARTESIAN_POINT('',(-2.44,-2.54,3.911477598424));
#7723 = DIRECTION('',(-1.,1.110223024625E-16,0.));
#7724 = DIRECTION('',(0.,0.,1.));
#7725 = ADVANCED_FACE('',(#7726),#7737,.T.);
#7726 = FACE_BOUND('',#7727,.T.);
#7727 = EDGE_LOOP('',(#7728,#7734,#7735,#7736));
#7728 = ORIENTED_EDGE('',*,*,#7729,.F.);
#7729 = EDGE_CURVE('',#5986,#6010,#7730,.T.);
#7730 = LINE('',#7731,#7732);
#7731 = CARTESIAN_POINT('',(-2.64,-2.24,0.2));
#7732 = VECTOR('',#7733,1.);
#7733 = DIRECTION('',(1.,-1.110223024625E-16,0.));
#7734 = ORIENTED_EDGE('',*,*,#5993,.T.);
#7735 = ORIENTED_EDGE('',*,*,#6001,.T.);
#7736 = ORIENTED_EDGE('',*,*,#6009,.T.);
#7737 = PLANE('',#7738);
#7738 = AXIS2_PLACEMENT_3D('',#7739,#7740,#7741);
#7739 = CARTESIAN_POINT('',(-2.64,-2.84,0.2));
#7740 = DIRECTION('',(0.,-0.,-1.));
#7741 = DIRECTION('',(-1.110223024625E-16,-1.,0.));
#7742 = ADVANCED_FACE('',(#7743),#7784,.T.);
#7743 = FACE_BOUND('',#7744,.T.);
#7744 = EDGE_LOOP('',(#7745,#7753,#7754,#7762,#7770,#7778));
#7745 = ORIENTED_EDGE('',*,*,#7746,.T.);
#7746 = EDGE_CURVE('',#7747,#5978,#7749,.T.);
#7747 = VERTEX_POINT('',#7748);
#7748 = CARTESIAN_POINT('',(-2.64,-2.84,-2.5));
#7749 = LINE('',#7750,#7751);
#7750 = CARTESIAN_POINT('',(-2.64,-2.84,-2.5));
#7751 = VECTOR('',#7752,1.);
#7752 = DIRECTION('',(0.,0.,1.));
#7753 = ORIENTED_EDGE('',*,*,#5985,.F.);
#7754 = ORIENTED_EDGE('',*,*,#7755,.T.);
#7755 = EDGE_CURVE('',#5986,#7756,#7758,.T.);
#7756 = VERTEX_POINT('',#7757);
#7757 = CARTESIAN_POINT('',(-2.64,-2.24,-2.5));
#7758 = LINE('',#7759,#7760);
#7759 = CARTESIAN_POINT('',(-2.64,-2.24,0.2));
#7760 = VECTOR('',#7761,1.);
#7761 = DIRECTION('',(0.,0.,-1.));
#7762 = ORIENTED_EDGE('',*,*,#7763,.T.);
#7763 = EDGE_CURVE('',#7756,#7764,#7766,.T.);
#7764 = VERTEX_POINT('',#7765);
#7765 = CARTESIAN_POINT('',(-2.64,-2.39,-3.1));
#7766 = LINE('',#7767,#7768);
#7767 = CARTESIAN_POINT('',(-2.64,-2.24,-2.5));
#7768 = VECTOR('',#7769,1.);
#7769 = DIRECTION('',(-2.692686352073E-17,-0.242535625036,
    -0.970142500145));
#7770 = ORIENTED_EDGE('',*,*,#7771,.F.);
#7771 = EDGE_CURVE('',#7772,#7764,#7774,.T.);
#7772 = VERTEX_POINT('',#7773);
#7773 = CARTESIAN_POINT('',(-2.64,-2.69,-3.1));
#7774 = LINE('',#7775,#7776);
#7775 = CARTESIAN_POINT('',(-2.64,-2.69,-3.1));
#7776 = VECTOR('',#7777,1.);
#7777 = DIRECTION('',(1.110223024625E-16,1.,0.));
#7778 = ORIENTED_EDGE('',*,*,#7779,.T.);
#7779 = EDGE_CURVE('',#7772,#7747,#7780,.T.);
#7780 = LINE('',#7781,#7782);
#7781 = CARTESIAN_POINT('',(-2.64,-2.69,-3.1));
#7782 = VECTOR('',#7783,1.);
#7783 = DIRECTION('',(-2.692686352073E-17,-0.242535625036,0.970142500145
    ));
#7784 = PLANE('',#7785);
#7785 = AXIS2_PLACEMENT_3D('',#7786,#7787,#7788);
#7786 = CARTESIAN_POINT('',(-2.64,-2.54,3.911477598424));
#7787 = DIRECTION('',(-1.,1.110223024625E-16,0.));
#7788 = DIRECTION('',(0.,0.,1.));
#7789 = ADVANCED_FACE('',(#7790),#7801,.T.);
#7790 = FACE_BOUND('',#7791,.T.);
#7791 = EDGE_LOOP('',(#7792,#7793,#7794,#7800));
#7792 = ORIENTED_EDGE('',*,*,#6033,.F.);
#7793 = ORIENTED_EDGE('',*,*,#6043,.T.);
#7794 = ORIENTED_EDGE('',*,*,#7795,.T.);
#7795 = EDGE_CURVE('',#6044,#6084,#7796,.T.);
#7796 = LINE('',#7797,#7798);
#7797 = CARTESIAN_POINT('',(-2.64,-0.3,0.2));
#7798 = VECTOR('',#7799,1.);
#7799 = DIRECTION('',(1.,-1.110223024625E-16,0.));
#7800 = ORIENTED_EDGE('',*,*,#6091,.T.);
#7801 = PLANE('',#7802);
#7802 = AXIS2_PLACEMENT_3D('',#7803,#7804,#7805);
#7803 = CARTESIAN_POINT('',(-2.64,-0.3,0.2));
#7804 = DIRECTION('',(0.,-0.,-1.));
#7805 = DIRECTION('',(-1.110223024625E-16,-1.,0.));
#7806 = ADVANCED_FACE('',(#7807),#7848,.F.);
#7807 = FACE_BOUND('',#7808,.F.);
#7808 = EDGE_LOOP('',(#7809,#7817,#7818,#7826,#7834,#7842));
#7809 = ORIENTED_EDGE('',*,*,#7810,.T.);
#7810 = EDGE_CURVE('',#7811,#6084,#7813,.T.);
#7811 = VERTEX_POINT('',#7812);
#7812 = CARTESIAN_POINT('',(-2.44,-0.3,-2.5));
#7813 = LINE('',#7814,#7815);
#7814 = CARTESIAN_POINT('',(-2.44,-0.3,-2.5));
#7815 = VECTOR('',#7816,1.);
#7816 = DIRECTION('',(0.,0.,1.));
#7817 = ORIENTED_EDGE('',*,*,#6083,.F.);
#7818 = ORIENTED_EDGE('',*,*,#7819,.T.);
#7819 = EDGE_CURVE('',#6076,#7820,#7822,.T.);
#7820 = VERTEX_POINT('',#7821);
#7821 = CARTESIAN_POINT('',(-2.44,0.3,-2.5));
#7822 = LINE('',#7823,#7824);
#7823 = CARTESIAN_POINT('',(-2.44,0.3,0.2));
#7824 = VECTOR('',#7825,1.);
#7825 = DIRECTION('',(0.,0.,-1.));
#7826 = ORIENTED_EDGE('',*,*,#7827,.T.);
#7827 = EDGE_CURVE('',#7820,#7828,#7830,.T.);
#7828 = VERTEX_POINT('',#7829);
#7829 = CARTESIAN_POINT('',(-2.44,0.15,-3.1));
#7830 = LINE('',#7831,#7832);
#7831 = CARTESIAN_POINT('',(-2.44,0.3,-2.5));
#7832 = VECTOR('',#7833,1.);
#7833 = DIRECTION('',(-2.692686352073E-17,-0.242535625036,
    -0.970142500145));
#7834 = ORIENTED_EDGE('',*,*,#7835,.T.);
#7835 = EDGE_CURVE('',#7828,#7836,#7838,.T.);
#7836 = VERTEX_POINT('',#7837);
#7837 = CARTESIAN_POINT('',(-2.44,-0.15,-3.1));
#7838 = LINE('',#7839,#7840);
#7839 = CARTESIAN_POINT('',(-2.44,0.15,-3.1));
#7840 = VECTOR('',#7841,1.);
#7841 = DIRECTION('',(-1.110223024625E-16,-1.,0.));
#7842 = ORIENTED_EDGE('',*,*,#7843,.T.);
#7843 = EDGE_CURVE('',#7836,#7811,#7844,.T.);
#7844 = LINE('',#7845,#7846);
#7845 = CARTESIAN_POINT('',(-2.44,-0.15,-3.1));
#7846 = VECTOR('',#7847,1.);
#7847 = DIRECTION('',(-2.692686352073E-17,-0.242535625036,0.970142500145
    ));
#7848 = PLANE('',#7849);
#7849 = AXIS2_PLACEMENT_3D('',#7850,#7851,#7852);
#7850 = CARTESIAN_POINT('',(-2.44,2.708944180085E-16,3.911477598424));
#7851 = DIRECTION('',(-1.,1.110223024625E-16,0.));
#7852 = DIRECTION('',(0.,0.,1.));
#7853 = ADVANCED_FACE('',(#7854),#7865,.T.);
#7854 = FACE_BOUND('',#7855,.T.);
#7855 = EDGE_LOOP('',(#7856,#7862,#7863,#7864));
#7856 = ORIENTED_EDGE('',*,*,#7857,.F.);
#7857 = EDGE_CURVE('',#6052,#6076,#7858,.T.);
#7858 = LINE('',#7859,#7860);
#7859 = CARTESIAN_POINT('',(-2.64,0.3,0.2));
#7860 = VECTOR('',#7861,1.);
#7861 = DIRECTION('',(1.,-1.110223024625E-16,0.));
#7862 = ORIENTED_EDGE('',*,*,#6059,.T.);
#7863 = ORIENTED_EDGE('',*,*,#6067,.T.);
#7864 = ORIENTED_EDGE('',*,*,#6075,.T.);
#7865 = PLANE('',#7866);
#7866 = AXIS2_PLACEMENT_3D('',#7867,#7868,#7869);
#7867 = CARTESIAN_POINT('',(-2.64,-0.3,0.2));
#7868 = DIRECTION('',(0.,-0.,-1.));
#7869 = DIRECTION('',(-1.110223024625E-16,-1.,0.));
#7870 = ADVANCED_FACE('',(#7871),#7912,.T.);
#7871 = FACE_BOUND('',#7872,.T.);
#7872 = EDGE_LOOP('',(#7873,#7881,#7882,#7890,#7898,#7906));
#7873 = ORIENTED_EDGE('',*,*,#7874,.T.);
#7874 = EDGE_CURVE('',#7875,#6044,#7877,.T.);
#7875 = VERTEX_POINT('',#7876);
#7876 = CARTESIAN_POINT('',(-2.64,-0.3,-2.5));
#7877 = LINE('',#7878,#7879);
#7878 = CARTESIAN_POINT('',(-2.64,-0.3,-2.5));
#7879 = VECTOR('',#7880,1.);
#7880 = DIRECTION('',(0.,0.,1.));
#7881 = ORIENTED_EDGE('',*,*,#6051,.F.);
#7882 = ORIENTED_EDGE('',*,*,#7883,.T.);
#7883 = EDGE_CURVE('',#6052,#7884,#7886,.T.);
#7884 = VERTEX_POINT('',#7885);
#7885 = CARTESIAN_POINT('',(-2.64,0.3,-2.5));
#7886 = LINE('',#7887,#7888);
#7887 = CARTESIAN_POINT('',(-2.64,0.3,0.2));
#7888 = VECTOR('',#7889,1.);
#7889 = DIRECTION('',(0.,0.,-1.));
#7890 = ORIENTED_EDGE('',*,*,#7891,.T.);
#7891 = EDGE_CURVE('',#7884,#7892,#7894,.T.);
#7892 = VERTEX_POINT('',#7893);
#7893 = CARTESIAN_POINT('',(-2.64,0.15,-3.1));
#7894 = LINE('',#7895,#7896);
#7895 = CARTESIAN_POINT('',(-2.64,0.3,-2.5));
#7896 = VECTOR('',#7897,1.);
#7897 = DIRECTION('',(-2.692686352073E-17,-0.242535625036,
    -0.970142500145));
#7898 = ORIENTED_EDGE('',*,*,#7899,.F.);
#7899 = EDGE_CURVE('',#7900,#7892,#7902,.T.);
#7900 = VERTEX_POINT('',#7901);
#7901 = CARTESIAN_POINT('',(-2.64,-0.15,-3.1));
#7902 = LINE('',#7903,#7904);
#7903 = CARTESIAN_POINT('',(-2.64,-0.15,-3.1));
#7904 = VECTOR('',#7905,1.);
#7905 = DIRECTION('',(1.110223024625E-16,1.,0.));
#7906 = ORIENTED_EDGE('',*,*,#7907,.T.);
#7907 = EDGE_CURVE('',#7900,#7875,#7908,.T.);
#7908 = LINE('',#7909,#7910);
#7909 = CARTESIAN_POINT('',(-2.64,-0.15,-3.1));
#7910 = VECTOR('',#7911,1.);
#7911 = DIRECTION('',(-2.692686352073E-17,-0.242535625036,0.970142500145
    ));
#7912 = PLANE('',#7913);
#7913 = AXIS2_PLACEMENT_3D('',#7914,#7915,#7916);
#7914 = CARTESIAN_POINT('',(-2.64,2.93098878501E-16,3.911477598424));
#7915 = DIRECTION('',(-1.,1.110223024625E-16,0.));
#7916 = DIRECTION('',(0.,0.,1.));
#7917 = ADVANCED_FACE('',(#7918),#7943,.F.);
#7918 = FACE_BOUND('',#7919,.F.);
#7919 = EDGE_LOOP('',(#7920,#7928,#7936,#7942));
#7920 = ORIENTED_EDGE('',*,*,#7921,.T.);
#7921 = EDGE_CURVE('',#6130,#7922,#7924,.T.);
#7922 = VERTEX_POINT('',#7923);
#7923 = CARTESIAN_POINT('',(-0.3,-7.32,0.9));
#7924 = LINE('',#7925,#7926);
#7925 = CARTESIAN_POINT('',(-0.3,-7.32,8.2));
#7926 = VECTOR('',#7927,1.);
#7927 = DIRECTION('',(0.,0.,-1.));
#7928 = ORIENTED_EDGE('',*,*,#7929,.T.);
#7929 = EDGE_CURVE('',#7922,#7930,#7932,.T.);
#7930 = VERTEX_POINT('',#7931);
#7931 = CARTESIAN_POINT('',(-0.3,-7.92,0.9));
#7932 = LINE('',#7933,#7934);
#7933 = CARTESIAN_POINT('',(-0.3,-7.32,0.9));
#7934 = VECTOR('',#7935,1.);
#7935 = DIRECTION('',(-2.334869823773E-16,-1.,0.));
#7936 = ORIENTED_EDGE('',*,*,#7937,.F.);
#7937 = EDGE_CURVE('',#6139,#7930,#7938,.T.);
#7938 = LINE('',#7939,#7940);
#7939 = CARTESIAN_POINT('',(-0.3,-7.92,8.2));
#7940 = VECTOR('',#7941,1.);
#7941 = DIRECTION('',(0.,0.,-1.));
#7942 = ORIENTED_EDGE('',*,*,#6146,.F.);
#7943 = PLANE('',#7944);
#7944 = AXIS2_PLACEMENT_3D('',#7945,#7946,#7947);
#7945 = CARTESIAN_POINT('',(-0.3,-7.32,8.2));
#7946 = DIRECTION('',(-1.,2.334869823773E-16,0.));
#7947 = DIRECTION('',(-2.334869823773E-16,-1.,0.));
#7948 = ADVANCED_FACE('',(#7949),#7999,.F.);
#7949 = FACE_BOUND('',#7950,.F.);
#7950 = EDGE_LOOP('',(#7951,#7952,#7953,#7961,#7969,#7977,#7985,#7993));
#7951 = ORIENTED_EDGE('',*,*,#6170,.F.);
#7952 = ORIENTED_EDGE('',*,*,#7937,.T.);
#7953 = ORIENTED_EDGE('',*,*,#7954,.T.);
#7954 = EDGE_CURVE('',#7930,#7955,#7957,.T.);
#7955 = VERTEX_POINT('',#7956);
#7956 = CARTESIAN_POINT('',(-0.1,-7.92,0.9));
#7957 = LINE('',#7958,#7959);
#7958 = CARTESIAN_POINT('',(-0.3,-7.92,0.9));
#7959 = VECTOR('',#7960,1.);
#7960 = DIRECTION('',(1.,-2.334869823773E-16,0.));
#7961 = ORIENTED_EDGE('',*,*,#7962,.T.);
#7962 = EDGE_CURVE('',#7955,#7963,#7965,.T.);
#7963 = VERTEX_POINT('',#7964);
#7964 = CARTESIAN_POINT('',(-0.1,-7.92,7.4));
#7965 = LINE('',#7966,#7967);
#7966 = CARTESIAN_POINT('',(-0.1,-7.92,6.055738799212));
#7967 = VECTOR('',#7968,1.);
#7968 = DIRECTION('',(0.,0.,1.));
#7969 = ORIENTED_EDGE('',*,*,#7970,.F.);
#7970 = EDGE_CURVE('',#7971,#7963,#7973,.T.);
#7971 = VERTEX_POINT('',#7972);
#7972 = CARTESIAN_POINT('',(0.1,-7.92,7.4));
#7973 = LINE('',#7974,#7975);
#7974 = CARTESIAN_POINT('',(0.1,-7.92,7.4));
#7975 = VECTOR('',#7976,1.);
#7976 = DIRECTION('',(-1.,2.334869823773E-16,0.));
#7977 = ORIENTED_EDGE('',*,*,#7978,.F.);
#7978 = EDGE_CURVE('',#7979,#7971,#7981,.T.);
#7979 = VERTEX_POINT('',#7980);
#7980 = CARTESIAN_POINT('',(0.1,-7.92,0.9));
#7981 = LINE('',#7982,#7983);
#7982 = CARTESIAN_POINT('',(0.1,-7.92,6.055738799212));
#7983 = VECTOR('',#7984,1.);
#7984 = DIRECTION('',(0.,0.,1.));
#7985 = ORIENTED_EDGE('',*,*,#7986,.T.);
#7986 = EDGE_CURVE('',#7979,#7987,#7989,.T.);
#7987 = VERTEX_POINT('',#7988);
#7988 = CARTESIAN_POINT('',(0.3,-7.92,0.9));
#7989 = LINE('',#7990,#7991);
#7990 = CARTESIAN_POINT('',(-0.3,-7.92,0.9));
#7991 = VECTOR('',#7992,1.);
#7992 = DIRECTION('',(1.,-2.334869823773E-16,0.));
#7993 = ORIENTED_EDGE('',*,*,#7994,.F.);
#7994 = EDGE_CURVE('',#6163,#7987,#7995,.T.);
#7995 = LINE('',#7996,#7997);
#7996 = CARTESIAN_POINT('',(0.3,-7.92,8.2));
#7997 = VECTOR('',#7998,1.);
#7998 = DIRECTION('',(0.,0.,-1.));
#7999 = PLANE('',#8000);
#8000 = AXIS2_PLACEMENT_3D('',#8001,#8002,#8003);
#8001 = CARTESIAN_POINT('',(-0.3,-7.92,8.2));
#8002 = DIRECTION('',(-2.334869823773E-16,-1.,0.));
#8003 = DIRECTION('',(1.,-2.334869823773E-16,0.));
#8004 = ADVANCED_FACE('',(#8005),#8023,.F.);
#8005 = FACE_BOUND('',#8006,.F.);
#8006 = EDGE_LOOP('',(#8007,#8008,#8016,#8022));
#8007 = ORIENTED_EDGE('',*,*,#7994,.T.);
#8008 = ORIENTED_EDGE('',*,*,#8009,.T.);
#8009 = EDGE_CURVE('',#7987,#8010,#8012,.T.);
#8010 = VERTEX_POINT('',#8011);
#8011 = CARTESIAN_POINT('',(0.3,-7.32,0.9));
#8012 = LINE('',#8013,#8014);
#8013 = CARTESIAN_POINT('',(0.3,-7.92,0.9));
#8014 = VECTOR('',#8015,1.);
#8015 = DIRECTION('',(2.334869823773E-16,1.,0.));
#8016 = ORIENTED_EDGE('',*,*,#8017,.F.);
#8017 = EDGE_CURVE('',#6187,#8010,#8018,.T.);
#8018 = LINE('',#8019,#8020);
#8019 = CARTESIAN_POINT('',(0.3,-7.32,8.2));
#8020 = VECTOR('',#8021,1.);
#8021 = DIRECTION('',(0.,0.,-1.));
#8022 = ORIENTED_EDGE('',*,*,#6194,.F.);
#8023 = PLANE('',#8024);
#8024 = AXIS2_PLACEMENT_3D('',#8025,#8026,#8027);
#8025 = CARTESIAN_POINT('',(0.3,-7.92,8.2));
#8026 = DIRECTION('',(1.,-2.334869823773E-16,0.));
#8027 = DIRECTION('',(2.334869823773E-16,1.,0.));
#8028 = ADVANCED_FACE('',(#8029),#8072,.F.);
#8029 = FACE_BOUND('',#8030,.F.);
#8030 = EDGE_LOOP('',(#8031,#8032,#8033,#8041,#8049,#8057,#8065,#8071));
#8031 = ORIENTED_EDGE('',*,*,#6211,.F.);
#8032 = ORIENTED_EDGE('',*,*,#8017,.T.);
#8033 = ORIENTED_EDGE('',*,*,#8034,.T.);
#8034 = EDGE_CURVE('',#8010,#8035,#8037,.T.);
#8035 = VERTEX_POINT('',#8036);
#8036 = CARTESIAN_POINT('',(0.1,-7.32,0.9));
#8037 = LINE('',#8038,#8039);
#8038 = CARTESIAN_POINT('',(0.3,-7.32,0.9));
#8039 = VECTOR('',#8040,1.);
#8040 = DIRECTION('',(-1.,2.334869823773E-16,0.));
#8041 = ORIENTED_EDGE('',*,*,#8042,.F.);
#8042 = EDGE_CURVE('',#8043,#8035,#8045,.T.);
#8043 = VERTEX_POINT('',#8044);
#8044 = CARTESIAN_POINT('',(0.1,-7.32,7.4));
#8045 = LINE('',#8046,#8047);
#8046 = CARTESIAN_POINT('',(0.1,-7.32,6.055738799212));
#8047 = VECTOR('',#8048,1.);
#8048 = DIRECTION('',(0.,0.,-1.));
#8049 = ORIENTED_EDGE('',*,*,#8050,.T.);
#8050 = EDGE_CURVE('',#8043,#8051,#8053,.T.);
#8051 = VERTEX_POINT('',#8052);
#8052 = CARTESIAN_POINT('',(-0.1,-7.32,7.4));
#8053 = LINE('',#8054,#8055);
#8054 = CARTESIAN_POINT('',(0.1,-7.32,7.4));
#8055 = VECTOR('',#8056,1.);
#8056 = DIRECTION('',(-1.,2.334869823773E-16,0.));
#8057 = ORIENTED_EDGE('',*,*,#8058,.T.);
#8058 = EDGE_CURVE('',#8051,#8059,#8061,.T.);
#8059 = VERTEX_POINT('',#8060);
#8060 = CARTESIAN_POINT('',(-0.1,-7.32,0.9));
#8061 = LINE('',#8062,#8063);
#8062 = CARTESIAN_POINT('',(-0.1,-7.32,6.055738799212));
#8063 = VECTOR('',#8064,1.);
#8064 = DIRECTION('',(0.,0.,-1.));
#8065 = ORIENTED_EDGE('',*,*,#8066,.T.);
#8066 = EDGE_CURVE('',#8059,#7922,#8067,.T.);
#8067 = LINE('',#8068,#8069);
#8068 = CARTESIAN_POINT('',(0.3,-7.32,0.9));
#8069 = VECTOR('',#8070,1.);
#8070 = DIRECTION('',(-1.,2.334869823773E-16,0.));
#8071 = ORIENTED_EDGE('',*,*,#7921,.F.);
#8072 = PLANE('',#8073);
#8073 = AXIS2_PLACEMENT_3D('',#8074,#8075,#8076);
#8074 = CARTESIAN_POINT('',(0.3,-7.32,8.2));
#8075 = DIRECTION('',(2.334869823773E-16,1.,0.));
#8076 = DIRECTION('',(-1.,2.334869823773E-16,0.));
#8077 = ADVANCED_FACE('',(#8078),#8103,.F.);
#8078 = FACE_BOUND('',#8079,.F.);
#8079 = EDGE_LOOP('',(#8080,#8088,#8096,#8102));
#8080 = ORIENTED_EDGE('',*,*,#8081,.T.);
#8081 = EDGE_CURVE('',#6226,#8082,#8084,.T.);
#8082 = VERTEX_POINT('',#8083);
#8083 = CARTESIAN_POINT('',(-0.3,-4.78,0.9));
#8084 = LINE('',#8085,#8086);
#8085 = CARTESIAN_POINT('',(-0.3,-4.78,8.2));
#8086 = VECTOR('',#8087,1.);
#8087 = DIRECTION('',(0.,0.,-1.));
#8088 = ORIENTED_EDGE('',*,*,#8089,.T.);
#8089 = EDGE_CURVE('',#8082,#8090,#8092,.T.);
#8090 = VERTEX_POINT('',#8091);
#8091 = CARTESIAN_POINT('',(-0.3,-5.38,0.9));
#8092 = LINE('',#8093,#8094);
#8093 = CARTESIAN_POINT('',(-0.3,-4.78,0.9));
#8094 = VECTOR('',#8095,1.);
#8095 = DIRECTION('',(-2.334869823773E-16,-1.,0.));
#8096 = ORIENTED_EDGE('',*,*,#8097,.F.);
#8097 = EDGE_CURVE('',#6235,#8090,#8098,.T.);
#8098 = LINE('',#8099,#8100);
#8099 = CARTESIAN_POINT('',(-0.3,-5.38,8.2));
#8100 = VECTOR('',#8101,1.);
#8101 = DIRECTION('',(0.,0.,-1.));
#8102 = ORIENTED_EDGE('',*,*,#6242,.F.);
#8103 = PLANE('',#8104);
#8104 = AXIS2_PLACEMENT_3D('',#8105,#8106,#8107);
#8105 = CARTESIAN_POINT('',(-0.3,-4.78,8.2));
#8106 = DIRECTION('',(-1.,2.334869823773E-16,0.));
#8107 = DIRECTION('',(-2.334869823773E-16,-1.,0.));
#8108 = ADVANCED_FACE('',(#8109),#8159,.F.);
#8109 = FACE_BOUND('',#8110,.F.);
#8110 = EDGE_LOOP('',(#8111,#8112,#8113,#8121,#8129,#8137,#8145,#8153));
#8111 = ORIENTED_EDGE('',*,*,#6266,.F.);
#8112 = ORIENTED_EDGE('',*,*,#8097,.T.);
#8113 = ORIENTED_EDGE('',*,*,#8114,.T.);
#8114 = EDGE_CURVE('',#8090,#8115,#8117,.T.);
#8115 = VERTEX_POINT('',#8116);
#8116 = CARTESIAN_POINT('',(-0.1,-5.38,0.9));
#8117 = LINE('',#8118,#8119);
#8118 = CARTESIAN_POINT('',(-0.3,-5.38,0.9));
#8119 = VECTOR('',#8120,1.);
#8120 = DIRECTION('',(1.,-2.334869823773E-16,0.));
#8121 = ORIENTED_EDGE('',*,*,#8122,.T.);
#8122 = EDGE_CURVE('',#8115,#8123,#8125,.T.);
#8123 = VERTEX_POINT('',#8124);
#8124 = CARTESIAN_POINT('',(-0.1,-5.38,7.4));
#8125 = LINE('',#8126,#8127);
#8126 = CARTESIAN_POINT('',(-0.1,-5.38,6.055738799212));
#8127 = VECTOR('',#8128,1.);
#8128 = DIRECTION('',(0.,0.,1.));
#8129 = ORIENTED_EDGE('',*,*,#8130,.F.);
#8130 = EDGE_CURVE('',#8131,#8123,#8133,.T.);
#8131 = VERTEX_POINT('',#8132);
#8132 = CARTESIAN_POINT('',(0.1,-5.38,7.4));
#8133 = LINE('',#8134,#8135);
#8134 = CARTESIAN_POINT('',(0.1,-5.38,7.4));
#8135 = VECTOR('',#8136,1.);
#8136 = DIRECTION('',(-1.,2.334869823773E-16,0.));
#8137 = ORIENTED_EDGE('',*,*,#8138,.F.);
#8138 = EDGE_CURVE('',#8139,#8131,#8141,.T.);
#8139 = VERTEX_POINT('',#8140);
#8140 = CARTESIAN_POINT('',(0.1,-5.38,0.9));
#8141 = LINE('',#8142,#8143);
#8142 = CARTESIAN_POINT('',(0.1,-5.38,6.055738799212));
#8143 = VECTOR('',#8144,1.);
#8144 = DIRECTION('',(0.,0.,1.));
#8145 = ORIENTED_EDGE('',*,*,#8146,.T.);
#8146 = EDGE_CURVE('',#8139,#8147,#8149,.T.);
#8147 = VERTEX_POINT('',#8148);
#8148 = CARTESIAN_POINT('',(0.3,-5.38,0.9));
#8149 = LINE('',#8150,#8151);
#8150 = CARTESIAN_POINT('',(-0.3,-5.38,0.9));
#8151 = VECTOR('',#8152,1.);
#8152 = DIRECTION('',(1.,-2.334869823773E-16,0.));
#8153 = ORIENTED_EDGE('',*,*,#8154,.F.);
#8154 = EDGE_CURVE('',#6259,#8147,#8155,.T.);
#8155 = LINE('',#8156,#8157);
#8156 = CARTESIAN_POINT('',(0.3,-5.38,8.2));
#8157 = VECTOR('',#8158,1.);
#8158 = DIRECTION('',(0.,0.,-1.));
#8159 = PLANE('',#8160);
#8160 = AXIS2_PLACEMENT_3D('',#8161,#8162,#8163);
#8161 = CARTESIAN_POINT('',(-0.3,-5.38,8.2));
#8162 = DIRECTION('',(-2.334869823773E-16,-1.,0.));
#8163 = DIRECTION('',(1.,-2.334869823773E-16,0.));
#8164 = ADVANCED_FACE('',(#8165),#8183,.F.);
#8165 = FACE_BOUND('',#8166,.F.);
#8166 = EDGE_LOOP('',(#8167,#8168,#8176,#8182));
#8167 = ORIENTED_EDGE('',*,*,#8154,.T.);
#8168 = ORIENTED_EDGE('',*,*,#8169,.T.);
#8169 = EDGE_CURVE('',#8147,#8170,#8172,.T.);
#8170 = VERTEX_POINT('',#8171);
#8171 = CARTESIAN_POINT('',(0.3,-4.78,0.9));
#8172 = LINE('',#8173,#8174);
#8173 = CARTESIAN_POINT('',(0.3,-5.38,0.9));
#8174 = VECTOR('',#8175,1.);
#8175 = DIRECTION('',(2.334869823773E-16,1.,0.));
#8176 = ORIENTED_EDGE('',*,*,#8177,.F.);
#8177 = EDGE_CURVE('',#6283,#8170,#8178,.T.);
#8178 = LINE('',#8179,#8180);
#8179 = CARTESIAN_POINT('',(0.3,-4.78,8.2));
#8180 = VECTOR('',#8181,1.);
#8181 = DIRECTION('',(0.,0.,-1.));
#8182 = ORIENTED_EDGE('',*,*,#6290,.F.);
#8183 = PLANE('',#8184);
#8184 = AXIS2_PLACEMENT_3D('',#8185,#8186,#8187);
#8185 = CARTESIAN_POINT('',(0.3,-5.38,8.2));
#8186 = DIRECTION('',(1.,-2.334869823773E-16,0.));
#8187 = DIRECTION('',(2.334869823773E-16,1.,0.));
#8188 = ADVANCED_FACE('',(#8189),#8232,.F.);
#8189 = FACE_BOUND('',#8190,.F.);
#8190 = EDGE_LOOP('',(#8191,#8192,#8193,#8201,#8209,#8217,#8225,#8231));
#8191 = ORIENTED_EDGE('',*,*,#6307,.F.);
#8192 = ORIENTED_EDGE('',*,*,#8177,.T.);
#8193 = ORIENTED_EDGE('',*,*,#8194,.T.);
#8194 = EDGE_CURVE('',#8170,#8195,#8197,.T.);
#8195 = VERTEX_POINT('',#8196);
#8196 = CARTESIAN_POINT('',(0.1,-4.78,0.9));
#8197 = LINE('',#8198,#8199);
#8198 = CARTESIAN_POINT('',(0.3,-4.78,0.9));
#8199 = VECTOR('',#8200,1.);
#8200 = DIRECTION('',(-1.,2.334869823773E-16,0.));
#8201 = ORIENTED_EDGE('',*,*,#8202,.F.);
#8202 = EDGE_CURVE('',#8203,#8195,#8205,.T.);
#8203 = VERTEX_POINT('',#8204);
#8204 = CARTESIAN_POINT('',(0.1,-4.78,7.4));
#8205 = LINE('',#8206,#8207);
#8206 = CARTESIAN_POINT('',(0.1,-4.78,6.055738799212));
#8207 = VECTOR('',#8208,1.);
#8208 = DIRECTION('',(0.,0.,-1.));
#8209 = ORIENTED_EDGE('',*,*,#8210,.T.);
#8210 = EDGE_CURVE('',#8203,#8211,#8213,.T.);
#8211 = VERTEX_POINT('',#8212);
#8212 = CARTESIAN_POINT('',(-0.1,-4.78,7.4));
#8213 = LINE('',#8214,#8215);
#8214 = CARTESIAN_POINT('',(0.1,-4.78,7.4));
#8215 = VECTOR('',#8216,1.);
#8216 = DIRECTION('',(-1.,2.334869823773E-16,0.));
#8217 = ORIENTED_EDGE('',*,*,#8218,.T.);
#8218 = EDGE_CURVE('',#8211,#8219,#8221,.T.);
#8219 = VERTEX_POINT('',#8220);
#8220 = CARTESIAN_POINT('',(-0.1,-4.78,0.9));
#8221 = LINE('',#8222,#8223);
#8222 = CARTESIAN_POINT('',(-0.1,-4.78,6.055738799212));
#8223 = VECTOR('',#8224,1.);
#8224 = DIRECTION('',(0.,0.,-1.));
#8225 = ORIENTED_EDGE('',*,*,#8226,.T.);
#8226 = EDGE_CURVE('',#8219,#8082,#8227,.T.);
#8227 = LINE('',#8228,#8229);
#8228 = CARTESIAN_POINT('',(0.3,-4.78,0.9));
#8229 = VECTOR('',#8230,1.);
#8230 = DIRECTION('',(-1.,2.334869823773E-16,0.));
#8231 = ORIENTED_EDGE('',*,*,#8081,.F.);
#8232 = PLANE('',#8233);
#8233 = AXIS2_PLACEMENT_3D('',#8234,#8235,#8236);
#8234 = CARTESIAN_POINT('',(0.3,-4.78,8.2));
#8235 = DIRECTION('',(2.334869823773E-16,1.,0.));
#8236 = DIRECTION('',(-1.,2.334869823773E-16,0.));
#8237 = ADVANCED_FACE('',(#8238),#8263,.F.);
#8238 = FACE_BOUND('',#8239,.F.);
#8239 = EDGE_LOOP('',(#8240,#8248,#8256,#8262));
#8240 = ORIENTED_EDGE('',*,*,#8241,.T.);
#8241 = EDGE_CURVE('',#6322,#8242,#8244,.T.);
#8242 = VERTEX_POINT('',#8243);
#8243 = CARTESIAN_POINT('',(-0.3,-2.24,0.9));
#8244 = LINE('',#8245,#8246);
#8245 = CARTESIAN_POINT('',(-0.3,-2.24,8.2));
#8246 = VECTOR('',#8247,1.);
#8247 = DIRECTION('',(0.,0.,-1.));
#8248 = ORIENTED_EDGE('',*,*,#8249,.T.);
#8249 = EDGE_CURVE('',#8242,#8250,#8252,.T.);
#8250 = VERTEX_POINT('',#8251);
#8251 = CARTESIAN_POINT('',(-0.3,-2.84,0.9));
#8252 = LINE('',#8253,#8254);
#8253 = CARTESIAN_POINT('',(-0.3,-2.24,0.9));
#8254 = VECTOR('',#8255,1.);
#8255 = DIRECTION('',(-2.334869823773E-16,-1.,0.));
#8256 = ORIENTED_EDGE('',*,*,#8257,.F.);
#8257 = EDGE_CURVE('',#6331,#8250,#8258,.T.);
#8258 = LINE('',#8259,#8260);
#8259 = CARTESIAN_POINT('',(-0.3,-2.84,8.2));
#8260 = VECTOR('',#8261,1.);
#8261 = DIRECTION('',(0.,0.,-1.));
#8262 = ORIENTED_EDGE('',*,*,#6338,.F.);
#8263 = PLANE('',#8264);
#8264 = AXIS2_PLACEMENT_3D('',#8265,#8266,#8267);
#8265 = CARTESIAN_POINT('',(-0.3,-2.24,8.2));
#8266 = DIRECTION('',(-1.,2.334869823773E-16,0.));
#8267 = DIRECTION('',(-2.334869823773E-16,-1.,0.));
#8268 = ADVANCED_FACE('',(#8269),#8319,.F.);
#8269 = FACE_BOUND('',#8270,.F.);
#8270 = EDGE_LOOP('',(#8271,#8272,#8273,#8281,#8289,#8297,#8305,#8313));
#8271 = ORIENTED_EDGE('',*,*,#6362,.F.);
#8272 = ORIENTED_EDGE('',*,*,#8257,.T.);
#8273 = ORIENTED_EDGE('',*,*,#8274,.T.);
#8274 = EDGE_CURVE('',#8250,#8275,#8277,.T.);
#8275 = VERTEX_POINT('',#8276);
#8276 = CARTESIAN_POINT('',(-0.1,-2.84,0.9));
#8277 = LINE('',#8278,#8279);
#8278 = CARTESIAN_POINT('',(-0.3,-2.84,0.9));
#8279 = VECTOR('',#8280,1.);
#8280 = DIRECTION('',(1.,-2.334869823773E-16,0.));
#8281 = ORIENTED_EDGE('',*,*,#8282,.T.);
#8282 = EDGE_CURVE('',#8275,#8283,#8285,.T.);
#8283 = VERTEX_POINT('',#8284);
#8284 = CARTESIAN_POINT('',(-0.1,-2.84,7.4));
#8285 = LINE('',#8286,#8287);
#8286 = CARTESIAN_POINT('',(-0.1,-2.84,6.055738799212));
#8287 = VECTOR('',#8288,1.);
#8288 = DIRECTION('',(0.,0.,1.));
#8289 = ORIENTED_EDGE('',*,*,#8290,.F.);
#8290 = EDGE_CURVE('',#8291,#8283,#8293,.T.);
#8291 = VERTEX_POINT('',#8292);
#8292 = CARTESIAN_POINT('',(0.1,-2.84,7.4));
#8293 = LINE('',#8294,#8295);
#8294 = CARTESIAN_POINT('',(0.1,-2.84,7.4));
#8295 = VECTOR('',#8296,1.);
#8296 = DIRECTION('',(-1.,2.334869823773E-16,0.));
#8297 = ORIENTED_EDGE('',*,*,#8298,.F.);
#8298 = EDGE_CURVE('',#8299,#8291,#8301,.T.);
#8299 = VERTEX_POINT('',#8300);
#8300 = CARTESIAN_POINT('',(0.1,-2.84,0.9));
#8301 = LINE('',#8302,#8303);
#8302 = CARTESIAN_POINT('',(0.1,-2.84,6.055738799212));
#8303 = VECTOR('',#8304,1.);
#8304 = DIRECTION('',(0.,0.,1.));
#8305 = ORIENTED_EDGE('',*,*,#8306,.T.);
#8306 = EDGE_CURVE('',#8299,#8307,#8309,.T.);
#8307 = VERTEX_POINT('',#8308);
#8308 = CARTESIAN_POINT('',(0.3,-2.84,0.9));
#8309 = LINE('',#8310,#8311);
#8310 = CARTESIAN_POINT('',(-0.3,-2.84,0.9));
#8311 = VECTOR('',#8312,1.);
#8312 = DIRECTION('',(1.,-2.334869823773E-16,0.));
#8313 = ORIENTED_EDGE('',*,*,#8314,.F.);
#8314 = EDGE_CURVE('',#6355,#8307,#8315,.T.);
#8315 = LINE('',#8316,#8317);
#8316 = CARTESIAN_POINT('',(0.3,-2.84,8.2));
#8317 = VECTOR('',#8318,1.);
#8318 = DIRECTION('',(0.,0.,-1.));
#8319 = PLANE('',#8320);
#8320 = AXIS2_PLACEMENT_3D('',#8321,#8322,#8323);
#8321 = CARTESIAN_POINT('',(-0.3,-2.84,8.2));
#8322 = DIRECTION('',(-2.334869823773E-16,-1.,0.));
#8323 = DIRECTION('',(1.,-2.334869823773E-16,0.));
#8324 = ADVANCED_FACE('',(#8325),#8343,.F.);
#8325 = FACE_BOUND('',#8326,.F.);
#8326 = EDGE_LOOP('',(#8327,#8328,#8336,#8342));
#8327 = ORIENTED_EDGE('',*,*,#8314,.T.);
#8328 = ORIENTED_EDGE('',*,*,#8329,.T.);
#8329 = EDGE_CURVE('',#8307,#8330,#8332,.T.);
#8330 = VERTEX_POINT('',#8331);
#8331 = CARTESIAN_POINT('',(0.3,-2.24,0.9));
#8332 = LINE('',#8333,#8334);
#8333 = CARTESIAN_POINT('',(0.3,-2.84,0.9));
#8334 = VECTOR('',#8335,1.);
#8335 = DIRECTION('',(2.334869823773E-16,1.,0.));
#8336 = ORIENTED_EDGE('',*,*,#8337,.F.);
#8337 = EDGE_CURVE('',#6379,#8330,#8338,.T.);
#8338 = LINE('',#8339,#8340);
#8339 = CARTESIAN_POINT('',(0.3,-2.24,8.2));
#8340 = VECTOR('',#8341,1.);
#8341 = DIRECTION('',(0.,0.,-1.));
#8342 = ORIENTED_EDGE('',*,*,#6386,.F.);
#8343 = PLANE('',#8344);
#8344 = AXIS2_PLACEMENT_3D('',#8345,#8346,#8347);
#8345 = CARTESIAN_POINT('',(0.3,-2.84,8.2));
#8346 = DIRECTION('',(1.,-2.334869823773E-16,0.));
#8347 = DIRECTION('',(2.334869823773E-16,1.,0.));
#8348 = ADVANCED_FACE('',(#8349),#8392,.F.);
#8349 = FACE_BOUND('',#8350,.F.);
#8350 = EDGE_LOOP('',(#8351,#8352,#8353,#8361,#8369,#8377,#8385,#8391));
#8351 = ORIENTED_EDGE('',*,*,#6403,.F.);
#8352 = ORIENTED_EDGE('',*,*,#8337,.T.);
#8353 = ORIENTED_EDGE('',*,*,#8354,.T.);
#8354 = EDGE_CURVE('',#8330,#8355,#8357,.T.);
#8355 = VERTEX_POINT('',#8356);
#8356 = CARTESIAN_POINT('',(0.1,-2.24,0.9));
#8357 = LINE('',#8358,#8359);
#8358 = CARTESIAN_POINT('',(0.3,-2.24,0.9));
#8359 = VECTOR('',#8360,1.);
#8360 = DIRECTION('',(-1.,2.334869823773E-16,0.));
#8361 = ORIENTED_EDGE('',*,*,#8362,.F.);
#8362 = EDGE_CURVE('',#8363,#8355,#8365,.T.);
#8363 = VERTEX_POINT('',#8364);
#8364 = CARTESIAN_POINT('',(0.1,-2.24,7.4));
#8365 = LINE('',#8366,#8367);
#8366 = CARTESIAN_POINT('',(0.1,-2.24,6.055738799212));
#8367 = VECTOR('',#8368,1.);
#8368 = DIRECTION('',(0.,0.,-1.));
#8369 = ORIENTED_EDGE('',*,*,#8370,.T.);
#8370 = EDGE_CURVE('',#8363,#8371,#8373,.T.);
#8371 = VERTEX_POINT('',#8372);
#8372 = CARTESIAN_POINT('',(-0.1,-2.24,7.4));
#8373 = LINE('',#8374,#8375);
#8374 = CARTESIAN_POINT('',(0.1,-2.24,7.4));
#8375 = VECTOR('',#8376,1.);
#8376 = DIRECTION('',(-1.,2.334869823773E-16,0.));
#8377 = ORIENTED_EDGE('',*,*,#8378,.T.);
#8378 = EDGE_CURVE('',#8371,#8379,#8381,.T.);
#8379 = VERTEX_POINT('',#8380);
#8380 = CARTESIAN_POINT('',(-0.1,-2.24,0.9));
#8381 = LINE('',#8382,#8383);
#8382 = CARTESIAN_POINT('',(-0.1,-2.24,6.055738799212));
#8383 = VECTOR('',#8384,1.);
#8384 = DIRECTION('',(0.,0.,-1.));
#8385 = ORIENTED_EDGE('',*,*,#8386,.T.);
#8386 = EDGE_CURVE('',#8379,#8242,#8387,.T.);
#8387 = LINE('',#8388,#8389);
#8388 = CARTESIAN_POINT('',(0.3,-2.24,0.9));
#8389 = VECTOR('',#8390,1.);
#8390 = DIRECTION('',(-1.,2.334869823773E-16,0.));
#8391 = ORIENTED_EDGE('',*,*,#8241,.F.);
#8392 = PLANE('',#8393);
#8393 = AXIS2_PLACEMENT_3D('',#8394,#8395,#8396);
#8394 = CARTESIAN_POINT('',(0.3,-2.24,8.2));
#8395 = DIRECTION('',(2.334869823773E-16,1.,0.));
#8396 = DIRECTION('',(-1.,2.334869823773E-16,0.));
#8397 = ADVANCED_FACE('',(#8398),#8423,.F.);
#8398 = FACE_BOUND('',#8399,.F.);
#8399 = EDGE_LOOP('',(#8400,#8408,#8416,#8422));
#8400 = ORIENTED_EDGE('',*,*,#8401,.T.);
#8401 = EDGE_CURVE('',#6418,#8402,#8404,.T.);
#8402 = VERTEX_POINT('',#8403);
#8403 = CARTESIAN_POINT('',(-0.3,0.3,0.9));
#8404 = LINE('',#8405,#8406);
#8405 = CARTESIAN_POINT('',(-0.3,0.3,8.2));
#8406 = VECTOR('',#8407,1.);
#8407 = DIRECTION('',(0.,0.,-1.));
#8408 = ORIENTED_EDGE('',*,*,#8409,.T.);
#8409 = EDGE_CURVE('',#8402,#8410,#8412,.T.);
#8410 = VERTEX_POINT('',#8411);
#8411 = CARTESIAN_POINT('',(-0.3,-0.3,0.9));
#8412 = LINE('',#8413,#8414);
#8413 = CARTESIAN_POINT('',(-0.3,0.3,0.9));
#8414 = VECTOR('',#8415,1.);
#8415 = DIRECTION('',(-2.334869823773E-16,-1.,0.));
#8416 = ORIENTED_EDGE('',*,*,#8417,.F.);
#8417 = EDGE_CURVE('',#6427,#8410,#8418,.T.);
#8418 = LINE('',#8419,#8420);
#8419 = CARTESIAN_POINT('',(-0.3,-0.3,8.2));
#8420 = VECTOR('',#8421,1.);
#8421 = DIRECTION('',(0.,0.,-1.));
#8422 = ORIENTED_EDGE('',*,*,#6434,.F.);
#8423 = PLANE('',#8424);
#8424 = AXIS2_PLACEMENT_3D('',#8425,#8426,#8427);
#8425 = CARTESIAN_POINT('',(-0.3,0.3,8.2));
#8426 = DIRECTION('',(-1.,2.334869823773E-16,0.));
#8427 = DIRECTION('',(-2.334869823773E-16,-1.,0.));
#8428 = ADVANCED_FACE('',(#8429),#8479,.F.);
#8429 = FACE_BOUND('',#8430,.F.);
#8430 = EDGE_LOOP('',(#8431,#8432,#8433,#8441,#8449,#8457,#8465,#8473));
#8431 = ORIENTED_EDGE('',*,*,#6458,.F.);
#8432 = ORIENTED_EDGE('',*,*,#8417,.T.);
#8433 = ORIENTED_EDGE('',*,*,#8434,.T.);
#8434 = EDGE_CURVE('',#8410,#8435,#8437,.T.);
#8435 = VERTEX_POINT('',#8436);
#8436 = CARTESIAN_POINT('',(-0.1,-0.3,0.9));
#8437 = LINE('',#8438,#8439);
#8438 = CARTESIAN_POINT('',(-0.3,-0.3,0.9));
#8439 = VECTOR('',#8440,1.);
#8440 = DIRECTION('',(1.,-2.334869823773E-16,0.));
#8441 = ORIENTED_EDGE('',*,*,#8442,.T.);
#8442 = EDGE_CURVE('',#8435,#8443,#8445,.T.);
#8443 = VERTEX_POINT('',#8444);
#8444 = CARTESIAN_POINT('',(-0.1,-0.3,7.4));
#8445 = LINE('',#8446,#8447);
#8446 = CARTESIAN_POINT('',(-0.1,-0.3,6.055738799212));
#8447 = VECTOR('',#8448,1.);
#8448 = DIRECTION('',(0.,0.,1.));
#8449 = ORIENTED_EDGE('',*,*,#8450,.F.);
#8450 = EDGE_CURVE('',#8451,#8443,#8453,.T.);
#8451 = VERTEX_POINT('',#8452);
#8452 = CARTESIAN_POINT('',(0.1,-0.3,7.4));
#8453 = LINE('',#8454,#8455);
#8454 = CARTESIAN_POINT('',(0.1,-0.3,7.4));
#8455 = VECTOR('',#8456,1.);
#8456 = DIRECTION('',(-1.,2.334869823773E-16,0.));
#8457 = ORIENTED_EDGE('',*,*,#8458,.F.);
#8458 = EDGE_CURVE('',#8459,#8451,#8461,.T.);
#8459 = VERTEX_POINT('',#8460);
#8460 = CARTESIAN_POINT('',(0.1,-0.3,0.9));
#8461 = LINE('',#8462,#8463);
#8462 = CARTESIAN_POINT('',(0.1,-0.3,6.055738799212));
#8463 = VECTOR('',#8464,1.);
#8464 = DIRECTION('',(0.,0.,1.));
#8465 = ORIENTED_EDGE('',*,*,#8466,.T.);
#8466 = EDGE_CURVE('',#8459,#8467,#8469,.T.);
#8467 = VERTEX_POINT('',#8468);
#8468 = CARTESIAN_POINT('',(0.3,-0.3,0.9));
#8469 = LINE('',#8470,#8471);
#8470 = CARTESIAN_POINT('',(-0.3,-0.3,0.9));
#8471 = VECTOR('',#8472,1.);
#8472 = DIRECTION('',(1.,-2.334869823773E-16,0.));
#8473 = ORIENTED_EDGE('',*,*,#8474,.F.);
#8474 = EDGE_CURVE('',#6451,#8467,#8475,.T.);
#8475 = LINE('',#8476,#8477);
#8476 = CARTESIAN_POINT('',(0.3,-0.3,8.2));
#8477 = VECTOR('',#8478,1.);
#8478 = DIRECTION('',(0.,0.,-1.));
#8479 = PLANE('',#8480);
#8480 = AXIS2_PLACEMENT_3D('',#8481,#8482,#8483);
#8481 = CARTESIAN_POINT('',(-0.3,-0.3,8.2));
#8482 = DIRECTION('',(-2.334869823773E-16,-1.,0.));
#8483 = DIRECTION('',(1.,-2.334869823773E-16,0.));
#8484 = ADVANCED_FACE('',(#8485),#8503,.F.);
#8485 = FACE_BOUND('',#8486,.F.);
#8486 = EDGE_LOOP('',(#8487,#8488,#8496,#8502));
#8487 = ORIENTED_EDGE('',*,*,#8474,.T.);
#8488 = ORIENTED_EDGE('',*,*,#8489,.T.);
#8489 = EDGE_CURVE('',#8467,#8490,#8492,.T.);
#8490 = VERTEX_POINT('',#8491);
#8491 = CARTESIAN_POINT('',(0.3,0.3,0.9));
#8492 = LINE('',#8493,#8494);
#8493 = CARTESIAN_POINT('',(0.3,-0.3,0.9));
#8494 = VECTOR('',#8495,1.);
#8495 = DIRECTION('',(2.334869823773E-16,1.,0.));
#8496 = ORIENTED_EDGE('',*,*,#8497,.F.);
#8497 = EDGE_CURVE('',#6475,#8490,#8498,.T.);
#8498 = LINE('',#8499,#8500);
#8499 = CARTESIAN_POINT('',(0.3,0.3,8.2));
#8500 = VECTOR('',#8501,1.);
#8501 = DIRECTION('',(0.,0.,-1.));
#8502 = ORIENTED_EDGE('',*,*,#6482,.F.);
#8503 = PLANE('',#8504);
#8504 = AXIS2_PLACEMENT_3D('',#8505,#8506,#8507);
#8505 = CARTESIAN_POINT('',(0.3,-0.3,8.2));
#8506 = DIRECTION('',(1.,-2.334869823773E-16,0.));
#8507 = DIRECTION('',(2.334869823773E-16,1.,0.));
#8508 = ADVANCED_FACE('',(#8509),#8552,.F.);
#8509 = FACE_BOUND('',#8510,.F.);
#8510 = EDGE_LOOP('',(#8511,#8512,#8513,#8521,#8529,#8537,#8545,#8551));
#8511 = ORIENTED_EDGE('',*,*,#6499,.F.);
#8512 = ORIENTED_EDGE('',*,*,#8497,.T.);
#8513 = ORIENTED_EDGE('',*,*,#8514,.T.);
#8514 = EDGE_CURVE('',#8490,#8515,#8517,.T.);
#8515 = VERTEX_POINT('',#8516);
#8516 = CARTESIAN_POINT('',(0.1,0.3,0.9));
#8517 = LINE('',#8518,#8519);
#8518 = CARTESIAN_POINT('',(0.3,0.3,0.9));
#8519 = VECTOR('',#8520,1.);
#8520 = DIRECTION('',(-1.,2.334869823773E-16,0.));
#8521 = ORIENTED_EDGE('',*,*,#8522,.F.);
#8522 = EDGE_CURVE('',#8523,#8515,#8525,.T.);
#8523 = VERTEX_POINT('',#8524);
#8524 = CARTESIAN_POINT('',(0.1,0.3,7.4));
#8525 = LINE('',#8526,#8527);
#8526 = CARTESIAN_POINT('',(0.1,0.3,6.055738799212));
#8527 = VECTOR('',#8528,1.);
#8528 = DIRECTION('',(0.,0.,-1.));
#8529 = ORIENTED_EDGE('',*,*,#8530,.T.);
#8530 = EDGE_CURVE('',#8523,#8531,#8533,.T.);
#8531 = VERTEX_POINT('',#8532);
#8532 = CARTESIAN_POINT('',(-0.1,0.3,7.4));
#8533 = LINE('',#8534,#8535);
#8534 = CARTESIAN_POINT('',(0.1,0.3,7.4));
#8535 = VECTOR('',#8536,1.);
#8536 = DIRECTION('',(-1.,2.334869823773E-16,0.));
#8537 = ORIENTED_EDGE('',*,*,#8538,.T.);
#8538 = EDGE_CURVE('',#8531,#8539,#8541,.T.);
#8539 = VERTEX_POINT('',#8540);
#8540 = CARTESIAN_POINT('',(-0.1,0.3,0.9));
#8541 = LINE('',#8542,#8543);
#8542 = CARTESIAN_POINT('',(-0.1,0.3,6.055738799212));
#8543 = VECTOR('',#8544,1.);
#8544 = DIRECTION('',(0.,0.,-1.));
#8545 = ORIENTED_EDGE('',*,*,#8546,.T.);
#8546 = EDGE_CURVE('',#8539,#8402,#8547,.T.);
#8547 = LINE('',#8548,#8549);
#8548 = CARTESIAN_POINT('',(0.3,0.3,0.9));
#8549 = VECTOR('',#8550,1.);
#8550 = DIRECTION('',(-1.,2.334869823773E-16,0.));
#8551 = ORIENTED_EDGE('',*,*,#8401,.F.);
#8552 = PLANE('',#8553);
#8553 = AXIS2_PLACEMENT_3D('',#8554,#8555,#8556);
#8554 = CARTESIAN_POINT('',(0.3,0.3,8.2));
#8555 = DIRECTION('',(2.334869823773E-16,1.,0.));
#8556 = DIRECTION('',(-1.,2.334869823773E-16,0.));
#8557 = ADVANCED_FACE('',(#8558),#8583,.F.);
#8558 = FACE_BOUND('',#8559,.F.);
#8559 = EDGE_LOOP('',(#8560,#8568,#8576,#8582));
#8560 = ORIENTED_EDGE('',*,*,#8561,.T.);
#8561 = EDGE_CURVE('',#6514,#8562,#8564,.T.);
#8562 = VERTEX_POINT('',#8563);
#8563 = CARTESIAN_POINT('',(-2.24,-7.92,0.9));
#8564 = LINE('',#8565,#8566);
#8565 = CARTESIAN_POINT('',(-2.24,-7.92,8.2));
#8566 = VECTOR('',#8567,1.);
#8567 = DIRECTION('',(0.,-0.,-1.));
#8568 = ORIENTED_EDGE('',*,*,#8569,.T.);
#8569 = EDGE_CURVE('',#8562,#8570,#8572,.T.);
#8570 = VERTEX_POINT('',#8571);
#8571 = CARTESIAN_POINT('',(-2.24,-7.32,0.9));
#8572 = LINE('',#8573,#8574);
#8573 = CARTESIAN_POINT('',(-2.24,-7.92,0.9));
#8574 = VECTOR('',#8575,1.);
#8575 = DIRECTION('',(1.110223024625E-16,1.,0.));
#8576 = ORIENTED_EDGE('',*,*,#8577,.F.);
#8577 = EDGE_CURVE('',#6523,#8570,#8578,.T.);
#8578 = LINE('',#8579,#8580);
#8579 = CARTESIAN_POINT('',(-2.24,-7.32,8.2));
#8580 = VECTOR('',#8581,1.);
#8581 = DIRECTION('',(0.,-0.,-1.));
#8582 = ORIENTED_EDGE('',*,*,#6530,.F.);
#8583 = PLANE('',#8584);
#8584 = AXIS2_PLACEMENT_3D('',#8585,#8586,#8587);
#8585 = CARTESIAN_POINT('',(-2.24,-7.92,8.2));
#8586 = DIRECTION('',(1.,-1.110223024625E-16,0.));
#8587 = DIRECTION('',(1.110223024625E-16,1.,0.));
#8588 = ADVANCED_FACE('',(#8589),#8639,.F.);
#8589 = FACE_BOUND('',#8590,.F.);
#8590 = EDGE_LOOP('',(#8591,#8592,#8593,#8601,#8609,#8617,#8625,#8633));
#8591 = ORIENTED_EDGE('',*,*,#6554,.F.);
#8592 = ORIENTED_EDGE('',*,*,#8577,.T.);
#8593 = ORIENTED_EDGE('',*,*,#8594,.T.);
#8594 = EDGE_CURVE('',#8570,#8595,#8597,.T.);
#8595 = VERTEX_POINT('',#8596);
#8596 = CARTESIAN_POINT('',(-2.44,-7.32,0.9));
#8597 = LINE('',#8598,#8599);
#8598 = CARTESIAN_POINT('',(-2.24,-7.32,0.9));
#8599 = VECTOR('',#8600,1.);
#8600 = DIRECTION('',(-1.,1.110223024625E-16,0.));
#8601 = ORIENTED_EDGE('',*,*,#8602,.T.);
#8602 = EDGE_CURVE('',#8595,#8603,#8605,.T.);
#8603 = VERTEX_POINT('',#8604);
#8604 = CARTESIAN_POINT('',(-2.44,-7.32,7.4));
#8605 = LINE('',#8606,#8607);
#8606 = CARTESIAN_POINT('',(-2.44,-7.32,6.055738799212));
#8607 = VECTOR('',#8608,1.);
#8608 = DIRECTION('',(0.,-0.,1.));
#8609 = ORIENTED_EDGE('',*,*,#8610,.F.);
#8610 = EDGE_CURVE('',#8611,#8603,#8613,.T.);
#8611 = VERTEX_POINT('',#8612);
#8612 = CARTESIAN_POINT('',(-2.64,-7.32,7.4));
#8613 = LINE('',#8614,#8615);
#8614 = CARTESIAN_POINT('',(-2.64,-7.32,7.4));
#8615 = VECTOR('',#8616,1.);
#8616 = DIRECTION('',(1.,-1.110223024625E-16,0.));
#8617 = ORIENTED_EDGE('',*,*,#8618,.F.);
#8618 = EDGE_CURVE('',#8619,#8611,#8621,.T.);
#8619 = VERTEX_POINT('',#8620);
#8620 = CARTESIAN_POINT('',(-2.64,-7.32,0.9));
#8621 = LINE('',#8622,#8623);
#8622 = CARTESIAN_POINT('',(-2.64,-7.32,6.055738799212));
#8623 = VECTOR('',#8624,1.);
#8624 = DIRECTION('',(0.,-0.,1.));
#8625 = ORIENTED_EDGE('',*,*,#8626,.T.);
#8626 = EDGE_CURVE('',#8619,#8627,#8629,.T.);
#8627 = VERTEX_POINT('',#8628);
#8628 = CARTESIAN_POINT('',(-2.84,-7.32,0.9));
#8629 = LINE('',#8630,#8631);
#8630 = CARTESIAN_POINT('',(-2.24,-7.32,0.9));
#8631 = VECTOR('',#8632,1.);
#8632 = DIRECTION('',(-1.,1.110223024625E-16,0.));
#8633 = ORIENTED_EDGE('',*,*,#8634,.F.);
#8634 = EDGE_CURVE('',#6547,#8627,#8635,.T.);
#8635 = LINE('',#8636,#8637);
#8636 = CARTESIAN_POINT('',(-2.84,-7.32,8.2));
#8637 = VECTOR('',#8638,1.);
#8638 = DIRECTION('',(0.,-0.,-1.));
#8639 = PLANE('',#8640);
#8640 = AXIS2_PLACEMENT_3D('',#8641,#8642,#8643);
#8641 = CARTESIAN_POINT('',(-2.24,-7.32,8.2));
#8642 = DIRECTION('',(1.110223024625E-16,1.,0.));
#8643 = DIRECTION('',(-1.,1.110223024625E-16,0.));
#8644 = ADVANCED_FACE('',(#8645),#8663,.F.);
#8645 = FACE_BOUND('',#8646,.F.);
#8646 = EDGE_LOOP('',(#8647,#8648,#8656,#8662));
#8647 = ORIENTED_EDGE('',*,*,#8634,.T.);
#8648 = ORIENTED_EDGE('',*,*,#8649,.T.);
#8649 = EDGE_CURVE('',#8627,#8650,#8652,.T.);
#8650 = VERTEX_POINT('',#8651);
#8651 = CARTESIAN_POINT('',(-2.84,-7.92,0.9));
#8652 = LINE('',#8653,#8654);
#8653 = CARTESIAN_POINT('',(-2.84,-7.32,0.9));
#8654 = VECTOR('',#8655,1.);
#8655 = DIRECTION('',(-1.110223024625E-16,-1.,0.));
#8656 = ORIENTED_EDGE('',*,*,#8657,.F.);
#8657 = EDGE_CURVE('',#6571,#8650,#8658,.T.);
#8658 = LINE('',#8659,#8660);
#8659 = CARTESIAN_POINT('',(-2.84,-7.92,8.2));
#8660 = VECTOR('',#8661,1.);
#8661 = DIRECTION('',(0.,-0.,-1.));
#8662 = ORIENTED_EDGE('',*,*,#6578,.F.);
#8663 = PLANE('',#8664);
#8664 = AXIS2_PLACEMENT_3D('',#8665,#8666,#8667);
#8665 = CARTESIAN_POINT('',(-2.84,-7.32,8.2));
#8666 = DIRECTION('',(-1.,1.110223024625E-16,0.));
#8667 = DIRECTION('',(-1.110223024625E-16,-1.,0.));
#8668 = ADVANCED_FACE('',(#8669),#8712,.F.);
#8669 = FACE_BOUND('',#8670,.F.);
#8670 = EDGE_LOOP('',(#8671,#8672,#8673,#8681,#8689,#8697,#8705,#8711));
#8671 = ORIENTED_EDGE('',*,*,#6595,.F.);
#8672 = ORIENTED_EDGE('',*,*,#8657,.T.);
#8673 = ORIENTED_EDGE('',*,*,#8674,.T.);
#8674 = EDGE_CURVE('',#8650,#8675,#8677,.T.);
#8675 = VERTEX_POINT('',#8676);
#8676 = CARTESIAN_POINT('',(-2.64,-7.92,0.9));
#8677 = LINE('',#8678,#8679);
#8678 = CARTESIAN_POINT('',(-2.84,-7.92,0.9));
#8679 = VECTOR('',#8680,1.);
#8680 = DIRECTION('',(1.,-1.110223024625E-16,0.));
#8681 = ORIENTED_EDGE('',*,*,#8682,.F.);
#8682 = EDGE_CURVE('',#8683,#8675,#8685,.T.);
#8683 = VERTEX_POINT('',#8684);
#8684 = CARTESIAN_POINT('',(-2.64,-7.92,7.4));
#8685 = LINE('',#8686,#8687);
#8686 = CARTESIAN_POINT('',(-2.64,-7.92,6.055738799212));
#8687 = VECTOR('',#8688,1.);
#8688 = DIRECTION('',(-0.,0.,-1.));
#8689 = ORIENTED_EDGE('',*,*,#8690,.T.);
#8690 = EDGE_CURVE('',#8683,#8691,#8693,.T.);
#8691 = VERTEX_POINT('',#8692);
#8692 = CARTESIAN_POINT('',(-2.44,-7.92,7.4));
#8693 = LINE('',#8694,#8695);
#8694 = CARTESIAN_POINT('',(-2.64,-7.92,7.4));
#8695 = VECTOR('',#8696,1.);
#8696 = DIRECTION('',(1.,-1.110223024625E-16,0.));
#8697 = ORIENTED_EDGE('',*,*,#8698,.T.);
#8698 = EDGE_CURVE('',#8691,#8699,#8701,.T.);
#8699 = VERTEX_POINT('',#8700);
#8700 = CARTESIAN_POINT('',(-2.44,-7.92,0.9));
#8701 = LINE('',#8702,#8703);
#8702 = CARTESIAN_POINT('',(-2.44,-7.92,6.055738799212));
#8703 = VECTOR('',#8704,1.);
#8704 = DIRECTION('',(-0.,0.,-1.));
#8705 = ORIENTED_EDGE('',*,*,#8706,.T.);
#8706 = EDGE_CURVE('',#8699,#8562,#8707,.T.);
#8707 = LINE('',#8708,#8709);
#8708 = CARTESIAN_POINT('',(-2.84,-7.92,0.9));
#8709 = VECTOR('',#8710,1.);
#8710 = DIRECTION('',(1.,-1.110223024625E-16,0.));
#8711 = ORIENTED_EDGE('',*,*,#8561,.F.);
#8712 = PLANE('',#8713);
#8713 = AXIS2_PLACEMENT_3D('',#8714,#8715,#8716);
#8714 = CARTESIAN_POINT('',(-2.84,-7.92,8.2));
#8715 = DIRECTION('',(-1.110223024625E-16,-1.,0.));
#8716 = DIRECTION('',(1.,-1.110223024625E-16,0.));
#8717 = ADVANCED_FACE('',(#8718),#8743,.F.);
#8718 = FACE_BOUND('',#8719,.F.);
#8719 = EDGE_LOOP('',(#8720,#8728,#8736,#8742));
#8720 = ORIENTED_EDGE('',*,*,#8721,.T.);
#8721 = EDGE_CURVE('',#6610,#8722,#8724,.T.);
#8722 = VERTEX_POINT('',#8723);
#8723 = CARTESIAN_POINT('',(-2.24,-5.38,0.9));
#8724 = LINE('',#8725,#8726);
#8725 = CARTESIAN_POINT('',(-2.24,-5.38,8.2));
#8726 = VECTOR('',#8727,1.);
#8727 = DIRECTION('',(0.,-0.,-1.));
#8728 = ORIENTED_EDGE('',*,*,#8729,.T.);
#8729 = EDGE_CURVE('',#8722,#8730,#8732,.T.);
#8730 = VERTEX_POINT('',#8731);
#8731 = CARTESIAN_POINT('',(-2.24,-4.78,0.9));
#8732 = LINE('',#8733,#8734);
#8733 = CARTESIAN_POINT('',(-2.24,-5.38,0.9));
#8734 = VECTOR('',#8735,1.);
#8735 = DIRECTION('',(1.110223024625E-16,1.,0.));
#8736 = ORIENTED_EDGE('',*,*,#8737,.F.);
#8737 = EDGE_CURVE('',#6619,#8730,#8738,.T.);
#8738 = LINE('',#8739,#8740);
#8739 = CARTESIAN_POINT('',(-2.24,-4.78,8.2));
#8740 = VECTOR('',#8741,1.);
#8741 = DIRECTION('',(0.,-0.,-1.));
#8742 = ORIENTED_EDGE('',*,*,#6626,.F.);
#8743 = PLANE('',#8744);
#8744 = AXIS2_PLACEMENT_3D('',#8745,#8746,#8747);
#8745 = CARTESIAN_POINT('',(-2.24,-5.38,8.2));
#8746 = DIRECTION('',(1.,-1.110223024625E-16,0.));
#8747 = DIRECTION('',(1.110223024625E-16,1.,0.));
#8748 = ADVANCED_FACE('',(#8749),#8799,.F.);
#8749 = FACE_BOUND('',#8750,.F.);
#8750 = EDGE_LOOP('',(#8751,#8752,#8753,#8761,#8769,#8777,#8785,#8793));
#8751 = ORIENTED_EDGE('',*,*,#6650,.F.);
#8752 = ORIENTED_EDGE('',*,*,#8737,.T.);
#8753 = ORIENTED_EDGE('',*,*,#8754,.T.);
#8754 = EDGE_CURVE('',#8730,#8755,#8757,.T.);
#8755 = VERTEX_POINT('',#8756);
#8756 = CARTESIAN_POINT('',(-2.44,-4.78,0.9));
#8757 = LINE('',#8758,#8759);
#8758 = CARTESIAN_POINT('',(-2.24,-4.78,0.9));
#8759 = VECTOR('',#8760,1.);
#8760 = DIRECTION('',(-1.,1.110223024625E-16,0.));
#8761 = ORIENTED_EDGE('',*,*,#8762,.T.);
#8762 = EDGE_CURVE('',#8755,#8763,#8765,.T.);
#8763 = VERTEX_POINT('',#8764);
#8764 = CARTESIAN_POINT('',(-2.44,-4.78,7.4));
#8765 = LINE('',#8766,#8767);
#8766 = CARTESIAN_POINT('',(-2.44,-4.78,6.055738799212));
#8767 = VECTOR('',#8768,1.);
#8768 = DIRECTION('',(0.,-0.,1.));
#8769 = ORIENTED_EDGE('',*,*,#8770,.F.);
#8770 = EDGE_CURVE('',#8771,#8763,#8773,.T.);
#8771 = VERTEX_POINT('',#8772);
#8772 = CARTESIAN_POINT('',(-2.64,-4.78,7.4));
#8773 = LINE('',#8774,#8775);
#8774 = CARTESIAN_POINT('',(-2.64,-4.78,7.4));
#8775 = VECTOR('',#8776,1.);
#8776 = DIRECTION('',(1.,-1.110223024625E-16,0.));
#8777 = ORIENTED_EDGE('',*,*,#8778,.F.);
#8778 = EDGE_CURVE('',#8779,#8771,#8781,.T.);
#8779 = VERTEX_POINT('',#8780);
#8780 = CARTESIAN_POINT('',(-2.64,-4.78,0.9));
#8781 = LINE('',#8782,#8783);
#8782 = CARTESIAN_POINT('',(-2.64,-4.78,6.055738799212));
#8783 = VECTOR('',#8784,1.);
#8784 = DIRECTION('',(0.,-0.,1.));
#8785 = ORIENTED_EDGE('',*,*,#8786,.T.);
#8786 = EDGE_CURVE('',#8779,#8787,#8789,.T.);
#8787 = VERTEX_POINT('',#8788);
#8788 = CARTESIAN_POINT('',(-2.84,-4.78,0.9));
#8789 = LINE('',#8790,#8791);
#8790 = CARTESIAN_POINT('',(-2.24,-4.78,0.9));
#8791 = VECTOR('',#8792,1.);
#8792 = DIRECTION('',(-1.,1.110223024625E-16,0.));
#8793 = ORIENTED_EDGE('',*,*,#8794,.F.);
#8794 = EDGE_CURVE('',#6643,#8787,#8795,.T.);
#8795 = LINE('',#8796,#8797);
#8796 = CARTESIAN_POINT('',(-2.84,-4.78,8.2));
#8797 = VECTOR('',#8798,1.);
#8798 = DIRECTION('',(0.,-0.,-1.));
#8799 = PLANE('',#8800);
#8800 = AXIS2_PLACEMENT_3D('',#8801,#8802,#8803);
#8801 = CARTESIAN_POINT('',(-2.24,-4.78,8.2));
#8802 = DIRECTION('',(1.110223024625E-16,1.,0.));
#8803 = DIRECTION('',(-1.,1.110223024625E-16,0.));
#8804 = ADVANCED_FACE('',(#8805),#8823,.F.);
#8805 = FACE_BOUND('',#8806,.F.);
#8806 = EDGE_LOOP('',(#8807,#8808,#8816,#8822));
#8807 = ORIENTED_EDGE('',*,*,#8794,.T.);
#8808 = ORIENTED_EDGE('',*,*,#8809,.T.);
#8809 = EDGE_CURVE('',#8787,#8810,#8812,.T.);
#8810 = VERTEX_POINT('',#8811);
#8811 = CARTESIAN_POINT('',(-2.84,-5.38,0.9));
#8812 = LINE('',#8813,#8814);
#8813 = CARTESIAN_POINT('',(-2.84,-4.78,0.9));
#8814 = VECTOR('',#8815,1.);
#8815 = DIRECTION('',(-1.110223024625E-16,-1.,0.));
#8816 = ORIENTED_EDGE('',*,*,#8817,.F.);
#8817 = EDGE_CURVE('',#6667,#8810,#8818,.T.);
#8818 = LINE('',#8819,#8820);
#8819 = CARTESIAN_POINT('',(-2.84,-5.38,8.2));
#8820 = VECTOR('',#8821,1.);
#8821 = DIRECTION('',(0.,-0.,-1.));
#8822 = ORIENTED_EDGE('',*,*,#6674,.F.);
#8823 = PLANE('',#8824);
#8824 = AXIS2_PLACEMENT_3D('',#8825,#8826,#8827);
#8825 = CARTESIAN_POINT('',(-2.84,-4.78,8.2));
#8826 = DIRECTION('',(-1.,1.110223024625E-16,0.));
#8827 = DIRECTION('',(-1.110223024625E-16,-1.,0.));
#8828 = ADVANCED_FACE('',(#8829),#8872,.F.);
#8829 = FACE_BOUND('',#8830,.F.);
#8830 = EDGE_LOOP('',(#8831,#8832,#8833,#8841,#8849,#8857,#8865,#8871));
#8831 = ORIENTED_EDGE('',*,*,#6691,.F.);
#8832 = ORIENTED_EDGE('',*,*,#8817,.T.);
#8833 = ORIENTED_EDGE('',*,*,#8834,.T.);
#8834 = EDGE_CURVE('',#8810,#8835,#8837,.T.);
#8835 = VERTEX_POINT('',#8836);
#8836 = CARTESIAN_POINT('',(-2.64,-5.38,0.9));
#8837 = LINE('',#8838,#8839);
#8838 = CARTESIAN_POINT('',(-2.84,-5.38,0.9));
#8839 = VECTOR('',#8840,1.);
#8840 = DIRECTION('',(1.,-1.110223024625E-16,0.));
#8841 = ORIENTED_EDGE('',*,*,#8842,.F.);
#8842 = EDGE_CURVE('',#8843,#8835,#8845,.T.);
#8843 = VERTEX_POINT('',#8844);
#8844 = CARTESIAN_POINT('',(-2.64,-5.38,7.4));
#8845 = LINE('',#8846,#8847);
#8846 = CARTESIAN_POINT('',(-2.64,-5.38,6.055738799212));
#8847 = VECTOR('',#8848,1.);
#8848 = DIRECTION('',(-0.,0.,-1.));
#8849 = ORIENTED_EDGE('',*,*,#8850,.T.);
#8850 = EDGE_CURVE('',#8843,#8851,#8853,.T.);
#8851 = VERTEX_POINT('',#8852);
#8852 = CARTESIAN_POINT('',(-2.44,-5.38,7.4));
#8853 = LINE('',#8854,#8855);
#8854 = CARTESIAN_POINT('',(-2.64,-5.38,7.4));
#8855 = VECTOR('',#8856,1.);
#8856 = DIRECTION('',(1.,-1.110223024625E-16,0.));
#8857 = ORIENTED_EDGE('',*,*,#8858,.T.);
#8858 = EDGE_CURVE('',#8851,#8859,#8861,.T.);
#8859 = VERTEX_POINT('',#8860);
#8860 = CARTESIAN_POINT('',(-2.44,-5.38,0.9));
#8861 = LINE('',#8862,#8863);
#8862 = CARTESIAN_POINT('',(-2.44,-5.38,6.055738799212));
#8863 = VECTOR('',#8864,1.);
#8864 = DIRECTION('',(-0.,0.,-1.));
#8865 = ORIENTED_EDGE('',*,*,#8866,.T.);
#8866 = EDGE_CURVE('',#8859,#8722,#8867,.T.);
#8867 = LINE('',#8868,#8869);
#8868 = CARTESIAN_POINT('',(-2.84,-5.38,0.9));
#8869 = VECTOR('',#8870,1.);
#8870 = DIRECTION('',(1.,-1.110223024625E-16,0.));
#8871 = ORIENTED_EDGE('',*,*,#8721,.F.);
#8872 = PLANE('',#8873);
#8873 = AXIS2_PLACEMENT_3D('',#8874,#8875,#8876);
#8874 = CARTESIAN_POINT('',(-2.84,-5.38,8.2));
#8875 = DIRECTION('',(-1.110223024625E-16,-1.,0.));
#8876 = DIRECTION('',(1.,-1.110223024625E-16,0.));
#8877 = ADVANCED_FACE('',(#8878),#8903,.F.);
#8878 = FACE_BOUND('',#8879,.F.);
#8879 = EDGE_LOOP('',(#8880,#8888,#8896,#8902));
#8880 = ORIENTED_EDGE('',*,*,#8881,.T.);
#8881 = EDGE_CURVE('',#6706,#8882,#8884,.T.);
#8882 = VERTEX_POINT('',#8883);
#8883 = CARTESIAN_POINT('',(-2.24,-2.84,0.9));
#8884 = LINE('',#8885,#8886);
#8885 = CARTESIAN_POINT('',(-2.24,-2.84,8.2));
#8886 = VECTOR('',#8887,1.);
#8887 = DIRECTION('',(0.,-0.,-1.));
#8888 = ORIENTED_EDGE('',*,*,#8889,.T.);
#8889 = EDGE_CURVE('',#8882,#8890,#8892,.T.);
#8890 = VERTEX_POINT('',#8891);
#8891 = CARTESIAN_POINT('',(-2.24,-2.24,0.9));
#8892 = LINE('',#8893,#8894);
#8893 = CARTESIAN_POINT('',(-2.24,-2.84,0.9));
#8894 = VECTOR('',#8895,1.);
#8895 = DIRECTION('',(1.110223024625E-16,1.,0.));
#8896 = ORIENTED_EDGE('',*,*,#8897,.F.);
#8897 = EDGE_CURVE('',#6715,#8890,#8898,.T.);
#8898 = LINE('',#8899,#8900);
#8899 = CARTESIAN_POINT('',(-2.24,-2.24,8.2));
#8900 = VECTOR('',#8901,1.);
#8901 = DIRECTION('',(0.,-0.,-1.));
#8902 = ORIENTED_EDGE('',*,*,#6722,.F.);
#8903 = PLANE('',#8904);
#8904 = AXIS2_PLACEMENT_3D('',#8905,#8906,#8907);
#8905 = CARTESIAN_POINT('',(-2.24,-2.84,8.2));
#8906 = DIRECTION('',(1.,-1.110223024625E-16,0.));
#8907 = DIRECTION('',(1.110223024625E-16,1.,0.));
#8908 = ADVANCED_FACE('',(#8909),#8959,.F.);
#8909 = FACE_BOUND('',#8910,.F.);
#8910 = EDGE_LOOP('',(#8911,#8912,#8913,#8921,#8929,#8937,#8945,#8953));
#8911 = ORIENTED_EDGE('',*,*,#6746,.F.);
#8912 = ORIENTED_EDGE('',*,*,#8897,.T.);
#8913 = ORIENTED_EDGE('',*,*,#8914,.T.);
#8914 = EDGE_CURVE('',#8890,#8915,#8917,.T.);
#8915 = VERTEX_POINT('',#8916);
#8916 = CARTESIAN_POINT('',(-2.44,-2.24,0.9));
#8917 = LINE('',#8918,#8919);
#8918 = CARTESIAN_POINT('',(-2.24,-2.24,0.9));
#8919 = VECTOR('',#8920,1.);
#8920 = DIRECTION('',(-1.,1.110223024625E-16,0.));
#8921 = ORIENTED_EDGE('',*,*,#8922,.T.);
#8922 = EDGE_CURVE('',#8915,#8923,#8925,.T.);
#8923 = VERTEX_POINT('',#8924);
#8924 = CARTESIAN_POINT('',(-2.44,-2.24,7.4));
#8925 = LINE('',#8926,#8927);
#8926 = CARTESIAN_POINT('',(-2.44,-2.24,6.055738799212));
#8927 = VECTOR('',#8928,1.);
#8928 = DIRECTION('',(0.,-0.,1.));
#8929 = ORIENTED_EDGE('',*,*,#8930,.F.);
#8930 = EDGE_CURVE('',#8931,#8923,#8933,.T.);
#8931 = VERTEX_POINT('',#8932);
#8932 = CARTESIAN_POINT('',(-2.64,-2.24,7.4));
#8933 = LINE('',#8934,#8935);
#8934 = CARTESIAN_POINT('',(-2.64,-2.24,7.4));
#8935 = VECTOR('',#8936,1.);
#8936 = DIRECTION('',(1.,-1.110223024625E-16,0.));
#8937 = ORIENTED_EDGE('',*,*,#8938,.F.);
#8938 = EDGE_CURVE('',#8939,#8931,#8941,.T.);
#8939 = VERTEX_POINT('',#8940);
#8940 = CARTESIAN_POINT('',(-2.64,-2.24,0.9));
#8941 = LINE('',#8942,#8943);
#8942 = CARTESIAN_POINT('',(-2.64,-2.24,6.055738799212));
#8943 = VECTOR('',#8944,1.);
#8944 = DIRECTION('',(0.,-0.,1.));
#8945 = ORIENTED_EDGE('',*,*,#8946,.T.);
#8946 = EDGE_CURVE('',#8939,#8947,#8949,.T.);
#8947 = VERTEX_POINT('',#8948);
#8948 = CARTESIAN_POINT('',(-2.84,-2.24,0.9));
#8949 = LINE('',#8950,#8951);
#8950 = CARTESIAN_POINT('',(-2.24,-2.24,0.9));
#8951 = VECTOR('',#8952,1.);
#8952 = DIRECTION('',(-1.,1.110223024625E-16,0.));
#8953 = ORIENTED_EDGE('',*,*,#8954,.F.);
#8954 = EDGE_CURVE('',#6739,#8947,#8955,.T.);
#8955 = LINE('',#8956,#8957);
#8956 = CARTESIAN_POINT('',(-2.84,-2.24,8.2));
#8957 = VECTOR('',#8958,1.);
#8958 = DIRECTION('',(0.,-0.,-1.));
#8959 = PLANE('',#8960);
#8960 = AXIS2_PLACEMENT_3D('',#8961,#8962,#8963);
#8961 = CARTESIAN_POINT('',(-2.24,-2.24,8.2));
#8962 = DIRECTION('',(1.110223024625E-16,1.,0.));
#8963 = DIRECTION('',(-1.,1.110223024625E-16,0.));
#8964 = ADVANCED_FACE('',(#8965),#8983,.F.);
#8965 = FACE_BOUND('',#8966,.F.);
#8966 = EDGE_LOOP('',(#8967,#8968,#8976,#8982));
#8967 = ORIENTED_EDGE('',*,*,#8954,.T.);
#8968 = ORIENTED_EDGE('',*,*,#8969,.T.);
#8969 = EDGE_CURVE('',#8947,#8970,#8972,.T.);
#8970 = VERTEX_POINT('',#8971);
#8971 = CARTESIAN_POINT('',(-2.84,-2.84,0.9));
#8972 = LINE('',#8973,#8974);
#8973 = CARTESIAN_POINT('',(-2.84,-2.24,0.9));
#8974 = VECTOR('',#8975,1.);
#8975 = DIRECTION('',(-1.110223024625E-16,-1.,0.));
#8976 = ORIENTED_EDGE('',*,*,#8977,.F.);
#8977 = EDGE_CURVE('',#6763,#8970,#8978,.T.);
#8978 = LINE('',#8979,#8980);
#8979 = CARTESIAN_POINT('',(-2.84,-2.84,8.2));
#8980 = VECTOR('',#8981,1.);
#8981 = DIRECTION('',(0.,-0.,-1.));
#8982 = ORIENTED_EDGE('',*,*,#6770,.F.);
#8983 = PLANE('',#8984);
#8984 = AXIS2_PLACEMENT_3D('',#8985,#8986,#8987);
#8985 = CARTESIAN_POINT('',(-2.84,-2.24,8.2));
#8986 = DIRECTION('',(-1.,1.110223024625E-16,0.));
#8987 = DIRECTION('',(-1.110223024625E-16,-1.,0.));
#8988 = ADVANCED_FACE('',(#8989),#9032,.F.);
#8989 = FACE_BOUND('',#8990,.F.);
#8990 = EDGE_LOOP('',(#8991,#8992,#8993,#9001,#9009,#9017,#9025,#9031));
#8991 = ORIENTED_EDGE('',*,*,#6787,.F.);
#8992 = ORIENTED_EDGE('',*,*,#8977,.T.);
#8993 = ORIENTED_EDGE('',*,*,#8994,.T.);
#8994 = EDGE_CURVE('',#8970,#8995,#8997,.T.);
#8995 = VERTEX_POINT('',#8996);
#8996 = CARTESIAN_POINT('',(-2.64,-2.84,0.9));
#8997 = LINE('',#8998,#8999);
#8998 = CARTESIAN_POINT('',(-2.84,-2.84,0.9));
#8999 = VECTOR('',#9000,1.);
#9000 = DIRECTION('',(1.,-1.110223024625E-16,0.));
#9001 = ORIENTED_EDGE('',*,*,#9002,.F.);
#9002 = EDGE_CURVE('',#9003,#8995,#9005,.T.);
#9003 = VERTEX_POINT('',#9004);
#9004 = CARTESIAN_POINT('',(-2.64,-2.84,7.4));
#9005 = LINE('',#9006,#9007);
#9006 = CARTESIAN_POINT('',(-2.64,-2.84,6.055738799212));
#9007 = VECTOR('',#9008,1.);
#9008 = DIRECTION('',(-0.,0.,-1.));
#9009 = ORIENTED_EDGE('',*,*,#9010,.T.);
#9010 = EDGE_CURVE('',#9003,#9011,#9013,.T.);
#9011 = VERTEX_POINT('',#9012);
#9012 = CARTESIAN_POINT('',(-2.44,-2.84,7.4));
#9013 = LINE('',#9014,#9015);
#9014 = CARTESIAN_POINT('',(-2.64,-2.84,7.4));
#9015 = VECTOR('',#9016,1.);
#9016 = DIRECTION('',(1.,-1.110223024625E-16,0.));
#9017 = ORIENTED_EDGE('',*,*,#9018,.T.);
#9018 = EDGE_CURVE('',#9011,#9019,#9021,.T.);
#9019 = VERTEX_POINT('',#9020);
#9020 = CARTESIAN_POINT('',(-2.44,-2.84,0.9));
#9021 = LINE('',#9022,#9023);
#9022 = CARTESIAN_POINT('',(-2.44,-2.84,6.055738799212));
#9023 = VECTOR('',#9024,1.);
#9024 = DIRECTION('',(-0.,0.,-1.));
#9025 = ORIENTED_EDGE('',*,*,#9026,.T.);
#9026 = EDGE_CURVE('',#9019,#8882,#9027,.T.);
#9027 = LINE('',#9028,#9029);
#9028 = CARTESIAN_POINT('',(-2.84,-2.84,0.9));
#9029 = VECTOR('',#9030,1.);
#9030 = DIRECTION('',(1.,-1.110223024625E-16,0.));
#9031 = ORIENTED_EDGE('',*,*,#8881,.F.);
#9032 = PLANE('',#9033);
#9033 = AXIS2_PLACEMENT_3D('',#9034,#9035,#9036);
#9034 = CARTESIAN_POINT('',(-2.84,-2.84,8.2));
#9035 = DIRECTION('',(-1.110223024625E-16,-1.,0.));
#9036 = DIRECTION('',(1.,-1.110223024625E-16,0.));
#9037 = ADVANCED_FACE('',(#9038),#9063,.F.);
#9038 = FACE_BOUND('',#9039,.F.);
#9039 = EDGE_LOOP('',(#9040,#9048,#9056,#9062));
#9040 = ORIENTED_EDGE('',*,*,#9041,.T.);
#9041 = EDGE_CURVE('',#6802,#9042,#9044,.T.);
#9042 = VERTEX_POINT('',#9043);
#9043 = CARTESIAN_POINT('',(-2.24,-0.3,0.9));
#9044 = LINE('',#9045,#9046);
#9045 = CARTESIAN_POINT('',(-2.24,-0.3,8.2));
#9046 = VECTOR('',#9047,1.);
#9047 = DIRECTION('',(0.,-0.,-1.));
#9048 = ORIENTED_EDGE('',*,*,#9049,.T.);
#9049 = EDGE_CURVE('',#9042,#9050,#9052,.T.);
#9050 = VERTEX_POINT('',#9051);
#9051 = CARTESIAN_POINT('',(-2.24,0.3,0.9));
#9052 = LINE('',#9053,#9054);
#9053 = CARTESIAN_POINT('',(-2.24,-0.3,0.9));
#9054 = VECTOR('',#9055,1.);
#9055 = DIRECTION('',(1.110223024625E-16,1.,0.));
#9056 = ORIENTED_EDGE('',*,*,#9057,.F.);
#9057 = EDGE_CURVE('',#6811,#9050,#9058,.T.);
#9058 = LINE('',#9059,#9060);
#9059 = CARTESIAN_POINT('',(-2.24,0.3,8.2));
#9060 = VECTOR('',#9061,1.);
#9061 = DIRECTION('',(0.,-0.,-1.));
#9062 = ORIENTED_EDGE('',*,*,#6818,.F.);
#9063 = PLANE('',#9064);
#9064 = AXIS2_PLACEMENT_3D('',#9065,#9066,#9067);
#9065 = CARTESIAN_POINT('',(-2.24,-0.3,8.2));
#9066 = DIRECTION('',(1.,-1.110223024625E-16,0.));
#9067 = DIRECTION('',(1.110223024625E-16,1.,0.));
#9068 = ADVANCED_FACE('',(#9069),#9119,.F.);
#9069 = FACE_BOUND('',#9070,.F.);
#9070 = EDGE_LOOP('',(#9071,#9072,#9073,#9081,#9089,#9097,#9105,#9113));
#9071 = ORIENTED_EDGE('',*,*,#6842,.F.);
#9072 = ORIENTED_EDGE('',*,*,#9057,.T.);
#9073 = ORIENTED_EDGE('',*,*,#9074,.T.);
#9074 = EDGE_CURVE('',#9050,#9075,#9077,.T.);
#9075 = VERTEX_POINT('',#9076);
#9076 = CARTESIAN_POINT('',(-2.44,0.3,0.9));
#9077 = LINE('',#9078,#9079);
#9078 = CARTESIAN_POINT('',(-2.24,0.3,0.9));
#9079 = VECTOR('',#9080,1.);
#9080 = DIRECTION('',(-1.,1.110223024625E-16,0.));
#9081 = ORIENTED_EDGE('',*,*,#9082,.T.);
#9082 = EDGE_CURVE('',#9075,#9083,#9085,.T.);
#9083 = VERTEX_POINT('',#9084);
#9084 = CARTESIAN_POINT('',(-2.44,0.3,7.4));
#9085 = LINE('',#9086,#9087);
#9086 = CARTESIAN_POINT('',(-2.44,0.3,6.055738799212));
#9087 = VECTOR('',#9088,1.);
#9088 = DIRECTION('',(0.,-0.,1.));
#9089 = ORIENTED_EDGE('',*,*,#9090,.F.);
#9090 = EDGE_CURVE('',#9091,#9083,#9093,.T.);
#9091 = VERTEX_POINT('',#9092);
#9092 = CARTESIAN_POINT('',(-2.64,0.3,7.4));
#9093 = LINE('',#9094,#9095);
#9094 = CARTESIAN_POINT('',(-2.64,0.3,7.4));
#9095 = VECTOR('',#9096,1.);
#9096 = DIRECTION('',(1.,-1.110223024625E-16,0.));
#9097 = ORIENTED_EDGE('',*,*,#9098,.F.);
#9098 = EDGE_CURVE('',#9099,#9091,#9101,.T.);
#9099 = VERTEX_POINT('',#9100);
#9100 = CARTESIAN_POINT('',(-2.64,0.3,0.9));
#9101 = LINE('',#9102,#9103);
#9102 = CARTESIAN_POINT('',(-2.64,0.3,6.055738799212));
#9103 = VECTOR('',#9104,1.);
#9104 = DIRECTION('',(0.,-0.,1.));
#9105 = ORIENTED_EDGE('',*,*,#9106,.T.);
#9106 = EDGE_CURVE('',#9099,#9107,#9109,.T.);
#9107 = VERTEX_POINT('',#9108);
#9108 = CARTESIAN_POINT('',(-2.84,0.3,0.9));
#9109 = LINE('',#9110,#9111);
#9110 = CARTESIAN_POINT('',(-2.24,0.3,0.9));
#9111 = VECTOR('',#9112,1.);
#9112 = DIRECTION('',(-1.,1.110223024625E-16,0.));
#9113 = ORIENTED_EDGE('',*,*,#9114,.F.);
#9114 = EDGE_CURVE('',#6835,#9107,#9115,.T.);
#9115 = LINE('',#9116,#9117);
#9116 = CARTESIAN_POINT('',(-2.84,0.3,8.2));
#9117 = VECTOR('',#9118,1.);
#9118 = DIRECTION('',(0.,-0.,-1.));
#9119 = PLANE('',#9120);
#9120 = AXIS2_PLACEMENT_3D('',#9121,#9122,#9123);
#9121 = CARTESIAN_POINT('',(-2.24,0.3,8.2));
#9122 = DIRECTION('',(1.110223024625E-16,1.,0.));
#9123 = DIRECTION('',(-1.,1.110223024625E-16,0.));
#9124 = ADVANCED_FACE('',(#9125),#9143,.F.);
#9125 = FACE_BOUND('',#9126,.F.);
#9126 = EDGE_LOOP('',(#9127,#9128,#9136,#9142));
#9127 = ORIENTED_EDGE('',*,*,#9114,.T.);
#9128 = ORIENTED_EDGE('',*,*,#9129,.T.);
#9129 = EDGE_CURVE('',#9107,#9130,#9132,.T.);
#9130 = VERTEX_POINT('',#9131);
#9131 = CARTESIAN_POINT('',(-2.84,-0.3,0.9));
#9132 = LINE('',#9133,#9134);
#9133 = CARTESIAN_POINT('',(-2.84,0.3,0.9));
#9134 = VECTOR('',#9135,1.);
#9135 = DIRECTION('',(-1.110223024625E-16,-1.,0.));
#9136 = ORIENTED_EDGE('',*,*,#9137,.F.);
#9137 = EDGE_CURVE('',#6859,#9130,#9138,.T.);
#9138 = LINE('',#9139,#9140);
#9139 = CARTESIAN_POINT('',(-2.84,-0.3,8.2));
#9140 = VECTOR('',#9141,1.);
#9141 = DIRECTION('',(0.,-0.,-1.));
#9142 = ORIENTED_EDGE('',*,*,#6866,.F.);
#9143 = PLANE('',#9144);
#9144 = AXIS2_PLACEMENT_3D('',#9145,#9146,#9147);
#9145 = CARTESIAN_POINT('',(-2.84,0.3,8.2));
#9146 = DIRECTION('',(-1.,1.110223024625E-16,0.));
#9147 = DIRECTION('',(-1.110223024625E-16,-1.,0.));
#9148 = ADVANCED_FACE('',(#9149),#9192,.F.);
#9149 = FACE_BOUND('',#9150,.F.);
#9150 = EDGE_LOOP('',(#9151,#9152,#9153,#9161,#9169,#9177,#9185,#9191));
#9151 = ORIENTED_EDGE('',*,*,#6883,.F.);
#9152 = ORIENTED_EDGE('',*,*,#9137,.T.);
#9153 = ORIENTED_EDGE('',*,*,#9154,.T.);
#9154 = EDGE_CURVE('',#9130,#9155,#9157,.T.);
#9155 = VERTEX_POINT('',#9156);
#9156 = CARTESIAN_POINT('',(-2.64,-0.3,0.9));
#9157 = LINE('',#9158,#9159);
#9158 = CARTESIAN_POINT('',(-2.84,-0.3,0.9));
#9159 = VECTOR('',#9160,1.);
#9160 = DIRECTION('',(1.,-1.110223024625E-16,0.));
#9161 = ORIENTED_EDGE('',*,*,#9162,.F.);
#9162 = EDGE_CURVE('',#9163,#9155,#9165,.T.);
#9163 = VERTEX_POINT('',#9164);
#9164 = CARTESIAN_POINT('',(-2.64,-0.3,7.4));
#9165 = LINE('',#9166,#9167);
#9166 = CARTESIAN_POINT('',(-2.64,-0.3,6.055738799212));
#9167 = VECTOR('',#9168,1.);
#9168 = DIRECTION('',(-0.,0.,-1.));
#9169 = ORIENTED_EDGE('',*,*,#9170,.T.);
#9170 = EDGE_CURVE('',#9163,#9171,#9173,.T.);
#9171 = VERTEX_POINT('',#9172);
#9172 = CARTESIAN_POINT('',(-2.44,-0.3,7.4));
#9173 = LINE('',#9174,#9175);
#9174 = CARTESIAN_POINT('',(-2.64,-0.3,7.4));
#9175 = VECTOR('',#9176,1.);
#9176 = DIRECTION('',(1.,-1.110223024625E-16,0.));
#9177 = ORIENTED_EDGE('',*,*,#9178,.T.);
#9178 = EDGE_CURVE('',#9171,#9179,#9181,.T.);
#9179 = VERTEX_POINT('',#9180);
#9180 = CARTESIAN_POINT('',(-2.44,-0.3,0.9));
#9181 = LINE('',#9182,#9183);
#9182 = CARTESIAN_POINT('',(-2.44,-0.3,6.055738799212));
#9183 = VECTOR('',#9184,1.);
#9184 = DIRECTION('',(-0.,0.,-1.));
#9185 = ORIENTED_EDGE('',*,*,#9186,.T.);
#9186 = EDGE_CURVE('',#9179,#9042,#9187,.T.);
#9187 = LINE('',#9188,#9189);
#9188 = CARTESIAN_POINT('',(-2.84,-0.3,0.9));
#9189 = VECTOR('',#9190,1.);
#9190 = DIRECTION('',(1.,-1.110223024625E-16,0.));
#9191 = ORIENTED_EDGE('',*,*,#9041,.F.);
#9192 = PLANE('',#9193);
#9193 = AXIS2_PLACEMENT_3D('',#9194,#9195,#9196);
#9194 = CARTESIAN_POINT('',(-2.84,-0.3,8.2));
#9195 = DIRECTION('',(-1.110223024625E-16,-1.,0.));
#9196 = DIRECTION('',(1.,-1.110223024625E-16,0.));
#9197 = ADVANCED_FACE('',(#9198),#9209,.T.);
#9198 = FACE_BOUND('',#9199,.T.);
#9199 = EDGE_LOOP('',(#9200,#9206,#9207,#9208));
#9200 = ORIENTED_EDGE('',*,*,#9201,.T.);
#9201 = EDGE_CURVE('',#6979,#6915,#9202,.T.);
#9202 = LINE('',#9203,#9204);
#9203 = CARTESIAN_POINT('',(0.1,-7.32,-2.5));
#9204 = VECTOR('',#9205,1.);
#9205 = DIRECTION('',(-1.,2.334869823773E-16,0.));
#9206 = ORIENTED_EDGE('',*,*,#6914,.T.);
#9207 = ORIENTED_EDGE('',*,*,#6899,.F.);
#9208 = ORIENTED_EDGE('',*,*,#6978,.F.);
#9209 = PLANE('',#9210);
#9210 = AXIS2_PLACEMENT_3D('',#9211,#9212,#9213);
#9211 = CARTESIAN_POINT('',(0.1,-7.32,-2.5));
#9212 = DIRECTION('',(2.334869823773E-16,1.,0.));
#9213 = DIRECTION('',(0.,-0.,1.));
#9214 = ADVANCED_FACE('',(#9215),#9226,.T.);
#9215 = FACE_BOUND('',#9216,.T.);
#9216 = EDGE_LOOP('',(#9217,#9223,#9224,#9225));
#9217 = ORIENTED_EDGE('',*,*,#9218,.T.);
#9218 = EDGE_CURVE('',#7004,#6940,#9219,.T.);
#9219 = LINE('',#9220,#9221);
#9220 = CARTESIAN_POINT('',(0.1,-7.47,-3.1));
#9221 = VECTOR('',#9222,1.);
#9222 = DIRECTION('',(-1.,2.334869823773E-16,0.));
#9223 = ORIENTED_EDGE('',*,*,#6947,.T.);
#9224 = ORIENTED_EDGE('',*,*,#9201,.F.);
#9225 = ORIENTED_EDGE('',*,*,#7011,.F.);
#9226 = PLANE('',#9227);
#9227 = AXIS2_PLACEMENT_3D('',#9228,#9229,#9230);
#9228 = CARTESIAN_POINT('',(0.1,-7.47,-3.1));
#9229 = DIRECTION('',(2.26515644835E-16,0.970142500145,-0.242535625036)
  );
#9230 = DIRECTION('',(5.662891120873E-17,0.242535625036,0.970142500145)
  );
#9231 = ADVANCED_FACE('',(#9232),#9243,.T.);
#9232 = FACE_BOUND('',#9233,.T.);
#9233 = EDGE_LOOP('',(#9234,#9240,#9241,#9242));
#9234 = ORIENTED_EDGE('',*,*,#9235,.T.);
#9235 = EDGE_CURVE('',#6996,#6932,#9236,.T.);
#9236 = LINE('',#9237,#9238);
#9237 = CARTESIAN_POINT('',(0.1,-7.77,-3.1));
#9238 = VECTOR('',#9239,1.);
#9239 = DIRECTION('',(-1.,2.334869823773E-16,0.));
#9240 = ORIENTED_EDGE('',*,*,#6939,.T.);
#9241 = ORIENTED_EDGE('',*,*,#9218,.F.);
#9242 = ORIENTED_EDGE('',*,*,#7003,.T.);
#9243 = PLANE('',#9244);
#9244 = AXIS2_PLACEMENT_3D('',#9245,#9246,#9247);
#9245 = CARTESIAN_POINT('',(0.1,-7.77,-3.1));
#9246 = DIRECTION('',(0.,0.,-1.));
#9247 = DIRECTION('',(2.334869823773E-16,1.,0.));
#9248 = ADVANCED_FACE('',(#9249),#9260,.T.);
#9249 = FACE_BOUND('',#9250,.T.);
#9250 = EDGE_LOOP('',(#9251,#9257,#9258,#9259));
#9251 = ORIENTED_EDGE('',*,*,#9252,.T.);
#9252 = EDGE_CURVE('',#6988,#6924,#9253,.T.);
#9253 = LINE('',#9254,#9255);
#9254 = CARTESIAN_POINT('',(0.1,-7.92,-2.5));
#9255 = VECTOR('',#9256,1.);
#9256 = DIRECTION('',(-1.,2.334869823773E-16,0.));
#9257 = ORIENTED_EDGE('',*,*,#6931,.T.);
#9258 = ORIENTED_EDGE('',*,*,#9235,.F.);
#9259 = ORIENTED_EDGE('',*,*,#6995,.F.);
#9260 = PLANE('',#9261);
#9261 = AXIS2_PLACEMENT_3D('',#9262,#9263,#9264);
#9262 = CARTESIAN_POINT('',(0.1,-7.92,-2.5));
#9263 = DIRECTION('',(-2.26515644835E-16,-0.970142500145,-0.242535625036
    ));
#9264 = DIRECTION('',(5.662891120873E-17,0.242535625036,-0.970142500145)
  );
#9265 = ADVANCED_FACE('',(#9266),#9272,.T.);
#9266 = FACE_BOUND('',#9267,.T.);
#9267 = EDGE_LOOP('',(#9268,#9269,#9270,#9271));
#9268 = ORIENTED_EDGE('',*,*,#6961,.T.);
#9269 = ORIENTED_EDGE('',*,*,#6923,.T.);
#9270 = ORIENTED_EDGE('',*,*,#9252,.F.);
#9271 = ORIENTED_EDGE('',*,*,#6987,.F.);
#9272 = PLANE('',#9273);
#9273 = AXIS2_PLACEMENT_3D('',#9274,#9275,#9276);
#9274 = CARTESIAN_POINT('',(0.1,-7.92,0.2));
#9275 = DIRECTION('',(-2.334869823773E-16,-1.,0.));
#9276 = DIRECTION('',(-0.,0.,-1.));
#9277 = ADVANCED_FACE('',(#9278),#9289,.T.);
#9278 = FACE_BOUND('',#9279,.T.);
#9279 = EDGE_LOOP('',(#9280,#9286,#9287,#9288));
#9280 = ORIENTED_EDGE('',*,*,#9281,.T.);
#9281 = EDGE_CURVE('',#7107,#7043,#9282,.T.);
#9282 = LINE('',#9283,#9284);
#9283 = CARTESIAN_POINT('',(0.1,-4.78,-2.5));
#9284 = VECTOR('',#9285,1.);
#9285 = DIRECTION('',(-1.,2.334869823773E-16,0.));
#9286 = ORIENTED_EDGE('',*,*,#7042,.T.);
#9287 = ORIENTED_EDGE('',*,*,#7027,.F.);
#9288 = ORIENTED_EDGE('',*,*,#7106,.F.);
#9289 = PLANE('',#9290);
#9290 = AXIS2_PLACEMENT_3D('',#9291,#9292,#9293);
#9291 = CARTESIAN_POINT('',(0.1,-4.78,-2.5));
#9292 = DIRECTION('',(2.334869823773E-16,1.,0.));
#9293 = DIRECTION('',(0.,-0.,1.));
#9294 = ADVANCED_FACE('',(#9295),#9306,.T.);
#9295 = FACE_BOUND('',#9296,.T.);
#9296 = EDGE_LOOP('',(#9297,#9303,#9304,#9305));
#9297 = ORIENTED_EDGE('',*,*,#9298,.T.);
#9298 = EDGE_CURVE('',#7132,#7068,#9299,.T.);
#9299 = LINE('',#9300,#9301);
#9300 = CARTESIAN_POINT('',(0.1,-4.93,-3.1));
#9301 = VECTOR('',#9302,1.);
#9302 = DIRECTION('',(-1.,2.334869823773E-16,0.));
#9303 = ORIENTED_EDGE('',*,*,#7075,.T.);
#9304 = ORIENTED_EDGE('',*,*,#9281,.F.);
#9305 = ORIENTED_EDGE('',*,*,#7139,.F.);
#9306 = PLANE('',#9307);
#9307 = AXIS2_PLACEMENT_3D('',#9308,#9309,#9310);
#9308 = CARTESIAN_POINT('',(0.1,-4.93,-3.1));
#9309 = DIRECTION('',(2.26515644835E-16,0.970142500145,-0.242535625036)
  );
#9310 = DIRECTION('',(5.662891120873E-17,0.242535625036,0.970142500145)
  );
#9311 = ADVANCED_FACE('',(#9312),#9323,.T.);
#9312 = FACE_BOUND('',#9313,.T.);
#9313 = EDGE_LOOP('',(#9314,#9320,#9321,#9322));
#9314 = ORIENTED_EDGE('',*,*,#9315,.T.);
#9315 = EDGE_CURVE('',#7124,#7060,#9316,.T.);
#9316 = LINE('',#9317,#9318);
#9317 = CARTESIAN_POINT('',(0.1,-5.23,-3.1));
#9318 = VECTOR('',#9319,1.);
#9319 = DIRECTION('',(-1.,2.334869823773E-16,0.));
#9320 = ORIENTED_EDGE('',*,*,#7067,.T.);
#9321 = ORIENTED_EDGE('',*,*,#9298,.F.);
#9322 = ORIENTED_EDGE('',*,*,#7131,.T.);
#9323 = PLANE('',#9324);
#9324 = AXIS2_PLACEMENT_3D('',#9325,#9326,#9327);
#9325 = CARTESIAN_POINT('',(0.1,-5.23,-3.1));
#9326 = DIRECTION('',(0.,0.,-1.));
#9327 = DIRECTION('',(2.334869823773E-16,1.,0.));
#9328 = ADVANCED_FACE('',(#9329),#9340,.T.);
#9329 = FACE_BOUND('',#9330,.T.);
#9330 = EDGE_LOOP('',(#9331,#9337,#9338,#9339));
#9331 = ORIENTED_EDGE('',*,*,#9332,.T.);
#9332 = EDGE_CURVE('',#7116,#7052,#9333,.T.);
#9333 = LINE('',#9334,#9335);
#9334 = CARTESIAN_POINT('',(0.1,-5.38,-2.5));
#9335 = VECTOR('',#9336,1.);
#9336 = DIRECTION('',(-1.,2.334869823773E-16,0.));
#9337 = ORIENTED_EDGE('',*,*,#7059,.T.);
#9338 = ORIENTED_EDGE('',*,*,#9315,.F.);
#9339 = ORIENTED_EDGE('',*,*,#7123,.F.);
#9340 = PLANE('',#9341);
#9341 = AXIS2_PLACEMENT_3D('',#9342,#9343,#9344);
#9342 = CARTESIAN_POINT('',(0.1,-5.38,-2.5));
#9343 = DIRECTION('',(-2.26515644835E-16,-0.970142500145,-0.242535625036
    ));
#9344 = DIRECTION('',(5.662891120873E-17,0.242535625036,-0.970142500145)
  );
#9345 = ADVANCED_FACE('',(#9346),#9352,.T.);
#9346 = FACE_BOUND('',#9347,.T.);
#9347 = EDGE_LOOP('',(#9348,#9349,#9350,#9351));
#9348 = ORIENTED_EDGE('',*,*,#7089,.T.);
#9349 = ORIENTED_EDGE('',*,*,#7051,.T.);
#9350 = ORIENTED_EDGE('',*,*,#9332,.F.);
#9351 = ORIENTED_EDGE('',*,*,#7115,.F.);
#9352 = PLANE('',#9353);
#9353 = AXIS2_PLACEMENT_3D('',#9354,#9355,#9356);
#9354 = CARTESIAN_POINT('',(0.1,-5.38,0.2));
#9355 = DIRECTION('',(-2.334869823773E-16,-1.,0.));
#9356 = DIRECTION('',(-0.,0.,-1.));
#9357 = ADVANCED_FACE('',(#9358),#9369,.T.);
#9358 = FACE_BOUND('',#9359,.T.);
#9359 = EDGE_LOOP('',(#9360,#9366,#9367,#9368));
#9360 = ORIENTED_EDGE('',*,*,#9361,.T.);
#9361 = EDGE_CURVE('',#7235,#7171,#9362,.T.);
#9362 = LINE('',#9363,#9364);
#9363 = CARTESIAN_POINT('',(0.1,-2.24,-2.5));
#9364 = VECTOR('',#9365,1.);
#9365 = DIRECTION('',(-1.,2.334869823773E-16,0.));
#9366 = ORIENTED_EDGE('',*,*,#7170,.T.);
#9367 = ORIENTED_EDGE('',*,*,#7155,.F.);
#9368 = ORIENTED_EDGE('',*,*,#7234,.F.);
#9369 = PLANE('',#9370);
#9370 = AXIS2_PLACEMENT_3D('',#9371,#9372,#9373);
#9371 = CARTESIAN_POINT('',(0.1,-2.24,-2.5));
#9372 = DIRECTION('',(2.334869823773E-16,1.,0.));
#9373 = DIRECTION('',(0.,-0.,1.));
#9374 = ADVANCED_FACE('',(#9375),#9386,.T.);
#9375 = FACE_BOUND('',#9376,.T.);
#9376 = EDGE_LOOP('',(#9377,#9383,#9384,#9385));
#9377 = ORIENTED_EDGE('',*,*,#9378,.T.);
#9378 = EDGE_CURVE('',#7260,#7196,#9379,.T.);
#9379 = LINE('',#9380,#9381);
#9380 = CARTESIAN_POINT('',(0.1,-2.39,-3.1));
#9381 = VECTOR('',#9382,1.);
#9382 = DIRECTION('',(-1.,2.334869823773E-16,0.));
#9383 = ORIENTED_EDGE('',*,*,#7203,.T.);
#9384 = ORIENTED_EDGE('',*,*,#9361,.F.);
#9385 = ORIENTED_EDGE('',*,*,#7267,.F.);
#9386 = PLANE('',#9387);
#9387 = AXIS2_PLACEMENT_3D('',#9388,#9389,#9390);
#9388 = CARTESIAN_POINT('',(0.1,-2.39,-3.1));
#9389 = DIRECTION('',(2.26515644835E-16,0.970142500145,-0.242535625036)
  );
#9390 = DIRECTION('',(5.662891120873E-17,0.242535625036,0.970142500145)
  );
#9391 = ADVANCED_FACE('',(#9392),#9403,.T.);
#9392 = FACE_BOUND('',#9393,.T.);
#9393 = EDGE_LOOP('',(#9394,#9400,#9401,#9402));
#9394 = ORIENTED_EDGE('',*,*,#9395,.T.);
#9395 = EDGE_CURVE('',#7252,#7188,#9396,.T.);
#9396 = LINE('',#9397,#9398);
#9397 = CARTESIAN_POINT('',(0.1,-2.69,-3.1));
#9398 = VECTOR('',#9399,1.);
#9399 = DIRECTION('',(-1.,2.334869823773E-16,0.));
#9400 = ORIENTED_EDGE('',*,*,#7195,.T.);
#9401 = ORIENTED_EDGE('',*,*,#9378,.F.);
#9402 = ORIENTED_EDGE('',*,*,#7259,.T.);
#9403 = PLANE('',#9404);
#9404 = AXIS2_PLACEMENT_3D('',#9405,#9406,#9407);
#9405 = CARTESIAN_POINT('',(0.1,-2.69,-3.1));
#9406 = DIRECTION('',(0.,0.,-1.));
#9407 = DIRECTION('',(2.334869823773E-16,1.,0.));
#9408 = ADVANCED_FACE('',(#9409),#9420,.T.);
#9409 = FACE_BOUND('',#9410,.T.);
#9410 = EDGE_LOOP('',(#9411,#9417,#9418,#9419));
#9411 = ORIENTED_EDGE('',*,*,#9412,.T.);
#9412 = EDGE_CURVE('',#7244,#7180,#9413,.T.);
#9413 = LINE('',#9414,#9415);
#9414 = CARTESIAN_POINT('',(0.1,-2.84,-2.5));
#9415 = VECTOR('',#9416,1.);
#9416 = DIRECTION('',(-1.,2.334869823773E-16,0.));
#9417 = ORIENTED_EDGE('',*,*,#7187,.T.);
#9418 = ORIENTED_EDGE('',*,*,#9395,.F.);
#9419 = ORIENTED_EDGE('',*,*,#7251,.F.);
#9420 = PLANE('',#9421);
#9421 = AXIS2_PLACEMENT_3D('',#9422,#9423,#9424);
#9422 = CARTESIAN_POINT('',(0.1,-2.84,-2.5));
#9423 = DIRECTION('',(-2.26515644835E-16,-0.970142500145,-0.242535625036
    ));
#9424 = DIRECTION('',(5.662891120873E-17,0.242535625036,-0.970142500145)
  );
#9425 = ADVANCED_FACE('',(#9426),#9432,.T.);
#9426 = FACE_BOUND('',#9427,.T.);
#9427 = EDGE_LOOP('',(#9428,#9429,#9430,#9431));
#9428 = ORIENTED_EDGE('',*,*,#7217,.T.);
#9429 = ORIENTED_EDGE('',*,*,#7179,.T.);
#9430 = ORIENTED_EDGE('',*,*,#9412,.F.);
#9431 = ORIENTED_EDGE('',*,*,#7243,.F.);
#9432 = PLANE('',#9433);
#9433 = AXIS2_PLACEMENT_3D('',#9434,#9435,#9436);
#9434 = CARTESIAN_POINT('',(0.1,-2.84,0.2));
#9435 = DIRECTION('',(-2.334869823773E-16,-1.,0.));
#9436 = DIRECTION('',(-0.,0.,-1.));
#9437 = ADVANCED_FACE('',(#9438),#9449,.T.);
#9438 = FACE_BOUND('',#9439,.T.);
#9439 = EDGE_LOOP('',(#9440,#9446,#9447,#9448));
#9440 = ORIENTED_EDGE('',*,*,#9441,.T.);
#9441 = EDGE_CURVE('',#7363,#7299,#9442,.T.);
#9442 = LINE('',#9443,#9444);
#9443 = CARTESIAN_POINT('',(0.1,0.3,-2.5));
#9444 = VECTOR('',#9445,1.);
#9445 = DIRECTION('',(-1.,2.334869823773E-16,0.));
#9446 = ORIENTED_EDGE('',*,*,#7298,.T.);
#9447 = ORIENTED_EDGE('',*,*,#7283,.F.);
#9448 = ORIENTED_EDGE('',*,*,#7362,.F.);
#9449 = PLANE('',#9450);
#9450 = AXIS2_PLACEMENT_3D('',#9451,#9452,#9453);
#9451 = CARTESIAN_POINT('',(0.1,0.3,-2.5));
#9452 = DIRECTION('',(2.334869823773E-16,1.,0.));
#9453 = DIRECTION('',(0.,-0.,1.));
#9454 = ADVANCED_FACE('',(#9455),#9466,.T.);
#9455 = FACE_BOUND('',#9456,.T.);
#9456 = EDGE_LOOP('',(#9457,#9463,#9464,#9465));
#9457 = ORIENTED_EDGE('',*,*,#9458,.T.);
#9458 = EDGE_CURVE('',#7388,#7324,#9459,.T.);
#9459 = LINE('',#9460,#9461);
#9460 = CARTESIAN_POINT('',(0.1,0.15,-3.1));
#9461 = VECTOR('',#9462,1.);
#9462 = DIRECTION('',(-1.,2.334869823773E-16,0.));
#9463 = ORIENTED_EDGE('',*,*,#7331,.T.);
#9464 = ORIENTED_EDGE('',*,*,#9441,.F.);
#9465 = ORIENTED_EDGE('',*,*,#7395,.F.);
#9466 = PLANE('',#9467);
#9467 = AXIS2_PLACEMENT_3D('',#9468,#9469,#9470);
#9468 = CARTESIAN_POINT('',(0.1,0.15,-3.1));
#9469 = DIRECTION('',(2.26515644835E-16,0.970142500145,-0.242535625036)
  );
#9470 = DIRECTION('',(5.662891120873E-17,0.242535625036,0.970142500145)
  );
#9471 = ADVANCED_FACE('',(#9472),#9483,.T.);
#9472 = FACE_BOUND('',#9473,.T.);
#9473 = EDGE_LOOP('',(#9474,#9480,#9481,#9482));
#9474 = ORIENTED_EDGE('',*,*,#9475,.T.);
#9475 = EDGE_CURVE('',#7380,#7316,#9476,.T.);
#9476 = LINE('',#9477,#9478);
#9477 = CARTESIAN_POINT('',(0.1,-0.15,-3.1));
#9478 = VECTOR('',#9479,1.);
#9479 = DIRECTION('',(-1.,2.334869823773E-16,0.));
#9480 = ORIENTED_EDGE('',*,*,#7323,.T.);
#9481 = ORIENTED_EDGE('',*,*,#9458,.F.);
#9482 = ORIENTED_EDGE('',*,*,#7387,.T.);
#9483 = PLANE('',#9484);
#9484 = AXIS2_PLACEMENT_3D('',#9485,#9486,#9487);
#9485 = CARTESIAN_POINT('',(0.1,-0.15,-3.1));
#9486 = DIRECTION('',(0.,0.,-1.));
#9487 = DIRECTION('',(2.334869823773E-16,1.,0.));
#9488 = ADVANCED_FACE('',(#9489),#9500,.T.);
#9489 = FACE_BOUND('',#9490,.T.);
#9490 = EDGE_LOOP('',(#9491,#9497,#9498,#9499));
#9491 = ORIENTED_EDGE('',*,*,#9492,.T.);
#9492 = EDGE_CURVE('',#7372,#7308,#9493,.T.);
#9493 = LINE('',#9494,#9495);
#9494 = CARTESIAN_POINT('',(0.1,-0.3,-2.5));
#9495 = VECTOR('',#9496,1.);
#9496 = DIRECTION('',(-1.,2.334869823773E-16,0.));
#9497 = ORIENTED_EDGE('',*,*,#7315,.T.);
#9498 = ORIENTED_EDGE('',*,*,#9475,.F.);
#9499 = ORIENTED_EDGE('',*,*,#7379,.F.);
#9500 = PLANE('',#9501);
#9501 = AXIS2_PLACEMENT_3D('',#9502,#9503,#9504);
#9502 = CARTESIAN_POINT('',(0.1,-0.3,-2.5));
#9503 = DIRECTION('',(-2.26515644835E-16,-0.970142500145,-0.242535625036
    ));
#9504 = DIRECTION('',(5.662891120873E-17,0.242535625036,-0.970142500145)
  );
#9505 = ADVANCED_FACE('',(#9506),#9512,.T.);
#9506 = FACE_BOUND('',#9507,.T.);
#9507 = EDGE_LOOP('',(#9508,#9509,#9510,#9511));
#9508 = ORIENTED_EDGE('',*,*,#7345,.T.);
#9509 = ORIENTED_EDGE('',*,*,#7307,.T.);
#9510 = ORIENTED_EDGE('',*,*,#9492,.F.);
#9511 = ORIENTED_EDGE('',*,*,#7371,.F.);
#9512 = PLANE('',#9513);
#9513 = AXIS2_PLACEMENT_3D('',#9514,#9515,#9516);
#9514 = CARTESIAN_POINT('',(0.1,-0.3,0.2));
#9515 = DIRECTION('',(-2.334869823773E-16,-1.,0.));
#9516 = DIRECTION('',(-0.,0.,-1.));
#9517 = ADVANCED_FACE('',(#9518),#9529,.T.);
#9518 = FACE_BOUND('',#9519,.T.);
#9519 = EDGE_LOOP('',(#9520,#9526,#9527,#9528));
#9520 = ORIENTED_EDGE('',*,*,#9521,.T.);
#9521 = EDGE_CURVE('',#7491,#7427,#9522,.T.);
#9522 = LINE('',#9523,#9524);
#9523 = CARTESIAN_POINT('',(-2.64,-7.92,-2.5));
#9524 = VECTOR('',#9525,1.);
#9525 = DIRECTION('',(1.,-1.110223024625E-16,0.));
#9526 = ORIENTED_EDGE('',*,*,#7426,.T.);
#9527 = ORIENTED_EDGE('',*,*,#7411,.F.);
#9528 = ORIENTED_EDGE('',*,*,#7490,.F.);
#9529 = PLANE('',#9530);
#9530 = AXIS2_PLACEMENT_3D('',#9531,#9532,#9533);
#9531 = CARTESIAN_POINT('',(-2.64,-7.92,-2.5));
#9532 = DIRECTION('',(-1.110223024625E-16,-1.,0.));
#9533 = DIRECTION('',(0.,0.,1.));
#9534 = ADVANCED_FACE('',(#9535),#9546,.T.);
#9535 = FACE_BOUND('',#9536,.T.);
#9536 = EDGE_LOOP('',(#9537,#9543,#9544,#9545));
#9537 = ORIENTED_EDGE('',*,*,#9538,.T.);
#9538 = EDGE_CURVE('',#7516,#7452,#9539,.T.);
#9539 = LINE('',#9540,#9541);
#9540 = CARTESIAN_POINT('',(-2.64,-7.77,-3.1));
#9541 = VECTOR('',#9542,1.);
#9542 = DIRECTION('',(1.,-1.110223024625E-16,0.));
#9543 = ORIENTED_EDGE('',*,*,#7459,.T.);
#9544 = ORIENTED_EDGE('',*,*,#9521,.F.);
#9545 = ORIENTED_EDGE('',*,*,#7523,.F.);
#9546 = PLANE('',#9547);
#9547 = AXIS2_PLACEMENT_3D('',#9548,#9549,#9550);
#9548 = CARTESIAN_POINT('',(-2.64,-7.77,-3.1));
#9549 = DIRECTION('',(-1.077074540829E-16,-0.970142500145,
    -0.242535625036));
#9550 = DIRECTION('',(-2.692686352073E-17,-0.242535625036,0.970142500145
    ));
#9551 = ADVANCED_FACE('',(#9552),#9563,.T.);
#9552 = FACE_BOUND('',#9553,.T.);
#9553 = EDGE_LOOP('',(#9554,#9560,#9561,#9562));
#9554 = ORIENTED_EDGE('',*,*,#9555,.T.);
#9555 = EDGE_CURVE('',#7508,#7444,#9556,.T.);
#9556 = LINE('',#9557,#9558);
#9557 = CARTESIAN_POINT('',(-2.64,-7.47,-3.1));
#9558 = VECTOR('',#9559,1.);
#9559 = DIRECTION('',(1.,-1.110223024625E-16,0.));
#9560 = ORIENTED_EDGE('',*,*,#7451,.T.);
#9561 = ORIENTED_EDGE('',*,*,#9538,.F.);
#9562 = ORIENTED_EDGE('',*,*,#7515,.T.);
#9563 = PLANE('',#9564);
#9564 = AXIS2_PLACEMENT_3D('',#9565,#9566,#9567);
#9565 = CARTESIAN_POINT('',(-2.64,-7.47,-3.1));
#9566 = DIRECTION('',(0.,-0.,-1.));
#9567 = DIRECTION('',(-1.110223024625E-16,-1.,0.));
#9568 = ADVANCED_FACE('',(#9569),#9580,.T.);
#9569 = FACE_BOUND('',#9570,.T.);
#9570 = EDGE_LOOP('',(#9571,#9577,#9578,#9579));
#9571 = ORIENTED_EDGE('',*,*,#9572,.T.);
#9572 = EDGE_CURVE('',#7500,#7436,#9573,.T.);
#9573 = LINE('',#9574,#9575);
#9574 = CARTESIAN_POINT('',(-2.64,-7.32,-2.5));
#9575 = VECTOR('',#9576,1.);
#9576 = DIRECTION('',(1.,-1.110223024625E-16,0.));
#9577 = ORIENTED_EDGE('',*,*,#7443,.T.);
#9578 = ORIENTED_EDGE('',*,*,#9555,.F.);
#9579 = ORIENTED_EDGE('',*,*,#7507,.F.);
#9580 = PLANE('',#9581);
#9581 = AXIS2_PLACEMENT_3D('',#9582,#9583,#9584);
#9582 = CARTESIAN_POINT('',(-2.64,-7.32,-2.5));
#9583 = DIRECTION('',(1.077074540829E-16,0.970142500145,-0.242535625036)
  );
#9584 = DIRECTION('',(-2.692686352073E-17,-0.242535625036,
    -0.970142500145));
#9585 = ADVANCED_FACE('',(#9586),#9592,.T.);
#9586 = FACE_BOUND('',#9587,.T.);
#9587 = EDGE_LOOP('',(#9588,#9589,#9590,#9591));
#9588 = ORIENTED_EDGE('',*,*,#7473,.T.);
#9589 = ORIENTED_EDGE('',*,*,#7435,.T.);
#9590 = ORIENTED_EDGE('',*,*,#9572,.F.);
#9591 = ORIENTED_EDGE('',*,*,#7499,.F.);
#9592 = PLANE('',#9593);
#9593 = AXIS2_PLACEMENT_3D('',#9594,#9595,#9596);
#9594 = CARTESIAN_POINT('',(-2.64,-7.32,0.2));
#9595 = DIRECTION('',(1.110223024625E-16,1.,0.));
#9596 = DIRECTION('',(0.,0.,-1.));
#9597 = ADVANCED_FACE('',(#9598),#9609,.T.);
#9598 = FACE_BOUND('',#9599,.T.);
#9599 = EDGE_LOOP('',(#9600,#9606,#9607,#9608));
#9600 = ORIENTED_EDGE('',*,*,#9601,.T.);
#9601 = EDGE_CURVE('',#7619,#7555,#9602,.T.);
#9602 = LINE('',#9603,#9604);
#9603 = CARTESIAN_POINT('',(-2.64,-5.38,-2.5));
#9604 = VECTOR('',#9605,1.);
#9605 = DIRECTION('',(1.,-1.110223024625E-16,0.));
#9606 = ORIENTED_EDGE('',*,*,#7554,.T.);
#9607 = ORIENTED_EDGE('',*,*,#7539,.F.);
#9608 = ORIENTED_EDGE('',*,*,#7618,.F.);
#9609 = PLANE('',#9610);
#9610 = AXIS2_PLACEMENT_3D('',#9611,#9612,#9613);
#9611 = CARTESIAN_POINT('',(-2.64,-5.38,-2.5));
#9612 = DIRECTION('',(-1.110223024625E-16,-1.,0.));
#9613 = DIRECTION('',(0.,0.,1.));
#9614 = ADVANCED_FACE('',(#9615),#9626,.T.);
#9615 = FACE_BOUND('',#9616,.T.);
#9616 = EDGE_LOOP('',(#9617,#9623,#9624,#9625));
#9617 = ORIENTED_EDGE('',*,*,#9618,.T.);
#9618 = EDGE_CURVE('',#7644,#7580,#9619,.T.);
#9619 = LINE('',#9620,#9621);
#9620 = CARTESIAN_POINT('',(-2.64,-5.23,-3.1));
#9621 = VECTOR('',#9622,1.);
#9622 = DIRECTION('',(1.,-1.110223024625E-16,0.));
#9623 = ORIENTED_EDGE('',*,*,#7587,.T.);
#9624 = ORIENTED_EDGE('',*,*,#9601,.F.);
#9625 = ORIENTED_EDGE('',*,*,#7651,.F.);
#9626 = PLANE('',#9627);
#9627 = AXIS2_PLACEMENT_3D('',#9628,#9629,#9630);
#9628 = CARTESIAN_POINT('',(-2.64,-5.23,-3.1));
#9629 = DIRECTION('',(-1.077074540829E-16,-0.970142500145,
    -0.242535625036));
#9630 = DIRECTION('',(-2.692686352073E-17,-0.242535625036,0.970142500145
    ));
#9631 = ADVANCED_FACE('',(#9632),#9643,.T.);
#9632 = FACE_BOUND('',#9633,.T.);
#9633 = EDGE_LOOP('',(#9634,#9640,#9641,#9642));
#9634 = ORIENTED_EDGE('',*,*,#9635,.T.);
#9635 = EDGE_CURVE('',#7636,#7572,#9636,.T.);
#9636 = LINE('',#9637,#9638);
#9637 = CARTESIAN_POINT('',(-2.64,-4.93,-3.1));
#9638 = VECTOR('',#9639,1.);
#9639 = DIRECTION('',(1.,-1.110223024625E-16,0.));
#9640 = ORIENTED_EDGE('',*,*,#7579,.T.);
#9641 = ORIENTED_EDGE('',*,*,#9618,.F.);
#9642 = ORIENTED_EDGE('',*,*,#7643,.T.);
#9643 = PLANE('',#9644);
#9644 = AXIS2_PLACEMENT_3D('',#9645,#9646,#9647);
#9645 = CARTESIAN_POINT('',(-2.64,-4.93,-3.1));
#9646 = DIRECTION('',(0.,-0.,-1.));
#9647 = DIRECTION('',(-1.110223024625E-16,-1.,0.));
#9648 = ADVANCED_FACE('',(#9649),#9660,.T.);
#9649 = FACE_BOUND('',#9650,.T.);
#9650 = EDGE_LOOP('',(#9651,#9657,#9658,#9659));
#9651 = ORIENTED_EDGE('',*,*,#9652,.T.);
#9652 = EDGE_CURVE('',#7628,#7564,#9653,.T.);
#9653 = LINE('',#9654,#9655);
#9654 = CARTESIAN_POINT('',(-2.64,-4.78,-2.5));
#9655 = VECTOR('',#9656,1.);
#9656 = DIRECTION('',(1.,-1.110223024625E-16,0.));
#9657 = ORIENTED_EDGE('',*,*,#7571,.T.);
#9658 = ORIENTED_EDGE('',*,*,#9635,.F.);
#9659 = ORIENTED_EDGE('',*,*,#7635,.F.);
#9660 = PLANE('',#9661);
#9661 = AXIS2_PLACEMENT_3D('',#9662,#9663,#9664);
#9662 = CARTESIAN_POINT('',(-2.64,-4.78,-2.5));
#9663 = DIRECTION('',(1.077074540829E-16,0.970142500145,-0.242535625036)
  );
#9664 = DIRECTION('',(-2.692686352073E-17,-0.242535625036,
    -0.970142500145));
#9665 = ADVANCED_FACE('',(#9666),#9672,.T.);
#9666 = FACE_BOUND('',#9667,.T.);
#9667 = EDGE_LOOP('',(#9668,#9669,#9670,#9671));
#9668 = ORIENTED_EDGE('',*,*,#7601,.T.);
#9669 = ORIENTED_EDGE('',*,*,#7563,.T.);
#9670 = ORIENTED_EDGE('',*,*,#9652,.F.);
#9671 = ORIENTED_EDGE('',*,*,#7627,.F.);
#9672 = PLANE('',#9673);
#9673 = AXIS2_PLACEMENT_3D('',#9674,#9675,#9676);
#9674 = CARTESIAN_POINT('',(-2.64,-4.78,0.2));
#9675 = DIRECTION('',(1.110223024625E-16,1.,0.));
#9676 = DIRECTION('',(0.,0.,-1.));
#9677 = ADVANCED_FACE('',(#9678),#9689,.T.);
#9678 = FACE_BOUND('',#9679,.T.);
#9679 = EDGE_LOOP('',(#9680,#9686,#9687,#9688));
#9680 = ORIENTED_EDGE('',*,*,#9681,.T.);
#9681 = EDGE_CURVE('',#7747,#7683,#9682,.T.);
#9682 = LINE('',#9683,#9684);
#9683 = CARTESIAN_POINT('',(-2.64,-2.84,-2.5));
#9684 = VECTOR('',#9685,1.);
#9685 = DIRECTION('',(1.,-1.110223024625E-16,0.));
#9686 = ORIENTED_EDGE('',*,*,#7682,.T.);
#9687 = ORIENTED_EDGE('',*,*,#7667,.F.);
#9688 = ORIENTED_EDGE('',*,*,#7746,.F.);
#9689 = PLANE('',#9690);
#9690 = AXIS2_PLACEMENT_3D('',#9691,#9692,#9693);
#9691 = CARTESIAN_POINT('',(-2.64,-2.84,-2.5));
#9692 = DIRECTION('',(-1.110223024625E-16,-1.,0.));
#9693 = DIRECTION('',(0.,0.,1.));
#9694 = ADVANCED_FACE('',(#9695),#9706,.T.);
#9695 = FACE_BOUND('',#9696,.T.);
#9696 = EDGE_LOOP('',(#9697,#9703,#9704,#9705));
#9697 = ORIENTED_EDGE('',*,*,#9698,.T.);
#9698 = EDGE_CURVE('',#7772,#7708,#9699,.T.);
#9699 = LINE('',#9700,#9701);
#9700 = CARTESIAN_POINT('',(-2.64,-2.69,-3.1));
#9701 = VECTOR('',#9702,1.);
#9702 = DIRECTION('',(1.,-1.110223024625E-16,0.));
#9703 = ORIENTED_EDGE('',*,*,#7715,.T.);
#9704 = ORIENTED_EDGE('',*,*,#9681,.F.);
#9705 = ORIENTED_EDGE('',*,*,#7779,.F.);
#9706 = PLANE('',#9707);
#9707 = AXIS2_PLACEMENT_3D('',#9708,#9709,#9710);
#9708 = CARTESIAN_POINT('',(-2.64,-2.69,-3.1));
#9709 = DIRECTION('',(-1.077074540829E-16,-0.970142500145,
    -0.242535625036));
#9710 = DIRECTION('',(-2.692686352073E-17,-0.242535625036,0.970142500145
    ));
#9711 = ADVANCED_FACE('',(#9712),#9723,.T.);
#9712 = FACE_BOUND('',#9713,.T.);
#9713 = EDGE_LOOP('',(#9714,#9720,#9721,#9722));
#9714 = ORIENTED_EDGE('',*,*,#9715,.T.);
#9715 = EDGE_CURVE('',#7764,#7700,#9716,.T.);
#9716 = LINE('',#9717,#9718);
#9717 = CARTESIAN_POINT('',(-2.64,-2.39,-3.1));
#9718 = VECTOR('',#9719,1.);
#9719 = DIRECTION('',(1.,-1.110223024625E-16,0.));
#9720 = ORIENTED_EDGE('',*,*,#7707,.T.);
#9721 = ORIENTED_EDGE('',*,*,#9698,.F.);
#9722 = ORIENTED_EDGE('',*,*,#7771,.T.);
#9723 = PLANE('',#9724);
#9724 = AXIS2_PLACEMENT_3D('',#9725,#9726,#9727);
#9725 = CARTESIAN_POINT('',(-2.64,-2.39,-3.1));
#9726 = DIRECTION('',(0.,-0.,-1.));
#9727 = DIRECTION('',(-1.110223024625E-16,-1.,0.));
#9728 = ADVANCED_FACE('',(#9729),#9740,.T.);
#9729 = FACE_BOUND('',#9730,.T.);
#9730 = EDGE_LOOP('',(#9731,#9737,#9738,#9739));
#9731 = ORIENTED_EDGE('',*,*,#9732,.T.);
#9732 = EDGE_CURVE('',#7756,#7692,#9733,.T.);
#9733 = LINE('',#9734,#9735);
#9734 = CARTESIAN_POINT('',(-2.64,-2.24,-2.5));
#9735 = VECTOR('',#9736,1.);
#9736 = DIRECTION('',(1.,-1.110223024625E-16,0.));
#9737 = ORIENTED_EDGE('',*,*,#7699,.T.);
#9738 = ORIENTED_EDGE('',*,*,#9715,.F.);
#9739 = ORIENTED_EDGE('',*,*,#7763,.F.);
#9740 = PLANE('',#9741);
#9741 = AXIS2_PLACEMENT_3D('',#9742,#9743,#9744);
#9742 = CARTESIAN_POINT('',(-2.64,-2.24,-2.5));
#9743 = DIRECTION('',(1.077074540829E-16,0.970142500145,-0.242535625036)
  );
#9744 = DIRECTION('',(-2.692686352073E-17,-0.242535625036,
    -0.970142500145));
#9745 = ADVANCED_FACE('',(#9746),#9752,.T.);
#9746 = FACE_BOUND('',#9747,.T.);
#9747 = EDGE_LOOP('',(#9748,#9749,#9750,#9751));
#9748 = ORIENTED_EDGE('',*,*,#7729,.T.);
#9749 = ORIENTED_EDGE('',*,*,#7691,.T.);
#9750 = ORIENTED_EDGE('',*,*,#9732,.F.);
#9751 = ORIENTED_EDGE('',*,*,#7755,.F.);
#9752 = PLANE('',#9753);
#9753 = AXIS2_PLACEMENT_3D('',#9754,#9755,#9756);
#9754 = CARTESIAN_POINT('',(-2.64,-2.24,0.2));
#9755 = DIRECTION('',(1.110223024625E-16,1.,0.));
#9756 = DIRECTION('',(0.,0.,-1.));
#9757 = ADVANCED_FACE('',(#9758),#9769,.T.);
#9758 = FACE_BOUND('',#9759,.T.);
#9759 = EDGE_LOOP('',(#9760,#9766,#9767,#9768));
#9760 = ORIENTED_EDGE('',*,*,#9761,.T.);
#9761 = EDGE_CURVE('',#7875,#7811,#9762,.T.);
#9762 = LINE('',#9763,#9764);
#9763 = CARTESIAN_POINT('',(-2.64,-0.3,-2.5));
#9764 = VECTOR('',#9765,1.);
#9765 = DIRECTION('',(1.,-1.110223024625E-16,0.));
#9766 = ORIENTED_EDGE('',*,*,#7810,.T.);
#9767 = ORIENTED_EDGE('',*,*,#7795,.F.);
#9768 = ORIENTED_EDGE('',*,*,#7874,.F.);
#9769 = PLANE('',#9770);
#9770 = AXIS2_PLACEMENT_3D('',#9771,#9772,#9773);
#9771 = CARTESIAN_POINT('',(-2.64,-0.3,-2.5));
#9772 = DIRECTION('',(-1.110223024625E-16,-1.,0.));
#9773 = DIRECTION('',(0.,0.,1.));
#9774 = ADVANCED_FACE('',(#9775),#9786,.T.);
#9775 = FACE_BOUND('',#9776,.T.);
#9776 = EDGE_LOOP('',(#9777,#9783,#9784,#9785));
#9777 = ORIENTED_EDGE('',*,*,#9778,.T.);
#9778 = EDGE_CURVE('',#7900,#7836,#9779,.T.);
#9779 = LINE('',#9780,#9781);
#9780 = CARTESIAN_POINT('',(-2.64,-0.15,-3.1));
#9781 = VECTOR('',#9782,1.);
#9782 = DIRECTION('',(1.,-1.110223024625E-16,0.));
#9783 = ORIENTED_EDGE('',*,*,#7843,.T.);
#9784 = ORIENTED_EDGE('',*,*,#9761,.F.);
#9785 = ORIENTED_EDGE('',*,*,#7907,.F.);
#9786 = PLANE('',#9787);
#9787 = AXIS2_PLACEMENT_3D('',#9788,#9789,#9790);
#9788 = CARTESIAN_POINT('',(-2.64,-0.15,-3.1));
#9789 = DIRECTION('',(-1.077074540829E-16,-0.970142500145,
    -0.242535625036));
#9790 = DIRECTION('',(-2.692686352073E-17,-0.242535625036,0.970142500145
    ));
#9791 = ADVANCED_FACE('',(#9792),#9803,.T.);
#9792 = FACE_BOUND('',#9793,.T.);
#9793 = EDGE_LOOP('',(#9794,#9800,#9801,#9802));
#9794 = ORIENTED_EDGE('',*,*,#9795,.T.);
#9795 = EDGE_CURVE('',#7892,#7828,#9796,.T.);
#9796 = LINE('',#9797,#9798);
#9797 = CARTESIAN_POINT('',(-2.64,0.15,-3.1));
#9798 = VECTOR('',#9799,1.);
#9799 = DIRECTION('',(1.,-1.110223024625E-16,0.));
#9800 = ORIENTED_EDGE('',*,*,#7835,.T.);
#9801 = ORIENTED_EDGE('',*,*,#9778,.F.);
#9802 = ORIENTED_EDGE('',*,*,#7899,.T.);
#9803 = PLANE('',#9804);
#9804 = AXIS2_PLACEMENT_3D('',#9805,#9806,#9807);
#9805 = CARTESIAN_POINT('',(-2.64,0.15,-3.1));
#9806 = DIRECTION('',(0.,-0.,-1.));
#9807 = DIRECTION('',(-1.110223024625E-16,-1.,0.));
#9808 = ADVANCED_FACE('',(#9809),#9820,.T.);
#9809 = FACE_BOUND('',#9810,.T.);
#9810 = EDGE_LOOP('',(#9811,#9817,#9818,#9819));
#9811 = ORIENTED_EDGE('',*,*,#9812,.T.);
#9812 = EDGE_CURVE('',#7884,#7820,#9813,.T.);
#9813 = LINE('',#9814,#9815);
#9814 = CARTESIAN_POINT('',(-2.64,0.3,-2.5));
#9815 = VECTOR('',#9816,1.);
#9816 = DIRECTION('',(1.,-1.110223024625E-16,0.));
#9817 = ORIENTED_EDGE('',*,*,#7827,.T.);
#9818 = ORIENTED_EDGE('',*,*,#9795,.F.);
#9819 = ORIENTED_EDGE('',*,*,#7891,.F.);
#9820 = PLANE('',#9821);
#9821 = AXIS2_PLACEMENT_3D('',#9822,#9823,#9824);
#9822 = CARTESIAN_POINT('',(-2.64,0.3,-2.5));
#9823 = DIRECTION('',(1.077074540829E-16,0.970142500145,-0.242535625036)
  );
#9824 = DIRECTION('',(-2.692686352073E-17,-0.242535625036,
    -0.970142500145));
#9825 = ADVANCED_FACE('',(#9826),#9832,.T.);
#9826 = FACE_BOUND('',#9827,.T.);
#9827 = EDGE_LOOP('',(#9828,#9829,#9830,#9831));
#9828 = ORIENTED_EDGE('',*,*,#7857,.T.);
#9829 = ORIENTED_EDGE('',*,*,#7819,.T.);
#9830 = ORIENTED_EDGE('',*,*,#9812,.F.);
#9831 = ORIENTED_EDGE('',*,*,#7883,.F.);
#9832 = PLANE('',#9833);
#9833 = AXIS2_PLACEMENT_3D('',#9834,#9835,#9836);
#9834 = CARTESIAN_POINT('',(-2.64,0.3,0.2));
#9835 = DIRECTION('',(1.110223024625E-16,1.,0.));
#9836 = DIRECTION('',(0.,0.,-1.));
#9837 = ADVANCED_FACE('',(#9838),#9849,.T.);
#9838 = FACE_BOUND('',#9839,.T.);
#9839 = EDGE_LOOP('',(#9840,#9841,#9842,#9843));
#9840 = ORIENTED_EDGE('',*,*,#8066,.T.);
#9841 = ORIENTED_EDGE('',*,*,#7929,.T.);
#9842 = ORIENTED_EDGE('',*,*,#7954,.T.);
#9843 = ORIENTED_EDGE('',*,*,#9844,.T.);
#9844 = EDGE_CURVE('',#7955,#8059,#9845,.T.);
#9845 = LINE('',#9846,#9847);
#9846 = CARTESIAN_POINT('',(-0.1,-7.62,0.9));
#9847 = VECTOR('',#9848,1.);
#9848 = DIRECTION('',(2.334869823773E-16,1.,-0.));
#9849 = PLANE('',#9850);
#9850 = AXIS2_PLACEMENT_3D('',#9851,#9852,#9853);
#9851 = CARTESIAN_POINT('',(-1.290079154614E-15,-7.62,0.9));
#9852 = DIRECTION('',(0.,0.,1.));
#9853 = DIRECTION('',(-2.334869823773E-16,-1.,0.));
#9854 = ADVANCED_FACE('',(#9855),#9866,.T.);
#9855 = FACE_BOUND('',#9856,.T.);
#9856 = EDGE_LOOP('',(#9857,#9858,#9864,#9865));
#9857 = ORIENTED_EDGE('',*,*,#8034,.T.);
#9858 = ORIENTED_EDGE('',*,*,#9859,.F.);
#9859 = EDGE_CURVE('',#7979,#8035,#9860,.T.);
#9860 = LINE('',#9861,#9862);
#9861 = CARTESIAN_POINT('',(0.1,-7.62,0.9));
#9862 = VECTOR('',#9863,1.);
#9863 = DIRECTION('',(2.334869823773E-16,1.,-0.));
#9864 = ORIENTED_EDGE('',*,*,#7986,.T.);
#9865 = ORIENTED_EDGE('',*,*,#8009,.T.);
#9866 = PLANE('',#9867);
#9867 = AXIS2_PLACEMENT_3D('',#9868,#9869,#9870);
#9868 = CARTESIAN_POINT('',(-1.290079154614E-15,-7.62,0.9));
#9869 = DIRECTION('',(0.,0.,1.));
#9870 = DIRECTION('',(-2.334869823773E-16,-1.,0.));
#9871 = ADVANCED_FACE('',(#9872),#9915,.T.);
#9872 = FACE_BOUND('',#9873,.T.);
#9873 = EDGE_LOOP('',(#9874,#9875,#9883,#9891,#9899,#9907,#9913,#9914));
#9874 = ORIENTED_EDGE('',*,*,#8042,.F.);
#9875 = ORIENTED_EDGE('',*,*,#9876,.T.);
#9876 = EDGE_CURVE('',#8043,#9877,#9879,.T.);
#9877 = VERTEX_POINT('',#9878);
#9878 = CARTESIAN_POINT('',(0.1,-7.37,7.35));
#9879 = LINE('',#9880,#9881);
#9880 = CARTESIAN_POINT('',(0.1,-7.32,7.4));
#9881 = VECTOR('',#9882,1.);
#9882 = DIRECTION('',(-1.651002285576E-16,-0.707106781187,
    -0.707106781187));
#9883 = ORIENTED_EDGE('',*,*,#9884,.T.);
#9884 = EDGE_CURVE('',#9877,#9885,#9887,.T.);
#9885 = VERTEX_POINT('',#9886);
#9886 = CARTESIAN_POINT('',(0.1,-7.37,1.25));
#9887 = LINE('',#9888,#9889);
#9888 = CARTESIAN_POINT('',(0.1,-7.37,7.35));
#9889 = VECTOR('',#9890,1.);
#9890 = DIRECTION('',(-0.,0.,-1.));
#9891 = ORIENTED_EDGE('',*,*,#9892,.T.);
#9892 = EDGE_CURVE('',#9885,#9893,#9895,.T.);
#9893 = VERTEX_POINT('',#9894);
#9894 = CARTESIAN_POINT('',(0.1,-7.87,1.25));
#9895 = LINE('',#9896,#9897);
#9896 = CARTESIAN_POINT('',(0.1,-7.37,1.25));
#9897 = VECTOR('',#9898,1.);
#9898 = DIRECTION('',(-2.334869823773E-16,-1.,0.));
#9899 = ORIENTED_EDGE('',*,*,#9900,.T.);
#9900 = EDGE_CURVE('',#9893,#9901,#9903,.T.);
#9901 = VERTEX_POINT('',#9902);
#9902 = CARTESIAN_POINT('',(0.1,-7.87,7.35));
#9903 = LINE('',#9904,#9905);
#9904 = CARTESIAN_POINT('',(0.1,-7.87,1.25));
#9905 = VECTOR('',#9906,1.);
#9906 = DIRECTION('',(0.,0.,1.));
#9907 = ORIENTED_EDGE('',*,*,#9908,.T.);
#9908 = EDGE_CURVE('',#9901,#7971,#9909,.T.);
#9909 = LINE('',#9910,#9911);
#9910 = CARTESIAN_POINT('',(0.1,-7.87,7.35));
#9911 = VECTOR('',#9912,1.);
#9912 = DIRECTION('',(-1.651002285576E-16,-0.707106781187,0.707106781187
    ));
#9913 = ORIENTED_EDGE('',*,*,#7978,.F.);
#9914 = ORIENTED_EDGE('',*,*,#9859,.T.);
#9915 = PLANE('',#9916);
#9916 = AXIS2_PLACEMENT_3D('',#9917,#9918,#9919);
#9917 = CARTESIAN_POINT('',(0.1,-7.62,3.911477598424));
#9918 = DIRECTION('',(1.,-2.334869823773E-16,0.));
#9919 = DIRECTION('',(0.,0.,1.));
#9920 = ADVANCED_FACE('',(#9921),#9939,.T.);
#9921 = FACE_BOUND('',#9922,.T.);
#9922 = EDGE_LOOP('',(#9923,#9931,#9937,#9938));
#9923 = ORIENTED_EDGE('',*,*,#9924,.T.);
#9924 = EDGE_CURVE('',#9901,#9925,#9927,.T.);
#9925 = VERTEX_POINT('',#9926);
#9926 = CARTESIAN_POINT('',(-0.1,-7.87,7.35));
#9927 = LINE('',#9928,#9929);
#9928 = CARTESIAN_POINT('',(0.1,-7.87,7.35));
#9929 = VECTOR('',#9930,1.);
#9930 = DIRECTION('',(-1.,2.334869823773E-16,0.));
#9931 = ORIENTED_EDGE('',*,*,#9932,.T.);
#9932 = EDGE_CURVE('',#9925,#7963,#9933,.T.);
#9933 = LINE('',#9934,#9935);
#9934 = CARTESIAN_POINT('',(-0.1,-7.87,7.35));
#9935 = VECTOR('',#9936,1.);
#9936 = DIRECTION('',(-1.651002285576E-16,-0.707106781187,0.707106781187
    ));
#9937 = ORIENTED_EDGE('',*,*,#7970,.F.);
#9938 = ORIENTED_EDGE('',*,*,#9908,.F.);
#9939 = PLANE('',#9940);
#9940 = AXIS2_PLACEMENT_3D('',#9941,#9942,#9943);
#9941 = CARTESIAN_POINT('',(0.1,-7.87,7.35));
#9942 = DIRECTION('',(1.651002285576E-16,0.707106781187,0.707106781187)
  );
#9943 = DIRECTION('',(-1.651002285576E-16,-0.707106781187,0.707106781187
    ));
#9944 = ADVANCED_FACE('',(#9945),#9981,.F.);
#9945 = FACE_BOUND('',#9946,.F.);
#9946 = EDGE_LOOP('',(#9947,#9948,#9956,#9964,#9972,#9978,#9979,#9980));
#9947 = ORIENTED_EDGE('',*,*,#8058,.F.);
#9948 = ORIENTED_EDGE('',*,*,#9949,.T.);
#9949 = EDGE_CURVE('',#8051,#9950,#9952,.T.);
#9950 = VERTEX_POINT('',#9951);
#9951 = CARTESIAN_POINT('',(-0.1,-7.37,7.35));
#9952 = LINE('',#9953,#9954);
#9953 = CARTESIAN_POINT('',(-0.1,-7.32,7.4));
#9954 = VECTOR('',#9955,1.);
#9955 = DIRECTION('',(-1.651002285576E-16,-0.707106781187,
    -0.707106781187));
#9956 = ORIENTED_EDGE('',*,*,#9957,.T.);
#9957 = EDGE_CURVE('',#9950,#9958,#9960,.T.);
#9958 = VERTEX_POINT('',#9959);
#9959 = CARTESIAN_POINT('',(-0.1,-7.37,1.25));
#9960 = LINE('',#9961,#9962);
#9961 = CARTESIAN_POINT('',(-0.1,-7.37,7.35));
#9962 = VECTOR('',#9963,1.);
#9963 = DIRECTION('',(-0.,0.,-1.));
#9964 = ORIENTED_EDGE('',*,*,#9965,.T.);
#9965 = EDGE_CURVE('',#9958,#9966,#9968,.T.);
#9966 = VERTEX_POINT('',#9967);
#9967 = CARTESIAN_POINT('',(-0.1,-7.87,1.25));
#9968 = LINE('',#9969,#9970);
#9969 = CARTESIAN_POINT('',(-0.1,-7.37,1.25));
#9970 = VECTOR('',#9971,1.);
#9971 = DIRECTION('',(-2.334869823773E-16,-1.,0.));
#9972 = ORIENTED_EDGE('',*,*,#9973,.T.);
#9973 = EDGE_CURVE('',#9966,#9925,#9974,.T.);
#9974 = LINE('',#9975,#9976);
#9975 = CARTESIAN_POINT('',(-0.1,-7.87,1.25));
#9976 = VECTOR('',#9977,1.);
#9977 = DIRECTION('',(0.,0.,1.));
#9978 = ORIENTED_EDGE('',*,*,#9932,.T.);
#9979 = ORIENTED_EDGE('',*,*,#7962,.F.);
#9980 = ORIENTED_EDGE('',*,*,#9844,.T.);
#9981 = PLANE('',#9982);
#9982 = AXIS2_PLACEMENT_3D('',#9983,#9984,#9985);
#9983 = CARTESIAN_POINT('',(-0.1,-7.62,3.911477598424));
#9984 = DIRECTION('',(1.,-2.334869823773E-16,0.));
#9985 = DIRECTION('',(0.,0.,1.));
#9986 = ADVANCED_FACE('',(#9987),#9998,.T.);
#9987 = FACE_BOUND('',#9988,.T.);
#9988 = EDGE_LOOP('',(#9989,#9990,#9991,#9997));
#9989 = ORIENTED_EDGE('',*,*,#8050,.T.);
#9990 = ORIENTED_EDGE('',*,*,#9949,.T.);
#9991 = ORIENTED_EDGE('',*,*,#9992,.F.);
#9992 = EDGE_CURVE('',#9877,#9950,#9993,.T.);
#9993 = LINE('',#9994,#9995);
#9994 = CARTESIAN_POINT('',(0.1,-7.37,7.35));
#9995 = VECTOR('',#9996,1.);
#9996 = DIRECTION('',(-1.,2.334869823773E-16,0.));
#9997 = ORIENTED_EDGE('',*,*,#9876,.F.);
#9998 = PLANE('',#9999);
#9999 = AXIS2_PLACEMENT_3D('',#10000,#10001,#10002);
#10000 = CARTESIAN_POINT('',(0.1,-7.32,7.4));
#10001 = DIRECTION('',(-1.651002285576E-16,-0.707106781187,
    0.707106781187));
#10002 = DIRECTION('',(-1.651002285576E-16,-0.707106781187,
    -0.707106781187));
#10003 = ADVANCED_FACE('',(#10004),#10015,.T.);
#10004 = FACE_BOUND('',#10005,.T.);
#10005 = EDGE_LOOP('',(#10006,#10007,#10008,#10009));
#10006 = ORIENTED_EDGE('',*,*,#8226,.T.);
#10007 = ORIENTED_EDGE('',*,*,#8089,.T.);
#10008 = ORIENTED_EDGE('',*,*,#8114,.T.);
#10009 = ORIENTED_EDGE('',*,*,#10010,.T.);
#10010 = EDGE_CURVE('',#8115,#8219,#10011,.T.);
#10011 = LINE('',#10012,#10013);
#10012 = CARTESIAN_POINT('',(-0.1,-5.08,0.9));
#10013 = VECTOR('',#10014,1.);
#10014 = DIRECTION('',(2.334869823773E-16,1.,-0.));
#10015 = PLANE('',#10016);
#10016 = AXIS2_PLACEMENT_3D('',#10017,#10018,#10019);
#10017 = CARTESIAN_POINT('',(-7.860379014346E-16,-5.08,0.9));
#10018 = DIRECTION('',(0.,0.,1.));
#10019 = DIRECTION('',(-2.334869823773E-16,-1.,0.));
#10020 = ADVANCED_FACE('',(#10021),#10032,.T.);
#10021 = FACE_BOUND('',#10022,.T.);
#10022 = EDGE_LOOP('',(#10023,#10024,#10030,#10031));
#10023 = ORIENTED_EDGE('',*,*,#8194,.T.);
#10024 = ORIENTED_EDGE('',*,*,#10025,.F.);
#10025 = EDGE_CURVE('',#8139,#8195,#10026,.T.);
#10026 = LINE('',#10027,#10028);
#10027 = CARTESIAN_POINT('',(0.1,-5.08,0.9));
#10028 = VECTOR('',#10029,1.);
#10029 = DIRECTION('',(2.334869823773E-16,1.,-0.));
#10030 = ORIENTED_EDGE('',*,*,#8146,.T.);
#10031 = ORIENTED_EDGE('',*,*,#8169,.T.);
#10032 = PLANE('',#10033);
#10033 = AXIS2_PLACEMENT_3D('',#10034,#10035,#10036);
#10034 = CARTESIAN_POINT('',(-7.860379014346E-16,-5.08,0.9));
#10035 = DIRECTION('',(0.,0.,1.));
#10036 = DIRECTION('',(-2.334869823773E-16,-1.,0.));
#10037 = ADVANCED_FACE('',(#10038),#10081,.T.);
#10038 = FACE_BOUND('',#10039,.T.);
#10039 = EDGE_LOOP('',(#10040,#10041,#10049,#10057,#10065,#10073,#10079,
    #10080));
#10040 = ORIENTED_EDGE('',*,*,#8202,.F.);
#10041 = ORIENTED_EDGE('',*,*,#10042,.T.);
#10042 = EDGE_CURVE('',#8203,#10043,#10045,.T.);
#10043 = VERTEX_POINT('',#10044);
#10044 = CARTESIAN_POINT('',(0.1,-4.83,7.35));
#10045 = LINE('',#10046,#10047);
#10046 = CARTESIAN_POINT('',(0.1,-4.78,7.4));
#10047 = VECTOR('',#10048,1.);
#10048 = DIRECTION('',(-1.651002285576E-16,-0.707106781187,
    -0.707106781187));
#10049 = ORIENTED_EDGE('',*,*,#10050,.T.);
#10050 = EDGE_CURVE('',#10043,#10051,#10053,.T.);
#10051 = VERTEX_POINT('',#10052);
#10052 = CARTESIAN_POINT('',(0.1,-4.83,1.25));
#10053 = LINE('',#10054,#10055);
#10054 = CARTESIAN_POINT('',(0.1,-4.83,7.35));
#10055 = VECTOR('',#10056,1.);
#10056 = DIRECTION('',(-0.,0.,-1.));
#10057 = ORIENTED_EDGE('',*,*,#10058,.T.);
#10058 = EDGE_CURVE('',#10051,#10059,#10061,.T.);
#10059 = VERTEX_POINT('',#10060);
#10060 = CARTESIAN_POINT('',(0.1,-5.33,1.25));
#10061 = LINE('',#10062,#10063);
#10062 = CARTESIAN_POINT('',(0.1,-4.83,1.25));
#10063 = VECTOR('',#10064,1.);
#10064 = DIRECTION('',(-2.334869823773E-16,-1.,0.));
#10065 = ORIENTED_EDGE('',*,*,#10066,.T.);
#10066 = EDGE_CURVE('',#10059,#10067,#10069,.T.);
#10067 = VERTEX_POINT('',#10068);
#10068 = CARTESIAN_POINT('',(0.1,-5.33,7.35));
#10069 = LINE('',#10070,#10071);
#10070 = CARTESIAN_POINT('',(0.1,-5.33,1.25));
#10071 = VECTOR('',#10072,1.);
#10072 = DIRECTION('',(0.,0.,1.));
#10073 = ORIENTED_EDGE('',*,*,#10074,.T.);
#10074 = EDGE_CURVE('',#10067,#8131,#10075,.T.);
#10075 = LINE('',#10076,#10077);
#10076 = CARTESIAN_POINT('',(0.1,-5.33,7.35));
#10077 = VECTOR('',#10078,1.);
#10078 = DIRECTION('',(-1.651002285576E-16,-0.707106781187,
    0.707106781187));
#10079 = ORIENTED_EDGE('',*,*,#8138,.F.);
#10080 = ORIENTED_EDGE('',*,*,#10025,.T.);
#10081 = PLANE('',#10082);
#10082 = AXIS2_PLACEMENT_3D('',#10083,#10084,#10085);
#10083 = CARTESIAN_POINT('',(0.1,-5.08,3.911477598424));
#10084 = DIRECTION('',(1.,-2.334869823773E-16,0.));
#10085 = DIRECTION('',(0.,0.,1.));
#10086 = ADVANCED_FACE('',(#10087),#10105,.T.);
#10087 = FACE_BOUND('',#10088,.T.);
#10088 = EDGE_LOOP('',(#10089,#10097,#10103,#10104));
#10089 = ORIENTED_EDGE('',*,*,#10090,.T.);
#10090 = EDGE_CURVE('',#10067,#10091,#10093,.T.);
#10091 = VERTEX_POINT('',#10092);
#10092 = CARTESIAN_POINT('',(-0.1,-5.33,7.35));
#10093 = LINE('',#10094,#10095);
#10094 = CARTESIAN_POINT('',(0.1,-5.33,7.35));
#10095 = VECTOR('',#10096,1.);
#10096 = DIRECTION('',(-1.,2.334869823773E-16,0.));
#10097 = ORIENTED_EDGE('',*,*,#10098,.T.);
#10098 = EDGE_CURVE('',#10091,#8123,#10099,.T.);
#10099 = LINE('',#10100,#10101);
#10100 = CARTESIAN_POINT('',(-0.1,-5.33,7.35));
#10101 = VECTOR('',#10102,1.);
#10102 = DIRECTION('',(-1.651002285576E-16,-0.707106781187,
    0.707106781187));
#10103 = ORIENTED_EDGE('',*,*,#8130,.F.);
#10104 = ORIENTED_EDGE('',*,*,#10074,.F.);
#10105 = PLANE('',#10106);
#10106 = AXIS2_PLACEMENT_3D('',#10107,#10108,#10109);
#10107 = CARTESIAN_POINT('',(0.1,-5.33,7.35));
#10108 = DIRECTION('',(1.651002285576E-16,0.707106781187,0.707106781187)
  );
#10109 = DIRECTION('',(-1.651002285576E-16,-0.707106781187,
    0.707106781187));
#10110 = ADVANCED_FACE('',(#10111),#10147,.F.);
#10111 = FACE_BOUND('',#10112,.F.);
#10112 = EDGE_LOOP('',(#10113,#10114,#10122,#10130,#10138,#10144,#10145,
    #10146));
#10113 = ORIENTED_EDGE('',*,*,#8218,.F.);
#10114 = ORIENTED_EDGE('',*,*,#10115,.T.);
#10115 = EDGE_CURVE('',#8211,#10116,#10118,.T.);
#10116 = VERTEX_POINT('',#10117);
#10117 = CARTESIAN_POINT('',(-0.1,-4.83,7.35));
#10118 = LINE('',#10119,#10120);
#10119 = CARTESIAN_POINT('',(-0.1,-4.78,7.4));
#10120 = VECTOR('',#10121,1.);
#10121 = DIRECTION('',(-1.651002285576E-16,-0.707106781187,
    -0.707106781187));
#10122 = ORIENTED_EDGE('',*,*,#10123,.T.);
#10123 = EDGE_CURVE('',#10116,#10124,#10126,.T.);
#10124 = VERTEX_POINT('',#10125);
#10125 = CARTESIAN_POINT('',(-0.1,-4.83,1.25));
#10126 = LINE('',#10127,#10128);
#10127 = CARTESIAN_POINT('',(-0.1,-4.83,7.35));
#10128 = VECTOR('',#10129,1.);
#10129 = DIRECTION('',(-0.,0.,-1.));
#10130 = ORIENTED_EDGE('',*,*,#10131,.T.);
#10131 = EDGE_CURVE('',#10124,#10132,#10134,.T.);
#10132 = VERTEX_POINT('',#10133);
#10133 = CARTESIAN_POINT('',(-0.1,-5.33,1.25));
#10134 = LINE('',#10135,#10136);
#10135 = CARTESIAN_POINT('',(-0.1,-4.83,1.25));
#10136 = VECTOR('',#10137,1.);
#10137 = DIRECTION('',(-2.334869823773E-16,-1.,0.));
#10138 = ORIENTED_EDGE('',*,*,#10139,.T.);
#10139 = EDGE_CURVE('',#10132,#10091,#10140,.T.);
#10140 = LINE('',#10141,#10142);
#10141 = CARTESIAN_POINT('',(-0.1,-5.33,1.25));
#10142 = VECTOR('',#10143,1.);
#10143 = DIRECTION('',(0.,0.,1.));
#10144 = ORIENTED_EDGE('',*,*,#10098,.T.);
#10145 = ORIENTED_EDGE('',*,*,#8122,.F.);
#10146 = ORIENTED_EDGE('',*,*,#10010,.T.);
#10147 = PLANE('',#10148);
#10148 = AXIS2_PLACEMENT_3D('',#10149,#10150,#10151);
#10149 = CARTESIAN_POINT('',(-0.1,-5.08,3.911477598424));
#10150 = DIRECTION('',(1.,-2.334869823773E-16,0.));
#10151 = DIRECTION('',(0.,0.,1.));
#10152 = ADVANCED_FACE('',(#10153),#10164,.T.);
#10153 = FACE_BOUND('',#10154,.T.);
#10154 = EDGE_LOOP('',(#10155,#10156,#10157,#10163));
#10155 = ORIENTED_EDGE('',*,*,#8210,.T.);
#10156 = ORIENTED_EDGE('',*,*,#10115,.T.);
#10157 = ORIENTED_EDGE('',*,*,#10158,.F.);
#10158 = EDGE_CURVE('',#10043,#10116,#10159,.T.);
#10159 = LINE('',#10160,#10161);
#10160 = CARTESIAN_POINT('',(0.1,-4.83,7.35));
#10161 = VECTOR('',#10162,1.);
#10162 = DIRECTION('',(-1.,2.334869823773E-16,0.));
#10163 = ORIENTED_EDGE('',*,*,#10042,.F.);
#10164 = PLANE('',#10165);
#10165 = AXIS2_PLACEMENT_3D('',#10166,#10167,#10168);
#10166 = CARTESIAN_POINT('',(0.1,-4.78,7.4));
#10167 = DIRECTION('',(-1.651002285576E-16,-0.707106781187,
    0.707106781187));
#10168 = DIRECTION('',(-1.651002285576E-16,-0.707106781187,
    -0.707106781187));
#10169 = ADVANCED_FACE('',(#10170),#10181,.T.);
#10170 = FACE_BOUND('',#10171,.T.);
#10171 = EDGE_LOOP('',(#10172,#10173,#10174,#10175));
#10172 = ORIENTED_EDGE('',*,*,#8386,.T.);
#10173 = ORIENTED_EDGE('',*,*,#8249,.T.);
#10174 = ORIENTED_EDGE('',*,*,#8274,.T.);
#10175 = ORIENTED_EDGE('',*,*,#10176,.T.);
#10176 = EDGE_CURVE('',#8275,#8379,#10177,.T.);
#10177 = LINE('',#10178,#10179);
#10178 = CARTESIAN_POINT('',(-0.1,-2.54,0.9));
#10179 = VECTOR('',#10180,1.);
#10180 = DIRECTION('',(2.334869823773E-16,1.,-0.));
#10181 = PLANE('',#10182);
#10182 = AXIS2_PLACEMENT_3D('',#10183,#10184,#10185);
#10183 = CARTESIAN_POINT('',(-5.995204332976E-17,-2.54,0.9));
#10184 = DIRECTION('',(0.,0.,1.));
#10185 = DIRECTION('',(-2.334869823773E-16,-1.,0.));
#10186 = ADVANCED_FACE('',(#10187),#10198,.T.);
#10187 = FACE_BOUND('',#10188,.T.);
#10188 = EDGE_LOOP('',(#10189,#10190,#10196,#10197));
#10189 = ORIENTED_EDGE('',*,*,#8354,.T.);
#10190 = ORIENTED_EDGE('',*,*,#10191,.F.);
#10191 = EDGE_CURVE('',#8299,#8355,#10192,.T.);
#10192 = LINE('',#10193,#10194);
#10193 = CARTESIAN_POINT('',(0.1,-2.54,0.9));
#10194 = VECTOR('',#10195,1.);
#10195 = DIRECTION('',(2.334869823773E-16,1.,-0.));
#10196 = ORIENTED_EDGE('',*,*,#8306,.T.);
#10197 = ORIENTED_EDGE('',*,*,#8329,.T.);
#10198 = PLANE('',#10199);
#10199 = AXIS2_PLACEMENT_3D('',#10200,#10201,#10202);
#10200 = CARTESIAN_POINT('',(-5.995204332976E-17,-2.54,0.9));
#10201 = DIRECTION('',(0.,0.,1.));
#10202 = DIRECTION('',(-2.334869823773E-16,-1.,0.));
#10203 = ADVANCED_FACE('',(#10204),#10247,.T.);
#10204 = FACE_BOUND('',#10205,.T.);
#10205 = EDGE_LOOP('',(#10206,#10207,#10215,#10223,#10231,#10239,#10245,
    #10246));
#10206 = ORIENTED_EDGE('',*,*,#8362,.F.);
#10207 = ORIENTED_EDGE('',*,*,#10208,.T.);
#10208 = EDGE_CURVE('',#8363,#10209,#10211,.T.);
#10209 = VERTEX_POINT('',#10210);
#10210 = CARTESIAN_POINT('',(0.1,-2.29,7.35));
#10211 = LINE('',#10212,#10213);
#10212 = CARTESIAN_POINT('',(0.1,-2.24,7.4));
#10213 = VECTOR('',#10214,1.);
#10214 = DIRECTION('',(-1.651002285576E-16,-0.707106781187,
    -0.707106781187));
#10215 = ORIENTED_EDGE('',*,*,#10216,.T.);
#10216 = EDGE_CURVE('',#10209,#10217,#10219,.T.);
#10217 = VERTEX_POINT('',#10218);
#10218 = CARTESIAN_POINT('',(0.1,-2.29,1.25));
#10219 = LINE('',#10220,#10221);
#10220 = CARTESIAN_POINT('',(0.1,-2.29,7.35));
#10221 = VECTOR('',#10222,1.);
#10222 = DIRECTION('',(-0.,0.,-1.));
#10223 = ORIENTED_EDGE('',*,*,#10224,.T.);
#10224 = EDGE_CURVE('',#10217,#10225,#10227,.T.);
#10225 = VERTEX_POINT('',#10226);
#10226 = CARTESIAN_POINT('',(0.1,-2.79,1.25));
#10227 = LINE('',#10228,#10229);
#10228 = CARTESIAN_POINT('',(0.1,-2.29,1.25));
#10229 = VECTOR('',#10230,1.);
#10230 = DIRECTION('',(-2.334869823773E-16,-1.,0.));
#10231 = ORIENTED_EDGE('',*,*,#10232,.T.);
#10232 = EDGE_CURVE('',#10225,#10233,#10235,.T.);
#10233 = VERTEX_POINT('',#10234);
#10234 = CARTESIAN_POINT('',(0.1,-2.79,7.35));
#10235 = LINE('',#10236,#10237);
#10236 = CARTESIAN_POINT('',(0.1,-2.79,1.25));
#10237 = VECTOR('',#10238,1.);
#10238 = DIRECTION('',(0.,0.,1.));
#10239 = ORIENTED_EDGE('',*,*,#10240,.T.);
#10240 = EDGE_CURVE('',#10233,#8291,#10241,.T.);
#10241 = LINE('',#10242,#10243);
#10242 = CARTESIAN_POINT('',(0.1,-2.79,7.35));
#10243 = VECTOR('',#10244,1.);
#10244 = DIRECTION('',(-1.651002285576E-16,-0.707106781187,
    0.707106781187));
#10245 = ORIENTED_EDGE('',*,*,#8298,.F.);
#10246 = ORIENTED_EDGE('',*,*,#10191,.T.);
#10247 = PLANE('',#10248);
#10248 = AXIS2_PLACEMENT_3D('',#10249,#10250,#10251);
#10249 = CARTESIAN_POINT('',(0.1,-2.54,3.911477598424));
#10250 = DIRECTION('',(1.,-2.334869823773E-16,0.));
#10251 = DIRECTION('',(0.,0.,1.));
#10252 = ADVANCED_FACE('',(#10253),#10271,.T.);
#10253 = FACE_BOUND('',#10254,.T.);
#10254 = EDGE_LOOP('',(#10255,#10263,#10269,#10270));
#10255 = ORIENTED_EDGE('',*,*,#10256,.T.);
#10256 = EDGE_CURVE('',#10233,#10257,#10259,.T.);
#10257 = VERTEX_POINT('',#10258);
#10258 = CARTESIAN_POINT('',(-0.1,-2.79,7.35));
#10259 = LINE('',#10260,#10261);
#10260 = CARTESIAN_POINT('',(0.1,-2.79,7.35));
#10261 = VECTOR('',#10262,1.);
#10262 = DIRECTION('',(-1.,2.334869823773E-16,0.));
#10263 = ORIENTED_EDGE('',*,*,#10264,.T.);
#10264 = EDGE_CURVE('',#10257,#8283,#10265,.T.);
#10265 = LINE('',#10266,#10267);
#10266 = CARTESIAN_POINT('',(-0.1,-2.79,7.35));
#10267 = VECTOR('',#10268,1.);
#10268 = DIRECTION('',(-1.651002285576E-16,-0.707106781187,
    0.707106781187));
#10269 = ORIENTED_EDGE('',*,*,#8290,.F.);
#10270 = ORIENTED_EDGE('',*,*,#10240,.F.);
#10271 = PLANE('',#10272);
#10272 = AXIS2_PLACEMENT_3D('',#10273,#10274,#10275);
#10273 = CARTESIAN_POINT('',(0.1,-2.79,7.35));
#10274 = DIRECTION('',(1.651002285576E-16,0.707106781187,0.707106781187)
  );
#10275 = DIRECTION('',(-1.651002285576E-16,-0.707106781187,
    0.707106781187));
#10276 = ADVANCED_FACE('',(#10277),#10313,.F.);
#10277 = FACE_BOUND('',#10278,.F.);
#10278 = EDGE_LOOP('',(#10279,#10280,#10288,#10296,#10304,#10310,#10311,
    #10312));
#10279 = ORIENTED_EDGE('',*,*,#8378,.F.);
#10280 = ORIENTED_EDGE('',*,*,#10281,.T.);
#10281 = EDGE_CURVE('',#8371,#10282,#10284,.T.);
#10282 = VERTEX_POINT('',#10283);
#10283 = CARTESIAN_POINT('',(-0.1,-2.29,7.35));
#10284 = LINE('',#10285,#10286);
#10285 = CARTESIAN_POINT('',(-0.1,-2.24,7.4));
#10286 = VECTOR('',#10287,1.);
#10287 = DIRECTION('',(-1.651002285576E-16,-0.707106781187,
    -0.707106781187));
#10288 = ORIENTED_EDGE('',*,*,#10289,.T.);
#10289 = EDGE_CURVE('',#10282,#10290,#10292,.T.);
#10290 = VERTEX_POINT('',#10291);
#10291 = CARTESIAN_POINT('',(-0.1,-2.29,1.25));
#10292 = LINE('',#10293,#10294);
#10293 = CARTESIAN_POINT('',(-0.1,-2.29,7.35));
#10294 = VECTOR('',#10295,1.);
#10295 = DIRECTION('',(-0.,0.,-1.));
#10296 = ORIENTED_EDGE('',*,*,#10297,.T.);
#10297 = EDGE_CURVE('',#10290,#10298,#10300,.T.);
#10298 = VERTEX_POINT('',#10299);
#10299 = CARTESIAN_POINT('',(-0.1,-2.79,1.25));
#10300 = LINE('',#10301,#10302);
#10301 = CARTESIAN_POINT('',(-0.1,-2.29,1.25));
#10302 = VECTOR('',#10303,1.);
#10303 = DIRECTION('',(-2.334869823773E-16,-1.,0.));
#10304 = ORIENTED_EDGE('',*,*,#10305,.T.);
#10305 = EDGE_CURVE('',#10298,#10257,#10306,.T.);
#10306 = LINE('',#10307,#10308);
#10307 = CARTESIAN_POINT('',(-0.1,-2.79,1.25));
#10308 = VECTOR('',#10309,1.);
#10309 = DIRECTION('',(0.,0.,1.));
#10310 = ORIENTED_EDGE('',*,*,#10264,.T.);
#10311 = ORIENTED_EDGE('',*,*,#8282,.F.);
#10312 = ORIENTED_EDGE('',*,*,#10176,.T.);
#10313 = PLANE('',#10314);
#10314 = AXIS2_PLACEMENT_3D('',#10315,#10316,#10317);
#10315 = CARTESIAN_POINT('',(-0.1,-2.54,3.911477598424));
#10316 = DIRECTION('',(1.,-2.334869823773E-16,0.));
#10317 = DIRECTION('',(0.,0.,1.));
#10318 = ADVANCED_FACE('',(#10319),#10330,.T.);
#10319 = FACE_BOUND('',#10320,.T.);
#10320 = EDGE_LOOP('',(#10321,#10322,#10323,#10329));
#10321 = ORIENTED_EDGE('',*,*,#8370,.T.);
#10322 = ORIENTED_EDGE('',*,*,#10281,.T.);
#10323 = ORIENTED_EDGE('',*,*,#10324,.F.);
#10324 = EDGE_CURVE('',#10209,#10282,#10325,.T.);
#10325 = LINE('',#10326,#10327);
#10326 = CARTESIAN_POINT('',(0.1,-2.29,7.35));
#10327 = VECTOR('',#10328,1.);
#10328 = DIRECTION('',(-1.,2.334869823773E-16,0.));
#10329 = ORIENTED_EDGE('',*,*,#10208,.F.);
#10330 = PLANE('',#10331);
#10331 = AXIS2_PLACEMENT_3D('',#10332,#10333,#10334);
#10332 = CARTESIAN_POINT('',(0.1,-2.24,7.4));
#10333 = DIRECTION('',(-1.651002285576E-16,-0.707106781187,
    0.707106781187));
#10334 = DIRECTION('',(-1.651002285576E-16,-0.707106781187,
    -0.707106781187));
#10335 = ADVANCED_FACE('',(#10336),#10347,.T.);
#10336 = FACE_BOUND('',#10337,.T.);
#10337 = EDGE_LOOP('',(#10338,#10339,#10340,#10341));
#10338 = ORIENTED_EDGE('',*,*,#8546,.T.);
#10339 = ORIENTED_EDGE('',*,*,#8409,.T.);
#10340 = ORIENTED_EDGE('',*,*,#8434,.T.);
#10341 = ORIENTED_EDGE('',*,*,#10342,.T.);
#10342 = EDGE_CURVE('',#8435,#8539,#10343,.T.);
#10343 = LINE('',#10344,#10345);
#10344 = CARTESIAN_POINT('',(-0.1,-4.268637456081E-16,0.9));
#10345 = VECTOR('',#10346,1.);
#10346 = DIRECTION('',(2.334869823773E-16,1.,-0.));
#10347 = PLANE('',#10348);
#10348 = AXIS2_PLACEMENT_3D('',#10349,#10350,#10351);
#10349 = CARTESIAN_POINT('',(4.440892098501E-16,-8.881784197001E-16,0.9)
  );
#10350 = DIRECTION('',(0.,0.,1.));
#10351 = DIRECTION('',(-2.334869823773E-16,-1.,0.));
#10352 = ADVANCED_FACE('',(#10353),#10364,.T.);
#10353 = FACE_BOUND('',#10354,.T.);
#10354 = EDGE_LOOP('',(#10355,#10356,#10362,#10363));
#10355 = ORIENTED_EDGE('',*,*,#8514,.T.);
#10356 = ORIENTED_EDGE('',*,*,#10357,.F.);
#10357 = EDGE_CURVE('',#8459,#8515,#10358,.T.);
#10358 = LINE('',#10359,#10360);
#10359 = CARTESIAN_POINT('',(0.1,-4.613146740921E-16,0.9));
#10360 = VECTOR('',#10361,1.);
#10361 = DIRECTION('',(2.334869823773E-16,1.,-0.));
#10362 = ORIENTED_EDGE('',*,*,#8466,.T.);
#10363 = ORIENTED_EDGE('',*,*,#8489,.T.);
#10364 = PLANE('',#10365);
#10365 = AXIS2_PLACEMENT_3D('',#10366,#10367,#10368);
#10366 = CARTESIAN_POINT('',(4.440892098501E-16,-8.881784197001E-16,0.9)
  );
#10367 = DIRECTION('',(0.,0.,1.));
#10368 = DIRECTION('',(-2.334869823773E-16,-1.,0.));
#10369 = ADVANCED_FACE('',(#10370),#10413,.T.);
#10370 = FACE_BOUND('',#10371,.T.);
#10371 = EDGE_LOOP('',(#10372,#10373,#10381,#10389,#10397,#10405,#10411,
    #10412));
#10372 = ORIENTED_EDGE('',*,*,#8522,.F.);
#10373 = ORIENTED_EDGE('',*,*,#10374,.T.);
#10374 = EDGE_CURVE('',#8523,#10375,#10377,.T.);
#10375 = VERTEX_POINT('',#10376);
#10376 = CARTESIAN_POINT('',(0.1,0.25,7.35));
#10377 = LINE('',#10378,#10379);
#10378 = CARTESIAN_POINT('',(0.1,0.3,7.4));
#10379 = VECTOR('',#10380,1.);
#10380 = DIRECTION('',(-1.651002285576E-16,-0.707106781187,
    -0.707106781187));
#10381 = ORIENTED_EDGE('',*,*,#10382,.T.);
#10382 = EDGE_CURVE('',#10375,#10383,#10385,.T.);
#10383 = VERTEX_POINT('',#10384);
#10384 = CARTESIAN_POINT('',(0.1,0.25,1.25));
#10385 = LINE('',#10386,#10387);
#10386 = CARTESIAN_POINT('',(0.1,0.25,7.35));
#10387 = VECTOR('',#10388,1.);
#10388 = DIRECTION('',(-0.,0.,-1.));
#10389 = ORIENTED_EDGE('',*,*,#10390,.T.);
#10390 = EDGE_CURVE('',#10383,#10391,#10393,.T.);
#10391 = VERTEX_POINT('',#10392);
#10392 = CARTESIAN_POINT('',(0.1,-0.25,1.25));
#10393 = LINE('',#10394,#10395);
#10394 = CARTESIAN_POINT('',(0.1,0.25,1.25));
#10395 = VECTOR('',#10396,1.);
#10396 = DIRECTION('',(-2.334869823773E-16,-1.,0.));
#10397 = ORIENTED_EDGE('',*,*,#10398,.T.);
#10398 = EDGE_CURVE('',#10391,#10399,#10401,.T.);
#10399 = VERTEX_POINT('',#10400);
#10400 = CARTESIAN_POINT('',(0.1,-0.25,7.35));
#10401 = LINE('',#10402,#10403);
#10402 = CARTESIAN_POINT('',(0.1,-0.25,1.25));
#10403 = VECTOR('',#10404,1.);
#10404 = DIRECTION('',(0.,0.,1.));
#10405 = ORIENTED_EDGE('',*,*,#10406,.T.);
#10406 = EDGE_CURVE('',#10399,#8451,#10407,.T.);
#10407 = LINE('',#10408,#10409);
#10408 = CARTESIAN_POINT('',(0.1,-0.25,7.35));
#10409 = VECTOR('',#10410,1.);
#10410 = DIRECTION('',(-1.651002285576E-16,-0.707106781187,
    0.707106781187));
#10411 = ORIENTED_EDGE('',*,*,#8458,.F.);
#10412 = ORIENTED_EDGE('',*,*,#10357,.T.);
#10413 = PLANE('',#10414);
#10414 = AXIS2_PLACEMENT_3D('',#10415,#10416,#10417);
#10415 = CARTESIAN_POINT('',(0.1,-1.110223024625E-17,3.911477598424));
#10416 = DIRECTION('',(1.,-2.334869823773E-16,0.));
#10417 = DIRECTION('',(0.,0.,1.));
#10418 = ADVANCED_FACE('',(#10419),#10437,.T.);
#10419 = FACE_BOUND('',#10420,.T.);
#10420 = EDGE_LOOP('',(#10421,#10429,#10435,#10436));
#10421 = ORIENTED_EDGE('',*,*,#10422,.T.);
#10422 = EDGE_CURVE('',#10399,#10423,#10425,.T.);
#10423 = VERTEX_POINT('',#10424);
#10424 = CARTESIAN_POINT('',(-0.1,-0.25,7.35));
#10425 = LINE('',#10426,#10427);
#10426 = CARTESIAN_POINT('',(0.1,-0.25,7.35));
#10427 = VECTOR('',#10428,1.);
#10428 = DIRECTION('',(-1.,2.334869823773E-16,0.));
#10429 = ORIENTED_EDGE('',*,*,#10430,.T.);
#10430 = EDGE_CURVE('',#10423,#8443,#10431,.T.);
#10431 = LINE('',#10432,#10433);
#10432 = CARTESIAN_POINT('',(-0.1,-0.25,7.35));
#10433 = VECTOR('',#10434,1.);
#10434 = DIRECTION('',(-1.651002285576E-16,-0.707106781187,
    0.707106781187));
#10435 = ORIENTED_EDGE('',*,*,#8450,.F.);
#10436 = ORIENTED_EDGE('',*,*,#10406,.F.);
#10437 = PLANE('',#10438);
#10438 = AXIS2_PLACEMENT_3D('',#10439,#10440,#10441);
#10439 = CARTESIAN_POINT('',(0.1,-0.25,7.35));
#10440 = DIRECTION('',(1.651002285576E-16,0.707106781187,0.707106781187)
  );
#10441 = DIRECTION('',(-1.651002285576E-16,-0.707106781187,
    0.707106781187));
#10442 = ADVANCED_FACE('',(#10443),#10479,.F.);
#10443 = FACE_BOUND('',#10444,.F.);
#10444 = EDGE_LOOP('',(#10445,#10446,#10454,#10462,#10470,#10476,#10477,
    #10478));
#10445 = ORIENTED_EDGE('',*,*,#8538,.F.);
#10446 = ORIENTED_EDGE('',*,*,#10447,.T.);
#10447 = EDGE_CURVE('',#8531,#10448,#10450,.T.);
#10448 = VERTEX_POINT('',#10449);
#10449 = CARTESIAN_POINT('',(-0.1,0.25,7.35));
#10450 = LINE('',#10451,#10452);
#10451 = CARTESIAN_POINT('',(-0.1,0.3,7.4));
#10452 = VECTOR('',#10453,1.);
#10453 = DIRECTION('',(-1.651002285576E-16,-0.707106781187,
    -0.707106781187));
#10454 = ORIENTED_EDGE('',*,*,#10455,.T.);
#10455 = EDGE_CURVE('',#10448,#10456,#10458,.T.);
#10456 = VERTEX_POINT('',#10457);
#10457 = CARTESIAN_POINT('',(-0.1,0.25,1.25));
#10458 = LINE('',#10459,#10460);
#10459 = CARTESIAN_POINT('',(-0.1,0.25,7.35));
#10460 = VECTOR('',#10461,1.);
#10461 = DIRECTION('',(-0.,0.,-1.));
#10462 = ORIENTED_EDGE('',*,*,#10463,.T.);
#10463 = EDGE_CURVE('',#10456,#10464,#10466,.T.);
#10464 = VERTEX_POINT('',#10465);
#10465 = CARTESIAN_POINT('',(-0.1,-0.25,1.25));
#10466 = LINE('',#10467,#10468);
#10467 = CARTESIAN_POINT('',(-0.1,0.25,1.25));
#10468 = VECTOR('',#10469,1.);
#10469 = DIRECTION('',(-2.334869823773E-16,-1.,0.));
#10470 = ORIENTED_EDGE('',*,*,#10471,.T.);
#10471 = EDGE_CURVE('',#10464,#10423,#10472,.T.);
#10472 = LINE('',#10473,#10474);
#10473 = CARTESIAN_POINT('',(-0.1,-0.25,1.25));
#10474 = VECTOR('',#10475,1.);
#10475 = DIRECTION('',(0.,0.,1.));
#10476 = ORIENTED_EDGE('',*,*,#10430,.T.);
#10477 = ORIENTED_EDGE('',*,*,#8442,.F.);
#10478 = ORIENTED_EDGE('',*,*,#10342,.T.);
#10479 = PLANE('',#10480);
#10480 = AXIS2_PLACEMENT_3D('',#10481,#10482,#10483);
#10481 = CARTESIAN_POINT('',(-0.1,1.110223024625E-17,3.911477598424));
#10482 = DIRECTION('',(1.,-2.334869823773E-16,0.));
#10483 = DIRECTION('',(0.,0.,1.));
#10484 = ADVANCED_FACE('',(#10485),#10496,.T.);
#10485 = FACE_BOUND('',#10486,.T.);
#10486 = EDGE_LOOP('',(#10487,#10488,#10489,#10495));
#10487 = ORIENTED_EDGE('',*,*,#8530,.T.);
#10488 = ORIENTED_EDGE('',*,*,#10447,.T.);
#10489 = ORIENTED_EDGE('',*,*,#10490,.F.);
#10490 = EDGE_CURVE('',#10375,#10448,#10491,.T.);
#10491 = LINE('',#10492,#10493);
#10492 = CARTESIAN_POINT('',(0.1,0.25,7.35));
#10493 = VECTOR('',#10494,1.);
#10494 = DIRECTION('',(-1.,2.334869823773E-16,0.));
#10495 = ORIENTED_EDGE('',*,*,#10374,.F.);
#10496 = PLANE('',#10497);
#10497 = AXIS2_PLACEMENT_3D('',#10498,#10499,#10500);
#10498 = CARTESIAN_POINT('',(0.1,0.3,7.4));
#10499 = DIRECTION('',(-1.651002285576E-16,-0.707106781187,
    0.707106781187));
#10500 = DIRECTION('',(-1.651002285576E-16,-0.707106781187,
    -0.707106781187));
#10501 = ADVANCED_FACE('',(#10502),#10513,.T.);
#10502 = FACE_BOUND('',#10503,.T.);
#10503 = EDGE_LOOP('',(#10504,#10505,#10506,#10507));
#10504 = ORIENTED_EDGE('',*,*,#8706,.T.);
#10505 = ORIENTED_EDGE('',*,*,#8569,.T.);
#10506 = ORIENTED_EDGE('',*,*,#8594,.T.);
#10507 = ORIENTED_EDGE('',*,*,#10508,.T.);
#10508 = EDGE_CURVE('',#8595,#8699,#10509,.T.);
#10509 = LINE('',#10510,#10511);
#10510 = CARTESIAN_POINT('',(-2.44,-7.62,0.9));
#10511 = VECTOR('',#10512,1.);
#10512 = DIRECTION('',(-1.110223024625E-16,-1.,0.));
#10513 = PLANE('',#10514);
#10514 = AXIS2_PLACEMENT_3D('',#10515,#10516,#10517);
#10515 = CARTESIAN_POINT('',(-2.54,-7.62,0.9));
#10516 = DIRECTION('',(0.,0.,1.));
#10517 = DIRECTION('',(1.110223024625E-16,1.,-0.));
#10518 = ADVANCED_FACE('',(#10519),#10530,.T.);
#10519 = FACE_BOUND('',#10520,.T.);
#10520 = EDGE_LOOP('',(#10521,#10522,#10528,#10529));
#10521 = ORIENTED_EDGE('',*,*,#8674,.T.);
#10522 = ORIENTED_EDGE('',*,*,#10523,.F.);
#10523 = EDGE_CURVE('',#8619,#8675,#10524,.T.);
#10524 = LINE('',#10525,#10526);
#10525 = CARTESIAN_POINT('',(-2.64,-7.62,0.9));
#10526 = VECTOR('',#10527,1.);
#10527 = DIRECTION('',(-1.110223024625E-16,-1.,0.));
#10528 = ORIENTED_EDGE('',*,*,#8626,.T.);
#10529 = ORIENTED_EDGE('',*,*,#8649,.T.);
#10530 = PLANE('',#10531);
#10531 = AXIS2_PLACEMENT_3D('',#10532,#10533,#10534);
#10532 = CARTESIAN_POINT('',(-2.54,-7.62,0.9));
#10533 = DIRECTION('',(0.,0.,1.));
#10534 = DIRECTION('',(1.110223024625E-16,1.,-0.));
#10535 = ADVANCED_FACE('',(#10536),#10579,.T.);
#10536 = FACE_BOUND('',#10537,.T.);
#10537 = EDGE_LOOP('',(#10538,#10539,#10547,#10555,#10563,#10571,#10577,
    #10578));
#10538 = ORIENTED_EDGE('',*,*,#8682,.F.);
#10539 = ORIENTED_EDGE('',*,*,#10540,.T.);
#10540 = EDGE_CURVE('',#8683,#10541,#10543,.T.);
#10541 = VERTEX_POINT('',#10542);
#10542 = CARTESIAN_POINT('',(-2.64,-7.87,7.35));
#10543 = LINE('',#10544,#10545);
#10544 = CARTESIAN_POINT('',(-2.64,-7.92,7.4));
#10545 = VECTOR('',#10546,1.);
#10546 = DIRECTION('',(7.850462293414E-17,0.707106781187,-0.707106781187
    ));
#10547 = ORIENTED_EDGE('',*,*,#10548,.T.);
#10548 = EDGE_CURVE('',#10541,#10549,#10551,.T.);
#10549 = VERTEX_POINT('',#10550);
#10550 = CARTESIAN_POINT('',(-2.64,-7.87,1.25));
#10551 = LINE('',#10552,#10553);
#10552 = CARTESIAN_POINT('',(-2.64,-7.87,7.35));
#10553 = VECTOR('',#10554,1.);
#10554 = DIRECTION('',(0.,0.,-1.));
#10555 = ORIENTED_EDGE('',*,*,#10556,.T.);
#10556 = EDGE_CURVE('',#10549,#10557,#10559,.T.);
#10557 = VERTEX_POINT('',#10558);
#10558 = CARTESIAN_POINT('',(-2.64,-7.37,1.25));
#10559 = LINE('',#10560,#10561);
#10560 = CARTESIAN_POINT('',(-2.64,-7.87,1.25));
#10561 = VECTOR('',#10562,1.);
#10562 = DIRECTION('',(1.110223024625E-16,1.,0.));
#10563 = ORIENTED_EDGE('',*,*,#10564,.T.);
#10564 = EDGE_CURVE('',#10557,#10565,#10567,.T.);
#10565 = VERTEX_POINT('',#10566);
#10566 = CARTESIAN_POINT('',(-2.64,-7.37,7.35));
#10567 = LINE('',#10568,#10569);
#10568 = CARTESIAN_POINT('',(-2.64,-7.37,1.25));
#10569 = VECTOR('',#10570,1.);
#10570 = DIRECTION('',(0.,0.,1.));
#10571 = ORIENTED_EDGE('',*,*,#10572,.T.);
#10572 = EDGE_CURVE('',#10565,#8611,#10573,.T.);
#10573 = LINE('',#10574,#10575);
#10574 = CARTESIAN_POINT('',(-2.64,-7.37,7.35));
#10575 = VECTOR('',#10576,1.);
#10576 = DIRECTION('',(7.850462293414E-17,0.707106781187,0.707106781187)
  );
#10577 = ORIENTED_EDGE('',*,*,#8618,.F.);
#10578 = ORIENTED_EDGE('',*,*,#10523,.T.);
#10579 = PLANE('',#10580);
#10580 = AXIS2_PLACEMENT_3D('',#10581,#10582,#10583);
#10581 = CARTESIAN_POINT('',(-2.64,-7.62,3.911477598424));
#10582 = DIRECTION('',(-1.,1.110223024625E-16,0.));
#10583 = DIRECTION('',(0.,0.,1.));
#10584 = ADVANCED_FACE('',(#10585),#10603,.T.);
#10585 = FACE_BOUND('',#10586,.T.);
#10586 = EDGE_LOOP('',(#10587,#10595,#10601,#10602));
#10587 = ORIENTED_EDGE('',*,*,#10588,.T.);
#10588 = EDGE_CURVE('',#10565,#10589,#10591,.T.);
#10589 = VERTEX_POINT('',#10590);
#10590 = CARTESIAN_POINT('',(-2.44,-7.37,7.35));
#10591 = LINE('',#10592,#10593);
#10592 = CARTESIAN_POINT('',(-2.64,-7.37,7.35));
#10593 = VECTOR('',#10594,1.);
#10594 = DIRECTION('',(1.,-1.110223024625E-16,0.));
#10595 = ORIENTED_EDGE('',*,*,#10596,.T.);
#10596 = EDGE_CURVE('',#10589,#8603,#10597,.T.);
#10597 = LINE('',#10598,#10599);
#10598 = CARTESIAN_POINT('',(-2.44,-7.37,7.35));
#10599 = VECTOR('',#10600,1.);
#10600 = DIRECTION('',(7.850462293414E-17,0.707106781187,0.707106781187)
  );
#10601 = ORIENTED_EDGE('',*,*,#8610,.F.);
#10602 = ORIENTED_EDGE('',*,*,#10572,.F.);
#10603 = PLANE('',#10604);
#10604 = AXIS2_PLACEMENT_3D('',#10605,#10606,#10607);
#10605 = CARTESIAN_POINT('',(-2.64,-7.37,7.35));
#10606 = DIRECTION('',(-7.850462293414E-17,-0.707106781187,
    0.707106781187));
#10607 = DIRECTION('',(7.850462293414E-17,0.707106781187,0.707106781187)
  );
#10608 = ADVANCED_FACE('',(#10609),#10645,.F.);
#10609 = FACE_BOUND('',#10610,.F.);
#10610 = EDGE_LOOP('',(#10611,#10612,#10620,#10628,#10636,#10642,#10643,
    #10644));
#10611 = ORIENTED_EDGE('',*,*,#8698,.F.);
#10612 = ORIENTED_EDGE('',*,*,#10613,.T.);
#10613 = EDGE_CURVE('',#8691,#10614,#10616,.T.);
#10614 = VERTEX_POINT('',#10615);
#10615 = CARTESIAN_POINT('',(-2.44,-7.87,7.35));
#10616 = LINE('',#10617,#10618);
#10617 = CARTESIAN_POINT('',(-2.44,-7.92,7.4));
#10618 = VECTOR('',#10619,1.);
#10619 = DIRECTION('',(7.850462293414E-17,0.707106781187,-0.707106781187
    ));
#10620 = ORIENTED_EDGE('',*,*,#10621,.T.);
#10621 = EDGE_CURVE('',#10614,#10622,#10624,.T.);
#10622 = VERTEX_POINT('',#10623);
#10623 = CARTESIAN_POINT('',(-2.44,-7.87,1.25));
#10624 = LINE('',#10625,#10626);
#10625 = CARTESIAN_POINT('',(-2.44,-7.87,7.35));
#10626 = VECTOR('',#10627,1.);
#10627 = DIRECTION('',(0.,0.,-1.));
#10628 = ORIENTED_EDGE('',*,*,#10629,.T.);
#10629 = EDGE_CURVE('',#10622,#10630,#10632,.T.);
#10630 = VERTEX_POINT('',#10631);
#10631 = CARTESIAN_POINT('',(-2.44,-7.37,1.25));
#10632 = LINE('',#10633,#10634);
#10633 = CARTESIAN_POINT('',(-2.44,-7.87,1.25));
#10634 = VECTOR('',#10635,1.);
#10635 = DIRECTION('',(1.110223024625E-16,1.,0.));
#10636 = ORIENTED_EDGE('',*,*,#10637,.T.);
#10637 = EDGE_CURVE('',#10630,#10589,#10638,.T.);
#10638 = LINE('',#10639,#10640);
#10639 = CARTESIAN_POINT('',(-2.44,-7.37,1.25));
#10640 = VECTOR('',#10641,1.);
#10641 = DIRECTION('',(0.,0.,1.));
#10642 = ORIENTED_EDGE('',*,*,#10596,.T.);
#10643 = ORIENTED_EDGE('',*,*,#8602,.F.);
#10644 = ORIENTED_EDGE('',*,*,#10508,.T.);
#10645 = PLANE('',#10646);
#10646 = AXIS2_PLACEMENT_3D('',#10647,#10648,#10649);
#10647 = CARTESIAN_POINT('',(-2.44,-7.62,3.911477598424));
#10648 = DIRECTION('',(-1.,1.110223024625E-16,0.));
#10649 = DIRECTION('',(0.,0.,1.));
#10650 = ADVANCED_FACE('',(#10651),#10662,.T.);
#10651 = FACE_BOUND('',#10652,.T.);
#10652 = EDGE_LOOP('',(#10653,#10654,#10655,#10661));
#10653 = ORIENTED_EDGE('',*,*,#8690,.T.);
#10654 = ORIENTED_EDGE('',*,*,#10613,.T.);
#10655 = ORIENTED_EDGE('',*,*,#10656,.F.);
#10656 = EDGE_CURVE('',#10541,#10614,#10657,.T.);
#10657 = LINE('',#10658,#10659);
#10658 = CARTESIAN_POINT('',(-2.64,-7.87,7.35));
#10659 = VECTOR('',#10660,1.);
#10660 = DIRECTION('',(1.,-1.110223024625E-16,0.));
#10661 = ORIENTED_EDGE('',*,*,#10540,.F.);
#10662 = PLANE('',#10663);
#10663 = AXIS2_PLACEMENT_3D('',#10664,#10665,#10666);
#10664 = CARTESIAN_POINT('',(-2.64,-7.92,7.4));
#10665 = DIRECTION('',(7.850462293414E-17,0.707106781187,0.707106781187)
  );
#10666 = DIRECTION('',(7.850462293414E-17,0.707106781187,-0.707106781187
    ));
#10667 = ADVANCED_FACE('',(#10668),#10679,.T.);
#10668 = FACE_BOUND('',#10669,.T.);
#10669 = EDGE_LOOP('',(#10670,#10671,#10672,#10673));
#10670 = ORIENTED_EDGE('',*,*,#8866,.T.);
#10671 = ORIENTED_EDGE('',*,*,#8729,.T.);
#10672 = ORIENTED_EDGE('',*,*,#8754,.T.);
#10673 = ORIENTED_EDGE('',*,*,#10674,.T.);
#10674 = EDGE_CURVE('',#8755,#8859,#10675,.T.);
#10675 = LINE('',#10676,#10677);
#10676 = CARTESIAN_POINT('',(-2.44,-5.08,0.9));
#10677 = VECTOR('',#10678,1.);
#10678 = DIRECTION('',(-1.110223024625E-16,-1.,0.));
#10679 = PLANE('',#10680);
#10680 = AXIS2_PLACEMENT_3D('',#10681,#10682,#10683);
#10681 = CARTESIAN_POINT('',(-2.54,-5.08,0.9));
#10682 = DIRECTION('',(0.,0.,1.));
#10683 = DIRECTION('',(1.110223024625E-16,1.,-0.));
#10684 = ADVANCED_FACE('',(#10685),#10696,.T.);
#10685 = FACE_BOUND('',#10686,.T.);
#10686 = EDGE_LOOP('',(#10687,#10688,#10694,#10695));
#10687 = ORIENTED_EDGE('',*,*,#8834,.T.);
#10688 = ORIENTED_EDGE('',*,*,#10689,.F.);
#10689 = EDGE_CURVE('',#8779,#8835,#10690,.T.);
#10690 = LINE('',#10691,#10692);
#10691 = CARTESIAN_POINT('',(-2.64,-5.08,0.9));
#10692 = VECTOR('',#10693,1.);
#10693 = DIRECTION('',(-1.110223024625E-16,-1.,0.));
#10694 = ORIENTED_EDGE('',*,*,#8786,.T.);
#10695 = ORIENTED_EDGE('',*,*,#8809,.T.);
#10696 = PLANE('',#10697);
#10697 = AXIS2_PLACEMENT_3D('',#10698,#10699,#10700);
#10698 = CARTESIAN_POINT('',(-2.54,-5.08,0.9));
#10699 = DIRECTION('',(0.,0.,1.));
#10700 = DIRECTION('',(1.110223024625E-16,1.,-0.));
#10701 = ADVANCED_FACE('',(#10702),#10745,.T.);
#10702 = FACE_BOUND('',#10703,.T.);
#10703 = EDGE_LOOP('',(#10704,#10705,#10713,#10721,#10729,#10737,#10743,
    #10744));
#10704 = ORIENTED_EDGE('',*,*,#8842,.F.);
#10705 = ORIENTED_EDGE('',*,*,#10706,.T.);
#10706 = EDGE_CURVE('',#8843,#10707,#10709,.T.);
#10707 = VERTEX_POINT('',#10708);
#10708 = CARTESIAN_POINT('',(-2.64,-5.33,7.35));
#10709 = LINE('',#10710,#10711);
#10710 = CARTESIAN_POINT('',(-2.64,-5.38,7.4));
#10711 = VECTOR('',#10712,1.);
#10712 = DIRECTION('',(7.850462293414E-17,0.707106781187,-0.707106781187
    ));
#10713 = ORIENTED_EDGE('',*,*,#10714,.T.);
#10714 = EDGE_CURVE('',#10707,#10715,#10717,.T.);
#10715 = VERTEX_POINT('',#10716);
#10716 = CARTESIAN_POINT('',(-2.64,-5.33,1.25));
#10717 = LINE('',#10718,#10719);
#10718 = CARTESIAN_POINT('',(-2.64,-5.33,7.35));
#10719 = VECTOR('',#10720,1.);
#10720 = DIRECTION('',(0.,0.,-1.));
#10721 = ORIENTED_EDGE('',*,*,#10722,.T.);
#10722 = EDGE_CURVE('',#10715,#10723,#10725,.T.);
#10723 = VERTEX_POINT('',#10724);
#10724 = CARTESIAN_POINT('',(-2.64,-4.83,1.25));
#10725 = LINE('',#10726,#10727);
#10726 = CARTESIAN_POINT('',(-2.64,-5.33,1.25));
#10727 = VECTOR('',#10728,1.);
#10728 = DIRECTION('',(1.110223024625E-16,1.,0.));
#10729 = ORIENTED_EDGE('',*,*,#10730,.T.);
#10730 = EDGE_CURVE('',#10723,#10731,#10733,.T.);
#10731 = VERTEX_POINT('',#10732);
#10732 = CARTESIAN_POINT('',(-2.64,-4.83,7.35));
#10733 = LINE('',#10734,#10735);
#10734 = CARTESIAN_POINT('',(-2.64,-4.83,1.25));
#10735 = VECTOR('',#10736,1.);
#10736 = DIRECTION('',(0.,0.,1.));
#10737 = ORIENTED_EDGE('',*,*,#10738,.T.);
#10738 = EDGE_CURVE('',#10731,#8771,#10739,.T.);
#10739 = LINE('',#10740,#10741);
#10740 = CARTESIAN_POINT('',(-2.64,-4.83,7.35));
#10741 = VECTOR('',#10742,1.);
#10742 = DIRECTION('',(7.850462293414E-17,0.707106781187,0.707106781187)
  );
#10743 = ORIENTED_EDGE('',*,*,#8778,.F.);
#10744 = ORIENTED_EDGE('',*,*,#10689,.T.);
#10745 = PLANE('',#10746);
#10746 = AXIS2_PLACEMENT_3D('',#10747,#10748,#10749);
#10747 = CARTESIAN_POINT('',(-2.64,-5.08,3.911477598424));
#10748 = DIRECTION('',(-1.,1.110223024625E-16,0.));
#10749 = DIRECTION('',(0.,0.,1.));
#10750 = ADVANCED_FACE('',(#10751),#10769,.T.);
#10751 = FACE_BOUND('',#10752,.T.);
#10752 = EDGE_LOOP('',(#10753,#10761,#10767,#10768));
#10753 = ORIENTED_EDGE('',*,*,#10754,.T.);
#10754 = EDGE_CURVE('',#10731,#10755,#10757,.T.);
#10755 = VERTEX_POINT('',#10756);
#10756 = CARTESIAN_POINT('',(-2.44,-4.83,7.35));
#10757 = LINE('',#10758,#10759);
#10758 = CARTESIAN_POINT('',(-2.64,-4.83,7.35));
#10759 = VECTOR('',#10760,1.);
#10760 = DIRECTION('',(1.,-1.110223024625E-16,0.));
#10761 = ORIENTED_EDGE('',*,*,#10762,.T.);
#10762 = EDGE_CURVE('',#10755,#8763,#10763,.T.);
#10763 = LINE('',#10764,#10765);
#10764 = CARTESIAN_POINT('',(-2.44,-4.83,7.35));
#10765 = VECTOR('',#10766,1.);
#10766 = DIRECTION('',(7.850462293414E-17,0.707106781187,0.707106781187)
  );
#10767 = ORIENTED_EDGE('',*,*,#8770,.F.);
#10768 = ORIENTED_EDGE('',*,*,#10738,.F.);
#10769 = PLANE('',#10770);
#10770 = AXIS2_PLACEMENT_3D('',#10771,#10772,#10773);
#10771 = CARTESIAN_POINT('',(-2.64,-4.83,7.35));
#10772 = DIRECTION('',(-7.850462293414E-17,-0.707106781187,
    0.707106781187));
#10773 = DIRECTION('',(7.850462293414E-17,0.707106781187,0.707106781187)
  );
#10774 = ADVANCED_FACE('',(#10775),#10811,.F.);
#10775 = FACE_BOUND('',#10776,.F.);
#10776 = EDGE_LOOP('',(#10777,#10778,#10786,#10794,#10802,#10808,#10809,
    #10810));
#10777 = ORIENTED_EDGE('',*,*,#8858,.F.);
#10778 = ORIENTED_EDGE('',*,*,#10779,.T.);
#10779 = EDGE_CURVE('',#8851,#10780,#10782,.T.);
#10780 = VERTEX_POINT('',#10781);
#10781 = CARTESIAN_POINT('',(-2.44,-5.33,7.35));
#10782 = LINE('',#10783,#10784);
#10783 = CARTESIAN_POINT('',(-2.44,-5.38,7.4));
#10784 = VECTOR('',#10785,1.);
#10785 = DIRECTION('',(7.850462293414E-17,0.707106781187,-0.707106781187
    ));
#10786 = ORIENTED_EDGE('',*,*,#10787,.T.);
#10787 = EDGE_CURVE('',#10780,#10788,#10790,.T.);
#10788 = VERTEX_POINT('',#10789);
#10789 = CARTESIAN_POINT('',(-2.44,-5.33,1.25));
#10790 = LINE('',#10791,#10792);
#10791 = CARTESIAN_POINT('',(-2.44,-5.33,7.35));
#10792 = VECTOR('',#10793,1.);
#10793 = DIRECTION('',(0.,0.,-1.));
#10794 = ORIENTED_EDGE('',*,*,#10795,.T.);
#10795 = EDGE_CURVE('',#10788,#10796,#10798,.T.);
#10796 = VERTEX_POINT('',#10797);
#10797 = CARTESIAN_POINT('',(-2.44,-4.83,1.25));
#10798 = LINE('',#10799,#10800);
#10799 = CARTESIAN_POINT('',(-2.44,-5.33,1.25));
#10800 = VECTOR('',#10801,1.);
#10801 = DIRECTION('',(1.110223024625E-16,1.,0.));
#10802 = ORIENTED_EDGE('',*,*,#10803,.T.);
#10803 = EDGE_CURVE('',#10796,#10755,#10804,.T.);
#10804 = LINE('',#10805,#10806);
#10805 = CARTESIAN_POINT('',(-2.44,-4.83,1.25));
#10806 = VECTOR('',#10807,1.);
#10807 = DIRECTION('',(0.,0.,1.));
#10808 = ORIENTED_EDGE('',*,*,#10762,.T.);
#10809 = ORIENTED_EDGE('',*,*,#8762,.F.);
#10810 = ORIENTED_EDGE('',*,*,#10674,.T.);
#10811 = PLANE('',#10812);
#10812 = AXIS2_PLACEMENT_3D('',#10813,#10814,#10815);
#10813 = CARTESIAN_POINT('',(-2.44,-5.08,3.911477598424));
#10814 = DIRECTION('',(-1.,1.110223024625E-16,0.));
#10815 = DIRECTION('',(0.,0.,1.));
#10816 = ADVANCED_FACE('',(#10817),#10828,.T.);
#10817 = FACE_BOUND('',#10818,.T.);
#10818 = EDGE_LOOP('',(#10819,#10820,#10821,#10827));
#10819 = ORIENTED_EDGE('',*,*,#8850,.T.);
#10820 = ORIENTED_EDGE('',*,*,#10779,.T.);
#10821 = ORIENTED_EDGE('',*,*,#10822,.F.);
#10822 = EDGE_CURVE('',#10707,#10780,#10823,.T.);
#10823 = LINE('',#10824,#10825);
#10824 = CARTESIAN_POINT('',(-2.64,-5.33,7.35));
#10825 = VECTOR('',#10826,1.);
#10826 = DIRECTION('',(1.,-1.110223024625E-16,0.));
#10827 = ORIENTED_EDGE('',*,*,#10706,.F.);
#10828 = PLANE('',#10829);
#10829 = AXIS2_PLACEMENT_3D('',#10830,#10831,#10832);
#10830 = CARTESIAN_POINT('',(-2.64,-5.38,7.4));
#10831 = DIRECTION('',(7.850462293414E-17,0.707106781187,0.707106781187)
  );
#10832 = DIRECTION('',(7.850462293414E-17,0.707106781187,-0.707106781187
    ));
#10833 = ADVANCED_FACE('',(#10834),#10845,.T.);
#10834 = FACE_BOUND('',#10835,.T.);
#10835 = EDGE_LOOP('',(#10836,#10837,#10838,#10839));
#10836 = ORIENTED_EDGE('',*,*,#9026,.T.);
#10837 = ORIENTED_EDGE('',*,*,#8889,.T.);
#10838 = ORIENTED_EDGE('',*,*,#8914,.T.);
#10839 = ORIENTED_EDGE('',*,*,#10840,.T.);
#10840 = EDGE_CURVE('',#8915,#9019,#10841,.T.);
#10841 = LINE('',#10842,#10843);
#10842 = CARTESIAN_POINT('',(-2.44,-2.54,0.9));
#10843 = VECTOR('',#10844,1.);
#10844 = DIRECTION('',(-1.110223024625E-16,-1.,0.));
#10845 = PLANE('',#10846);
#10846 = AXIS2_PLACEMENT_3D('',#10847,#10848,#10849);
#10847 = CARTESIAN_POINT('',(-2.54,-2.54,0.9));
#10848 = DIRECTION('',(0.,0.,1.));
#10849 = DIRECTION('',(1.110223024625E-16,1.,-0.));
#10850 = ADVANCED_FACE('',(#10851),#10862,.T.);
#10851 = FACE_BOUND('',#10852,.T.);
#10852 = EDGE_LOOP('',(#10853,#10854,#10860,#10861));
#10853 = ORIENTED_EDGE('',*,*,#8994,.T.);
#10854 = ORIENTED_EDGE('',*,*,#10855,.F.);
#10855 = EDGE_CURVE('',#8939,#8995,#10856,.T.);
#10856 = LINE('',#10857,#10858);
#10857 = CARTESIAN_POINT('',(-2.64,-2.54,0.9));
#10858 = VECTOR('',#10859,1.);
#10859 = DIRECTION('',(-1.110223024625E-16,-1.,0.));
#10860 = ORIENTED_EDGE('',*,*,#8946,.T.);
#10861 = ORIENTED_EDGE('',*,*,#8969,.T.);
#10862 = PLANE('',#10863);
#10863 = AXIS2_PLACEMENT_3D('',#10864,#10865,#10866);
#10864 = CARTESIAN_POINT('',(-2.54,-2.54,0.9));
#10865 = DIRECTION('',(0.,0.,1.));
#10866 = DIRECTION('',(1.110223024625E-16,1.,-0.));
#10867 = ADVANCED_FACE('',(#10868),#10911,.T.);
#10868 = FACE_BOUND('',#10869,.T.);
#10869 = EDGE_LOOP('',(#10870,#10871,#10879,#10887,#10895,#10903,#10909,
    #10910));
#10870 = ORIENTED_EDGE('',*,*,#9002,.F.);
#10871 = ORIENTED_EDGE('',*,*,#10872,.T.);
#10872 = EDGE_CURVE('',#9003,#10873,#10875,.T.);
#10873 = VERTEX_POINT('',#10874);
#10874 = CARTESIAN_POINT('',(-2.64,-2.79,7.35));
#10875 = LINE('',#10876,#10877);
#10876 = CARTESIAN_POINT('',(-2.64,-2.84,7.4));
#10877 = VECTOR('',#10878,1.);
#10878 = DIRECTION('',(7.850462293414E-17,0.707106781187,-0.707106781187
    ));
#10879 = ORIENTED_EDGE('',*,*,#10880,.T.);
#10880 = EDGE_CURVE('',#10873,#10881,#10883,.T.);
#10881 = VERTEX_POINT('',#10882);
#10882 = CARTESIAN_POINT('',(-2.64,-2.79,1.25));
#10883 = LINE('',#10884,#10885);
#10884 = CARTESIAN_POINT('',(-2.64,-2.79,7.35));
#10885 = VECTOR('',#10886,1.);
#10886 = DIRECTION('',(0.,0.,-1.));
#10887 = ORIENTED_EDGE('',*,*,#10888,.T.);
#10888 = EDGE_CURVE('',#10881,#10889,#10891,.T.);
#10889 = VERTEX_POINT('',#10890);
#10890 = CARTESIAN_POINT('',(-2.64,-2.29,1.25));
#10891 = LINE('',#10892,#10893);
#10892 = CARTESIAN_POINT('',(-2.64,-2.79,1.25));
#10893 = VECTOR('',#10894,1.);
#10894 = DIRECTION('',(1.110223024625E-16,1.,0.));
#10895 = ORIENTED_EDGE('',*,*,#10896,.T.);
#10896 = EDGE_CURVE('',#10889,#10897,#10899,.T.);
#10897 = VERTEX_POINT('',#10898);
#10898 = CARTESIAN_POINT('',(-2.64,-2.29,7.35));
#10899 = LINE('',#10900,#10901);
#10900 = CARTESIAN_POINT('',(-2.64,-2.29,1.25));
#10901 = VECTOR('',#10902,1.);
#10902 = DIRECTION('',(0.,0.,1.));
#10903 = ORIENTED_EDGE('',*,*,#10904,.T.);
#10904 = EDGE_CURVE('',#10897,#8931,#10905,.T.);
#10905 = LINE('',#10906,#10907);
#10906 = CARTESIAN_POINT('',(-2.64,-2.29,7.35));
#10907 = VECTOR('',#10908,1.);
#10908 = DIRECTION('',(7.850462293414E-17,0.707106781187,0.707106781187)
  );
#10909 = ORIENTED_EDGE('',*,*,#8938,.F.);
#10910 = ORIENTED_EDGE('',*,*,#10855,.T.);
#10911 = PLANE('',#10912);
#10912 = AXIS2_PLACEMENT_3D('',#10913,#10914,#10915);
#10913 = CARTESIAN_POINT('',(-2.64,-2.54,3.911477598424));
#10914 = DIRECTION('',(-1.,1.110223024625E-16,0.));
#10915 = DIRECTION('',(0.,0.,1.));
#10916 = ADVANCED_FACE('',(#10917),#10935,.T.);
#10917 = FACE_BOUND('',#10918,.T.);
#10918 = EDGE_LOOP('',(#10919,#10927,#10933,#10934));
#10919 = ORIENTED_EDGE('',*,*,#10920,.T.);
#10920 = EDGE_CURVE('',#10897,#10921,#10923,.T.);
#10921 = VERTEX_POINT('',#10922);
#10922 = CARTESIAN_POINT('',(-2.44,-2.29,7.35));
#10923 = LINE('',#10924,#10925);
#10924 = CARTESIAN_POINT('',(-2.64,-2.29,7.35));
#10925 = VECTOR('',#10926,1.);
#10926 = DIRECTION('',(1.,-1.110223024625E-16,0.));
#10927 = ORIENTED_EDGE('',*,*,#10928,.T.);
#10928 = EDGE_CURVE('',#10921,#8923,#10929,.T.);
#10929 = LINE('',#10930,#10931);
#10930 = CARTESIAN_POINT('',(-2.44,-2.29,7.35));
#10931 = VECTOR('',#10932,1.);
#10932 = DIRECTION('',(7.850462293414E-17,0.707106781187,0.707106781187)
  );
#10933 = ORIENTED_EDGE('',*,*,#8930,.F.);
#10934 = ORIENTED_EDGE('',*,*,#10904,.F.);
#10935 = PLANE('',#10936);
#10936 = AXIS2_PLACEMENT_3D('',#10937,#10938,#10939);
#10937 = CARTESIAN_POINT('',(-2.64,-2.29,7.35));
#10938 = DIRECTION('',(-7.850462293414E-17,-0.707106781187,
    0.707106781187));
#10939 = DIRECTION('',(7.850462293414E-17,0.707106781187,0.707106781187)
  );
#10940 = ADVANCED_FACE('',(#10941),#10977,.F.);
#10941 = FACE_BOUND('',#10942,.F.);
#10942 = EDGE_LOOP('',(#10943,#10944,#10952,#10960,#10968,#10974,#10975,
    #10976));
#10943 = ORIENTED_EDGE('',*,*,#9018,.F.);
#10944 = ORIENTED_EDGE('',*,*,#10945,.T.);
#10945 = EDGE_CURVE('',#9011,#10946,#10948,.T.);
#10946 = VERTEX_POINT('',#10947);
#10947 = CARTESIAN_POINT('',(-2.44,-2.79,7.35));
#10948 = LINE('',#10949,#10950);
#10949 = CARTESIAN_POINT('',(-2.44,-2.84,7.4));
#10950 = VECTOR('',#10951,1.);
#10951 = DIRECTION('',(7.850462293414E-17,0.707106781187,-0.707106781187
    ));
#10952 = ORIENTED_EDGE('',*,*,#10953,.T.);
#10953 = EDGE_CURVE('',#10946,#10954,#10956,.T.);
#10954 = VERTEX_POINT('',#10955);
#10955 = CARTESIAN_POINT('',(-2.44,-2.79,1.25));
#10956 = LINE('',#10957,#10958);
#10957 = CARTESIAN_POINT('',(-2.44,-2.79,7.35));
#10958 = VECTOR('',#10959,1.);
#10959 = DIRECTION('',(0.,0.,-1.));
#10960 = ORIENTED_EDGE('',*,*,#10961,.T.);
#10961 = EDGE_CURVE('',#10954,#10962,#10964,.T.);
#10962 = VERTEX_POINT('',#10963);
#10963 = CARTESIAN_POINT('',(-2.44,-2.29,1.25));
#10964 = LINE('',#10965,#10966);
#10965 = CARTESIAN_POINT('',(-2.44,-2.79,1.25));
#10966 = VECTOR('',#10967,1.);
#10967 = DIRECTION('',(1.110223024625E-16,1.,0.));
#10968 = ORIENTED_EDGE('',*,*,#10969,.T.);
#10969 = EDGE_CURVE('',#10962,#10921,#10970,.T.);
#10970 = LINE('',#10971,#10972);
#10971 = CARTESIAN_POINT('',(-2.44,-2.29,1.25));
#10972 = VECTOR('',#10973,1.);
#10973 = DIRECTION('',(0.,0.,1.));
#10974 = ORIENTED_EDGE('',*,*,#10928,.T.);
#10975 = ORIENTED_EDGE('',*,*,#8922,.F.);
#10976 = ORIENTED_EDGE('',*,*,#10840,.T.);
#10977 = PLANE('',#10978);
#10978 = AXIS2_PLACEMENT_3D('',#10979,#10980,#10981);
#10979 = CARTESIAN_POINT('',(-2.44,-2.54,3.911477598424));
#10980 = DIRECTION('',(-1.,1.110223024625E-16,0.));
#10981 = DIRECTION('',(0.,0.,1.));
#10982 = ADVANCED_FACE('',(#10983),#10994,.T.);
#10983 = FACE_BOUND('',#10984,.T.);
#10984 = EDGE_LOOP('',(#10985,#10986,#10987,#10993));
#10985 = ORIENTED_EDGE('',*,*,#9010,.T.);
#10986 = ORIENTED_EDGE('',*,*,#10945,.T.);
#10987 = ORIENTED_EDGE('',*,*,#10988,.F.);
#10988 = EDGE_CURVE('',#10873,#10946,#10989,.T.);
#10989 = LINE('',#10990,#10991);
#10990 = CARTESIAN_POINT('',(-2.64,-2.79,7.35));
#10991 = VECTOR('',#10992,1.);
#10992 = DIRECTION('',(1.,-1.110223024625E-16,0.));
#10993 = ORIENTED_EDGE('',*,*,#10872,.F.);
#10994 = PLANE('',#10995);
#10995 = AXIS2_PLACEMENT_3D('',#10996,#10997,#10998);
#10996 = CARTESIAN_POINT('',(-2.64,-2.84,7.4));
#10997 = DIRECTION('',(7.850462293414E-17,0.707106781187,0.707106781187)
  );
#10998 = DIRECTION('',(7.850462293414E-17,0.707106781187,-0.707106781187
    ));
#10999 = ADVANCED_FACE('',(#11000),#11011,.T.);
#11000 = FACE_BOUND('',#11001,.T.);
#11001 = EDGE_LOOP('',(#11002,#11003,#11004,#11005));
#11002 = ORIENTED_EDGE('',*,*,#9186,.T.);
#11003 = ORIENTED_EDGE('',*,*,#9049,.T.);
#11004 = ORIENTED_EDGE('',*,*,#9074,.T.);
#11005 = ORIENTED_EDGE('',*,*,#11006,.T.);
#11006 = EDGE_CURVE('',#9075,#9179,#11007,.T.);
#11007 = LINE('',#11008,#11009);
#11008 = CARTESIAN_POINT('',(-2.44,7.149836278586E-16,0.9));
#11009 = VECTOR('',#11010,1.);
#11010 = DIRECTION('',(-1.110223024625E-16,-1.,0.));
#11011 = PLANE('',#11012);
#11012 = AXIS2_PLACEMENT_3D('',#11013,#11014,#11015);
#11013 = CARTESIAN_POINT('',(-2.54,1.170175067955E-15,0.9));
#11014 = DIRECTION('',(0.,0.,1.));
#11015 = DIRECTION('',(1.110223024625E-16,1.,-0.));
#11016 = ADVANCED_FACE('',(#11017),#11028,.T.);
#11017 = FACE_BOUND('',#11018,.T.);
#11018 = EDGE_LOOP('',(#11019,#11020,#11026,#11027));
#11019 = ORIENTED_EDGE('',*,*,#9154,.T.);
#11020 = ORIENTED_EDGE('',*,*,#11021,.F.);
#11021 = EDGE_CURVE('',#9099,#9155,#11022,.T.);
#11022 = LINE('',#11023,#11024);
#11023 = CARTESIAN_POINT('',(-2.64,7.371880883511E-16,0.9));
#11024 = VECTOR('',#11025,1.);
#11025 = DIRECTION('',(-1.110223024625E-16,-1.,0.));
#11026 = ORIENTED_EDGE('',*,*,#9106,.T.);
#11027 = ORIENTED_EDGE('',*,*,#9129,.T.);
#11028 = PLANE('',#11029);
#11029 = AXIS2_PLACEMENT_3D('',#11030,#11031,#11032);
#11030 = CARTESIAN_POINT('',(-2.54,1.170175067955E-15,0.9));
#11031 = DIRECTION('',(0.,0.,1.));
#11032 = DIRECTION('',(1.110223024625E-16,1.,-0.));
#11033 = ADVANCED_FACE('',(#11034),#11077,.T.);
#11034 = FACE_BOUND('',#11035,.T.);
#11035 = EDGE_LOOP('',(#11036,#11037,#11045,#11053,#11061,#11069,#11075,
    #11076));
#11036 = ORIENTED_EDGE('',*,*,#9162,.F.);
#11037 = ORIENTED_EDGE('',*,*,#11038,.T.);
#11038 = EDGE_CURVE('',#9163,#11039,#11041,.T.);
#11039 = VERTEX_POINT('',#11040);
#11040 = CARTESIAN_POINT('',(-2.64,-0.25,7.35));
#11041 = LINE('',#11042,#11043);
#11042 = CARTESIAN_POINT('',(-2.64,-0.3,7.4));
#11043 = VECTOR('',#11044,1.);
#11044 = DIRECTION('',(7.850462293414E-17,0.707106781187,-0.707106781187
    ));
#11045 = ORIENTED_EDGE('',*,*,#11046,.T.);
#11046 = EDGE_CURVE('',#11039,#11047,#11049,.T.);
#11047 = VERTEX_POINT('',#11048);
#11048 = CARTESIAN_POINT('',(-2.64,-0.25,1.25));
#11049 = LINE('',#11050,#11051);
#11050 = CARTESIAN_POINT('',(-2.64,-0.25,7.35));
#11051 = VECTOR('',#11052,1.);
#11052 = DIRECTION('',(0.,0.,-1.));
#11053 = ORIENTED_EDGE('',*,*,#11054,.T.);
#11054 = EDGE_CURVE('',#11047,#11055,#11057,.T.);
#11055 = VERTEX_POINT('',#11056);
#11056 = CARTESIAN_POINT('',(-2.64,0.25,1.25));
#11057 = LINE('',#11058,#11059);
#11058 = CARTESIAN_POINT('',(-2.64,-0.25,1.25));
#11059 = VECTOR('',#11060,1.);
#11060 = DIRECTION('',(1.110223024625E-16,1.,0.));
#11061 = ORIENTED_EDGE('',*,*,#11062,.T.);
#11062 = EDGE_CURVE('',#11055,#11063,#11065,.T.);
#11063 = VERTEX_POINT('',#11064);
#11064 = CARTESIAN_POINT('',(-2.64,0.25,7.35));
#11065 = LINE('',#11066,#11067);
#11066 = CARTESIAN_POINT('',(-2.64,0.25,1.25));
#11067 = VECTOR('',#11068,1.);
#11068 = DIRECTION('',(0.,0.,1.));
#11069 = ORIENTED_EDGE('',*,*,#11070,.T.);
#11070 = EDGE_CURVE('',#11063,#9091,#11071,.T.);
#11071 = LINE('',#11072,#11073);
#11072 = CARTESIAN_POINT('',(-2.64,0.25,7.35));
#11073 = VECTOR('',#11074,1.);
#11074 = DIRECTION('',(7.850462293414E-17,0.707106781187,0.707106781187)
  );
#11075 = ORIENTED_EDGE('',*,*,#9098,.F.);
#11076 = ORIENTED_EDGE('',*,*,#11021,.T.);
#11077 = PLANE('',#11078);
#11078 = AXIS2_PLACEMENT_3D('',#11079,#11080,#11081);
#11079 = CARTESIAN_POINT('',(-2.64,2.93098878501E-16,3.911477598424));
#11080 = DIRECTION('',(-1.,1.110223024625E-16,0.));
#11081 = DIRECTION('',(0.,0.,1.));
#11082 = ADVANCED_FACE('',(#11083),#11101,.T.);
#11083 = FACE_BOUND('',#11084,.T.);
#11084 = EDGE_LOOP('',(#11085,#11093,#11099,#11100));
#11085 = ORIENTED_EDGE('',*,*,#11086,.T.);
#11086 = EDGE_CURVE('',#11063,#11087,#11089,.T.);
#11087 = VERTEX_POINT('',#11088);
#11088 = CARTESIAN_POINT('',(-2.44,0.25,7.35));
#11089 = LINE('',#11090,#11091);
#11090 = CARTESIAN_POINT('',(-2.64,0.25,7.35));
#11091 = VECTOR('',#11092,1.);
#11092 = DIRECTION('',(1.,-1.110223024625E-16,0.));
#11093 = ORIENTED_EDGE('',*,*,#11094,.T.);
#11094 = EDGE_CURVE('',#11087,#9083,#11095,.T.);
#11095 = LINE('',#11096,#11097);
#11096 = CARTESIAN_POINT('',(-2.44,0.25,7.35));
#11097 = VECTOR('',#11098,1.);
#11098 = DIRECTION('',(7.850462293414E-17,0.707106781187,0.707106781187)
  );
#11099 = ORIENTED_EDGE('',*,*,#9090,.F.);
#11100 = ORIENTED_EDGE('',*,*,#11070,.F.);
#11101 = PLANE('',#11102);
#11102 = AXIS2_PLACEMENT_3D('',#11103,#11104,#11105);
#11103 = CARTESIAN_POINT('',(-2.64,0.25,7.35));
#11104 = DIRECTION('',(-7.850462293414E-17,-0.707106781187,
    0.707106781187));
#11105 = DIRECTION('',(7.850462293414E-17,0.707106781187,0.707106781187)
  );
#11106 = ADVANCED_FACE('',(#11107),#11143,.F.);
#11107 = FACE_BOUND('',#11108,.F.);
#11108 = EDGE_LOOP('',(#11109,#11110,#11118,#11126,#11134,#11140,#11141,
    #11142));
#11109 = ORIENTED_EDGE('',*,*,#9178,.F.);
#11110 = ORIENTED_EDGE('',*,*,#11111,.T.);
#11111 = EDGE_CURVE('',#9171,#11112,#11114,.T.);
#11112 = VERTEX_POINT('',#11113);
#11113 = CARTESIAN_POINT('',(-2.44,-0.25,7.35));
#11114 = LINE('',#11115,#11116);
#11115 = CARTESIAN_POINT('',(-2.44,-0.3,7.4));
#11116 = VECTOR('',#11117,1.);
#11117 = DIRECTION('',(7.850462293414E-17,0.707106781187,-0.707106781187
    ));
#11118 = ORIENTED_EDGE('',*,*,#11119,.T.);
#11119 = EDGE_CURVE('',#11112,#11120,#11122,.T.);
#11120 = VERTEX_POINT('',#11121);
#11121 = CARTESIAN_POINT('',(-2.44,-0.25,1.25));
#11122 = LINE('',#11123,#11124);
#11123 = CARTESIAN_POINT('',(-2.44,-0.25,7.35));
#11124 = VECTOR('',#11125,1.);
#11125 = DIRECTION('',(0.,0.,-1.));
#11126 = ORIENTED_EDGE('',*,*,#11127,.T.);
#11127 = EDGE_CURVE('',#11120,#11128,#11130,.T.);
#11128 = VERTEX_POINT('',#11129);
#11129 = CARTESIAN_POINT('',(-2.44,0.25,1.25));
#11130 = LINE('',#11131,#11132);
#11131 = CARTESIAN_POINT('',(-2.44,-0.25,1.25));
#11132 = VECTOR('',#11133,1.);
#11133 = DIRECTION('',(1.110223024625E-16,1.,0.));
#11134 = ORIENTED_EDGE('',*,*,#11135,.T.);
#11135 = EDGE_CURVE('',#11128,#11087,#11136,.T.);
#11136 = LINE('',#11137,#11138);
#11137 = CARTESIAN_POINT('',(-2.44,0.25,1.25));
#11138 = VECTOR('',#11139,1.);
#11139 = DIRECTION('',(0.,0.,1.));
#11140 = ORIENTED_EDGE('',*,*,#11094,.T.);
#11141 = ORIENTED_EDGE('',*,*,#9082,.F.);
#11142 = ORIENTED_EDGE('',*,*,#11006,.T.);
#11143 = PLANE('',#11144);
#11144 = AXIS2_PLACEMENT_3D('',#11145,#11146,#11147);
#11145 = CARTESIAN_POINT('',(-2.44,2.708944180085E-16,3.911477598424));
#11146 = DIRECTION('',(-1.,1.110223024625E-16,0.));
#11147 = DIRECTION('',(0.,0.,1.));
#11148 = ADVANCED_FACE('',(#11149),#11160,.T.);
#11149 = FACE_BOUND('',#11150,.T.);
#11150 = EDGE_LOOP('',(#11151,#11152,#11153,#11159));
#11151 = ORIENTED_EDGE('',*,*,#9170,.T.);
#11152 = ORIENTED_EDGE('',*,*,#11111,.T.);
#11153 = ORIENTED_EDGE('',*,*,#11154,.F.);
#11154 = EDGE_CURVE('',#11039,#11112,#11155,.T.);
#11155 = LINE('',#11156,#11157);
#11156 = CARTESIAN_POINT('',(-2.64,-0.25,7.35));
#11157 = VECTOR('',#11158,1.);
#11158 = DIRECTION('',(1.,-1.110223024625E-16,0.));
#11159 = ORIENTED_EDGE('',*,*,#11038,.F.);
#11160 = PLANE('',#11161);
#11161 = AXIS2_PLACEMENT_3D('',#11162,#11163,#11164);
#11162 = CARTESIAN_POINT('',(-2.64,-0.3,7.4));
#11163 = DIRECTION('',(7.850462293414E-17,0.707106781187,0.707106781187)
  );
#11164 = DIRECTION('',(7.850462293414E-17,0.707106781187,-0.707106781187
    ));
#11165 = ADVANCED_FACE('',(#11166),#11177,.T.);
#11166 = FACE_BOUND('',#11167,.T.);
#11167 = EDGE_LOOP('',(#11168,#11174,#11175,#11176));
#11168 = ORIENTED_EDGE('',*,*,#11169,.T.);
#11169 = EDGE_CURVE('',#9893,#9966,#11170,.T.);
#11170 = LINE('',#11171,#11172);
#11171 = CARTESIAN_POINT('',(0.1,-7.87,1.25));
#11172 = VECTOR('',#11173,1.);
#11173 = DIRECTION('',(-1.,2.334869823773E-16,0.));
#11174 = ORIENTED_EDGE('',*,*,#9973,.T.);
#11175 = ORIENTED_EDGE('',*,*,#9924,.F.);
#11176 = ORIENTED_EDGE('',*,*,#9900,.F.);
#11177 = PLANE('',#11178);
#11178 = AXIS2_PLACEMENT_3D('',#11179,#11180,#11181);
#11179 = CARTESIAN_POINT('',(0.1,-7.87,1.25));
#11180 = DIRECTION('',(2.334869823773E-16,1.,0.));
#11181 = DIRECTION('',(0.,-0.,1.));
#11182 = ADVANCED_FACE('',(#11183),#11194,.T.);
#11183 = FACE_BOUND('',#11184,.T.);
#11184 = EDGE_LOOP('',(#11185,#11191,#11192,#11193));
#11185 = ORIENTED_EDGE('',*,*,#11186,.T.);
#11186 = EDGE_CURVE('',#9885,#9958,#11187,.T.);
#11187 = LINE('',#11188,#11189);
#11188 = CARTESIAN_POINT('',(0.1,-7.37,1.25));
#11189 = VECTOR('',#11190,1.);
#11190 = DIRECTION('',(-1.,2.334869823773E-16,0.));
#11191 = ORIENTED_EDGE('',*,*,#9965,.T.);
#11192 = ORIENTED_EDGE('',*,*,#11169,.F.);
#11193 = ORIENTED_EDGE('',*,*,#9892,.F.);
#11194 = PLANE('',#11195);
#11195 = AXIS2_PLACEMENT_3D('',#11196,#11197,#11198);
#11196 = CARTESIAN_POINT('',(0.1,-7.37,1.25));
#11197 = DIRECTION('',(0.,0.,1.));
#11198 = DIRECTION('',(-2.334869823773E-16,-1.,0.));
#11199 = ADVANCED_FACE('',(#11200),#11206,.T.);
#11200 = FACE_BOUND('',#11201,.T.);
#11201 = EDGE_LOOP('',(#11202,#11203,#11204,#11205));
#11202 = ORIENTED_EDGE('',*,*,#9992,.T.);
#11203 = ORIENTED_EDGE('',*,*,#9957,.T.);
#11204 = ORIENTED_EDGE('',*,*,#11186,.F.);
#11205 = ORIENTED_EDGE('',*,*,#9884,.F.);
#11206 = PLANE('',#11207);
#11207 = AXIS2_PLACEMENT_3D('',#11208,#11209,#11210);
#11208 = CARTESIAN_POINT('',(0.1,-7.37,7.35));
#11209 = DIRECTION('',(-2.334869823773E-16,-1.,0.));
#11210 = DIRECTION('',(-0.,0.,-1.));
#11211 = ADVANCED_FACE('',(#11212),#11223,.T.);
#11212 = FACE_BOUND('',#11213,.T.);
#11213 = EDGE_LOOP('',(#11214,#11220,#11221,#11222));
#11214 = ORIENTED_EDGE('',*,*,#11215,.T.);
#11215 = EDGE_CURVE('',#10059,#10132,#11216,.T.);
#11216 = LINE('',#11217,#11218);
#11217 = CARTESIAN_POINT('',(0.1,-5.33,1.25));
#11218 = VECTOR('',#11219,1.);
#11219 = DIRECTION('',(-1.,2.334869823773E-16,0.));
#11220 = ORIENTED_EDGE('',*,*,#10139,.T.);
#11221 = ORIENTED_EDGE('',*,*,#10090,.F.);
#11222 = ORIENTED_EDGE('',*,*,#10066,.F.);
#11223 = PLANE('',#11224);
#11224 = AXIS2_PLACEMENT_3D('',#11225,#11226,#11227);
#11225 = CARTESIAN_POINT('',(0.1,-5.33,1.25));
#11226 = DIRECTION('',(2.334869823773E-16,1.,0.));
#11227 = DIRECTION('',(0.,-0.,1.));
#11228 = ADVANCED_FACE('',(#11229),#11240,.T.);
#11229 = FACE_BOUND('',#11230,.T.);
#11230 = EDGE_LOOP('',(#11231,#11237,#11238,#11239));
#11231 = ORIENTED_EDGE('',*,*,#11232,.T.);
#11232 = EDGE_CURVE('',#10051,#10124,#11233,.T.);
#11233 = LINE('',#11234,#11235);
#11234 = CARTESIAN_POINT('',(0.1,-4.83,1.25));
#11235 = VECTOR('',#11236,1.);
#11236 = DIRECTION('',(-1.,2.334869823773E-16,0.));
#11237 = ORIENTED_EDGE('',*,*,#10131,.T.);
#11238 = ORIENTED_EDGE('',*,*,#11215,.F.);
#11239 = ORIENTED_EDGE('',*,*,#10058,.F.);
#11240 = PLANE('',#11241);
#11241 = AXIS2_PLACEMENT_3D('',#11242,#11243,#11244);
#11242 = CARTESIAN_POINT('',(0.1,-4.83,1.25));
#11243 = DIRECTION('',(0.,0.,1.));
#11244 = DIRECTION('',(-2.334869823773E-16,-1.,0.));
#11245 = ADVANCED_FACE('',(#11246),#11252,.T.);
#11246 = FACE_BOUND('',#11247,.T.);
#11247 = EDGE_LOOP('',(#11248,#11249,#11250,#11251));
#11248 = ORIENTED_EDGE('',*,*,#10158,.T.);
#11249 = ORIENTED_EDGE('',*,*,#10123,.T.);
#11250 = ORIENTED_EDGE('',*,*,#11232,.F.);
#11251 = ORIENTED_EDGE('',*,*,#10050,.F.);
#11252 = PLANE('',#11253);
#11253 = AXIS2_PLACEMENT_3D('',#11254,#11255,#11256);
#11254 = CARTESIAN_POINT('',(0.1,-4.83,7.35));
#11255 = DIRECTION('',(-2.334869823773E-16,-1.,0.));
#11256 = DIRECTION('',(-0.,0.,-1.));
#11257 = ADVANCED_FACE('',(#11258),#11269,.T.);
#11258 = FACE_BOUND('',#11259,.T.);
#11259 = EDGE_LOOP('',(#11260,#11266,#11267,#11268));
#11260 = ORIENTED_EDGE('',*,*,#11261,.T.);
#11261 = EDGE_CURVE('',#10225,#10298,#11262,.T.);
#11262 = LINE('',#11263,#11264);
#11263 = CARTESIAN_POINT('',(0.1,-2.79,1.25));
#11264 = VECTOR('',#11265,1.);
#11265 = DIRECTION('',(-1.,2.334869823773E-16,0.));
#11266 = ORIENTED_EDGE('',*,*,#10305,.T.);
#11267 = ORIENTED_EDGE('',*,*,#10256,.F.);
#11268 = ORIENTED_EDGE('',*,*,#10232,.F.);
#11269 = PLANE('',#11270);
#11270 = AXIS2_PLACEMENT_3D('',#11271,#11272,#11273);
#11271 = CARTESIAN_POINT('',(0.1,-2.79,1.25));
#11272 = DIRECTION('',(2.334869823773E-16,1.,0.));
#11273 = DIRECTION('',(0.,-0.,1.));
#11274 = ADVANCED_FACE('',(#11275),#11286,.T.);
#11275 = FACE_BOUND('',#11276,.T.);
#11276 = EDGE_LOOP('',(#11277,#11283,#11284,#11285));
#11277 = ORIENTED_EDGE('',*,*,#11278,.T.);
#11278 = EDGE_CURVE('',#10217,#10290,#11279,.T.);
#11279 = LINE('',#11280,#11281);
#11280 = CARTESIAN_POINT('',(0.1,-2.29,1.25));
#11281 = VECTOR('',#11282,1.);
#11282 = DIRECTION('',(-1.,2.334869823773E-16,0.));
#11283 = ORIENTED_EDGE('',*,*,#10297,.T.);
#11284 = ORIENTED_EDGE('',*,*,#11261,.F.);
#11285 = ORIENTED_EDGE('',*,*,#10224,.F.);
#11286 = PLANE('',#11287);
#11287 = AXIS2_PLACEMENT_3D('',#11288,#11289,#11290);
#11288 = CARTESIAN_POINT('',(0.1,-2.29,1.25));
#11289 = DIRECTION('',(0.,0.,1.));
#11290 = DIRECTION('',(-2.334869823773E-16,-1.,0.));
#11291 = ADVANCED_FACE('',(#11292),#11298,.T.);
#11292 = FACE_BOUND('',#11293,.T.);
#11293 = EDGE_LOOP('',(#11294,#11295,#11296,#11297));
#11294 = ORIENTED_EDGE('',*,*,#10324,.T.);
#11295 = ORIENTED_EDGE('',*,*,#10289,.T.);
#11296 = ORIENTED_EDGE('',*,*,#11278,.F.);
#11297 = ORIENTED_EDGE('',*,*,#10216,.F.);
#11298 = PLANE('',#11299);
#11299 = AXIS2_PLACEMENT_3D('',#11300,#11301,#11302);
#11300 = CARTESIAN_POINT('',(0.1,-2.29,7.35));
#11301 = DIRECTION('',(-2.334869823773E-16,-1.,0.));
#11302 = DIRECTION('',(-0.,0.,-1.));
#11303 = ADVANCED_FACE('',(#11304),#11315,.T.);
#11304 = FACE_BOUND('',#11305,.T.);
#11305 = EDGE_LOOP('',(#11306,#11312,#11313,#11314));
#11306 = ORIENTED_EDGE('',*,*,#11307,.T.);
#11307 = EDGE_CURVE('',#10391,#10464,#11308,.T.);
#11308 = LINE('',#11309,#11310);
#11309 = CARTESIAN_POINT('',(0.1,-0.25,1.25));
#11310 = VECTOR('',#11311,1.);
#11311 = DIRECTION('',(-1.,2.334869823773E-16,0.));
#11312 = ORIENTED_EDGE('',*,*,#10471,.T.);
#11313 = ORIENTED_EDGE('',*,*,#10422,.F.);
#11314 = ORIENTED_EDGE('',*,*,#10398,.F.);
#11315 = PLANE('',#11316);
#11316 = AXIS2_PLACEMENT_3D('',#11317,#11318,#11319);
#11317 = CARTESIAN_POINT('',(0.1,-0.25,1.25));
#11318 = DIRECTION('',(2.334869823773E-16,1.,0.));
#11319 = DIRECTION('',(0.,-0.,1.));
#11320 = ADVANCED_FACE('',(#11321),#11332,.T.);
#11321 = FACE_BOUND('',#11322,.T.);
#11322 = EDGE_LOOP('',(#11323,#11329,#11330,#11331));
#11323 = ORIENTED_EDGE('',*,*,#11324,.T.);
#11324 = EDGE_CURVE('',#10383,#10456,#11325,.T.);
#11325 = LINE('',#11326,#11327);
#11326 = CARTESIAN_POINT('',(0.1,0.25,1.25));
#11327 = VECTOR('',#11328,1.);
#11328 = DIRECTION('',(-1.,2.334869823773E-16,0.));
#11329 = ORIENTED_EDGE('',*,*,#10463,.T.);
#11330 = ORIENTED_EDGE('',*,*,#11307,.F.);
#11331 = ORIENTED_EDGE('',*,*,#10390,.F.);
#11332 = PLANE('',#11333);
#11333 = AXIS2_PLACEMENT_3D('',#11334,#11335,#11336);
#11334 = CARTESIAN_POINT('',(0.1,0.25,1.25));
#11335 = DIRECTION('',(0.,0.,1.));
#11336 = DIRECTION('',(-2.334869823773E-16,-1.,0.));
#11337 = ADVANCED_FACE('',(#11338),#11344,.T.);
#11338 = FACE_BOUND('',#11339,.T.);
#11339 = EDGE_LOOP('',(#11340,#11341,#11342,#11343));
#11340 = ORIENTED_EDGE('',*,*,#10490,.T.);
#11341 = ORIENTED_EDGE('',*,*,#10455,.T.);
#11342 = ORIENTED_EDGE('',*,*,#11324,.F.);
#11343 = ORIENTED_EDGE('',*,*,#10382,.F.);
#11344 = PLANE('',#11345);
#11345 = AXIS2_PLACEMENT_3D('',#11346,#11347,#11348);
#11346 = CARTESIAN_POINT('',(0.1,0.25,7.35));
#11347 = DIRECTION('',(-2.334869823773E-16,-1.,0.));
#11348 = DIRECTION('',(-0.,0.,-1.));
#11349 = ADVANCED_FACE('',(#11350),#11361,.T.);
#11350 = FACE_BOUND('',#11351,.T.);
#11351 = EDGE_LOOP('',(#11352,#11358,#11359,#11360));
#11352 = ORIENTED_EDGE('',*,*,#11353,.T.);
#11353 = EDGE_CURVE('',#10557,#10630,#11354,.T.);
#11354 = LINE('',#11355,#11356);
#11355 = CARTESIAN_POINT('',(-2.64,-7.37,1.25));
#11356 = VECTOR('',#11357,1.);
#11357 = DIRECTION('',(1.,-1.110223024625E-16,0.));
#11358 = ORIENTED_EDGE('',*,*,#10637,.T.);
#11359 = ORIENTED_EDGE('',*,*,#10588,.F.);
#11360 = ORIENTED_EDGE('',*,*,#10564,.F.);
#11361 = PLANE('',#11362);
#11362 = AXIS2_PLACEMENT_3D('',#11363,#11364,#11365);
#11363 = CARTESIAN_POINT('',(-2.64,-7.37,1.25));
#11364 = DIRECTION('',(-1.110223024625E-16,-1.,0.));
#11365 = DIRECTION('',(0.,0.,1.));
#11366 = ADVANCED_FACE('',(#11367),#11378,.T.);
#11367 = FACE_BOUND('',#11368,.T.);
#11368 = EDGE_LOOP('',(#11369,#11375,#11376,#11377));
#11369 = ORIENTED_EDGE('',*,*,#11370,.T.);
#11370 = EDGE_CURVE('',#10549,#10622,#11371,.T.);
#11371 = LINE('',#11372,#11373);
#11372 = CARTESIAN_POINT('',(-2.64,-7.87,1.25));
#11373 = VECTOR('',#11374,1.);
#11374 = DIRECTION('',(1.,-1.110223024625E-16,0.));
#11375 = ORIENTED_EDGE('',*,*,#10629,.T.);
#11376 = ORIENTED_EDGE('',*,*,#11353,.F.);
#11377 = ORIENTED_EDGE('',*,*,#10556,.F.);
#11378 = PLANE('',#11379);
#11379 = AXIS2_PLACEMENT_3D('',#11380,#11381,#11382);
#11380 = CARTESIAN_POINT('',(-2.64,-7.87,1.25));
#11381 = DIRECTION('',(0.,0.,1.));
#11382 = DIRECTION('',(1.110223024625E-16,1.,-0.));
#11383 = ADVANCED_FACE('',(#11384),#11390,.T.);
#11384 = FACE_BOUND('',#11385,.T.);
#11385 = EDGE_LOOP('',(#11386,#11387,#11388,#11389));
#11386 = ORIENTED_EDGE('',*,*,#10656,.T.);
#11387 = ORIENTED_EDGE('',*,*,#10621,.T.);
#11388 = ORIENTED_EDGE('',*,*,#11370,.F.);
#11389 = ORIENTED_EDGE('',*,*,#10548,.F.);
#11390 = PLANE('',#11391);
#11391 = AXIS2_PLACEMENT_3D('',#11392,#11393,#11394);
#11392 = CARTESIAN_POINT('',(-2.64,-7.87,7.35));
#11393 = DIRECTION('',(1.110223024625E-16,1.,0.));
#11394 = DIRECTION('',(0.,0.,-1.));
#11395 = ADVANCED_FACE('',(#11396),#11407,.T.);
#11396 = FACE_BOUND('',#11397,.T.);
#11397 = EDGE_LOOP('',(#11398,#11404,#11405,#11406));
#11398 = ORIENTED_EDGE('',*,*,#11399,.T.);
#11399 = EDGE_CURVE('',#10723,#10796,#11400,.T.);
#11400 = LINE('',#11401,#11402);
#11401 = CARTESIAN_POINT('',(-2.64,-4.83,1.25));
#11402 = VECTOR('',#11403,1.);
#11403 = DIRECTION('',(1.,-1.110223024625E-16,0.));
#11404 = ORIENTED_EDGE('',*,*,#10803,.T.);
#11405 = ORIENTED_EDGE('',*,*,#10754,.F.);
#11406 = ORIENTED_EDGE('',*,*,#10730,.F.);
#11407 = PLANE('',#11408);
#11408 = AXIS2_PLACEMENT_3D('',#11409,#11410,#11411);
#11409 = CARTESIAN_POINT('',(-2.64,-4.83,1.25));
#11410 = DIRECTION('',(-1.110223024625E-16,-1.,0.));
#11411 = DIRECTION('',(0.,0.,1.));
#11412 = ADVANCED_FACE('',(#11413),#11424,.T.);
#11413 = FACE_BOUND('',#11414,.T.);
#11414 = EDGE_LOOP('',(#11415,#11421,#11422,#11423));
#11415 = ORIENTED_EDGE('',*,*,#11416,.T.);
#11416 = EDGE_CURVE('',#10715,#10788,#11417,.T.);
#11417 = LINE('',#11418,#11419);
#11418 = CARTESIAN_POINT('',(-2.64,-5.33,1.25));
#11419 = VECTOR('',#11420,1.);
#11420 = DIRECTION('',(1.,-1.110223024625E-16,0.));
#11421 = ORIENTED_EDGE('',*,*,#10795,.T.);
#11422 = ORIENTED_EDGE('',*,*,#11399,.F.);
#11423 = ORIENTED_EDGE('',*,*,#10722,.F.);
#11424 = PLANE('',#11425);
#11425 = AXIS2_PLACEMENT_3D('',#11426,#11427,#11428);
#11426 = CARTESIAN_POINT('',(-2.64,-5.33,1.25));
#11427 = DIRECTION('',(0.,0.,1.));
#11428 = DIRECTION('',(1.110223024625E-16,1.,-0.));
#11429 = ADVANCED_FACE('',(#11430),#11436,.T.);
#11430 = FACE_BOUND('',#11431,.T.);
#11431 = EDGE_LOOP('',(#11432,#11433,#11434,#11435));
#11432 = ORIENTED_EDGE('',*,*,#10822,.T.);
#11433 = ORIENTED_EDGE('',*,*,#10787,.T.);
#11434 = ORIENTED_EDGE('',*,*,#11416,.F.);
#11435 = ORIENTED_EDGE('',*,*,#10714,.F.);
#11436 = PLANE('',#11437);
#11437 = AXIS2_PLACEMENT_3D('',#11438,#11439,#11440);
#11438 = CARTESIAN_POINT('',(-2.64,-5.33,7.35));
#11439 = DIRECTION('',(1.110223024625E-16,1.,0.));
#11440 = DIRECTION('',(0.,0.,-1.));
#11441 = ADVANCED_FACE('',(#11442),#11453,.T.);
#11442 = FACE_BOUND('',#11443,.T.);
#11443 = EDGE_LOOP('',(#11444,#11450,#11451,#11452));
#11444 = ORIENTED_EDGE('',*,*,#11445,.T.);
#11445 = EDGE_CURVE('',#10889,#10962,#11446,.T.);
#11446 = LINE('',#11447,#11448);
#11447 = CARTESIAN_POINT('',(-2.64,-2.29,1.25));
#11448 = VECTOR('',#11449,1.);
#11449 = DIRECTION('',(1.,-1.110223024625E-16,0.));
#11450 = ORIENTED_EDGE('',*,*,#10969,.T.);
#11451 = ORIENTED_EDGE('',*,*,#10920,.F.);
#11452 = ORIENTED_EDGE('',*,*,#10896,.F.);
#11453 = PLANE('',#11454);
#11454 = AXIS2_PLACEMENT_3D('',#11455,#11456,#11457);
#11455 = CARTESIAN_POINT('',(-2.64,-2.29,1.25));
#11456 = DIRECTION('',(-1.110223024625E-16,-1.,0.));
#11457 = DIRECTION('',(0.,0.,1.));
#11458 = ADVANCED_FACE('',(#11459),#11470,.T.);
#11459 = FACE_BOUND('',#11460,.T.);
#11460 = EDGE_LOOP('',(#11461,#11467,#11468,#11469));
#11461 = ORIENTED_EDGE('',*,*,#11462,.T.);
#11462 = EDGE_CURVE('',#10881,#10954,#11463,.T.);
#11463 = LINE('',#11464,#11465);
#11464 = CARTESIAN_POINT('',(-2.64,-2.79,1.25));
#11465 = VECTOR('',#11466,1.);
#11466 = DIRECTION('',(1.,-1.110223024625E-16,0.));
#11467 = ORIENTED_EDGE('',*,*,#10961,.T.);
#11468 = ORIENTED_EDGE('',*,*,#11445,.F.);
#11469 = ORIENTED_EDGE('',*,*,#10888,.F.);
#11470 = PLANE('',#11471);
#11471 = AXIS2_PLACEMENT_3D('',#11472,#11473,#11474);
#11472 = CARTESIAN_POINT('',(-2.64,-2.79,1.25));
#11473 = DIRECTION('',(0.,0.,1.));
#11474 = DIRECTION('',(1.110223024625E-16,1.,-0.));
#11475 = ADVANCED_FACE('',(#11476),#11482,.T.);
#11476 = FACE_BOUND('',#11477,.T.);
#11477 = EDGE_LOOP('',(#11478,#11479,#11480,#11481));
#11478 = ORIENTED_EDGE('',*,*,#10988,.T.);
#11479 = ORIENTED_EDGE('',*,*,#10953,.T.);
#11480 = ORIENTED_EDGE('',*,*,#11462,.F.);
#11481 = ORIENTED_EDGE('',*,*,#10880,.F.);
#11482 = PLANE('',#11483);
#11483 = AXIS2_PLACEMENT_3D('',#11484,#11485,#11486);
#11484 = CARTESIAN_POINT('',(-2.64,-2.79,7.35));
#11485 = DIRECTION('',(1.110223024625E-16,1.,0.));
#11486 = DIRECTION('',(0.,0.,-1.));
#11487 = ADVANCED_FACE('',(#11488),#11499,.T.);
#11488 = FACE_BOUND('',#11489,.T.);
#11489 = EDGE_LOOP('',(#11490,#11496,#11497,#11498));
#11490 = ORIENTED_EDGE('',*,*,#11491,.T.);
#11491 = EDGE_CURVE('',#11055,#11128,#11492,.T.);
#11492 = LINE('',#11493,#11494);
#11493 = CARTESIAN_POINT('',(-2.64,0.25,1.25));
#11494 = VECTOR('',#11495,1.);
#11495 = DIRECTION('',(1.,-1.110223024625E-16,0.));
#11496 = ORIENTED_EDGE('',*,*,#11135,.T.);
#11497 = ORIENTED_EDGE('',*,*,#11086,.F.);
#11498 = ORIENTED_EDGE('',*,*,#11062,.F.);
#11499 = PLANE('',#11500);
#11500 = AXIS2_PLACEMENT_3D('',#11501,#11502,#11503);
#11501 = CARTESIAN_POINT('',(-2.64,0.25,1.25));
#11502 = DIRECTION('',(-1.110223024625E-16,-1.,0.));
#11503 = DIRECTION('',(0.,0.,1.));
#11504 = ADVANCED_FACE('',(#11505),#11516,.T.);
#11505 = FACE_BOUND('',#11506,.T.);
#11506 = EDGE_LOOP('',(#11507,#11513,#11514,#11515));
#11507 = ORIENTED_EDGE('',*,*,#11508,.T.);
#11508 = EDGE_CURVE('',#11047,#11120,#11509,.T.);
#11509 = LINE('',#11510,#11511);
#11510 = CARTESIAN_POINT('',(-2.64,-0.25,1.25));
#11511 = VECTOR('',#11512,1.);
#11512 = DIRECTION('',(1.,-1.110223024625E-16,0.));
#11513 = ORIENTED_EDGE('',*,*,#11127,.T.);
#11514 = ORIENTED_EDGE('',*,*,#11491,.F.);
#11515 = ORIENTED_EDGE('',*,*,#11054,.F.);
#11516 = PLANE('',#11517);
#11517 = AXIS2_PLACEMENT_3D('',#11518,#11519,#11520);
#11518 = CARTESIAN_POINT('',(-2.64,-0.25,1.25));
#11519 = DIRECTION('',(0.,0.,1.));
#11520 = DIRECTION('',(1.110223024625E-16,1.,-0.));
#11521 = ADVANCED_FACE('',(#11522),#11528,.T.);
#11522 = FACE_BOUND('',#11523,.T.);
#11523 = EDGE_LOOP('',(#11524,#11525,#11526,#11527));
#11524 = ORIENTED_EDGE('',*,*,#11154,.T.);
#11525 = ORIENTED_EDGE('',*,*,#11119,.T.);
#11526 = ORIENTED_EDGE('',*,*,#11508,.F.);
#11527 = ORIENTED_EDGE('',*,*,#11046,.F.);
#11528 = PLANE('',#11529);
#11529 = AXIS2_PLACEMENT_3D('',#11530,#11531,#11532);
#11530 = CARTESIAN_POINT('',(-2.64,-0.25,7.35));
#11531 = DIRECTION('',(1.110223024625E-16,1.,0.));
#11532 = DIRECTION('',(0.,0.,-1.));
#11533 = ( GEOMETRIC_REPRESENTATION_CONTEXT(3) 
GLOBAL_UNCERTAINTY_ASSIGNED_CONTEXT((#11537)) 
GLOBAL_UNIT_ASSIGNED_CONTEXT((#11534,#11535,#11536)) 
REPRESENTATION_CONTEXT('Context #1',
  '3D Context with UNIT and UNCERTAINTY') );
#11534 = ( LENGTH_UNIT() NAMED_UNIT(*) SI_UNIT(.MILLI.,.METRE.) );
#11535 = ( NAMED_UNIT(*) PLANE_ANGLE_UNIT() SI_UNIT($,.RADIAN.) );
#11536 = ( NAMED_UNIT(*) SI_UNIT($,.STERADIAN.) SOLID_ANGLE_UNIT() );
#11537 = UNCERTAINTY_MEASURE_WITH_UNIT(LENGTH_MEASURE(1.E-07),#11534,
  'distance_accuracy_value','confusion accuracy');
#11538 = CONTEXT_DEPENDENT_SHAPE_REPRESENTATION(#11539,#11541);
#11539 = ( REPRESENTATION_RELATIONSHIP('','',#5042,#5019) 
REPRESENTATION_RELATIONSHIP_WITH_TRANSFORMATION(#11540) 
SHAPE_REPRESENTATION_RELATIONSHIP() );
#11540 = ITEM_DEFINED_TRANSFORMATION('','',#11,#5020);
#11541 = PRODUCT_DEFINITION_SHAPE('Placement','Placement of an item',
  #11542);
#11542 = NEXT_ASSEMBLY_USAGE_OCCURRENCE('12','=>[0:1:1:14]','',#5014,
  #5037,$);
#11543 = PRODUCT_RELATED_PRODUCT_CATEGORY('part',$,(#5039));
#11544 = CONTEXT_DEPENDENT_SHAPE_REPRESENTATION(#11545,#11547);
#11545 = ( REPRESENTATION_RELATIONSHIP('','',#48,#10) 
REPRESENTATION_RELATIONSHIP_WITH_TRANSFORMATION(#11546) 
SHAPE_REPRESENTATION_RELATIONSHIP() );
#11546 = ITEM_DEFINED_TRANSFORMATION('','',#11,#27);
#11547 = PRODUCT_DEFINITION_SHAPE('Placement','Placement of an item',
  #11548);
#11548 = NEXT_ASSEMBLY_USAGE_OCCURRENCE('14','C189','',#5,#43,$);
#11549 = SHAPE_DEFINITION_REPRESENTATION(#11550,#11556);
#11550 = PRODUCT_DEFINITION_SHAPE('','',#11551);
#11551 = PRODUCT_DEFINITION('design','',#11552,#11555);
#11552 = PRODUCT_DEFINITION_FORMATION('','',#11553);
#11553 = PRODUCT('IOBoard_PCB','IOBoard_PCB','',(#11554));
#11554 = PRODUCT_CONTEXT('',#2,'mechanical');
#11555 = PRODUCT_DEFINITION_CONTEXT('part definition',#2,'design');
#11556 = ADVANCED_BREP_SHAPE_REPRESENTATION('',(#11,#11557),#17416);
#11557 = MANIFOLD_SOLID_BREP('',#11558);
#11558 = CLOSED_SHELL('',(#11559,#11599,#11630,#11661,#13283,#14905,
    #14922,#14939,#14956,#14973,#14985,#15002,#15019,#15036,#15053,
    #15070,#15087,#15104,#15121,#15138,#15155,#15172,#15189,#15206,
    #15223,#15240,#15257,#15274,#15291,#15308,#15325,#15342,#15359,
    #15376,#15393,#15410,#15427,#15444,#15461,#15478,#15495,#15512,
    #15529,#15546,#15563,#15580,#15597,#15614,#15631,#15648,#15665,
    #15682,#15699,#15716,#15733,#15750,#15767,#15784,#15801,#15818,
    #15835,#15852,#15869,#15886,#15903,#15920,#15937,#15954,#15971,
    #15988,#16005,#16022,#16039,#16056,#16073,#16090,#16107,#16124,
    #16141,#16158,#16175,#16192,#16209,#16226,#16243,#16260,#16277,
    #16294,#16311,#16328,#16345,#16362,#16379,#16396,#16413,#16430,
    #16447,#16464,#16481,#16498,#16515,#16532,#16549,#16566,#16583,
    #16600,#16617,#16634,#16651,#16668,#16685,#16702,#16719,#16736,
    #16753,#16770,#16787,#16804,#16821,#16838,#16855,#16872,#16889,
    #16906,#16923,#16940,#16957,#16974,#16991,#17008,#17025,#17042,
    #17059,#17076,#17093,#17110,#17127,#17144,#17161,#17178,#17195,
    #17212,#17229,#17246,#17263,#17280,#17297,#17314,#17331,#17348,
    #17365,#17382,#17399));
#11559 = ADVANCED_FACE('',(#11560),#11594,.T.);
#11560 = FACE_BOUND('',#11561,.T.);
#11561 = EDGE_LOOP('',(#11562,#11572,#11580,#11588));
#11562 = ORIENTED_EDGE('',*,*,#11563,.T.);
#11563 = EDGE_CURVE('',#11564,#11566,#11568,.T.);
#11564 = VERTEX_POINT('',#11565);
#11565 = CARTESIAN_POINT('',(260.,-2.5,0.));
#11566 = VERTEX_POINT('',#11567);
#11567 = CARTESIAN_POINT('',(260.,-2.5,1.51));
#11568 = LINE('',#11569,#11570);
#11569 = CARTESIAN_POINT('',(260.,-2.5,0.));
#11570 = VECTOR('',#11571,1.);
#11571 = DIRECTION('',(0.,0.,1.));
#11572 = ORIENTED_EDGE('',*,*,#11573,.T.);
#11573 = EDGE_CURVE('',#11566,#11574,#11576,.T.);
#11574 = VERTEX_POINT('',#11575);
#11575 = CARTESIAN_POINT('',(260.,-42.5,1.51));
#11576 = LINE('',#11577,#11578);
#11577 = CARTESIAN_POINT('',(260.,-2.5,1.51));
#11578 = VECTOR('',#11579,1.);
#11579 = DIRECTION('',(0.,-1.,0.));
#11580 = ORIENTED_EDGE('',*,*,#11581,.F.);
#11581 = EDGE_CURVE('',#11582,#11574,#11584,.T.);
#11582 = VERTEX_POINT('',#11583);
#11583 = CARTESIAN_POINT('',(260.,-42.5,0.));
#11584 = LINE('',#11585,#11586);
#11585 = CARTESIAN_POINT('',(260.,-42.5,0.));
#11586 = VECTOR('',#11587,1.);
#11587 = DIRECTION('',(0.,0.,1.));
#11588 = ORIENTED_EDGE('',*,*,#11589,.F.);
#11589 = EDGE_CURVE('',#11564,#11582,#11590,.T.);
#11590 = LINE('',#11591,#11592);
#11591 = CARTESIAN_POINT('',(260.,-2.5,0.));
#11592 = VECTOR('',#11593,1.);
#11593 = DIRECTION('',(0.,-1.,0.));
#11594 = PLANE('',#11595);
#11595 = AXIS2_PLACEMENT_3D('',#11596,#11597,#11598);
#11596 = CARTESIAN_POINT('',(260.,-2.5,0.));
#11597 = DIRECTION('',(1.,0.,-0.));
#11598 = DIRECTION('',(0.,-1.,0.));
#11599 = ADVANCED_FACE('',(#11600),#11625,.T.);
#11600 = FACE_BOUND('',#11601,.T.);
#11601 = EDGE_LOOP('',(#11602,#11612,#11618,#11619));
#11602 = ORIENTED_EDGE('',*,*,#11603,.T.);
#11603 = EDGE_CURVE('',#11604,#11606,#11608,.T.);
#11604 = VERTEX_POINT('',#11605);
#11605 = CARTESIAN_POINT('',(257.5,-0.,0.));
#11606 = VERTEX_POINT('',#11607);
#11607 = CARTESIAN_POINT('',(257.5,0.,1.51));
#11608 = LINE('',#11609,#11610);
#11609 = CARTESIAN_POINT('',(257.5,-0.,0.));
#11610 = VECTOR('',#11611,1.);
#11611 = DIRECTION('',(0.,0.,1.));
#11612 = ORIENTED_EDGE('',*,*,#11613,.T.);
#11613 = EDGE_CURVE('',#11606,#11566,#11614,.T.);
#11614 = LINE('',#11615,#11616);
#11615 = CARTESIAN_POINT('',(257.5,0.,1.51));
#11616 = VECTOR('',#11617,1.);
#11617 = DIRECTION('',(0.707106781187,-0.707106781187,0.));
#11618 = ORIENTED_EDGE('',*,*,#11563,.F.);
#11619 = ORIENTED_EDGE('',*,*,#11620,.F.);
#11620 = EDGE_CURVE('',#11604,#11564,#11621,.T.);
#11621 = LINE('',#11622,#11623);
#11622 = CARTESIAN_POINT('',(257.5,-0.,0.));
#11623 = VECTOR('',#11624,1.);
#11624 = DIRECTION('',(0.707106781187,-0.707106781187,0.));
#11625 = PLANE('',#11626);
#11626 = AXIS2_PLACEMENT_3D('',#11627,#11628,#11629);
#11627 = CARTESIAN_POINT('',(257.5,-0.,0.));
#11628 = DIRECTION('',(0.707106781187,0.707106781187,-0.));
#11629 = DIRECTION('',(0.707106781187,-0.707106781187,0.));
#11630 = ADVANCED_FACE('',(#11631),#11656,.T.);
#11631 = FACE_BOUND('',#11632,.T.);
#11632 = EDGE_LOOP('',(#11633,#11634,#11642,#11650));
#11633 = ORIENTED_EDGE('',*,*,#11581,.T.);
#11634 = ORIENTED_EDGE('',*,*,#11635,.T.);
#11635 = EDGE_CURVE('',#11574,#11636,#11638,.T.);
#11636 = VERTEX_POINT('',#11637);
#11637 = CARTESIAN_POINT('',(257.5,-45.,1.51));
#11638 = LINE('',#11639,#11640);
#11639 = CARTESIAN_POINT('',(260.,-42.5,1.51));
#11640 = VECTOR('',#11641,1.);
#11641 = DIRECTION('',(-0.707106781187,-0.707106781187,0.));
#11642 = ORIENTED_EDGE('',*,*,#11643,.F.);
#11643 = EDGE_CURVE('',#11644,#11636,#11646,.T.);
#11644 = VERTEX_POINT('',#11645);
#11645 = CARTESIAN_POINT('',(257.5,-45.,0.));
#11646 = LINE('',#11647,#11648);
#11647 = CARTESIAN_POINT('',(257.5,-45.,0.));
#11648 = VECTOR('',#11649,1.);
#11649 = DIRECTION('',(0.,0.,1.));
#11650 = ORIENTED_EDGE('',*,*,#11651,.F.);
#11651 = EDGE_CURVE('',#11582,#11644,#11652,.T.);
#11652 = LINE('',#11653,#11654);
#11653 = CARTESIAN_POINT('',(260.,-42.5,0.));
#11654 = VECTOR('',#11655,1.);
#11655 = DIRECTION('',(-0.707106781187,-0.707106781187,0.));
#11656 = PLANE('',#11657);
#11657 = AXIS2_PLACEMENT_3D('',#11658,#11659,#11660);
#11658 = CARTESIAN_POINT('',(260.,-42.5,0.));
#11659 = DIRECTION('',(0.707106781187,-0.707106781187,0.));
#11660 = DIRECTION('',(-0.707106781187,-0.707106781187,0.));
#11661 = ADVANCED_FACE('',(#11662,#11705,#11716,#11727,#11738,#11749,
    #11760,#11771,#11782,#11793,#11804,#11815,#11826,#11837,#11848,
    #11859,#11870,#11881,#11892,#11903,#11914,#11925,#11936,#11947,
    #11958,#11969,#11980,#11991,#12002,#12013,#12024,#12035,#12046,
    #12057,#12068,#12079,#12090,#12101,#12112,#12123,#12134,#12145,
    #12156,#12167,#12178,#12189,#12200,#12211,#12222,#12233,#12244,
    #12255,#12266,#12277,#12288,#12299,#12310,#12321,#12332,#12343,
    #12354,#12365,#12376,#12387,#12398,#12409,#12420,#12431,#12442,
    #12453,#12464,#12475,#12486,#12497,#12508,#12519,#12530,#12541,
    #12552,#12563,#12574,#12585,#12596,#12607,#12618,#12629,#12640,
    #12651,#12662,#12673,#12684,#12695,#12706,#12717,#12728,#12739,
    #12750,#12761,#12772,#12783,#12794,#12805,#12816,#12827,#12838,
    #12849,#12860,#12871,#12882,#12893,#12904,#12915,#12926,#12937,
    #12948,#12959,#12970,#12981,#12992,#13003,#13014,#13025,#13036,
    #13047,#13058,#13069,#13080,#13091,#13102,#13113,#13124,#13135,
    #13146,#13157,#13168,#13179,#13190,#13201,#13212,#13223,#13234,
    #13245,#13256,#13267),#13278,.F.);
#11662 = FACE_BOUND('',#11663,.F.);
#11663 = EDGE_LOOP('',(#11664,#11665,#11666,#11674,#11682,#11690,#11698,
    #11704));
#11664 = ORIENTED_EDGE('',*,*,#11589,.F.);
#11665 = ORIENTED_EDGE('',*,*,#11620,.F.);
#11666 = ORIENTED_EDGE('',*,*,#11667,.F.);
#11667 = EDGE_CURVE('',#11668,#11604,#11670,.T.);
#11668 = VERTEX_POINT('',#11669);
#11669 = CARTESIAN_POINT('',(2.5,-0.,0.));
#11670 = LINE('',#11671,#11672);
#11671 = CARTESIAN_POINT('',(2.5,-0.,0.));
#11672 = VECTOR('',#11673,1.);
#11673 = DIRECTION('',(1.,0.,0.));
#11674 = ORIENTED_EDGE('',*,*,#11675,.F.);
#11675 = EDGE_CURVE('',#11676,#11668,#11678,.T.);
#11676 = VERTEX_POINT('',#11677);
#11677 = CARTESIAN_POINT('',(0.,-2.5,0.));
#11678 = LINE('',#11679,#11680);
#11679 = CARTESIAN_POINT('',(0.,-2.5,0.));
#11680 = VECTOR('',#11681,1.);
#11681 = DIRECTION('',(0.707106781187,0.707106781187,0.));
#11682 = ORIENTED_EDGE('',*,*,#11683,.F.);
#11683 = EDGE_CURVE('',#11684,#11676,#11686,.T.);
#11684 = VERTEX_POINT('',#11685);
#11685 = CARTESIAN_POINT('',(0.,-42.5,0.));
#11686 = LINE('',#11687,#11688);
#11687 = CARTESIAN_POINT('',(0.,-42.5,0.));
#11688 = VECTOR('',#11689,1.);
#11689 = DIRECTION('',(0.,1.,0.));
#11690 = ORIENTED_EDGE('',*,*,#11691,.F.);
#11691 = EDGE_CURVE('',#11692,#11684,#11694,.T.);
#11692 = VERTEX_POINT('',#11693);
#11693 = CARTESIAN_POINT('',(2.5,-45.,0.));
#11694 = LINE('',#11695,#11696);
#11695 = CARTESIAN_POINT('',(2.5,-45.,0.));
#11696 = VECTOR('',#11697,1.);
#11697 = DIRECTION('',(-0.707106781187,0.707106781187,0.));
#11698 = ORIENTED_EDGE('',*,*,#11699,.F.);
#11699 = EDGE_CURVE('',#11644,#11692,#11700,.T.);
#11700 = LINE('',#11701,#11702);
#11701 = CARTESIAN_POINT('',(257.5,-45.,0.));
#11702 = VECTOR('',#11703,1.);
#11703 = DIRECTION('',(-1.,0.,0.));
#11704 = ORIENTED_EDGE('',*,*,#11651,.F.);
#11705 = FACE_BOUND('',#11706,.F.);
#11706 = EDGE_LOOP('',(#11707));
#11707 = ORIENTED_EDGE('',*,*,#11708,.T.);
#11708 = EDGE_CURVE('',#11709,#11709,#11711,.T.);
#11709 = VERTEX_POINT('',#11710);
#11710 = CARTESIAN_POINT('',(5.5,-42.15,0.));
#11711 = CIRCLE('',#11712,2.65);
#11712 = AXIS2_PLACEMENT_3D('',#11713,#11714,#11715);
#11713 = CARTESIAN_POINT('',(5.5,-39.5,0.));
#11714 = DIRECTION('',(-0.,0.,-1.));
#11715 = DIRECTION('',(-0.,-1.,0.));
#11716 = FACE_BOUND('',#11717,.F.);
#11717 = EDGE_LOOP('',(#11718));
#11718 = ORIENTED_EDGE('',*,*,#11719,.T.);
#11719 = EDGE_CURVE('',#11720,#11720,#11722,.T.);
#11720 = VERTEX_POINT('',#11721);
#11721 = CARTESIAN_POINT('',(53.96,-43.5,0.));
#11722 = CIRCLE('',#11723,0.5);
#11723 = AXIS2_PLACEMENT_3D('',#11724,#11725,#11726);
#11724 = CARTESIAN_POINT('',(53.96,-43.,0.));
#11725 = DIRECTION('',(-0.,0.,-1.));
#11726 = DIRECTION('',(-0.,-1.,0.));
#11727 = FACE_BOUND('',#11728,.F.);
#11728 = EDGE_LOOP('',(#11729));
#11729 = ORIENTED_EDGE('',*,*,#11730,.T.);
#11730 = EDGE_CURVE('',#11731,#11731,#11733,.T.);
#11731 = VERTEX_POINT('',#11732);
#11732 = CARTESIAN_POINT('',(56.5,-43.5,0.));
#11733 = CIRCLE('',#11734,0.5);
#11734 = AXIS2_PLACEMENT_3D('',#11735,#11736,#11737);
#11735 = CARTESIAN_POINT('',(56.5,-43.,0.));
#11736 = DIRECTION('',(-0.,0.,-1.));
#11737 = DIRECTION('',(-0.,-1.,0.));
#11738 = FACE_BOUND('',#11739,.F.);
#11739 = EDGE_LOOP('',(#11740));
#11740 = ORIENTED_EDGE('',*,*,#11741,.T.);
#11741 = EDGE_CURVE('',#11742,#11742,#11744,.T.);
#11742 = VERTEX_POINT('',#11743);
#11743 = CARTESIAN_POINT('',(59.04,-43.5,0.));
#11744 = CIRCLE('',#11745,0.5);
#11745 = AXIS2_PLACEMENT_3D('',#11746,#11747,#11748);
#11746 = CARTESIAN_POINT('',(59.04,-43.,0.));
#11747 = DIRECTION('',(-0.,0.,-1.));
#11748 = DIRECTION('',(-0.,-1.,0.));
#11749 = FACE_BOUND('',#11750,.F.);
#11750 = EDGE_LOOP('',(#11751));
#11751 = ORIENTED_EDGE('',*,*,#11752,.T.);
#11752 = EDGE_CURVE('',#11753,#11753,#11755,.T.);
#11753 = VERTEX_POINT('',#11754);
#11754 = CARTESIAN_POINT('',(53.96,-40.96,0.));
#11755 = CIRCLE('',#11756,0.5);
#11756 = AXIS2_PLACEMENT_3D('',#11757,#11758,#11759);
#11757 = CARTESIAN_POINT('',(53.96,-40.46,0.));
#11758 = DIRECTION('',(-0.,0.,-1.));
#11759 = DIRECTION('',(-0.,-1.,0.));
#11760 = FACE_BOUND('',#11761,.F.);
#11761 = EDGE_LOOP('',(#11762));
#11762 = ORIENTED_EDGE('',*,*,#11763,.T.);
#11763 = EDGE_CURVE('',#11764,#11764,#11766,.T.);
#11764 = VERTEX_POINT('',#11765);
#11765 = CARTESIAN_POINT('',(56.5,-40.96,0.));
#11766 = CIRCLE('',#11767,0.5);
#11767 = AXIS2_PLACEMENT_3D('',#11768,#11769,#11770);
#11768 = CARTESIAN_POINT('',(56.5,-40.46,0.));
#11769 = DIRECTION('',(-0.,0.,-1.));
#11770 = DIRECTION('',(-0.,-1.,0.));
#11771 = FACE_BOUND('',#11772,.F.);
#11772 = EDGE_LOOP('',(#11773));
#11773 = ORIENTED_EDGE('',*,*,#11774,.T.);
#11774 = EDGE_CURVE('',#11775,#11775,#11777,.T.);
#11775 = VERTEX_POINT('',#11776);
#11776 = CARTESIAN_POINT('',(59.04,-40.96,0.));
#11777 = CIRCLE('',#11778,0.5);
#11778 = AXIS2_PLACEMENT_3D('',#11779,#11780,#11781);
#11779 = CARTESIAN_POINT('',(59.04,-40.46,0.));
#11780 = DIRECTION('',(-0.,0.,-1.));
#11781 = DIRECTION('',(-0.,-1.,0.));
#11782 = FACE_BOUND('',#11783,.F.);
#11783 = EDGE_LOOP('',(#11784));
#11784 = ORIENTED_EDGE('',*,*,#11785,.T.);
#11785 = EDGE_CURVE('',#11786,#11786,#11788,.T.);
#11786 = VERTEX_POINT('',#11787);
#11787 = CARTESIAN_POINT('',(85.,-42.15,0.));
#11788 = CIRCLE('',#11789,2.65);
#11789 = AXIS2_PLACEMENT_3D('',#11790,#11791,#11792);
#11790 = CARTESIAN_POINT('',(85.,-39.5,0.));
#11791 = DIRECTION('',(-0.,0.,-1.));
#11792 = DIRECTION('',(-0.,-1.,0.));
#11793 = FACE_BOUND('',#11794,.F.);
#11794 = EDGE_LOOP('',(#11795));
#11795 = ORIENTED_EDGE('',*,*,#11796,.T.);
#11796 = EDGE_CURVE('',#11797,#11797,#11799,.T.);
#11797 = VERTEX_POINT('',#11798);
#11798 = CARTESIAN_POINT('',(102.125,-30.3,0.));
#11799 = CIRCLE('',#11800,1.);
#11800 = AXIS2_PLACEMENT_3D('',#11801,#11802,#11803);
#11801 = CARTESIAN_POINT('',(102.125,-29.3,0.));
#11802 = DIRECTION('',(-0.,0.,-1.));
#11803 = DIRECTION('',(-0.,-1.,0.));
#11804 = FACE_BOUND('',#11805,.F.);
#11805 = EDGE_LOOP('',(#11806));
#11806 = ORIENTED_EDGE('',*,*,#11807,.T.);
#11807 = EDGE_CURVE('',#11808,#11808,#11810,.T.);
#11808 = VERTEX_POINT('',#11809);
#11809 = CARTESIAN_POINT('',(113.325,-26.925,0.));
#11810 = CIRCLE('',#11811,0.925);
#11811 = AXIS2_PLACEMENT_3D('',#11812,#11813,#11814);
#11812 = CARTESIAN_POINT('',(113.325,-26.,0.));
#11813 = DIRECTION('',(-0.,0.,-1.));
#11814 = DIRECTION('',(-0.,-1.,0.));
#11815 = FACE_BOUND('',#11816,.F.);
#11816 = EDGE_LOOP('',(#11817));
#11817 = ORIENTED_EDGE('',*,*,#11818,.T.);
#11818 = EDGE_CURVE('',#11819,#11819,#11821,.T.);
#11819 = VERTEX_POINT('',#11820);
#11820 = CARTESIAN_POINT('',(117.325,-26.925,0.));
#11821 = CIRCLE('',#11822,0.925);
#11822 = AXIS2_PLACEMENT_3D('',#11823,#11824,#11825);
#11823 = CARTESIAN_POINT('',(117.325,-26.,0.));
#11824 = DIRECTION('',(-0.,0.,-1.));
#11825 = DIRECTION('',(-0.,-1.,0.));
#11826 = FACE_BOUND('',#11827,.F.);
#11827 = EDGE_LOOP('',(#11828));
#11828 = ORIENTED_EDGE('',*,*,#11829,.T.);
#11829 = EDGE_CURVE('',#11830,#11830,#11832,.T.);
#11830 = VERTEX_POINT('',#11831);
#11831 = CARTESIAN_POINT('',(121.325,-26.925,0.));
#11832 = CIRCLE('',#11833,0.925);
#11833 = AXIS2_PLACEMENT_3D('',#11834,#11835,#11836);
#11834 = CARTESIAN_POINT('',(121.325,-26.,0.));
#11835 = DIRECTION('',(-0.,0.,-1.));
#11836 = DIRECTION('',(-0.,-1.,0.));
#11837 = FACE_BOUND('',#11838,.F.);
#11838 = EDGE_LOOP('',(#11839));
#11839 = ORIENTED_EDGE('',*,*,#11840,.T.);
#11840 = EDGE_CURVE('',#11841,#11841,#11843,.T.);
#11841 = VERTEX_POINT('',#11842);
#11842 = CARTESIAN_POINT('',(125.325,-26.925,0.));
#11843 = CIRCLE('',#11844,0.925);
#11844 = AXIS2_PLACEMENT_3D('',#11845,#11846,#11847);
#11845 = CARTESIAN_POINT('',(125.325,-26.,0.));
#11846 = DIRECTION('',(-0.,0.,-1.));
#11847 = DIRECTION('',(-0.,-1.,0.));
#11848 = FACE_BOUND('',#11849,.F.);
#11849 = EDGE_LOOP('',(#11850));
#11850 = ORIENTED_EDGE('',*,*,#11851,.T.);
#11851 = EDGE_CURVE('',#11852,#11852,#11854,.T.);
#11852 = VERTEX_POINT('',#11853);
#11853 = CARTESIAN_POINT('',(129.325,-26.925,0.));
#11854 = CIRCLE('',#11855,0.925);
#11855 = AXIS2_PLACEMENT_3D('',#11856,#11857,#11858);
#11856 = CARTESIAN_POINT('',(129.325,-26.,0.));
#11857 = DIRECTION('',(-0.,0.,-1.));
#11858 = DIRECTION('',(-0.,-1.,0.));
#11859 = FACE_BOUND('',#11860,.F.);
#11860 = EDGE_LOOP('',(#11861));
#11861 = ORIENTED_EDGE('',*,*,#11862,.T.);
#11862 = EDGE_CURVE('',#11863,#11863,#11865,.T.);
#11863 = VERTEX_POINT('',#11864);
#11864 = CARTESIAN_POINT('',(149.,-43.04,0.));
#11865 = CIRCLE('',#11866,0.5);
#11866 = AXIS2_PLACEMENT_3D('',#11867,#11868,#11869);
#11867 = CARTESIAN_POINT('',(149.,-42.54,0.));
#11868 = DIRECTION('',(-0.,0.,-1.));
#11869 = DIRECTION('',(-0.,-1.,0.));
#11870 = FACE_BOUND('',#11871,.F.);
#11871 = EDGE_LOOP('',(#11872));
#11872 = ORIENTED_EDGE('',*,*,#11873,.T.);
#11873 = EDGE_CURVE('',#11874,#11874,#11876,.T.);
#11874 = VERTEX_POINT('',#11875);
#11875 = CARTESIAN_POINT('',(151.54,-43.04,0.));
#11876 = CIRCLE('',#11877,0.5);
#11877 = AXIS2_PLACEMENT_3D('',#11878,#11879,#11880);
#11878 = CARTESIAN_POINT('',(151.54,-42.54,0.));
#11879 = DIRECTION('',(-0.,0.,-1.));
#11880 = DIRECTION('',(-0.,-1.,0.));
#11881 = FACE_BOUND('',#11882,.F.);
#11882 = EDGE_LOOP('',(#11883));
#11883 = ORIENTED_EDGE('',*,*,#11884,.T.);
#11884 = EDGE_CURVE('',#11885,#11885,#11887,.T.);
#11885 = VERTEX_POINT('',#11886);
#11886 = CARTESIAN_POINT('',(154.08,-43.04,0.));
#11887 = CIRCLE('',#11888,0.5);
#11888 = AXIS2_PLACEMENT_3D('',#11889,#11890,#11891);
#11889 = CARTESIAN_POINT('',(154.08,-42.54,0.));
#11890 = DIRECTION('',(-0.,0.,-1.));
#11891 = DIRECTION('',(-0.,-1.,0.));
#11892 = FACE_BOUND('',#11893,.F.);
#11893 = EDGE_LOOP('',(#11894));
#11894 = ORIENTED_EDGE('',*,*,#11895,.T.);
#11895 = EDGE_CURVE('',#11896,#11896,#11898,.T.);
#11896 = VERTEX_POINT('',#11897);
#11897 = CARTESIAN_POINT('',(156.62,-43.04,0.));
#11898 = CIRCLE('',#11899,0.5);
#11899 = AXIS2_PLACEMENT_3D('',#11900,#11901,#11902);
#11900 = CARTESIAN_POINT('',(156.62,-42.54,0.));
#11901 = DIRECTION('',(-0.,0.,-1.));
#11902 = DIRECTION('',(-0.,-1.,0.));
#11903 = FACE_BOUND('',#11904,.F.);
#11904 = EDGE_LOOP('',(#11905));
#11905 = ORIENTED_EDGE('',*,*,#11906,.T.);
#11906 = EDGE_CURVE('',#11907,#11907,#11909,.T.);
#11907 = VERTEX_POINT('',#11908);
#11908 = CARTESIAN_POINT('',(159.16,-43.04,0.));
#11909 = CIRCLE('',#11910,0.5);
#11910 = AXIS2_PLACEMENT_3D('',#11911,#11912,#11913);
#11911 = CARTESIAN_POINT('',(159.16,-42.54,0.));
#11912 = DIRECTION('',(-0.,0.,-1.));
#11913 = DIRECTION('',(-0.,-1.,0.));
#11914 = FACE_BOUND('',#11915,.F.);
#11915 = EDGE_LOOP('',(#11916));
#11916 = ORIENTED_EDGE('',*,*,#11917,.T.);
#11917 = EDGE_CURVE('',#11918,#11918,#11920,.T.);
#11918 = VERTEX_POINT('',#11919);
#11919 = CARTESIAN_POINT('',(161.7,-43.04,0.));
#11920 = CIRCLE('',#11921,0.5);
#11921 = AXIS2_PLACEMENT_3D('',#11922,#11923,#11924);
#11922 = CARTESIAN_POINT('',(161.7,-42.54,0.));
#11923 = DIRECTION('',(-0.,0.,-1.));
#11924 = DIRECTION('',(-0.,-1.,0.));
#11925 = FACE_BOUND('',#11926,.F.);
#11926 = EDGE_LOOP('',(#11927));
#11927 = ORIENTED_EDGE('',*,*,#11928,.T.);
#11928 = EDGE_CURVE('',#11929,#11929,#11931,.T.);
#11929 = VERTEX_POINT('',#11930);
#11930 = CARTESIAN_POINT('',(149.,-40.5,0.));
#11931 = CIRCLE('',#11932,0.5);
#11932 = AXIS2_PLACEMENT_3D('',#11933,#11934,#11935);
#11933 = CARTESIAN_POINT('',(149.,-40.,0.));
#11934 = DIRECTION('',(-0.,0.,-1.));
#11935 = DIRECTION('',(-0.,-1.,0.));
#11936 = FACE_BOUND('',#11937,.F.);
#11937 = EDGE_LOOP('',(#11938));
#11938 = ORIENTED_EDGE('',*,*,#11939,.T.);
#11939 = EDGE_CURVE('',#11940,#11940,#11942,.T.);
#11940 = VERTEX_POINT('',#11941);
#11941 = CARTESIAN_POINT('',(151.54,-40.5,0.));
#11942 = CIRCLE('',#11943,0.5);
#11943 = AXIS2_PLACEMENT_3D('',#11944,#11945,#11946);
#11944 = CARTESIAN_POINT('',(151.54,-40.,0.));
#11945 = DIRECTION('',(-0.,0.,-1.));
#11946 = DIRECTION('',(-0.,-1.,0.));
#11947 = FACE_BOUND('',#11948,.F.);
#11948 = EDGE_LOOP('',(#11949));
#11949 = ORIENTED_EDGE('',*,*,#11950,.T.);
#11950 = EDGE_CURVE('',#11951,#11951,#11953,.T.);
#11951 = VERTEX_POINT('',#11952);
#11952 = CARTESIAN_POINT('',(154.08,-40.5,0.));
#11953 = CIRCLE('',#11954,0.5);
#11954 = AXIS2_PLACEMENT_3D('',#11955,#11956,#11957);
#11955 = CARTESIAN_POINT('',(154.08,-40.,0.));
#11956 = DIRECTION('',(-0.,0.,-1.));
#11957 = DIRECTION('',(-0.,-1.,0.));
#11958 = FACE_BOUND('',#11959,.F.);
#11959 = EDGE_LOOP('',(#11960));
#11960 = ORIENTED_EDGE('',*,*,#11961,.T.);
#11961 = EDGE_CURVE('',#11962,#11962,#11964,.T.);
#11962 = VERTEX_POINT('',#11963);
#11963 = CARTESIAN_POINT('',(156.62,-40.5,0.));
#11964 = CIRCLE('',#11965,0.5);
#11965 = AXIS2_PLACEMENT_3D('',#11966,#11967,#11968);
#11966 = CARTESIAN_POINT('',(156.62,-40.,0.));
#11967 = DIRECTION('',(-0.,0.,-1.));
#11968 = DIRECTION('',(-0.,-1.,0.));
#11969 = FACE_BOUND('',#11970,.F.);
#11970 = EDGE_LOOP('',(#11971));
#11971 = ORIENTED_EDGE('',*,*,#11972,.T.);
#11972 = EDGE_CURVE('',#11973,#11973,#11975,.T.);
#11973 = VERTEX_POINT('',#11974);
#11974 = CARTESIAN_POINT('',(159.16,-40.5,0.));
#11975 = CIRCLE('',#11976,0.5);
#11976 = AXIS2_PLACEMENT_3D('',#11977,#11978,#11979);
#11977 = CARTESIAN_POINT('',(159.16,-40.,0.));
#11978 = DIRECTION('',(-0.,0.,-1.));
#11979 = DIRECTION('',(-0.,-1.,0.));
#11980 = FACE_BOUND('',#11981,.F.);
#11981 = EDGE_LOOP('',(#11982));
#11982 = ORIENTED_EDGE('',*,*,#11983,.T.);
#11983 = EDGE_CURVE('',#11984,#11984,#11986,.T.);
#11984 = VERTEX_POINT('',#11985);
#11985 = CARTESIAN_POINT('',(161.7,-40.5,0.));
#11986 = CIRCLE('',#11987,0.5);
#11987 = AXIS2_PLACEMENT_3D('',#11988,#11989,#11990);
#11988 = CARTESIAN_POINT('',(161.7,-40.,0.));
#11989 = DIRECTION('',(-0.,0.,-1.));
#11990 = DIRECTION('',(-0.,-1.,0.));
#11991 = FACE_BOUND('',#11992,.F.);
#11992 = EDGE_LOOP('',(#11993));
#11993 = ORIENTED_EDGE('',*,*,#11994,.T.);
#11994 = EDGE_CURVE('',#11995,#11995,#11997,.T.);
#11995 = VERTEX_POINT('',#11996);
#11996 = CARTESIAN_POINT('',(164.24,-43.04,0.));
#11997 = CIRCLE('',#11998,0.5);
#11998 = AXIS2_PLACEMENT_3D('',#11999,#12000,#12001);
#11999 = CARTESIAN_POINT('',(164.24,-42.54,0.));
#12000 = DIRECTION('',(-0.,0.,-1.));
#12001 = DIRECTION('',(-0.,-1.,0.));
#12002 = FACE_BOUND('',#12003,.F.);
#12003 = EDGE_LOOP('',(#12004));
#12004 = ORIENTED_EDGE('',*,*,#12005,.T.);
#12005 = EDGE_CURVE('',#12006,#12006,#12008,.T.);
#12006 = VERTEX_POINT('',#12007);
#12007 = CARTESIAN_POINT('',(166.78,-43.04,0.));
#12008 = CIRCLE('',#12009,0.5);
#12009 = AXIS2_PLACEMENT_3D('',#12010,#12011,#12012);
#12010 = CARTESIAN_POINT('',(166.78,-42.54,0.));
#12011 = DIRECTION('',(-0.,0.,-1.));
#12012 = DIRECTION('',(-0.,-1.,0.));
#12013 = FACE_BOUND('',#12014,.F.);
#12014 = EDGE_LOOP('',(#12015));
#12015 = ORIENTED_EDGE('',*,*,#12016,.T.);
#12016 = EDGE_CURVE('',#12017,#12017,#12019,.T.);
#12017 = VERTEX_POINT('',#12018);
#12018 = CARTESIAN_POINT('',(169.32,-43.04,0.));
#12019 = CIRCLE('',#12020,0.5);
#12020 = AXIS2_PLACEMENT_3D('',#12021,#12022,#12023);
#12021 = CARTESIAN_POINT('',(169.32,-42.54,0.));
#12022 = DIRECTION('',(-0.,0.,-1.));
#12023 = DIRECTION('',(-0.,-1.,0.));
#12024 = FACE_BOUND('',#12025,.F.);
#12025 = EDGE_LOOP('',(#12026));
#12026 = ORIENTED_EDGE('',*,*,#12027,.T.);
#12027 = EDGE_CURVE('',#12028,#12028,#12030,.T.);
#12028 = VERTEX_POINT('',#12029);
#12029 = CARTESIAN_POINT('',(171.86,-43.04,0.));
#12030 = CIRCLE('',#12031,0.5);
#12031 = AXIS2_PLACEMENT_3D('',#12032,#12033,#12034);
#12032 = CARTESIAN_POINT('',(171.86,-42.54,0.));
#12033 = DIRECTION('',(-0.,0.,-1.));
#12034 = DIRECTION('',(-0.,-1.,0.));
#12035 = FACE_BOUND('',#12036,.F.);
#12036 = EDGE_LOOP('',(#12037));
#12037 = ORIENTED_EDGE('',*,*,#12038,.T.);
#12038 = EDGE_CURVE('',#12039,#12039,#12041,.T.);
#12039 = VERTEX_POINT('',#12040);
#12040 = CARTESIAN_POINT('',(189.11,-42.765,0.));
#12041 = CIRCLE('',#12042,0.5);
#12042 = AXIS2_PLACEMENT_3D('',#12043,#12044,#12045);
#12043 = CARTESIAN_POINT('',(189.11,-42.265,0.));
#12044 = DIRECTION('',(-0.,0.,-1.));
#12045 = DIRECTION('',(-0.,-1.,0.));
#12046 = FACE_BOUND('',#12047,.F.);
#12047 = EDGE_LOOP('',(#12048));
#12048 = ORIENTED_EDGE('',*,*,#12049,.T.);
#12049 = EDGE_CURVE('',#12050,#12050,#12052,.T.);
#12050 = VERTEX_POINT('',#12051);
#12051 = CARTESIAN_POINT('',(191.65,-42.765,0.));
#12052 = CIRCLE('',#12053,0.5);
#12053 = AXIS2_PLACEMENT_3D('',#12054,#12055,#12056);
#12054 = CARTESIAN_POINT('',(191.65,-42.265,0.));
#12055 = DIRECTION('',(-0.,0.,-1.));
#12056 = DIRECTION('',(-0.,-1.,0.));
#12057 = FACE_BOUND('',#12058,.F.);
#12058 = EDGE_LOOP('',(#12059));
#12059 = ORIENTED_EDGE('',*,*,#12060,.T.);
#12060 = EDGE_CURVE('',#12061,#12061,#12063,.T.);
#12061 = VERTEX_POINT('',#12062);
#12062 = CARTESIAN_POINT('',(164.24,-40.5,0.));
#12063 = CIRCLE('',#12064,0.5);
#12064 = AXIS2_PLACEMENT_3D('',#12065,#12066,#12067);
#12065 = CARTESIAN_POINT('',(164.24,-40.,0.));
#12066 = DIRECTION('',(-0.,0.,-1.));
#12067 = DIRECTION('',(-0.,-1.,0.));
#12068 = FACE_BOUND('',#12069,.F.);
#12069 = EDGE_LOOP('',(#12070));
#12070 = ORIENTED_EDGE('',*,*,#12071,.T.);
#12071 = EDGE_CURVE('',#12072,#12072,#12074,.T.);
#12072 = VERTEX_POINT('',#12073);
#12073 = CARTESIAN_POINT('',(166.78,-40.5,0.));
#12074 = CIRCLE('',#12075,0.5);
#12075 = AXIS2_PLACEMENT_3D('',#12076,#12077,#12078);
#12076 = CARTESIAN_POINT('',(166.78,-40.,0.));
#12077 = DIRECTION('',(-0.,0.,-1.));
#12078 = DIRECTION('',(-0.,-1.,0.));
#12079 = FACE_BOUND('',#12080,.F.);
#12080 = EDGE_LOOP('',(#12081));
#12081 = ORIENTED_EDGE('',*,*,#12082,.T.);
#12082 = EDGE_CURVE('',#12083,#12083,#12085,.T.);
#12083 = VERTEX_POINT('',#12084);
#12084 = CARTESIAN_POINT('',(169.32,-40.5,0.));
#12085 = CIRCLE('',#12086,0.5);
#12086 = AXIS2_PLACEMENT_3D('',#12087,#12088,#12089);
#12087 = CARTESIAN_POINT('',(169.32,-40.,0.));
#12088 = DIRECTION('',(-0.,0.,-1.));
#12089 = DIRECTION('',(-0.,-1.,0.));
#12090 = FACE_BOUND('',#12091,.F.);
#12091 = EDGE_LOOP('',(#12092));
#12092 = ORIENTED_EDGE('',*,*,#12093,.T.);
#12093 = EDGE_CURVE('',#12094,#12094,#12096,.T.);
#12094 = VERTEX_POINT('',#12095);
#12095 = CARTESIAN_POINT('',(171.86,-40.5,0.));
#12096 = CIRCLE('',#12097,0.5);
#12097 = AXIS2_PLACEMENT_3D('',#12098,#12099,#12100);
#12098 = CARTESIAN_POINT('',(171.86,-40.,0.));
#12099 = DIRECTION('',(-0.,0.,-1.));
#12100 = DIRECTION('',(-0.,-1.,0.));
#12101 = FACE_BOUND('',#12102,.F.);
#12102 = EDGE_LOOP('',(#12103));
#12103 = ORIENTED_EDGE('',*,*,#12104,.T.);
#12104 = EDGE_CURVE('',#12105,#12105,#12107,.T.);
#12105 = VERTEX_POINT('',#12106);
#12106 = CARTESIAN_POINT('',(189.11,-40.225,0.));
#12107 = CIRCLE('',#12108,0.5);
#12108 = AXIS2_PLACEMENT_3D('',#12109,#12110,#12111);
#12109 = CARTESIAN_POINT('',(189.11,-39.725,0.));
#12110 = DIRECTION('',(-0.,0.,-1.));
#12111 = DIRECTION('',(-0.,-1.,0.));
#12112 = FACE_BOUND('',#12113,.F.);
#12113 = EDGE_LOOP('',(#12114));
#12114 = ORIENTED_EDGE('',*,*,#12115,.T.);
#12115 = EDGE_CURVE('',#12116,#12116,#12118,.T.);
#12116 = VERTEX_POINT('',#12117);
#12117 = CARTESIAN_POINT('',(191.65,-40.225,0.));
#12118 = CIRCLE('',#12119,0.5);
#12119 = AXIS2_PLACEMENT_3D('',#12120,#12121,#12122);
#12120 = CARTESIAN_POINT('',(191.65,-39.725,0.));
#12121 = DIRECTION('',(-0.,0.,-1.));
#12122 = DIRECTION('',(-0.,-1.,0.));
#12123 = FACE_BOUND('',#12124,.F.);
#12124 = EDGE_LOOP('',(#12125));
#12125 = ORIENTED_EDGE('',*,*,#12126,.T.);
#12126 = EDGE_CURVE('',#12127,#12127,#12129,.T.);
#12127 = VERTEX_POINT('',#12128);
#12128 = CARTESIAN_POINT('',(180.,-42.15,0.));
#12129 = CIRCLE('',#12130,2.65);
#12130 = AXIS2_PLACEMENT_3D('',#12131,#12132,#12133);
#12131 = CARTESIAN_POINT('',(180.,-39.5,0.));
#12132 = DIRECTION('',(-0.,0.,-1.));
#12133 = DIRECTION('',(-0.,-1.,0.));
#12134 = FACE_BOUND('',#12135,.F.);
#12135 = EDGE_LOOP('',(#12136));
#12136 = ORIENTED_EDGE('',*,*,#12137,.T.);
#12137 = EDGE_CURVE('',#12138,#12138,#12140,.T.);
#12138 = VERTEX_POINT('',#12139);
#12139 = CARTESIAN_POINT('',(194.19,-42.765,0.));
#12140 = CIRCLE('',#12141,0.5);
#12141 = AXIS2_PLACEMENT_3D('',#12142,#12143,#12144);
#12142 = CARTESIAN_POINT('',(194.19,-42.265,0.));
#12143 = DIRECTION('',(-0.,0.,-1.));
#12144 = DIRECTION('',(-0.,-1.,0.));
#12145 = FACE_BOUND('',#12146,.F.);
#12146 = EDGE_LOOP('',(#12147));
#12147 = ORIENTED_EDGE('',*,*,#12148,.T.);
#12148 = EDGE_CURVE('',#12149,#12149,#12151,.T.);
#12149 = VERTEX_POINT('',#12150);
#12150 = CARTESIAN_POINT('',(196.73,-42.765,0.));
#12151 = CIRCLE('',#12152,0.5);
#12152 = AXIS2_PLACEMENT_3D('',#12153,#12154,#12155);
#12153 = CARTESIAN_POINT('',(196.73,-42.265,0.));
#12154 = DIRECTION('',(-0.,0.,-1.));
#12155 = DIRECTION('',(-0.,-1.,0.));
#12156 = FACE_BOUND('',#12157,.F.);
#12157 = EDGE_LOOP('',(#12158));
#12158 = ORIENTED_EDGE('',*,*,#12159,.T.);
#12159 = EDGE_CURVE('',#12160,#12160,#12162,.T.);
#12160 = VERTEX_POINT('',#12161);
#12161 = CARTESIAN_POINT('',(199.27,-42.765,0.));
#12162 = CIRCLE('',#12163,0.5);
#12163 = AXIS2_PLACEMENT_3D('',#12164,#12165,#12166);
#12164 = CARTESIAN_POINT('',(199.27,-42.265,0.));
#12165 = DIRECTION('',(-0.,0.,-1.));
#12166 = DIRECTION('',(-0.,-1.,0.));
#12167 = FACE_BOUND('',#12168,.F.);
#12168 = EDGE_LOOP('',(#12169));
#12169 = ORIENTED_EDGE('',*,*,#12170,.T.);
#12170 = EDGE_CURVE('',#12171,#12171,#12173,.T.);
#12171 = VERTEX_POINT('',#12172);
#12172 = CARTESIAN_POINT('',(201.81,-42.765,0.));
#12173 = CIRCLE('',#12174,0.5);
#12174 = AXIS2_PLACEMENT_3D('',#12175,#12176,#12177);
#12175 = CARTESIAN_POINT('',(201.81,-42.265,0.));
#12176 = DIRECTION('',(-0.,0.,-1.));
#12177 = DIRECTION('',(-0.,-1.,0.));
#12178 = FACE_BOUND('',#12179,.F.);
#12179 = EDGE_LOOP('',(#12180));
#12180 = ORIENTED_EDGE('',*,*,#12181,.T.);
#12181 = EDGE_CURVE('',#12182,#12182,#12184,.T.);
#12182 = VERTEX_POINT('',#12183);
#12183 = CARTESIAN_POINT('',(204.35,-42.765,0.));
#12184 = CIRCLE('',#12185,0.5);
#12185 = AXIS2_PLACEMENT_3D('',#12186,#12187,#12188);
#12186 = CARTESIAN_POINT('',(204.35,-42.265,0.));
#12187 = DIRECTION('',(-0.,0.,-1.));
#12188 = DIRECTION('',(-0.,-1.,0.));
#12189 = FACE_BOUND('',#12190,.F.);
#12190 = EDGE_LOOP('',(#12191));
#12191 = ORIENTED_EDGE('',*,*,#12192,.T.);
#12192 = EDGE_CURVE('',#12193,#12193,#12195,.T.);
#12193 = VERTEX_POINT('',#12194);
#12194 = CARTESIAN_POINT('',(206.89,-42.765,0.));
#12195 = CIRCLE('',#12196,0.5);
#12196 = AXIS2_PLACEMENT_3D('',#12197,#12198,#12199);
#12197 = CARTESIAN_POINT('',(206.89,-42.265,0.));
#12198 = DIRECTION('',(-0.,0.,-1.));
#12199 = DIRECTION('',(-0.,-1.,0.));
#12200 = FACE_BOUND('',#12201,.F.);
#12201 = EDGE_LOOP('',(#12202));
#12202 = ORIENTED_EDGE('',*,*,#12203,.T.);
#12203 = EDGE_CURVE('',#12204,#12204,#12206,.T.);
#12204 = VERTEX_POINT('',#12205);
#12205 = CARTESIAN_POINT('',(213.025,-42.85,0.));
#12206 = CIRCLE('',#12207,0.65);
#12207 = AXIS2_PLACEMENT_3D('',#12208,#12209,#12210);
#12208 = CARTESIAN_POINT('',(213.025,-42.2,0.));
#12209 = DIRECTION('',(-0.,0.,-1.));
#12210 = DIRECTION('',(-0.,-1.,0.));
#12211 = FACE_BOUND('',#12212,.F.);
#12212 = EDGE_LOOP('',(#12213));
#12213 = ORIENTED_EDGE('',*,*,#12214,.T.);
#12214 = EDGE_CURVE('',#12215,#12215,#12217,.T.);
#12215 = VERTEX_POINT('',#12216);
#12216 = CARTESIAN_POINT('',(225.225,-42.7,0.));
#12217 = CIRCLE('',#12218,0.5);
#12218 = AXIS2_PLACEMENT_3D('',#12219,#12220,#12221);
#12219 = CARTESIAN_POINT('',(225.225,-42.2,0.));
#12220 = DIRECTION('',(-0.,0.,-1.));
#12221 = DIRECTION('',(-0.,-1.,0.));
#12222 = FACE_BOUND('',#12223,.F.);
#12223 = EDGE_LOOP('',(#12224));
#12224 = ORIENTED_EDGE('',*,*,#12225,.T.);
#12225 = EDGE_CURVE('',#12226,#12226,#12228,.T.);
#12226 = VERTEX_POINT('',#12227);
#12227 = CARTESIAN_POINT('',(194.19,-40.225,0.));
#12228 = CIRCLE('',#12229,0.5);
#12229 = AXIS2_PLACEMENT_3D('',#12230,#12231,#12232);
#12230 = CARTESIAN_POINT('',(194.19,-39.725,0.));
#12231 = DIRECTION('',(-0.,0.,-1.));
#12232 = DIRECTION('',(-0.,-1.,0.));
#12233 = FACE_BOUND('',#12234,.F.);
#12234 = EDGE_LOOP('',(#12235));
#12235 = ORIENTED_EDGE('',*,*,#12236,.T.);
#12236 = EDGE_CURVE('',#12237,#12237,#12239,.T.);
#12237 = VERTEX_POINT('',#12238);
#12238 = CARTESIAN_POINT('',(196.73,-40.225,0.));
#12239 = CIRCLE('',#12240,0.5);
#12240 = AXIS2_PLACEMENT_3D('',#12241,#12242,#12243);
#12241 = CARTESIAN_POINT('',(196.73,-39.725,0.));
#12242 = DIRECTION('',(-0.,0.,-1.));
#12243 = DIRECTION('',(-0.,-1.,0.));
#12244 = FACE_BOUND('',#12245,.F.);
#12245 = EDGE_LOOP('',(#12246));
#12246 = ORIENTED_EDGE('',*,*,#12247,.T.);
#12247 = EDGE_CURVE('',#12248,#12248,#12250,.T.);
#12248 = VERTEX_POINT('',#12249);
#12249 = CARTESIAN_POINT('',(199.27,-40.225,0.));
#12250 = CIRCLE('',#12251,0.5);
#12251 = AXIS2_PLACEMENT_3D('',#12252,#12253,#12254);
#12252 = CARTESIAN_POINT('',(199.27,-39.725,0.));
#12253 = DIRECTION('',(-0.,0.,-1.));
#12254 = DIRECTION('',(-0.,-1.,0.));
#12255 = FACE_BOUND('',#12256,.F.);
#12256 = EDGE_LOOP('',(#12257));
#12257 = ORIENTED_EDGE('',*,*,#12258,.T.);
#12258 = EDGE_CURVE('',#12259,#12259,#12261,.T.);
#12259 = VERTEX_POINT('',#12260);
#12260 = CARTESIAN_POINT('',(201.81,-40.225,0.));
#12261 = CIRCLE('',#12262,0.5);
#12262 = AXIS2_PLACEMENT_3D('',#12263,#12264,#12265);
#12263 = CARTESIAN_POINT('',(201.81,-39.725,0.));
#12264 = DIRECTION('',(-0.,0.,-1.));
#12265 = DIRECTION('',(-0.,-1.,0.));
#12266 = FACE_BOUND('',#12267,.F.);
#12267 = EDGE_LOOP('',(#12268));
#12268 = ORIENTED_EDGE('',*,*,#12269,.T.);
#12269 = EDGE_CURVE('',#12270,#12270,#12272,.T.);
#12270 = VERTEX_POINT('',#12271);
#12271 = CARTESIAN_POINT('',(204.35,-40.225,0.));
#12272 = CIRCLE('',#12273,0.5);
#12273 = AXIS2_PLACEMENT_3D('',#12274,#12275,#12276);
#12274 = CARTESIAN_POINT('',(204.35,-39.725,0.));
#12275 = DIRECTION('',(-0.,0.,-1.));
#12276 = DIRECTION('',(-0.,-1.,0.));
#12277 = FACE_BOUND('',#12278,.F.);
#12278 = EDGE_LOOP('',(#12279));
#12279 = ORIENTED_EDGE('',*,*,#12280,.T.);
#12280 = EDGE_CURVE('',#12281,#12281,#12283,.T.);
#12281 = VERTEX_POINT('',#12282);
#12282 = CARTESIAN_POINT('',(206.89,-40.225,0.));
#12283 = CIRCLE('',#12284,0.5);
#12284 = AXIS2_PLACEMENT_3D('',#12285,#12286,#12287);
#12285 = CARTESIAN_POINT('',(206.89,-39.725,0.));
#12286 = DIRECTION('',(-0.,0.,-1.));
#12287 = DIRECTION('',(-0.,-1.,0.));
#12288 = FACE_BOUND('',#12289,.F.);
#12289 = EDGE_LOOP('',(#12290));
#12290 = ORIENTED_EDGE('',*,*,#12291,.T.);
#12291 = EDGE_CURVE('',#12292,#12292,#12294,.T.);
#12292 = VERTEX_POINT('',#12293);
#12293 = CARTESIAN_POINT('',(233.025,-42.85,0.));
#12294 = CIRCLE('',#12295,0.65);
#12295 = AXIS2_PLACEMENT_3D('',#12296,#12297,#12298);
#12296 = CARTESIAN_POINT('',(233.025,-42.2,0.));
#12297 = DIRECTION('',(-0.,0.,-1.));
#12298 = DIRECTION('',(-0.,-1.,0.));
#12299 = FACE_BOUND('',#12300,.F.);
#12300 = EDGE_LOOP('',(#12301));
#12301 = ORIENTED_EDGE('',*,*,#12302,.T.);
#12302 = EDGE_CURVE('',#12303,#12303,#12305,.T.);
#12303 = VERTEX_POINT('',#12304);
#12304 = CARTESIAN_POINT('',(245.225,-42.7,0.));
#12305 = CIRCLE('',#12306,0.5);
#12306 = AXIS2_PLACEMENT_3D('',#12307,#12308,#12309);
#12307 = CARTESIAN_POINT('',(245.225,-42.2,0.));
#12308 = DIRECTION('',(-0.,0.,-1.));
#12309 = DIRECTION('',(-0.,-1.,0.));
#12310 = FACE_BOUND('',#12311,.F.);
#12311 = EDGE_LOOP('',(#12312));
#12312 = ORIENTED_EDGE('',*,*,#12313,.T.);
#12313 = EDGE_CURVE('',#12314,#12314,#12316,.T.);
#12314 = VERTEX_POINT('',#12315);
#12315 = CARTESIAN_POINT('',(254.5,-42.15,0.));
#12316 = CIRCLE('',#12317,2.65);
#12317 = AXIS2_PLACEMENT_3D('',#12318,#12319,#12320);
#12318 = CARTESIAN_POINT('',(254.5,-39.5,0.));
#12319 = DIRECTION('',(-0.,0.,-1.));
#12320 = DIRECTION('',(-0.,-1.,0.));
#12321 = FACE_BOUND('',#12322,.F.);
#12322 = EDGE_LOOP('',(#12323));
#12323 = ORIENTED_EDGE('',*,*,#12324,.T.);
#12324 = EDGE_CURVE('',#12325,#12325,#12327,.T.);
#12325 = VERTEX_POINT('',#12326);
#12326 = CARTESIAN_POINT('',(227.225,-36.85,0.));
#12327 = CIRCLE('',#12328,0.65);
#12328 = AXIS2_PLACEMENT_3D('',#12329,#12330,#12331);
#12329 = CARTESIAN_POINT('',(227.225,-36.2,0.));
#12330 = DIRECTION('',(-0.,0.,-1.));
#12331 = DIRECTION('',(-0.,-1.,0.));
#12332 = FACE_BOUND('',#12333,.F.);
#12333 = EDGE_LOOP('',(#12334));
#12334 = ORIENTED_EDGE('',*,*,#12335,.T.);
#12335 = EDGE_CURVE('',#12336,#12336,#12338,.T.);
#12336 = VERTEX_POINT('',#12337);
#12337 = CARTESIAN_POINT('',(247.225,-36.85,0.));
#12338 = CIRCLE('',#12339,0.65);
#12339 = AXIS2_PLACEMENT_3D('',#12340,#12341,#12342);
#12340 = CARTESIAN_POINT('',(247.225,-36.2,0.));
#12341 = DIRECTION('',(-0.,0.,-1.));
#12342 = DIRECTION('',(-0.,-1.,0.));
#12343 = FACE_BOUND('',#12344,.F.);
#12344 = EDGE_LOOP('',(#12345));
#12345 = ORIENTED_EDGE('',*,*,#12346,.T.);
#12346 = EDGE_CURVE('',#12347,#12347,#12349,.T.);
#12347 = VERTEX_POINT('',#12348);
#12348 = CARTESIAN_POINT('',(168.525,-30.3,0.));
#12349 = CIRCLE('',#12350,1.);
#12350 = AXIS2_PLACEMENT_3D('',#12351,#12352,#12353);
#12351 = CARTESIAN_POINT('',(168.525,-29.3,0.));
#12352 = DIRECTION('',(-0.,0.,-1.));
#12353 = DIRECTION('',(-0.,-1.,0.));
#12354 = FACE_BOUND('',#12355,.F.);
#12355 = EDGE_LOOP('',(#12356));
#12356 = ORIENTED_EDGE('',*,*,#12357,.T.);
#12357 = EDGE_CURVE('',#12358,#12358,#12360,.T.);
#12358 = VERTEX_POINT('',#12359);
#12359 = CARTESIAN_POINT('',(133.325,-26.925,0.));
#12360 = CIRCLE('',#12361,0.925);
#12361 = AXIS2_PLACEMENT_3D('',#12362,#12363,#12364);
#12362 = CARTESIAN_POINT('',(133.325,-26.,0.));
#12363 = DIRECTION('',(-0.,0.,-1.));
#12364 = DIRECTION('',(-0.,-1.,0.));
#12365 = FACE_BOUND('',#12366,.F.);
#12366 = EDGE_LOOP('',(#12367));
#12367 = ORIENTED_EDGE('',*,*,#12368,.T.);
#12368 = EDGE_CURVE('',#12369,#12369,#12371,.T.);
#12369 = VERTEX_POINT('',#12370);
#12370 = CARTESIAN_POINT('',(137.325,-26.925,0.));
#12371 = CIRCLE('',#12372,0.925);
#12372 = AXIS2_PLACEMENT_3D('',#12373,#12374,#12375);
#12373 = CARTESIAN_POINT('',(137.325,-26.,0.));
#12374 = DIRECTION('',(-0.,0.,-1.));
#12375 = DIRECTION('',(-0.,-1.,0.));
#12376 = FACE_BOUND('',#12377,.F.);
#12377 = EDGE_LOOP('',(#12378));
#12378 = ORIENTED_EDGE('',*,*,#12379,.T.);
#12379 = EDGE_CURVE('',#12380,#12380,#12382,.T.);
#12380 = VERTEX_POINT('',#12381);
#12381 = CARTESIAN_POINT('',(141.325,-26.925,0.));
#12382 = CIRCLE('',#12383,0.925);
#12383 = AXIS2_PLACEMENT_3D('',#12384,#12385,#12386);
#12384 = CARTESIAN_POINT('',(141.325,-26.,0.));
#12385 = DIRECTION('',(-0.,0.,-1.));
#12386 = DIRECTION('',(-0.,-1.,0.));
#12387 = FACE_BOUND('',#12388,.F.);
#12388 = EDGE_LOOP('',(#12389));
#12389 = ORIENTED_EDGE('',*,*,#12390,.T.);
#12390 = EDGE_CURVE('',#12391,#12391,#12393,.T.);
#12391 = VERTEX_POINT('',#12392);
#12392 = CARTESIAN_POINT('',(145.325,-26.925,0.));
#12393 = CIRCLE('',#12394,0.925);
#12394 = AXIS2_PLACEMENT_3D('',#12395,#12396,#12397);
#12395 = CARTESIAN_POINT('',(145.325,-26.,0.));
#12396 = DIRECTION('',(-0.,0.,-1.));
#12397 = DIRECTION('',(-0.,-1.,0.));
#12398 = FACE_BOUND('',#12399,.F.);
#12399 = EDGE_LOOP('',(#12400));
#12400 = ORIENTED_EDGE('',*,*,#12401,.T.);
#12401 = EDGE_CURVE('',#12402,#12402,#12404,.T.);
#12402 = VERTEX_POINT('',#12403);
#12403 = CARTESIAN_POINT('',(149.325,-26.925,0.));
#12404 = CIRCLE('',#12405,0.925);
#12405 = AXIS2_PLACEMENT_3D('',#12406,#12407,#12408);
#12406 = CARTESIAN_POINT('',(149.325,-26.,0.));
#12407 = DIRECTION('',(-0.,0.,-1.));
#12408 = DIRECTION('',(-0.,-1.,0.));
#12409 = FACE_BOUND('',#12410,.F.);
#12410 = EDGE_LOOP('',(#12411));
#12411 = ORIENTED_EDGE('',*,*,#12412,.T.);
#12412 = EDGE_CURVE('',#12413,#12413,#12415,.T.);
#12413 = VERTEX_POINT('',#12414);
#12414 = CARTESIAN_POINT('',(153.325,-26.925,0.));
#12415 = CIRCLE('',#12416,0.925);
#12416 = AXIS2_PLACEMENT_3D('',#12417,#12418,#12419);
#12417 = CARTESIAN_POINT('',(153.325,-26.,0.));
#12418 = DIRECTION('',(-0.,0.,-1.));
#12419 = DIRECTION('',(-0.,-1.,0.));
#12420 = FACE_BOUND('',#12421,.F.);
#12421 = EDGE_LOOP('',(#12422));
#12422 = ORIENTED_EDGE('',*,*,#12423,.T.);
#12423 = EDGE_CURVE('',#12424,#12424,#12426,.T.);
#12424 = VERTEX_POINT('',#12425);
#12425 = CARTESIAN_POINT('',(157.325,-26.925,0.));
#12426 = CIRCLE('',#12427,0.925);
#12427 = AXIS2_PLACEMENT_3D('',#12428,#12429,#12430);
#12428 = CARTESIAN_POINT('',(157.325,-26.,0.));
#12429 = DIRECTION('',(-0.,0.,-1.));
#12430 = DIRECTION('',(-0.,-1.,0.));
#12431 = FACE_BOUND('',#12432,.F.);
#12432 = EDGE_LOOP('',(#12433));
#12433 = ORIENTED_EDGE('',*,*,#12434,.T.);
#12434 = EDGE_CURVE('',#12435,#12435,#12437,.T.);
#12435 = VERTEX_POINT('',#12436);
#12436 = CARTESIAN_POINT('',(182.75,-28.305,0.));
#12437 = CIRCLE('',#12438,0.475);
#12438 = AXIS2_PLACEMENT_3D('',#12439,#12440,#12441);
#12439 = CARTESIAN_POINT('',(182.75,-27.83,0.));
#12440 = DIRECTION('',(-0.,0.,-1.));
#12441 = DIRECTION('',(-0.,-1.,0.));
#12442 = FACE_BOUND('',#12443,.F.);
#12443 = EDGE_LOOP('',(#12444));
#12444 = ORIENTED_EDGE('',*,*,#12445,.T.);
#12445 = EDGE_CURVE('',#12446,#12446,#12448,.T.);
#12446 = VERTEX_POINT('',#12447);
#12447 = CARTESIAN_POINT('',(185.25,-28.305,0.));
#12448 = CIRCLE('',#12449,0.475);
#12449 = AXIS2_PLACEMENT_3D('',#12450,#12451,#12452);
#12450 = CARTESIAN_POINT('',(185.25,-27.83,0.));
#12451 = DIRECTION('',(-0.,0.,-1.));
#12452 = DIRECTION('',(-0.,-1.,0.));
#12453 = FACE_BOUND('',#12454,.F.);
#12454 = EDGE_LOOP('',(#12455));
#12455 = ORIENTED_EDGE('',*,*,#12456,.T.);
#12456 = EDGE_CURVE('',#12457,#12457,#12459,.T.);
#12457 = VERTEX_POINT('',#12458);
#12458 = CARTESIAN_POINT('',(177.98,-26.48,0.));
#12459 = CIRCLE('',#12460,1.15);
#12460 = AXIS2_PLACEMENT_3D('',#12461,#12462,#12463);
#12461 = CARTESIAN_POINT('',(177.98,-25.33,0.));
#12462 = DIRECTION('',(-0.,0.,-1.));
#12463 = DIRECTION('',(-2.471452993948E-14,-1.,0.));
#12464 = FACE_BOUND('',#12465,.F.);
#12465 = EDGE_LOOP('',(#12466));
#12466 = ORIENTED_EDGE('',*,*,#12467,.T.);
#12467 = EDGE_CURVE('',#12468,#12468,#12470,.T.);
#12468 = VERTEX_POINT('',#12469);
#12469 = CARTESIAN_POINT('',(182.75,-25.105,0.));
#12470 = CIRCLE('',#12471,0.475);
#12471 = AXIS2_PLACEMENT_3D('',#12472,#12473,#12474);
#12472 = CARTESIAN_POINT('',(182.75,-24.63,0.));
#12473 = DIRECTION('',(-0.,0.,-1.));
#12474 = DIRECTION('',(-0.,-1.,0.));
#12475 = FACE_BOUND('',#12476,.F.);
#12476 = EDGE_LOOP('',(#12477));
#12477 = ORIENTED_EDGE('',*,*,#12478,.T.);
#12478 = EDGE_CURVE('',#12479,#12479,#12481,.T.);
#12479 = VERTEX_POINT('',#12480);
#12480 = CARTESIAN_POINT('',(185.25,-25.105,0.));
#12481 = CIRCLE('',#12482,0.475);
#12482 = AXIS2_PLACEMENT_3D('',#12483,#12484,#12485);
#12483 = CARTESIAN_POINT('',(185.25,-24.63,0.));
#12484 = DIRECTION('',(-0.,0.,-1.));
#12485 = DIRECTION('',(-0.,-1.,0.));
#12486 = FACE_BOUND('',#12487,.F.);
#12487 = EDGE_LOOP('',(#12488));
#12488 = ORIENTED_EDGE('',*,*,#12489,.T.);
#12489 = EDGE_CURVE('',#12490,#12490,#12492,.T.);
#12490 = VERTEX_POINT('',#12491);
#12491 = CARTESIAN_POINT('',(190.02,-26.48,0.));
#12492 = CIRCLE('',#12493,1.15);
#12493 = AXIS2_PLACEMENT_3D('',#12494,#12495,#12496);
#12494 = CARTESIAN_POINT('',(190.02,-25.33,0.));
#12495 = DIRECTION('',(-0.,0.,-1.));
#12496 = DIRECTION('',(2.471452993948E-14,-1.,-0.));
#12497 = FACE_BOUND('',#12498,.F.);
#12498 = EDGE_LOOP('',(#12499));
#12499 = ORIENTED_EDGE('',*,*,#12500,.T.);
#12500 = EDGE_CURVE('',#12501,#12501,#12503,.T.);
#12501 = VERTEX_POINT('',#12502);
#12502 = CARTESIAN_POINT('',(213.025,-30.85,0.));
#12503 = CIRCLE('',#12504,0.65);
#12504 = AXIS2_PLACEMENT_3D('',#12505,#12506,#12507);
#12505 = CARTESIAN_POINT('',(213.025,-30.2,0.));
#12506 = DIRECTION('',(-0.,0.,-1.));
#12507 = DIRECTION('',(-0.,-1.,0.));
#12508 = FACE_BOUND('',#12509,.F.);
#12509 = EDGE_LOOP('',(#12510));
#12510 = ORIENTED_EDGE('',*,*,#12511,.T.);
#12511 = EDGE_CURVE('',#12512,#12512,#12514,.T.);
#12512 = VERTEX_POINT('',#12513);
#12513 = CARTESIAN_POINT('',(225.225,-30.7,0.));
#12514 = CIRCLE('',#12515,0.5);
#12515 = AXIS2_PLACEMENT_3D('',#12516,#12517,#12518);
#12516 = CARTESIAN_POINT('',(225.225,-30.2,0.));
#12517 = DIRECTION('',(-0.,0.,-1.));
#12518 = DIRECTION('',(-0.,-1.,0.));
#12519 = FACE_BOUND('',#12520,.F.);
#12520 = EDGE_LOOP('',(#12521));
#12521 = ORIENTED_EDGE('',*,*,#12522,.T.);
#12522 = EDGE_CURVE('',#12523,#12523,#12525,.T.);
#12523 = VERTEX_POINT('',#12524);
#12524 = CARTESIAN_POINT('',(254.725,-31.89,0.));
#12525 = CIRCLE('',#12526,0.5);
#12526 = AXIS2_PLACEMENT_3D('',#12527,#12528,#12529);
#12527 = CARTESIAN_POINT('',(254.725,-31.39,0.));
#12528 = DIRECTION('',(-0.,0.,-1.));
#12529 = DIRECTION('',(-0.,-1.,0.));
#12530 = FACE_BOUND('',#12531,.F.);
#12531 = EDGE_LOOP('',(#12532));
#12532 = ORIENTED_EDGE('',*,*,#12533,.T.);
#12533 = EDGE_CURVE('',#12534,#12534,#12536,.T.);
#12534 = VERTEX_POINT('',#12535);
#12535 = CARTESIAN_POINT('',(257.265,-31.89,0.));
#12536 = CIRCLE('',#12537,0.5);
#12537 = AXIS2_PLACEMENT_3D('',#12538,#12539,#12540);
#12538 = CARTESIAN_POINT('',(257.265,-31.39,0.));
#12539 = DIRECTION('',(-0.,0.,-1.));
#12540 = DIRECTION('',(-0.,-1.,0.));
#12541 = FACE_BOUND('',#12542,.F.);
#12542 = EDGE_LOOP('',(#12543));
#12543 = ORIENTED_EDGE('',*,*,#12544,.T.);
#12544 = EDGE_CURVE('',#12545,#12545,#12547,.T.);
#12545 = VERTEX_POINT('',#12546);
#12546 = CARTESIAN_POINT('',(233.025,-30.85,0.));
#12547 = CIRCLE('',#12548,0.65);
#12548 = AXIS2_PLACEMENT_3D('',#12549,#12550,#12551);
#12549 = CARTESIAN_POINT('',(233.025,-30.2,0.));
#12550 = DIRECTION('',(-0.,0.,-1.));
#12551 = DIRECTION('',(-0.,-1.,0.));
#12552 = FACE_BOUND('',#12553,.F.);
#12553 = EDGE_LOOP('',(#12554));
#12554 = ORIENTED_EDGE('',*,*,#12555,.T.);
#12555 = EDGE_CURVE('',#12556,#12556,#12558,.T.);
#12556 = VERTEX_POINT('',#12557);
#12557 = CARTESIAN_POINT('',(245.225,-30.7,0.));
#12558 = CIRCLE('',#12559,0.5);
#12559 = AXIS2_PLACEMENT_3D('',#12560,#12561,#12562);
#12560 = CARTESIAN_POINT('',(245.225,-30.2,0.));
#12561 = DIRECTION('',(-0.,0.,-1.));
#12562 = DIRECTION('',(-0.,-1.,0.));
#12563 = FACE_BOUND('',#12564,.F.);
#12564 = EDGE_LOOP('',(#12565));
#12565 = ORIENTED_EDGE('',*,*,#12566,.T.);
#12566 = EDGE_CURVE('',#12567,#12567,#12569,.T.);
#12567 = VERTEX_POINT('',#12568);
#12568 = CARTESIAN_POINT('',(254.725,-29.35,0.));
#12569 = CIRCLE('',#12570,0.5);
#12570 = AXIS2_PLACEMENT_3D('',#12571,#12572,#12573);
#12571 = CARTESIAN_POINT('',(254.725,-28.85,0.));
#12572 = DIRECTION('',(-0.,0.,-1.));
#12573 = DIRECTION('',(-0.,-1.,0.));
#12574 = FACE_BOUND('',#12575,.F.);
#12575 = EDGE_LOOP('',(#12576));
#12576 = ORIENTED_EDGE('',*,*,#12577,.T.);
#12577 = EDGE_CURVE('',#12578,#12578,#12580,.T.);
#12578 = VERTEX_POINT('',#12579);
#12579 = CARTESIAN_POINT('',(257.265,-29.35,0.));
#12580 = CIRCLE('',#12581,0.5);
#12581 = AXIS2_PLACEMENT_3D('',#12582,#12583,#12584);
#12582 = CARTESIAN_POINT('',(257.265,-28.85,0.));
#12583 = DIRECTION('',(-0.,0.,-1.));
#12584 = DIRECTION('',(-0.,-1.,0.));
#12585 = FACE_BOUND('',#12586,.F.);
#12586 = EDGE_LOOP('',(#12587));
#12587 = ORIENTED_EDGE('',*,*,#12588,.T.);
#12588 = EDGE_CURVE('',#12589,#12589,#12591,.T.);
#12589 = VERTEX_POINT('',#12590);
#12590 = CARTESIAN_POINT('',(254.725,-26.81,0.));
#12591 = CIRCLE('',#12592,0.5);
#12592 = AXIS2_PLACEMENT_3D('',#12593,#12594,#12595);
#12593 = CARTESIAN_POINT('',(254.725,-26.31,0.));
#12594 = DIRECTION('',(-0.,0.,-1.));
#12595 = DIRECTION('',(-0.,-1.,0.));
#12596 = FACE_BOUND('',#12597,.F.);
#12597 = EDGE_LOOP('',(#12598));
#12598 = ORIENTED_EDGE('',*,*,#12599,.T.);
#12599 = EDGE_CURVE('',#12600,#12600,#12602,.T.);
#12600 = VERTEX_POINT('',#12601);
#12601 = CARTESIAN_POINT('',(257.265,-26.81,0.));
#12602 = CIRCLE('',#12603,0.5);
#12603 = AXIS2_PLACEMENT_3D('',#12604,#12605,#12606);
#12604 = CARTESIAN_POINT('',(257.265,-26.31,0.));
#12605 = DIRECTION('',(-0.,0.,-1.));
#12606 = DIRECTION('',(-0.,-1.,0.));
#12607 = FACE_BOUND('',#12608,.F.);
#12608 = EDGE_LOOP('',(#12609));
#12609 = ORIENTED_EDGE('',*,*,#12610,.T.);
#12610 = EDGE_CURVE('',#12611,#12611,#12613,.T.);
#12611 = VERTEX_POINT('',#12612);
#12612 = CARTESIAN_POINT('',(245.315902,-24.77,0.));
#12613 = CIRCLE('',#12614,0.65);
#12614 = AXIS2_PLACEMENT_3D('',#12615,#12616,#12617);
#12615 = CARTESIAN_POINT('',(245.315902,-24.12,0.));
#12616 = DIRECTION('',(-0.,0.,-1.));
#12617 = DIRECTION('',(-0.,-1.,0.));
#12618 = FACE_BOUND('',#12619,.F.);
#12619 = EDGE_LOOP('',(#12620));
#12620 = ORIENTED_EDGE('',*,*,#12621,.T.);
#12621 = EDGE_CURVE('',#12622,#12622,#12624,.T.);
#12622 = VERTEX_POINT('',#12623);
#12623 = CARTESIAN_POINT('',(254.725,-24.27,0.));
#12624 = CIRCLE('',#12625,0.5);
#12625 = AXIS2_PLACEMENT_3D('',#12626,#12627,#12628);
#12626 = CARTESIAN_POINT('',(254.725,-23.77,0.));
#12627 = DIRECTION('',(-0.,0.,-1.));
#12628 = DIRECTION('',(-0.,-1.,0.));
#12629 = FACE_BOUND('',#12630,.F.);
#12630 = EDGE_LOOP('',(#12631));
#12631 = ORIENTED_EDGE('',*,*,#12632,.T.);
#12632 = EDGE_CURVE('',#12633,#12633,#12635,.T.);
#12633 = VERTEX_POINT('',#12634);
#12634 = CARTESIAN_POINT('',(257.265,-24.27,0.));
#12635 = CIRCLE('',#12636,0.5);
#12636 = AXIS2_PLACEMENT_3D('',#12637,#12638,#12639);
#12637 = CARTESIAN_POINT('',(257.265,-23.77,0.));
#12638 = DIRECTION('',(-0.,0.,-1.));
#12639 = DIRECTION('',(-0.,-1.,0.));
#12640 = FACE_BOUND('',#12641,.F.);
#12641 = EDGE_LOOP('',(#12642));
#12642 = ORIENTED_EDGE('',*,*,#12643,.T.);
#12643 = EDGE_CURVE('',#12644,#12644,#12646,.T.);
#12644 = VERTEX_POINT('',#12645);
#12645 = CARTESIAN_POINT('',(81.295,-23.413999,0.));
#12646 = CIRCLE('',#12647,0.5);
#12647 = AXIS2_PLACEMENT_3D('',#12648,#12649,#12650);
#12648 = CARTESIAN_POINT('',(81.295,-22.913999,0.));
#12649 = DIRECTION('',(-0.,0.,-1.));
#12650 = DIRECTION('',(-0.,-1.,0.));
#12651 = FACE_BOUND('',#12652,.F.);
#12652 = EDGE_LOOP('',(#12653));
#12653 = ORIENTED_EDGE('',*,*,#12654,.T.);
#12654 = EDGE_CURVE('',#12655,#12655,#12657,.T.);
#12655 = VERTEX_POINT('',#12656);
#12656 = CARTESIAN_POINT('',(83.835,-23.413999,0.));
#12657 = CIRCLE('',#12658,0.5);
#12658 = AXIS2_PLACEMENT_3D('',#12659,#12660,#12661);
#12659 = CARTESIAN_POINT('',(83.835,-22.913999,0.));
#12660 = DIRECTION('',(-0.,0.,-1.));
#12661 = DIRECTION('',(-0.,-1.,0.));
#12662 = FACE_BOUND('',#12663,.F.);
#12663 = EDGE_LOOP('',(#12664));
#12664 = ORIENTED_EDGE('',*,*,#12665,.T.);
#12665 = EDGE_CURVE('',#12666,#12666,#12668,.T.);
#12666 = VERTEX_POINT('',#12667);
#12667 = CARTESIAN_POINT('',(86.375,-23.413999,0.));
#12668 = CIRCLE('',#12669,0.5);
#12669 = AXIS2_PLACEMENT_3D('',#12670,#12671,#12672);
#12670 = CARTESIAN_POINT('',(86.375,-22.913999,0.));
#12671 = DIRECTION('',(-0.,0.,-1.));
#12672 = DIRECTION('',(-0.,-1.,0.));
#12673 = FACE_BOUND('',#12674,.F.);
#12674 = EDGE_LOOP('',(#12675));
#12675 = ORIENTED_EDGE('',*,*,#12676,.T.);
#12676 = EDGE_CURVE('',#12677,#12677,#12679,.T.);
#12677 = VERTEX_POINT('',#12678);
#12678 = CARTESIAN_POINT('',(88.915,-23.413999,0.));
#12679 = CIRCLE('',#12680,0.5);
#12680 = AXIS2_PLACEMENT_3D('',#12681,#12682,#12683);
#12681 = CARTESIAN_POINT('',(88.915,-22.913999,0.));
#12682 = DIRECTION('',(-0.,0.,-1.));
#12683 = DIRECTION('',(-0.,-1.,0.));
#12684 = FACE_BOUND('',#12685,.F.);
#12685 = EDGE_LOOP('',(#12686));
#12686 = ORIENTED_EDGE('',*,*,#12687,.T.);
#12687 = EDGE_CURVE('',#12688,#12688,#12690,.T.);
#12688 = VERTEX_POINT('',#12689);
#12689 = CARTESIAN_POINT('',(81.295,-20.873999,0.));
#12690 = CIRCLE('',#12691,0.5);
#12691 = AXIS2_PLACEMENT_3D('',#12692,#12693,#12694);
#12692 = CARTESIAN_POINT('',(81.295,-20.373999,0.));
#12693 = DIRECTION('',(-0.,0.,-1.));
#12694 = DIRECTION('',(-0.,-1.,0.));
#12695 = FACE_BOUND('',#12696,.F.);
#12696 = EDGE_LOOP('',(#12697));
#12697 = ORIENTED_EDGE('',*,*,#12698,.T.);
#12698 = EDGE_CURVE('',#12699,#12699,#12701,.T.);
#12699 = VERTEX_POINT('',#12700);
#12700 = CARTESIAN_POINT('',(83.835,-20.873999,0.));
#12701 = CIRCLE('',#12702,0.5);
#12702 = AXIS2_PLACEMENT_3D('',#12703,#12704,#12705);
#12703 = CARTESIAN_POINT('',(83.835,-20.373999,0.));
#12704 = DIRECTION('',(-0.,0.,-1.));
#12705 = DIRECTION('',(-0.,-1.,0.));
#12706 = FACE_BOUND('',#12707,.F.);
#12707 = EDGE_LOOP('',(#12708));
#12708 = ORIENTED_EDGE('',*,*,#12709,.T.);
#12709 = EDGE_CURVE('',#12710,#12710,#12712,.T.);
#12710 = VERTEX_POINT('',#12711);
#12711 = CARTESIAN_POINT('',(86.375,-20.873999,0.));
#12712 = CIRCLE('',#12713,0.5);
#12713 = AXIS2_PLACEMENT_3D('',#12714,#12715,#12716);
#12714 = CARTESIAN_POINT('',(86.375,-20.373999,0.));
#12715 = DIRECTION('',(-0.,0.,-1.));
#12716 = DIRECTION('',(-0.,-1.,0.));
#12717 = FACE_BOUND('',#12718,.F.);
#12718 = EDGE_LOOP('',(#12719));
#12719 = ORIENTED_EDGE('',*,*,#12720,.T.);
#12720 = EDGE_CURVE('',#12721,#12721,#12723,.T.);
#12721 = VERTEX_POINT('',#12722);
#12722 = CARTESIAN_POINT('',(88.915,-20.873999,0.));
#12723 = CIRCLE('',#12724,0.5);
#12724 = AXIS2_PLACEMENT_3D('',#12725,#12726,#12727);
#12725 = CARTESIAN_POINT('',(88.915,-20.373999,0.));
#12726 = DIRECTION('',(-0.,0.,-1.));
#12727 = DIRECTION('',(-0.,-1.,0.));
#12728 = FACE_BOUND('',#12729,.F.);
#12729 = EDGE_LOOP('',(#12730));
#12730 = ORIENTED_EDGE('',*,*,#12731,.T.);
#12731 = EDGE_CURVE('',#12732,#12732,#12734,.T.);
#12732 = VERTEX_POINT('',#12733);
#12733 = CARTESIAN_POINT('',(115.325,-22.925,0.));
#12734 = CIRCLE('',#12735,0.925);
#12735 = AXIS2_PLACEMENT_3D('',#12736,#12737,#12738);
#12736 = CARTESIAN_POINT('',(115.325,-22.,0.));
#12737 = DIRECTION('',(-0.,0.,-1.));
#12738 = DIRECTION('',(-0.,-1.,0.));
#12739 = FACE_BOUND('',#12740,.F.);
#12740 = EDGE_LOOP('',(#12741));
#12741 = ORIENTED_EDGE('',*,*,#12742,.T.);
#12742 = EDGE_CURVE('',#12743,#12743,#12745,.T.);
#12743 = VERTEX_POINT('',#12744);
#12744 = CARTESIAN_POINT('',(119.325,-22.925,0.));
#12745 = CIRCLE('',#12746,0.925);
#12746 = AXIS2_PLACEMENT_3D('',#12747,#12748,#12749);
#12747 = CARTESIAN_POINT('',(119.325,-22.,0.));
#12748 = DIRECTION('',(-0.,0.,-1.));
#12749 = DIRECTION('',(-0.,-1.,0.));
#12750 = FACE_BOUND('',#12751,.F.);
#12751 = EDGE_LOOP('',(#12752));
#12752 = ORIENTED_EDGE('',*,*,#12753,.T.);
#12753 = EDGE_CURVE('',#12754,#12754,#12756,.T.);
#12754 = VERTEX_POINT('',#12755);
#12755 = CARTESIAN_POINT('',(123.325,-22.925,0.));
#12756 = CIRCLE('',#12757,0.925);
#12757 = AXIS2_PLACEMENT_3D('',#12758,#12759,#12760);
#12758 = CARTESIAN_POINT('',(123.325,-22.,0.));
#12759 = DIRECTION('',(-0.,0.,-1.));
#12760 = DIRECTION('',(-0.,-1.,0.));
#12761 = FACE_BOUND('',#12762,.F.);
#12762 = EDGE_LOOP('',(#12763));
#12763 = ORIENTED_EDGE('',*,*,#12764,.T.);
#12764 = EDGE_CURVE('',#12765,#12765,#12767,.T.);
#12765 = VERTEX_POINT('',#12766);
#12766 = CARTESIAN_POINT('',(127.325,-22.925,0.));
#12767 = CIRCLE('',#12768,0.925);
#12768 = AXIS2_PLACEMENT_3D('',#12769,#12770,#12771);
#12769 = CARTESIAN_POINT('',(127.325,-22.,0.));
#12770 = DIRECTION('',(-0.,0.,-1.));
#12771 = DIRECTION('',(-0.,-1.,0.));
#12772 = FACE_BOUND('',#12773,.F.);
#12773 = EDGE_LOOP('',(#12774));
#12774 = ORIENTED_EDGE('',*,*,#12775,.T.);
#12775 = EDGE_CURVE('',#12776,#12776,#12778,.T.);
#12776 = VERTEX_POINT('',#12777);
#12777 = CARTESIAN_POINT('',(113.325,-18.925,0.));
#12778 = CIRCLE('',#12779,0.925);
#12779 = AXIS2_PLACEMENT_3D('',#12780,#12781,#12782);
#12780 = CARTESIAN_POINT('',(113.325,-18.,0.));
#12781 = DIRECTION('',(-0.,0.,-1.));
#12782 = DIRECTION('',(-0.,-1.,0.));
#12783 = FACE_BOUND('',#12784,.F.);
#12784 = EDGE_LOOP('',(#12785));
#12785 = ORIENTED_EDGE('',*,*,#12786,.T.);
#12786 = EDGE_CURVE('',#12787,#12787,#12789,.T.);
#12787 = VERTEX_POINT('',#12788);
#12788 = CARTESIAN_POINT('',(117.325,-18.925,0.));
#12789 = CIRCLE('',#12790,0.925);
#12790 = AXIS2_PLACEMENT_3D('',#12791,#12792,#12793);
#12791 = CARTESIAN_POINT('',(117.325,-18.,0.));
#12792 = DIRECTION('',(-0.,0.,-1.));
#12793 = DIRECTION('',(-0.,-1.,0.));
#12794 = FACE_BOUND('',#12795,.F.);
#12795 = EDGE_LOOP('',(#12796));
#12796 = ORIENTED_EDGE('',*,*,#12797,.T.);
#12797 = EDGE_CURVE('',#12798,#12798,#12800,.T.);
#12798 = VERTEX_POINT('',#12799);
#12799 = CARTESIAN_POINT('',(121.325,-18.925,0.));
#12800 = CIRCLE('',#12801,0.925);
#12801 = AXIS2_PLACEMENT_3D('',#12802,#12803,#12804);
#12802 = CARTESIAN_POINT('',(121.325,-18.,0.));
#12803 = DIRECTION('',(-0.,0.,-1.));
#12804 = DIRECTION('',(-0.,-1.,0.));
#12805 = FACE_BOUND('',#12806,.F.);
#12806 = EDGE_LOOP('',(#12807));
#12807 = ORIENTED_EDGE('',*,*,#12808,.T.);
#12808 = EDGE_CURVE('',#12809,#12809,#12811,.T.);
#12809 = VERTEX_POINT('',#12810);
#12810 = CARTESIAN_POINT('',(125.325,-18.925,0.));
#12811 = CIRCLE('',#12812,0.925);
#12812 = AXIS2_PLACEMENT_3D('',#12813,#12814,#12815);
#12813 = CARTESIAN_POINT('',(125.325,-18.,0.));
#12814 = DIRECTION('',(-0.,0.,-1.));
#12815 = DIRECTION('',(-0.,-1.,0.));
#12816 = FACE_BOUND('',#12817,.F.);
#12817 = EDGE_LOOP('',(#12818));
#12818 = ORIENTED_EDGE('',*,*,#12819,.T.);
#12819 = EDGE_CURVE('',#12820,#12820,#12822,.T.);
#12820 = VERTEX_POINT('',#12821);
#12821 = CARTESIAN_POINT('',(129.325,-18.925,0.));
#12822 = CIRCLE('',#12823,0.925);
#12823 = AXIS2_PLACEMENT_3D('',#12824,#12825,#12826);
#12824 = CARTESIAN_POINT('',(129.325,-18.,0.));
#12825 = DIRECTION('',(-0.,0.,-1.));
#12826 = DIRECTION('',(-0.,-1.,0.));
#12827 = FACE_BOUND('',#12828,.F.);
#12828 = EDGE_LOOP('',(#12829));
#12829 = ORIENTED_EDGE('',*,*,#12830,.T.);
#12830 = EDGE_CURVE('',#12831,#12831,#12833,.T.);
#12831 = VERTEX_POINT('',#12832);
#12832 = CARTESIAN_POINT('',(5.5,-8.15,0.));
#12833 = CIRCLE('',#12834,2.65);
#12834 = AXIS2_PLACEMENT_3D('',#12835,#12836,#12837);
#12835 = CARTESIAN_POINT('',(5.5,-5.5,0.));
#12836 = DIRECTION('',(-0.,0.,-1.));
#12837 = DIRECTION('',(-0.,-1.,0.));
#12838 = FACE_BOUND('',#12839,.F.);
#12839 = EDGE_LOOP('',(#12840));
#12840 = ORIENTED_EDGE('',*,*,#12841,.T.);
#12841 = EDGE_CURVE('',#12842,#12842,#12844,.T.);
#12842 = VERTEX_POINT('',#12843);
#12843 = CARTESIAN_POINT('',(53.96,-6.,0.));
#12844 = CIRCLE('',#12845,0.5);
#12845 = AXIS2_PLACEMENT_3D('',#12846,#12847,#12848);
#12846 = CARTESIAN_POINT('',(53.96,-5.5,0.));
#12847 = DIRECTION('',(-0.,0.,-1.));
#12848 = DIRECTION('',(-0.,-1.,0.));
#12849 = FACE_BOUND('',#12850,.F.);
#12850 = EDGE_LOOP('',(#12851));
#12851 = ORIENTED_EDGE('',*,*,#12852,.T.);
#12852 = EDGE_CURVE('',#12853,#12853,#12855,.T.);
#12853 = VERTEX_POINT('',#12854);
#12854 = CARTESIAN_POINT('',(56.5,-6.,0.));
#12855 = CIRCLE('',#12856,0.5);
#12856 = AXIS2_PLACEMENT_3D('',#12857,#12858,#12859);
#12857 = CARTESIAN_POINT('',(56.5,-5.5,0.));
#12858 = DIRECTION('',(-0.,0.,-1.));
#12859 = DIRECTION('',(-0.,-1.,0.));
#12860 = FACE_BOUND('',#12861,.F.);
#12861 = EDGE_LOOP('',(#12862));
#12862 = ORIENTED_EDGE('',*,*,#12863,.T.);
#12863 = EDGE_CURVE('',#12864,#12864,#12866,.T.);
#12864 = VERTEX_POINT('',#12865);
#12865 = CARTESIAN_POINT('',(59.04,-6.,0.));
#12866 = CIRCLE('',#12867,0.5);
#12867 = AXIS2_PLACEMENT_3D('',#12868,#12869,#12870);
#12868 = CARTESIAN_POINT('',(59.04,-5.5,0.));
#12869 = DIRECTION('',(-0.,0.,-1.));
#12870 = DIRECTION('',(-0.,-1.,0.));
#12871 = FACE_BOUND('',#12872,.F.);
#12872 = EDGE_LOOP('',(#12873));
#12873 = ORIENTED_EDGE('',*,*,#12874,.T.);
#12874 = EDGE_CURVE('',#12875,#12875,#12877,.T.);
#12875 = VERTEX_POINT('',#12876);
#12876 = CARTESIAN_POINT('',(53.96,-3.46,0.));
#12877 = CIRCLE('',#12878,0.5);
#12878 = AXIS2_PLACEMENT_3D('',#12879,#12880,#12881);
#12879 = CARTESIAN_POINT('',(53.96,-2.96,0.));
#12880 = DIRECTION('',(-0.,0.,-1.));
#12881 = DIRECTION('',(-0.,-1.,0.));
#12882 = FACE_BOUND('',#12883,.F.);
#12883 = EDGE_LOOP('',(#12884));
#12884 = ORIENTED_EDGE('',*,*,#12885,.T.);
#12885 = EDGE_CURVE('',#12886,#12886,#12888,.T.);
#12886 = VERTEX_POINT('',#12887);
#12887 = CARTESIAN_POINT('',(56.5,-3.46,0.));
#12888 = CIRCLE('',#12889,0.5);
#12889 = AXIS2_PLACEMENT_3D('',#12890,#12891,#12892);
#12890 = CARTESIAN_POINT('',(56.5,-2.96,0.));
#12891 = DIRECTION('',(-0.,0.,-1.));
#12892 = DIRECTION('',(-0.,-1.,0.));
#12893 = FACE_BOUND('',#12894,.F.);
#12894 = EDGE_LOOP('',(#12895));
#12895 = ORIENTED_EDGE('',*,*,#12896,.T.);
#12896 = EDGE_CURVE('',#12897,#12897,#12899,.T.);
#12897 = VERTEX_POINT('',#12898);
#12898 = CARTESIAN_POINT('',(59.04,-3.46,0.));
#12899 = CIRCLE('',#12900,0.5);
#12900 = AXIS2_PLACEMENT_3D('',#12901,#12902,#12903);
#12901 = CARTESIAN_POINT('',(59.04,-2.96,0.));
#12902 = DIRECTION('',(-0.,0.,-1.));
#12903 = DIRECTION('',(-0.,-1.,0.));
#12904 = FACE_BOUND('',#12905,.F.);
#12905 = EDGE_LOOP('',(#12906));
#12906 = ORIENTED_EDGE('',*,*,#12907,.T.);
#12907 = EDGE_CURVE('',#12908,#12908,#12910,.T.);
#12908 = VERTEX_POINT('',#12909);
#12909 = CARTESIAN_POINT('',(103.625,-12.2,0.));
#12910 = CIRCLE('',#12911,1.);
#12911 = AXIS2_PLACEMENT_3D('',#12912,#12913,#12914);
#12912 = CARTESIAN_POINT('',(103.625,-11.2,0.));
#12913 = DIRECTION('',(-0.,0.,-1.));
#12914 = DIRECTION('',(-0.,-1.,0.));
#12915 = FACE_BOUND('',#12916,.F.);
#12916 = EDGE_LOOP('',(#12917));
#12917 = ORIENTED_EDGE('',*,*,#12918,.T.);
#12918 = EDGE_CURVE('',#12919,#12919,#12921,.T.);
#12919 = VERTEX_POINT('',#12920);
#12920 = CARTESIAN_POINT('',(85.,-8.15,0.));
#12921 = CIRCLE('',#12922,2.65);
#12922 = AXIS2_PLACEMENT_3D('',#12923,#12924,#12925);
#12923 = CARTESIAN_POINT('',(85.,-5.5,0.));
#12924 = DIRECTION('',(-0.,0.,-1.));
#12925 = DIRECTION('',(-0.,-1.,0.));
#12926 = FACE_BOUND('',#12927,.F.);
#12927 = EDGE_LOOP('',(#12928));
#12928 = ORIENTED_EDGE('',*,*,#12929,.T.);
#12929 = EDGE_CURVE('',#12930,#12930,#12932,.T.);
#12930 = VERTEX_POINT('',#12931);
#12931 = CARTESIAN_POINT('',(131.325,-22.925,0.));
#12932 = CIRCLE('',#12933,0.925);
#12933 = AXIS2_PLACEMENT_3D('',#12934,#12935,#12936);
#12934 = CARTESIAN_POINT('',(131.325,-22.,0.));
#12935 = DIRECTION('',(-0.,0.,-1.));
#12936 = DIRECTION('',(-0.,-1.,0.));
#12937 = FACE_BOUND('',#12938,.F.);
#12938 = EDGE_LOOP('',(#12939));
#12939 = ORIENTED_EDGE('',*,*,#12940,.T.);
#12940 = EDGE_CURVE('',#12941,#12941,#12943,.T.);
#12941 = VERTEX_POINT('',#12942);
#12942 = CARTESIAN_POINT('',(135.325,-22.925,0.));
#12943 = CIRCLE('',#12944,0.925);
#12944 = AXIS2_PLACEMENT_3D('',#12945,#12946,#12947);
#12945 = CARTESIAN_POINT('',(135.325,-22.,0.));
#12946 = DIRECTION('',(-0.,0.,-1.));
#12947 = DIRECTION('',(-0.,-1.,0.));
#12948 = FACE_BOUND('',#12949,.F.);
#12949 = EDGE_LOOP('',(#12950));
#12950 = ORIENTED_EDGE('',*,*,#12951,.T.);
#12951 = EDGE_CURVE('',#12952,#12952,#12954,.T.);
#12952 = VERTEX_POINT('',#12953);
#12953 = CARTESIAN_POINT('',(139.325,-22.925,0.));
#12954 = CIRCLE('',#12955,0.925);
#12955 = AXIS2_PLACEMENT_3D('',#12956,#12957,#12958);
#12956 = CARTESIAN_POINT('',(139.325,-22.,0.));
#12957 = DIRECTION('',(-0.,0.,-1.));
#12958 = DIRECTION('',(-0.,-1.,0.));
#12959 = FACE_BOUND('',#12960,.F.);
#12960 = EDGE_LOOP('',(#12961));
#12961 = ORIENTED_EDGE('',*,*,#12962,.T.);
#12962 = EDGE_CURVE('',#12963,#12963,#12965,.T.);
#12963 = VERTEX_POINT('',#12964);
#12964 = CARTESIAN_POINT('',(143.325,-22.925,0.));
#12965 = CIRCLE('',#12966,0.925);
#12966 = AXIS2_PLACEMENT_3D('',#12967,#12968,#12969);
#12967 = CARTESIAN_POINT('',(143.325,-22.,0.));
#12968 = DIRECTION('',(-0.,0.,-1.));
#12969 = DIRECTION('',(-0.,-1.,0.));
#12970 = FACE_BOUND('',#12971,.F.);
#12971 = EDGE_LOOP('',(#12972));
#12972 = ORIENTED_EDGE('',*,*,#12973,.T.);
#12973 = EDGE_CURVE('',#12974,#12974,#12976,.T.);
#12974 = VERTEX_POINT('',#12975);
#12975 = CARTESIAN_POINT('',(147.325,-22.925,0.));
#12976 = CIRCLE('',#12977,0.925);
#12977 = AXIS2_PLACEMENT_3D('',#12978,#12979,#12980);
#12978 = CARTESIAN_POINT('',(147.325,-22.,0.));
#12979 = DIRECTION('',(-0.,0.,-1.));
#12980 = DIRECTION('',(-0.,-1.,0.));
#12981 = FACE_BOUND('',#12982,.F.);
#12982 = EDGE_LOOP('',(#12983));
#12983 = ORIENTED_EDGE('',*,*,#12984,.T.);
#12984 = EDGE_CURVE('',#12985,#12985,#12987,.T.);
#12985 = VERTEX_POINT('',#12986);
#12986 = CARTESIAN_POINT('',(151.325,-22.925,0.));
#12987 = CIRCLE('',#12988,0.925);
#12988 = AXIS2_PLACEMENT_3D('',#12989,#12990,#12991);
#12989 = CARTESIAN_POINT('',(151.325,-22.,0.));
#12990 = DIRECTION('',(-0.,0.,-1.));
#12991 = DIRECTION('',(-0.,-1.,0.));
#12992 = FACE_BOUND('',#12993,.F.);
#12993 = EDGE_LOOP('',(#12994));
#12994 = ORIENTED_EDGE('',*,*,#12995,.T.);
#12995 = EDGE_CURVE('',#12996,#12996,#12998,.T.);
#12996 = VERTEX_POINT('',#12997);
#12997 = CARTESIAN_POINT('',(155.325,-22.925,0.));
#12998 = CIRCLE('',#12999,0.925);
#12999 = AXIS2_PLACEMENT_3D('',#13000,#13001,#13002);
#13000 = CARTESIAN_POINT('',(155.325,-22.,0.));
#13001 = DIRECTION('',(-0.,0.,-1.));
#13002 = DIRECTION('',(-0.,-1.,0.));
#13003 = FACE_BOUND('',#13004,.F.);
#13004 = EDGE_LOOP('',(#13005));
#13005 = ORIENTED_EDGE('',*,*,#13006,.T.);
#13006 = EDGE_CURVE('',#13007,#13007,#13009,.T.);
#13007 = VERTEX_POINT('',#13008);
#13008 = CARTESIAN_POINT('',(133.325,-18.925,0.));
#13009 = CIRCLE('',#13010,0.925);
#13010 = AXIS2_PLACEMENT_3D('',#13011,#13012,#13013);
#13011 = CARTESIAN_POINT('',(133.325,-18.,0.));
#13012 = DIRECTION('',(-0.,0.,-1.));
#13013 = DIRECTION('',(-0.,-1.,0.));
#13014 = FACE_BOUND('',#13015,.F.);
#13015 = EDGE_LOOP('',(#13016));
#13016 = ORIENTED_EDGE('',*,*,#13017,.T.);
#13017 = EDGE_CURVE('',#13018,#13018,#13020,.T.);
#13018 = VERTEX_POINT('',#13019);
#13019 = CARTESIAN_POINT('',(137.325,-18.925,0.));
#13020 = CIRCLE('',#13021,0.925);
#13021 = AXIS2_PLACEMENT_3D('',#13022,#13023,#13024);
#13022 = CARTESIAN_POINT('',(137.325,-18.,0.));
#13023 = DIRECTION('',(-0.,0.,-1.));
#13024 = DIRECTION('',(-0.,-1.,0.));
#13025 = FACE_BOUND('',#13026,.F.);
#13026 = EDGE_LOOP('',(#13027));
#13027 = ORIENTED_EDGE('',*,*,#13028,.T.);
#13028 = EDGE_CURVE('',#13029,#13029,#13031,.T.);
#13029 = VERTEX_POINT('',#13030);
#13030 = CARTESIAN_POINT('',(141.325,-18.925,0.));
#13031 = CIRCLE('',#13032,0.925);
#13032 = AXIS2_PLACEMENT_3D('',#13033,#13034,#13035);
#13033 = CARTESIAN_POINT('',(141.325,-18.,0.));
#13034 = DIRECTION('',(-0.,0.,-1.));
#13035 = DIRECTION('',(-0.,-1.,0.));
#13036 = FACE_BOUND('',#13037,.F.);
#13037 = EDGE_LOOP('',(#13038));
#13038 = ORIENTED_EDGE('',*,*,#13039,.T.);
#13039 = EDGE_CURVE('',#13040,#13040,#13042,.T.);
#13040 = VERTEX_POINT('',#13041);
#13041 = CARTESIAN_POINT('',(145.325,-18.925,0.));
#13042 = CIRCLE('',#13043,0.925);
#13043 = AXIS2_PLACEMENT_3D('',#13044,#13045,#13046);
#13044 = CARTESIAN_POINT('',(145.325,-18.,0.));
#13045 = DIRECTION('',(-0.,0.,-1.));
#13046 = DIRECTION('',(-0.,-1.,0.));
#13047 = FACE_BOUND('',#13048,.F.);
#13048 = EDGE_LOOP('',(#13049));
#13049 = ORIENTED_EDGE('',*,*,#13050,.T.);
#13050 = EDGE_CURVE('',#13051,#13051,#13053,.T.);
#13051 = VERTEX_POINT('',#13052);
#13052 = CARTESIAN_POINT('',(149.325,-18.925,0.));
#13053 = CIRCLE('',#13054,0.925);
#13054 = AXIS2_PLACEMENT_3D('',#13055,#13056,#13057);
#13055 = CARTESIAN_POINT('',(149.325,-18.,0.));
#13056 = DIRECTION('',(-0.,0.,-1.));
#13057 = DIRECTION('',(-0.,-1.,0.));
#13058 = FACE_BOUND('',#13059,.F.);
#13059 = EDGE_LOOP('',(#13060));
#13060 = ORIENTED_EDGE('',*,*,#13061,.T.);
#13061 = EDGE_CURVE('',#13062,#13062,#13064,.T.);
#13062 = VERTEX_POINT('',#13063);
#13063 = CARTESIAN_POINT('',(153.325,-18.925,0.));
#13064 = CIRCLE('',#13065,0.925);
#13065 = AXIS2_PLACEMENT_3D('',#13066,#13067,#13068);
#13066 = CARTESIAN_POINT('',(153.325,-18.,0.));
#13067 = DIRECTION('',(-0.,0.,-1.));
#13068 = DIRECTION('',(-0.,-1.,0.));
#13069 = FACE_BOUND('',#13070,.F.);
#13070 = EDGE_LOOP('',(#13071));
#13071 = ORIENTED_EDGE('',*,*,#13072,.T.);
#13072 = EDGE_CURVE('',#13073,#13073,#13075,.T.);
#13073 = VERTEX_POINT('',#13074);
#13074 = CARTESIAN_POINT('',(157.325,-18.925,0.));
#13075 = CIRCLE('',#13076,0.925);
#13076 = AXIS2_PLACEMENT_3D('',#13077,#13078,#13079);
#13077 = CARTESIAN_POINT('',(157.325,-18.,0.));
#13078 = DIRECTION('',(-0.,0.,-1.));
#13079 = DIRECTION('',(-0.,-1.,0.));
#13080 = FACE_BOUND('',#13081,.F.);
#13081 = EDGE_LOOP('',(#13082));
#13082 = ORIENTED_EDGE('',*,*,#13083,.T.);
#13083 = EDGE_CURVE('',#13084,#13084,#13086,.T.);
#13084 = VERTEX_POINT('',#13085);
#13085 = CARTESIAN_POINT('',(178.45,-14.355,0.));
#13086 = CIRCLE('',#13087,0.355);
#13087 = AXIS2_PLACEMENT_3D('',#13088,#13089,#13090);
#13088 = CARTESIAN_POINT('',(178.45,-14.,0.));
#13089 = DIRECTION('',(-0.,0.,-1.));
#13090 = DIRECTION('',(-0.,-1.,0.));
#13091 = FACE_BOUND('',#13092,.F.);
#13092 = EDGE_LOOP('',(#13093));
#13093 = ORIENTED_EDGE('',*,*,#13094,.T.);
#13094 = EDGE_CURVE('',#13095,#13095,#13097,.T.);
#13095 = VERTEX_POINT('',#13096);
#13096 = CARTESIAN_POINT('',(183.55,-14.355,0.));
#13097 = CIRCLE('',#13098,0.355);
#13098 = AXIS2_PLACEMENT_3D('',#13099,#13100,#13101);
#13099 = CARTESIAN_POINT('',(183.55,-14.,0.));
#13100 = DIRECTION('',(-0.,0.,-1.));
#13101 = DIRECTION('',(-0.,-1.,0.));
#13102 = FACE_BOUND('',#13103,.F.);
#13103 = EDGE_LOOP('',(#13104));
#13104 = ORIENTED_EDGE('',*,*,#13105,.T.);
#13105 = EDGE_CURVE('',#13106,#13106,#13108,.T.);
#13106 = VERTEX_POINT('',#13107);
#13107 = CARTESIAN_POINT('',(199.595902,-22.29,0.));
#13108 = CIRCLE('',#13109,0.65);
#13109 = AXIS2_PLACEMENT_3D('',#13110,#13111,#13112);
#13110 = CARTESIAN_POINT('',(199.595902,-21.64,0.));
#13111 = DIRECTION('',(-0.,0.,-1.));
#13112 = DIRECTION('',(-0.,-1.,0.));
#13113 = FACE_BOUND('',#13114,.F.);
#13114 = EDGE_LOOP('',(#13115));
#13115 = ORIENTED_EDGE('',*,*,#13116,.T.);
#13116 = EDGE_CURVE('',#13117,#13117,#13119,.T.);
#13117 = VERTEX_POINT('',#13118);
#13118 = CARTESIAN_POINT('',(254.725,-21.73,0.));
#13119 = CIRCLE('',#13120,0.5);
#13120 = AXIS2_PLACEMENT_3D('',#13121,#13122,#13123);
#13121 = CARTESIAN_POINT('',(254.725,-21.23,0.));
#13122 = DIRECTION('',(-0.,0.,-1.));
#13123 = DIRECTION('',(-0.,-1.,0.));
#13124 = FACE_BOUND('',#13125,.F.);
#13125 = EDGE_LOOP('',(#13126));
#13126 = ORIENTED_EDGE('',*,*,#13127,.T.);
#13127 = EDGE_CURVE('',#13128,#13128,#13130,.T.);
#13128 = VERTEX_POINT('',#13129);
#13129 = CARTESIAN_POINT('',(257.265,-21.73,0.));
#13130 = CIRCLE('',#13131,0.5);
#13131 = AXIS2_PLACEMENT_3D('',#13132,#13133,#13134);
#13132 = CARTESIAN_POINT('',(257.265,-21.23,0.));
#13133 = DIRECTION('',(-0.,0.,-1.));
#13134 = DIRECTION('',(-0.,-1.,0.));
#13135 = FACE_BOUND('',#13136,.F.);
#13136 = EDGE_LOOP('',(#13137));
#13137 = ORIENTED_EDGE('',*,*,#13138,.T.);
#13138 = EDGE_CURVE('',#13139,#13139,#13141,.T.);
#13139 = VERTEX_POINT('',#13140);
#13140 = CARTESIAN_POINT('',(254.725,-19.19,0.));
#13141 = CIRCLE('',#13142,0.5);
#13142 = AXIS2_PLACEMENT_3D('',#13143,#13144,#13145);
#13143 = CARTESIAN_POINT('',(254.725,-18.69,0.));
#13144 = DIRECTION('',(-0.,0.,-1.));
#13145 = DIRECTION('',(-0.,-1.,0.));
#13146 = FACE_BOUND('',#13147,.F.);
#13147 = EDGE_LOOP('',(#13148));
#13148 = ORIENTED_EDGE('',*,*,#13149,.T.);
#13149 = EDGE_CURVE('',#13150,#13150,#13152,.T.);
#13150 = VERTEX_POINT('',#13151);
#13151 = CARTESIAN_POINT('',(257.265,-19.19,0.));
#13152 = CIRCLE('',#13153,0.5);
#13153 = AXIS2_PLACEMENT_3D('',#13154,#13155,#13156);
#13154 = CARTESIAN_POINT('',(257.265,-18.69,0.));
#13155 = DIRECTION('',(-0.,0.,-1.));
#13156 = DIRECTION('',(-0.,-1.,0.));
#13157 = FACE_BOUND('',#13158,.F.);
#13158 = EDGE_LOOP('',(#13159));
#13159 = ORIENTED_EDGE('',*,*,#13160,.T.);
#13160 = EDGE_CURVE('',#13161,#13161,#13163,.T.);
#13161 = VERTEX_POINT('',#13162);
#13162 = CARTESIAN_POINT('',(199.595902,-17.21,0.));
#13163 = CIRCLE('',#13164,0.65);
#13164 = AXIS2_PLACEMENT_3D('',#13165,#13166,#13167);
#13165 = CARTESIAN_POINT('',(199.595902,-16.56,0.));
#13166 = DIRECTION('',(-0.,0.,-1.));
#13167 = DIRECTION('',(-0.,-1.,0.));
#13168 = FACE_BOUND('',#13169,.F.);
#13169 = EDGE_LOOP('',(#13170));
#13170 = ORIENTED_EDGE('',*,*,#13171,.T.);
#13171 = EDGE_CURVE('',#13172,#13172,#13174,.T.);
#13172 = VERTEX_POINT('',#13173);
#13173 = CARTESIAN_POINT('',(254.725,-16.65,0.));
#13174 = CIRCLE('',#13175,0.5);
#13175 = AXIS2_PLACEMENT_3D('',#13176,#13177,#13178);
#13176 = CARTESIAN_POINT('',(254.725,-16.15,0.));
#13177 = DIRECTION('',(-0.,0.,-1.));
#13178 = DIRECTION('',(-0.,-1.,0.));
#13179 = FACE_BOUND('',#13180,.F.);
#13180 = EDGE_LOOP('',(#13181));
#13181 = ORIENTED_EDGE('',*,*,#13182,.T.);
#13182 = EDGE_CURVE('',#13183,#13183,#13185,.T.);
#13183 = VERTEX_POINT('',#13184);
#13184 = CARTESIAN_POINT('',(257.265,-16.65,0.));
#13185 = CIRCLE('',#13186,0.5);
#13186 = AXIS2_PLACEMENT_3D('',#13187,#13188,#13189);
#13187 = CARTESIAN_POINT('',(257.265,-16.15,0.));
#13188 = DIRECTION('',(-0.,0.,-1.));
#13189 = DIRECTION('',(-0.,-1.,0.));
#13190 = FACE_BOUND('',#13191,.F.);
#13191 = EDGE_LOOP('',(#13192));
#13192 = ORIENTED_EDGE('',*,*,#13193,.T.);
#13193 = EDGE_CURVE('',#13194,#13194,#13196,.T.);
#13194 = VERTEX_POINT('',#13195);
#13195 = CARTESIAN_POINT('',(245.315902,-14.61,0.));
#13196 = CIRCLE('',#13197,0.65);
#13197 = AXIS2_PLACEMENT_3D('',#13198,#13199,#13200);
#13198 = CARTESIAN_POINT('',(245.315902,-13.96,0.));
#13199 = DIRECTION('',(-0.,0.,-1.));
#13200 = DIRECTION('',(-0.,-1.,0.));
#13201 = FACE_BOUND('',#13202,.F.);
#13202 = EDGE_LOOP('',(#13203));
#13203 = ORIENTED_EDGE('',*,*,#13204,.T.);
#13204 = EDGE_CURVE('',#13205,#13205,#13207,.T.);
#13205 = VERTEX_POINT('',#13206);
#13206 = CARTESIAN_POINT('',(254.725,-14.11,0.));
#13207 = CIRCLE('',#13208,0.5);
#13208 = AXIS2_PLACEMENT_3D('',#13209,#13210,#13211);
#13209 = CARTESIAN_POINT('',(254.725,-13.61,0.));
#13210 = DIRECTION('',(-0.,0.,-1.));
#13211 = DIRECTION('',(-0.,-1.,0.));
#13212 = FACE_BOUND('',#13213,.F.);
#13213 = EDGE_LOOP('',(#13214));
#13214 = ORIENTED_EDGE('',*,*,#13215,.T.);
#13215 = EDGE_CURVE('',#13216,#13216,#13218,.T.);
#13216 = VERTEX_POINT('',#13217);
#13217 = CARTESIAN_POINT('',(257.265,-14.11,0.));
#13218 = CIRCLE('',#13219,0.5);
#13219 = AXIS2_PLACEMENT_3D('',#13220,#13221,#13222);
#13220 = CARTESIAN_POINT('',(257.265,-13.61,0.));
#13221 = DIRECTION('',(-0.,0.,-1.));
#13222 = DIRECTION('',(-0.,-1.,0.));
#13223 = FACE_BOUND('',#13224,.F.);
#13224 = EDGE_LOOP('',(#13225));
#13225 = ORIENTED_EDGE('',*,*,#13226,.T.);
#13226 = EDGE_CURVE('',#13227,#13227,#13229,.T.);
#13227 = VERTEX_POINT('',#13228);
#13228 = CARTESIAN_POINT('',(167.025,-12.2,0.));
#13229 = CIRCLE('',#13230,1.);
#13230 = AXIS2_PLACEMENT_3D('',#13231,#13232,#13233);
#13231 = CARTESIAN_POINT('',(167.025,-11.2,0.));
#13232 = DIRECTION('',(-0.,0.,-1.));
#13233 = DIRECTION('',(-0.,-1.,0.));
#13234 = FACE_BOUND('',#13235,.F.);
#13235 = EDGE_LOOP('',(#13236));
#13236 = ORIENTED_EDGE('',*,*,#13237,.T.);
#13237 = EDGE_CURVE('',#13238,#13238,#13240,.T.);
#13238 = VERTEX_POINT('',#13239);
#13239 = CARTESIAN_POINT('',(180.,-8.15,0.));
#13240 = CIRCLE('',#13241,2.65);
#13241 = AXIS2_PLACEMENT_3D('',#13242,#13243,#13244);
#13242 = CARTESIAN_POINT('',(180.,-5.5,0.));
#13243 = DIRECTION('',(-0.,0.,-1.));
#13244 = DIRECTION('',(-0.,-1.,0.));
#13245 = FACE_BOUND('',#13246,.F.);
#13246 = EDGE_LOOP('',(#13247));
#13247 = ORIENTED_EDGE('',*,*,#13248,.T.);
#13248 = EDGE_CURVE('',#13249,#13249,#13251,.T.);
#13249 = VERTEX_POINT('',#13250);
#13250 = CARTESIAN_POINT('',(199.595902,-7.05,0.));
#13251 = CIRCLE('',#13252,0.65);
#13252 = AXIS2_PLACEMENT_3D('',#13253,#13254,#13255);
#13253 = CARTESIAN_POINT('',(199.595902,-6.4,0.));
#13254 = DIRECTION('',(-0.,0.,-1.));
#13255 = DIRECTION('',(-0.,-1.,0.));
#13256 = FACE_BOUND('',#13257,.F.);
#13257 = EDGE_LOOP('',(#13258));
#13258 = ORIENTED_EDGE('',*,*,#13259,.T.);
#13259 = EDGE_CURVE('',#13260,#13260,#13262,.T.);
#13260 = VERTEX_POINT('',#13261);
#13261 = CARTESIAN_POINT('',(254.5,-8.15,0.));
#13262 = CIRCLE('',#13263,2.65);
#13263 = AXIS2_PLACEMENT_3D('',#13264,#13265,#13266);
#13264 = CARTESIAN_POINT('',(254.5,-5.5,0.));
#13265 = DIRECTION('',(-0.,0.,-1.));
#13266 = DIRECTION('',(-0.,-1.,0.));
#13267 = FACE_BOUND('',#13268,.F.);
#13268 = EDGE_LOOP('',(#13269));
#13269 = ORIENTED_EDGE('',*,*,#13270,.T.);
#13270 = EDGE_CURVE('',#13271,#13271,#13273,.T.);
#13271 = VERTEX_POINT('',#13272);
#13272 = CARTESIAN_POINT('',(245.315902,-4.45,0.));
#13273 = CIRCLE('',#13274,0.65);
#13274 = AXIS2_PLACEMENT_3D('',#13275,#13276,#13277);
#13275 = CARTESIAN_POINT('',(245.315902,-3.8,0.));
#13276 = DIRECTION('',(-0.,0.,-1.));
#13277 = DIRECTION('',(-0.,-1.,0.));
#13278 = PLANE('',#13279);
#13279 = AXIS2_PLACEMENT_3D('',#13280,#13281,#13282);
#13280 = CARTESIAN_POINT('',(0.,0.,0.));
#13281 = DIRECTION('',(0.,0.,1.));
#13282 = DIRECTION('',(1.,0.,-0.));
#13283 = ADVANCED_FACE('',(#13284,#13327,#13338,#13349,#13360,#13371,
    #13382,#13393,#13404,#13415,#13426,#13437,#13448,#13459,#13470,
    #13481,#13492,#13503,#13514,#13525,#13536,#13547,#13558,#13569,
    #13580,#13591,#13602,#13613,#13624,#13635,#13646,#13657,#13668,
    #13679,#13690,#13701,#13712,#13723,#13734,#13745,#13756,#13767,
    #13778,#13789,#13800,#13811,#13822,#13833,#13844,#13855,#13866,
    #13877,#13888,#13899,#13910,#13921,#13932,#13943,#13954,#13965,
    #13976,#13987,#13998,#14009,#14020,#14031,#14042,#14053,#14064,
    #14075,#14086,#14097,#14108,#14119,#14130,#14141,#14152,#14163,
    #14174,#14185,#14196,#14207,#14218,#14229,#14240,#14251,#14262,
    #14273,#14284,#14295,#14306,#14317,#14328,#14339,#14350,#14361,
    #14372,#14383,#14394,#14405,#14416,#14427,#14438,#14449,#14460,
    #14471,#14482,#14493,#14504,#14515,#14526,#14537,#14548,#14559,
    #14570,#14581,#14592,#14603,#14614,#14625,#14636,#14647,#14658,
    #14669,#14680,#14691,#14702,#14713,#14724,#14735,#14746,#14757,
    #14768,#14779,#14790,#14801,#14812,#14823,#14834,#14845,#14856,
    #14867,#14878,#14889),#14900,.T.);
#13284 = FACE_BOUND('',#13285,.T.);
#13285 = EDGE_LOOP('',(#13286,#13287,#13288,#13296,#13304,#13312,#13320,
    #13326));
#13286 = ORIENTED_EDGE('',*,*,#11573,.F.);
#13287 = ORIENTED_EDGE('',*,*,#11613,.F.);
#13288 = ORIENTED_EDGE('',*,*,#13289,.F.);
#13289 = EDGE_CURVE('',#13290,#11606,#13292,.T.);
#13290 = VERTEX_POINT('',#13291);
#13291 = CARTESIAN_POINT('',(2.5,0.,1.51));
#13292 = LINE('',#13293,#13294);
#13293 = CARTESIAN_POINT('',(2.5,0.,1.51));
#13294 = VECTOR('',#13295,1.);
#13295 = DIRECTION('',(1.,0.,0.));
#13296 = ORIENTED_EDGE('',*,*,#13297,.F.);
#13297 = EDGE_CURVE('',#13298,#13290,#13300,.T.);
#13298 = VERTEX_POINT('',#13299);
#13299 = CARTESIAN_POINT('',(0.,-2.5,1.51));
#13300 = LINE('',#13301,#13302);
#13301 = CARTESIAN_POINT('',(0.,-2.5,1.51));
#13302 = VECTOR('',#13303,1.);
#13303 = DIRECTION('',(0.707106781187,0.707106781187,0.));
#13304 = ORIENTED_EDGE('',*,*,#13305,.F.);
#13305 = EDGE_CURVE('',#13306,#13298,#13308,.T.);
#13306 = VERTEX_POINT('',#13307);
#13307 = CARTESIAN_POINT('',(0.,-42.5,1.51));
#13308 = LINE('',#13309,#13310);
#13309 = CARTESIAN_POINT('',(0.,-42.5,1.51));
#13310 = VECTOR('',#13311,1.);
#13311 = DIRECTION('',(0.,1.,0.));
#13312 = ORIENTED_EDGE('',*,*,#13313,.F.);
#13313 = EDGE_CURVE('',#13314,#13306,#13316,.T.);
#13314 = VERTEX_POINT('',#13315);
#13315 = CARTESIAN_POINT('',(2.5,-45.,1.51));
#13316 = LINE('',#13317,#13318);
#13317 = CARTESIAN_POINT('',(2.5,-45.,1.51));
#13318 = VECTOR('',#13319,1.);
#13319 = DIRECTION('',(-0.707106781187,0.707106781187,0.));
#13320 = ORIENTED_EDGE('',*,*,#13321,.F.);
#13321 = EDGE_CURVE('',#11636,#13314,#13322,.T.);
#13322 = LINE('',#13323,#13324);
#13323 = CARTESIAN_POINT('',(257.5,-45.,1.51));
#13324 = VECTOR('',#13325,1.);
#13325 = DIRECTION('',(-1.,0.,0.));
#13326 = ORIENTED_EDGE('',*,*,#11635,.F.);
#13327 = FACE_BOUND('',#13328,.T.);
#13328 = EDGE_LOOP('',(#13329));
#13329 = ORIENTED_EDGE('',*,*,#13330,.T.);
#13330 = EDGE_CURVE('',#13331,#13331,#13333,.T.);
#13331 = VERTEX_POINT('',#13332);
#13332 = CARTESIAN_POINT('',(5.5,-42.15,1.51));
#13333 = CIRCLE('',#13334,2.65);
#13334 = AXIS2_PLACEMENT_3D('',#13335,#13336,#13337);
#13335 = CARTESIAN_POINT('',(5.5,-39.5,1.51));
#13336 = DIRECTION('',(-0.,0.,-1.));
#13337 = DIRECTION('',(-0.,-1.,0.));
#13338 = FACE_BOUND('',#13339,.T.);
#13339 = EDGE_LOOP('',(#13340));
#13340 = ORIENTED_EDGE('',*,*,#13341,.T.);
#13341 = EDGE_CURVE('',#13342,#13342,#13344,.T.);
#13342 = VERTEX_POINT('',#13343);
#13343 = CARTESIAN_POINT('',(53.96,-43.5,1.51));
#13344 = CIRCLE('',#13345,0.5);
#13345 = AXIS2_PLACEMENT_3D('',#13346,#13347,#13348);
#13346 = CARTESIAN_POINT('',(53.96,-43.,1.51));
#13347 = DIRECTION('',(-0.,0.,-1.));
#13348 = DIRECTION('',(-0.,-1.,0.));
#13349 = FACE_BOUND('',#13350,.T.);
#13350 = EDGE_LOOP('',(#13351));
#13351 = ORIENTED_EDGE('',*,*,#13352,.T.);
#13352 = EDGE_CURVE('',#13353,#13353,#13355,.T.);
#13353 = VERTEX_POINT('',#13354);
#13354 = CARTESIAN_POINT('',(56.5,-43.5,1.51));
#13355 = CIRCLE('',#13356,0.5);
#13356 = AXIS2_PLACEMENT_3D('',#13357,#13358,#13359);
#13357 = CARTESIAN_POINT('',(56.5,-43.,1.51));
#13358 = DIRECTION('',(-0.,0.,-1.));
#13359 = DIRECTION('',(-0.,-1.,0.));
#13360 = FACE_BOUND('',#13361,.T.);
#13361 = EDGE_LOOP('',(#13362));
#13362 = ORIENTED_EDGE('',*,*,#13363,.T.);
#13363 = EDGE_CURVE('',#13364,#13364,#13366,.T.);
#13364 = VERTEX_POINT('',#13365);
#13365 = CARTESIAN_POINT('',(59.04,-43.5,1.51));
#13366 = CIRCLE('',#13367,0.5);
#13367 = AXIS2_PLACEMENT_3D('',#13368,#13369,#13370);
#13368 = CARTESIAN_POINT('',(59.04,-43.,1.51));
#13369 = DIRECTION('',(-0.,0.,-1.));
#13370 = DIRECTION('',(-0.,-1.,0.));
#13371 = FACE_BOUND('',#13372,.T.);
#13372 = EDGE_LOOP('',(#13373));
#13373 = ORIENTED_EDGE('',*,*,#13374,.T.);
#13374 = EDGE_CURVE('',#13375,#13375,#13377,.T.);
#13375 = VERTEX_POINT('',#13376);
#13376 = CARTESIAN_POINT('',(53.96,-40.96,1.51));
#13377 = CIRCLE('',#13378,0.5);
#13378 = AXIS2_PLACEMENT_3D('',#13379,#13380,#13381);
#13379 = CARTESIAN_POINT('',(53.96,-40.46,1.51));
#13380 = DIRECTION('',(-0.,0.,-1.));
#13381 = DIRECTION('',(-0.,-1.,0.));
#13382 = FACE_BOUND('',#13383,.T.);
#13383 = EDGE_LOOP('',(#13384));
#13384 = ORIENTED_EDGE('',*,*,#13385,.T.);
#13385 = EDGE_CURVE('',#13386,#13386,#13388,.T.);
#13386 = VERTEX_POINT('',#13387);
#13387 = CARTESIAN_POINT('',(56.5,-40.96,1.51));
#13388 = CIRCLE('',#13389,0.5);
#13389 = AXIS2_PLACEMENT_3D('',#13390,#13391,#13392);
#13390 = CARTESIAN_POINT('',(56.5,-40.46,1.51));
#13391 = DIRECTION('',(-0.,0.,-1.));
#13392 = DIRECTION('',(-0.,-1.,0.));
#13393 = FACE_BOUND('',#13394,.T.);
#13394 = EDGE_LOOP('',(#13395));
#13395 = ORIENTED_EDGE('',*,*,#13396,.T.);
#13396 = EDGE_CURVE('',#13397,#13397,#13399,.T.);
#13397 = VERTEX_POINT('',#13398);
#13398 = CARTESIAN_POINT('',(59.04,-40.96,1.51));
#13399 = CIRCLE('',#13400,0.5);
#13400 = AXIS2_PLACEMENT_3D('',#13401,#13402,#13403);
#13401 = CARTESIAN_POINT('',(59.04,-40.46,1.51));
#13402 = DIRECTION('',(-0.,0.,-1.));
#13403 = DIRECTION('',(-0.,-1.,0.));
#13404 = FACE_BOUND('',#13405,.T.);
#13405 = EDGE_LOOP('',(#13406));
#13406 = ORIENTED_EDGE('',*,*,#13407,.T.);
#13407 = EDGE_CURVE('',#13408,#13408,#13410,.T.);
#13408 = VERTEX_POINT('',#13409);
#13409 = CARTESIAN_POINT('',(85.,-42.15,1.51));
#13410 = CIRCLE('',#13411,2.65);
#13411 = AXIS2_PLACEMENT_3D('',#13412,#13413,#13414);
#13412 = CARTESIAN_POINT('',(85.,-39.5,1.51));
#13413 = DIRECTION('',(-0.,0.,-1.));
#13414 = DIRECTION('',(-0.,-1.,0.));
#13415 = FACE_BOUND('',#13416,.T.);
#13416 = EDGE_LOOP('',(#13417));
#13417 = ORIENTED_EDGE('',*,*,#13418,.T.);
#13418 = EDGE_CURVE('',#13419,#13419,#13421,.T.);
#13419 = VERTEX_POINT('',#13420);
#13420 = CARTESIAN_POINT('',(102.125,-30.3,1.51));
#13421 = CIRCLE('',#13422,1.);
#13422 = AXIS2_PLACEMENT_3D('',#13423,#13424,#13425);
#13423 = CARTESIAN_POINT('',(102.125,-29.3,1.51));
#13424 = DIRECTION('',(-0.,0.,-1.));
#13425 = DIRECTION('',(-0.,-1.,0.));
#13426 = FACE_BOUND('',#13427,.T.);
#13427 = EDGE_LOOP('',(#13428));
#13428 = ORIENTED_EDGE('',*,*,#13429,.T.);
#13429 = EDGE_CURVE('',#13430,#13430,#13432,.T.);
#13430 = VERTEX_POINT('',#13431);
#13431 = CARTESIAN_POINT('',(113.325,-26.925,1.51));
#13432 = CIRCLE('',#13433,0.925);
#13433 = AXIS2_PLACEMENT_3D('',#13434,#13435,#13436);
#13434 = CARTESIAN_POINT('',(113.325,-26.,1.51));
#13435 = DIRECTION('',(-0.,0.,-1.));
#13436 = DIRECTION('',(-0.,-1.,0.));
#13437 = FACE_BOUND('',#13438,.T.);
#13438 = EDGE_LOOP('',(#13439));
#13439 = ORIENTED_EDGE('',*,*,#13440,.T.);
#13440 = EDGE_CURVE('',#13441,#13441,#13443,.T.);
#13441 = VERTEX_POINT('',#13442);
#13442 = CARTESIAN_POINT('',(117.325,-26.925,1.51));
#13443 = CIRCLE('',#13444,0.925);
#13444 = AXIS2_PLACEMENT_3D('',#13445,#13446,#13447);
#13445 = CARTESIAN_POINT('',(117.325,-26.,1.51));
#13446 = DIRECTION('',(-0.,0.,-1.));
#13447 = DIRECTION('',(-0.,-1.,0.));
#13448 = FACE_BOUND('',#13449,.T.);
#13449 = EDGE_LOOP('',(#13450));
#13450 = ORIENTED_EDGE('',*,*,#13451,.T.);
#13451 = EDGE_CURVE('',#13452,#13452,#13454,.T.);
#13452 = VERTEX_POINT('',#13453);
#13453 = CARTESIAN_POINT('',(121.325,-26.925,1.51));
#13454 = CIRCLE('',#13455,0.925);
#13455 = AXIS2_PLACEMENT_3D('',#13456,#13457,#13458);
#13456 = CARTESIAN_POINT('',(121.325,-26.,1.51));
#13457 = DIRECTION('',(-0.,0.,-1.));
#13458 = DIRECTION('',(-0.,-1.,0.));
#13459 = FACE_BOUND('',#13460,.T.);
#13460 = EDGE_LOOP('',(#13461));
#13461 = ORIENTED_EDGE('',*,*,#13462,.T.);
#13462 = EDGE_CURVE('',#13463,#13463,#13465,.T.);
#13463 = VERTEX_POINT('',#13464);
#13464 = CARTESIAN_POINT('',(125.325,-26.925,1.51));
#13465 = CIRCLE('',#13466,0.925);
#13466 = AXIS2_PLACEMENT_3D('',#13467,#13468,#13469);
#13467 = CARTESIAN_POINT('',(125.325,-26.,1.51));
#13468 = DIRECTION('',(-0.,0.,-1.));
#13469 = DIRECTION('',(-0.,-1.,0.));
#13470 = FACE_BOUND('',#13471,.T.);
#13471 = EDGE_LOOP('',(#13472));
#13472 = ORIENTED_EDGE('',*,*,#13473,.T.);
#13473 = EDGE_CURVE('',#13474,#13474,#13476,.T.);
#13474 = VERTEX_POINT('',#13475);
#13475 = CARTESIAN_POINT('',(129.325,-26.925,1.51));
#13476 = CIRCLE('',#13477,0.925);
#13477 = AXIS2_PLACEMENT_3D('',#13478,#13479,#13480);
#13478 = CARTESIAN_POINT('',(129.325,-26.,1.51));
#13479 = DIRECTION('',(-0.,0.,-1.));
#13480 = DIRECTION('',(-0.,-1.,0.));
#13481 = FACE_BOUND('',#13482,.T.);
#13482 = EDGE_LOOP('',(#13483));
#13483 = ORIENTED_EDGE('',*,*,#13484,.T.);
#13484 = EDGE_CURVE('',#13485,#13485,#13487,.T.);
#13485 = VERTEX_POINT('',#13486);
#13486 = CARTESIAN_POINT('',(149.,-43.04,1.51));
#13487 = CIRCLE('',#13488,0.5);
#13488 = AXIS2_PLACEMENT_3D('',#13489,#13490,#13491);
#13489 = CARTESIAN_POINT('',(149.,-42.54,1.51));
#13490 = DIRECTION('',(-0.,0.,-1.));
#13491 = DIRECTION('',(-0.,-1.,0.));
#13492 = FACE_BOUND('',#13493,.T.);
#13493 = EDGE_LOOP('',(#13494));
#13494 = ORIENTED_EDGE('',*,*,#13495,.T.);
#13495 = EDGE_CURVE('',#13496,#13496,#13498,.T.);
#13496 = VERTEX_POINT('',#13497);
#13497 = CARTESIAN_POINT('',(151.54,-43.04,1.51));
#13498 = CIRCLE('',#13499,0.5);
#13499 = AXIS2_PLACEMENT_3D('',#13500,#13501,#13502);
#13500 = CARTESIAN_POINT('',(151.54,-42.54,1.51));
#13501 = DIRECTION('',(-0.,0.,-1.));
#13502 = DIRECTION('',(-0.,-1.,0.));
#13503 = FACE_BOUND('',#13504,.T.);
#13504 = EDGE_LOOP('',(#13505));
#13505 = ORIENTED_EDGE('',*,*,#13506,.T.);
#13506 = EDGE_CURVE('',#13507,#13507,#13509,.T.);
#13507 = VERTEX_POINT('',#13508);
#13508 = CARTESIAN_POINT('',(154.08,-43.04,1.51));
#13509 = CIRCLE('',#13510,0.5);
#13510 = AXIS2_PLACEMENT_3D('',#13511,#13512,#13513);
#13511 = CARTESIAN_POINT('',(154.08,-42.54,1.51));
#13512 = DIRECTION('',(-0.,0.,-1.));
#13513 = DIRECTION('',(-0.,-1.,0.));
#13514 = FACE_BOUND('',#13515,.T.);
#13515 = EDGE_LOOP('',(#13516));
#13516 = ORIENTED_EDGE('',*,*,#13517,.T.);
#13517 = EDGE_CURVE('',#13518,#13518,#13520,.T.);
#13518 = VERTEX_POINT('',#13519);
#13519 = CARTESIAN_POINT('',(156.62,-43.04,1.51));
#13520 = CIRCLE('',#13521,0.5);
#13521 = AXIS2_PLACEMENT_3D('',#13522,#13523,#13524);
#13522 = CARTESIAN_POINT('',(156.62,-42.54,1.51));
#13523 = DIRECTION('',(-0.,0.,-1.));
#13524 = DIRECTION('',(-0.,-1.,0.));
#13525 = FACE_BOUND('',#13526,.T.);
#13526 = EDGE_LOOP('',(#13527));
#13527 = ORIENTED_EDGE('',*,*,#13528,.T.);
#13528 = EDGE_CURVE('',#13529,#13529,#13531,.T.);
#13529 = VERTEX_POINT('',#13530);
#13530 = CARTESIAN_POINT('',(159.16,-43.04,1.51));
#13531 = CIRCLE('',#13532,0.5);
#13532 = AXIS2_PLACEMENT_3D('',#13533,#13534,#13535);
#13533 = CARTESIAN_POINT('',(159.16,-42.54,1.51));
#13534 = DIRECTION('',(-0.,0.,-1.));
#13535 = DIRECTION('',(-0.,-1.,0.));
#13536 = FACE_BOUND('',#13537,.T.);
#13537 = EDGE_LOOP('',(#13538));
#13538 = ORIENTED_EDGE('',*,*,#13539,.T.);
#13539 = EDGE_CURVE('',#13540,#13540,#13542,.T.);
#13540 = VERTEX_POINT('',#13541);
#13541 = CARTESIAN_POINT('',(161.7,-43.04,1.51));
#13542 = CIRCLE('',#13543,0.5);
#13543 = AXIS2_PLACEMENT_3D('',#13544,#13545,#13546);
#13544 = CARTESIAN_POINT('',(161.7,-42.54,1.51));
#13545 = DIRECTION('',(-0.,0.,-1.));
#13546 = DIRECTION('',(-0.,-1.,0.));
#13547 = FACE_BOUND('',#13548,.T.);
#13548 = EDGE_LOOP('',(#13549));
#13549 = ORIENTED_EDGE('',*,*,#13550,.T.);
#13550 = EDGE_CURVE('',#13551,#13551,#13553,.T.);
#13551 = VERTEX_POINT('',#13552);
#13552 = CARTESIAN_POINT('',(149.,-40.5,1.51));
#13553 = CIRCLE('',#13554,0.5);
#13554 = AXIS2_PLACEMENT_3D('',#13555,#13556,#13557);
#13555 = CARTESIAN_POINT('',(149.,-40.,1.51));
#13556 = DIRECTION('',(-0.,0.,-1.));
#13557 = DIRECTION('',(-0.,-1.,0.));
#13558 = FACE_BOUND('',#13559,.T.);
#13559 = EDGE_LOOP('',(#13560));
#13560 = ORIENTED_EDGE('',*,*,#13561,.T.);
#13561 = EDGE_CURVE('',#13562,#13562,#13564,.T.);
#13562 = VERTEX_POINT('',#13563);
#13563 = CARTESIAN_POINT('',(151.54,-40.5,1.51));
#13564 = CIRCLE('',#13565,0.5);
#13565 = AXIS2_PLACEMENT_3D('',#13566,#13567,#13568);
#13566 = CARTESIAN_POINT('',(151.54,-40.,1.51));
#13567 = DIRECTION('',(-0.,0.,-1.));
#13568 = DIRECTION('',(-0.,-1.,0.));
#13569 = FACE_BOUND('',#13570,.T.);
#13570 = EDGE_LOOP('',(#13571));
#13571 = ORIENTED_EDGE('',*,*,#13572,.T.);
#13572 = EDGE_CURVE('',#13573,#13573,#13575,.T.);
#13573 = VERTEX_POINT('',#13574);
#13574 = CARTESIAN_POINT('',(154.08,-40.5,1.51));
#13575 = CIRCLE('',#13576,0.5);
#13576 = AXIS2_PLACEMENT_3D('',#13577,#13578,#13579);
#13577 = CARTESIAN_POINT('',(154.08,-40.,1.51));
#13578 = DIRECTION('',(-0.,0.,-1.));
#13579 = DIRECTION('',(-0.,-1.,0.));
#13580 = FACE_BOUND('',#13581,.T.);
#13581 = EDGE_LOOP('',(#13582));
#13582 = ORIENTED_EDGE('',*,*,#13583,.T.);
#13583 = EDGE_CURVE('',#13584,#13584,#13586,.T.);
#13584 = VERTEX_POINT('',#13585);
#13585 = CARTESIAN_POINT('',(156.62,-40.5,1.51));
#13586 = CIRCLE('',#13587,0.5);
#13587 = AXIS2_PLACEMENT_3D('',#13588,#13589,#13590);
#13588 = CARTESIAN_POINT('',(156.62,-40.,1.51));
#13589 = DIRECTION('',(-0.,0.,-1.));
#13590 = DIRECTION('',(-0.,-1.,0.));
#13591 = FACE_BOUND('',#13592,.T.);
#13592 = EDGE_LOOP('',(#13593));
#13593 = ORIENTED_EDGE('',*,*,#13594,.T.);
#13594 = EDGE_CURVE('',#13595,#13595,#13597,.T.);
#13595 = VERTEX_POINT('',#13596);
#13596 = CARTESIAN_POINT('',(159.16,-40.5,1.51));
#13597 = CIRCLE('',#13598,0.5);
#13598 = AXIS2_PLACEMENT_3D('',#13599,#13600,#13601);
#13599 = CARTESIAN_POINT('',(159.16,-40.,1.51));
#13600 = DIRECTION('',(-0.,0.,-1.));
#13601 = DIRECTION('',(-0.,-1.,0.));
#13602 = FACE_BOUND('',#13603,.T.);
#13603 = EDGE_LOOP('',(#13604));
#13604 = ORIENTED_EDGE('',*,*,#13605,.T.);
#13605 = EDGE_CURVE('',#13606,#13606,#13608,.T.);
#13606 = VERTEX_POINT('',#13607);
#13607 = CARTESIAN_POINT('',(161.7,-40.5,1.51));
#13608 = CIRCLE('',#13609,0.5);
#13609 = AXIS2_PLACEMENT_3D('',#13610,#13611,#13612);
#13610 = CARTESIAN_POINT('',(161.7,-40.,1.51));
#13611 = DIRECTION('',(-0.,0.,-1.));
#13612 = DIRECTION('',(-0.,-1.,0.));
#13613 = FACE_BOUND('',#13614,.T.);
#13614 = EDGE_LOOP('',(#13615));
#13615 = ORIENTED_EDGE('',*,*,#13616,.T.);
#13616 = EDGE_CURVE('',#13617,#13617,#13619,.T.);
#13617 = VERTEX_POINT('',#13618);
#13618 = CARTESIAN_POINT('',(164.24,-43.04,1.51));
#13619 = CIRCLE('',#13620,0.5);
#13620 = AXIS2_PLACEMENT_3D('',#13621,#13622,#13623);
#13621 = CARTESIAN_POINT('',(164.24,-42.54,1.51));
#13622 = DIRECTION('',(-0.,0.,-1.));
#13623 = DIRECTION('',(-0.,-1.,0.));
#13624 = FACE_BOUND('',#13625,.T.);
#13625 = EDGE_LOOP('',(#13626));
#13626 = ORIENTED_EDGE('',*,*,#13627,.T.);
#13627 = EDGE_CURVE('',#13628,#13628,#13630,.T.);
#13628 = VERTEX_POINT('',#13629);
#13629 = CARTESIAN_POINT('',(166.78,-43.04,1.51));
#13630 = CIRCLE('',#13631,0.5);
#13631 = AXIS2_PLACEMENT_3D('',#13632,#13633,#13634);
#13632 = CARTESIAN_POINT('',(166.78,-42.54,1.51));
#13633 = DIRECTION('',(-0.,0.,-1.));
#13634 = DIRECTION('',(-0.,-1.,0.));
#13635 = FACE_BOUND('',#13636,.T.);
#13636 = EDGE_LOOP('',(#13637));
#13637 = ORIENTED_EDGE('',*,*,#13638,.T.);
#13638 = EDGE_CURVE('',#13639,#13639,#13641,.T.);
#13639 = VERTEX_POINT('',#13640);
#13640 = CARTESIAN_POINT('',(169.32,-43.04,1.51));
#13641 = CIRCLE('',#13642,0.5);
#13642 = AXIS2_PLACEMENT_3D('',#13643,#13644,#13645);
#13643 = CARTESIAN_POINT('',(169.32,-42.54,1.51));
#13644 = DIRECTION('',(-0.,0.,-1.));
#13645 = DIRECTION('',(-0.,-1.,0.));
#13646 = FACE_BOUND('',#13647,.T.);
#13647 = EDGE_LOOP('',(#13648));
#13648 = ORIENTED_EDGE('',*,*,#13649,.T.);
#13649 = EDGE_CURVE('',#13650,#13650,#13652,.T.);
#13650 = VERTEX_POINT('',#13651);
#13651 = CARTESIAN_POINT('',(171.86,-43.04,1.51));
#13652 = CIRCLE('',#13653,0.5);
#13653 = AXIS2_PLACEMENT_3D('',#13654,#13655,#13656);
#13654 = CARTESIAN_POINT('',(171.86,-42.54,1.51));
#13655 = DIRECTION('',(-0.,0.,-1.));
#13656 = DIRECTION('',(-0.,-1.,0.));
#13657 = FACE_BOUND('',#13658,.T.);
#13658 = EDGE_LOOP('',(#13659));
#13659 = ORIENTED_EDGE('',*,*,#13660,.T.);
#13660 = EDGE_CURVE('',#13661,#13661,#13663,.T.);
#13661 = VERTEX_POINT('',#13662);
#13662 = CARTESIAN_POINT('',(189.11,-42.765,1.51));
#13663 = CIRCLE('',#13664,0.5);
#13664 = AXIS2_PLACEMENT_3D('',#13665,#13666,#13667);
#13665 = CARTESIAN_POINT('',(189.11,-42.265,1.51));
#13666 = DIRECTION('',(-0.,0.,-1.));
#13667 = DIRECTION('',(-0.,-1.,0.));
#13668 = FACE_BOUND('',#13669,.T.);
#13669 = EDGE_LOOP('',(#13670));
#13670 = ORIENTED_EDGE('',*,*,#13671,.T.);
#13671 = EDGE_CURVE('',#13672,#13672,#13674,.T.);
#13672 = VERTEX_POINT('',#13673);
#13673 = CARTESIAN_POINT('',(191.65,-42.765,1.51));
#13674 = CIRCLE('',#13675,0.5);
#13675 = AXIS2_PLACEMENT_3D('',#13676,#13677,#13678);
#13676 = CARTESIAN_POINT('',(191.65,-42.265,1.51));
#13677 = DIRECTION('',(-0.,0.,-1.));
#13678 = DIRECTION('',(-0.,-1.,0.));
#13679 = FACE_BOUND('',#13680,.T.);
#13680 = EDGE_LOOP('',(#13681));
#13681 = ORIENTED_EDGE('',*,*,#13682,.T.);
#13682 = EDGE_CURVE('',#13683,#13683,#13685,.T.);
#13683 = VERTEX_POINT('',#13684);
#13684 = CARTESIAN_POINT('',(164.24,-40.5,1.51));
#13685 = CIRCLE('',#13686,0.5);
#13686 = AXIS2_PLACEMENT_3D('',#13687,#13688,#13689);
#13687 = CARTESIAN_POINT('',(164.24,-40.,1.51));
#13688 = DIRECTION('',(-0.,0.,-1.));
#13689 = DIRECTION('',(-0.,-1.,0.));
#13690 = FACE_BOUND('',#13691,.T.);
#13691 = EDGE_LOOP('',(#13692));
#13692 = ORIENTED_EDGE('',*,*,#13693,.T.);
#13693 = EDGE_CURVE('',#13694,#13694,#13696,.T.);
#13694 = VERTEX_POINT('',#13695);
#13695 = CARTESIAN_POINT('',(166.78,-40.5,1.51));
#13696 = CIRCLE('',#13697,0.5);
#13697 = AXIS2_PLACEMENT_3D('',#13698,#13699,#13700);
#13698 = CARTESIAN_POINT('',(166.78,-40.,1.51));
#13699 = DIRECTION('',(-0.,0.,-1.));
#13700 = DIRECTION('',(-0.,-1.,0.));
#13701 = FACE_BOUND('',#13702,.T.);
#13702 = EDGE_LOOP('',(#13703));
#13703 = ORIENTED_EDGE('',*,*,#13704,.T.);
#13704 = EDGE_CURVE('',#13705,#13705,#13707,.T.);
#13705 = VERTEX_POINT('',#13706);
#13706 = CARTESIAN_POINT('',(169.32,-40.5,1.51));
#13707 = CIRCLE('',#13708,0.5);
#13708 = AXIS2_PLACEMENT_3D('',#13709,#13710,#13711);
#13709 = CARTESIAN_POINT('',(169.32,-40.,1.51));
#13710 = DIRECTION('',(-0.,0.,-1.));
#13711 = DIRECTION('',(-0.,-1.,0.));
#13712 = FACE_BOUND('',#13713,.T.);
#13713 = EDGE_LOOP('',(#13714));
#13714 = ORIENTED_EDGE('',*,*,#13715,.T.);
#13715 = EDGE_CURVE('',#13716,#13716,#13718,.T.);
#13716 = VERTEX_POINT('',#13717);
#13717 = CARTESIAN_POINT('',(171.86,-40.5,1.51));
#13718 = CIRCLE('',#13719,0.5);
#13719 = AXIS2_PLACEMENT_3D('',#13720,#13721,#13722);
#13720 = CARTESIAN_POINT('',(171.86,-40.,1.51));
#13721 = DIRECTION('',(-0.,0.,-1.));
#13722 = DIRECTION('',(-0.,-1.,0.));
#13723 = FACE_BOUND('',#13724,.T.);
#13724 = EDGE_LOOP('',(#13725));
#13725 = ORIENTED_EDGE('',*,*,#13726,.T.);
#13726 = EDGE_CURVE('',#13727,#13727,#13729,.T.);
#13727 = VERTEX_POINT('',#13728);
#13728 = CARTESIAN_POINT('',(189.11,-40.225,1.51));
#13729 = CIRCLE('',#13730,0.5);
#13730 = AXIS2_PLACEMENT_3D('',#13731,#13732,#13733);
#13731 = CARTESIAN_POINT('',(189.11,-39.725,1.51));
#13732 = DIRECTION('',(-0.,0.,-1.));
#13733 = DIRECTION('',(-0.,-1.,0.));
#13734 = FACE_BOUND('',#13735,.T.);
#13735 = EDGE_LOOP('',(#13736));
#13736 = ORIENTED_EDGE('',*,*,#13737,.T.);
#13737 = EDGE_CURVE('',#13738,#13738,#13740,.T.);
#13738 = VERTEX_POINT('',#13739);
#13739 = CARTESIAN_POINT('',(191.65,-40.225,1.51));
#13740 = CIRCLE('',#13741,0.5);
#13741 = AXIS2_PLACEMENT_3D('',#13742,#13743,#13744);
#13742 = CARTESIAN_POINT('',(191.65,-39.725,1.51));
#13743 = DIRECTION('',(-0.,0.,-1.));
#13744 = DIRECTION('',(-0.,-1.,0.));
#13745 = FACE_BOUND('',#13746,.T.);
#13746 = EDGE_LOOP('',(#13747));
#13747 = ORIENTED_EDGE('',*,*,#13748,.T.);
#13748 = EDGE_CURVE('',#13749,#13749,#13751,.T.);
#13749 = VERTEX_POINT('',#13750);
#13750 = CARTESIAN_POINT('',(180.,-42.15,1.51));
#13751 = CIRCLE('',#13752,2.65);
#13752 = AXIS2_PLACEMENT_3D('',#13753,#13754,#13755);
#13753 = CARTESIAN_POINT('',(180.,-39.5,1.51));
#13754 = DIRECTION('',(-0.,0.,-1.));
#13755 = DIRECTION('',(-0.,-1.,0.));
#13756 = FACE_BOUND('',#13757,.T.);
#13757 = EDGE_LOOP('',(#13758));
#13758 = ORIENTED_EDGE('',*,*,#13759,.T.);
#13759 = EDGE_CURVE('',#13760,#13760,#13762,.T.);
#13760 = VERTEX_POINT('',#13761);
#13761 = CARTESIAN_POINT('',(194.19,-42.765,1.51));
#13762 = CIRCLE('',#13763,0.5);
#13763 = AXIS2_PLACEMENT_3D('',#13764,#13765,#13766);
#13764 = CARTESIAN_POINT('',(194.19,-42.265,1.51));
#13765 = DIRECTION('',(-0.,0.,-1.));
#13766 = DIRECTION('',(-0.,-1.,0.));
#13767 = FACE_BOUND('',#13768,.T.);
#13768 = EDGE_LOOP('',(#13769));
#13769 = ORIENTED_EDGE('',*,*,#13770,.T.);
#13770 = EDGE_CURVE('',#13771,#13771,#13773,.T.);
#13771 = VERTEX_POINT('',#13772);
#13772 = CARTESIAN_POINT('',(196.73,-42.765,1.51));
#13773 = CIRCLE('',#13774,0.5);
#13774 = AXIS2_PLACEMENT_3D('',#13775,#13776,#13777);
#13775 = CARTESIAN_POINT('',(196.73,-42.265,1.51));
#13776 = DIRECTION('',(-0.,0.,-1.));
#13777 = DIRECTION('',(-0.,-1.,0.));
#13778 = FACE_BOUND('',#13779,.T.);
#13779 = EDGE_LOOP('',(#13780));
#13780 = ORIENTED_EDGE('',*,*,#13781,.T.);
#13781 = EDGE_CURVE('',#13782,#13782,#13784,.T.);
#13782 = VERTEX_POINT('',#13783);
#13783 = CARTESIAN_POINT('',(199.27,-42.765,1.51));
#13784 = CIRCLE('',#13785,0.5);
#13785 = AXIS2_PLACEMENT_3D('',#13786,#13787,#13788);
#13786 = CARTESIAN_POINT('',(199.27,-42.265,1.51));
#13787 = DIRECTION('',(-0.,0.,-1.));
#13788 = DIRECTION('',(-0.,-1.,0.));
#13789 = FACE_BOUND('',#13790,.T.);
#13790 = EDGE_LOOP('',(#13791));
#13791 = ORIENTED_EDGE('',*,*,#13792,.T.);
#13792 = EDGE_CURVE('',#13793,#13793,#13795,.T.);
#13793 = VERTEX_POINT('',#13794);
#13794 = CARTESIAN_POINT('',(201.81,-42.765,1.51));
#13795 = CIRCLE('',#13796,0.5);
#13796 = AXIS2_PLACEMENT_3D('',#13797,#13798,#13799);
#13797 = CARTESIAN_POINT('',(201.81,-42.265,1.51));
#13798 = DIRECTION('',(-0.,0.,-1.));
#13799 = DIRECTION('',(-0.,-1.,0.));
#13800 = FACE_BOUND('',#13801,.T.);
#13801 = EDGE_LOOP('',(#13802));
#13802 = ORIENTED_EDGE('',*,*,#13803,.T.);
#13803 = EDGE_CURVE('',#13804,#13804,#13806,.T.);
#13804 = VERTEX_POINT('',#13805);
#13805 = CARTESIAN_POINT('',(204.35,-42.765,1.51));
#13806 = CIRCLE('',#13807,0.5);
#13807 = AXIS2_PLACEMENT_3D('',#13808,#13809,#13810);
#13808 = CARTESIAN_POINT('',(204.35,-42.265,1.51));
#13809 = DIRECTION('',(-0.,0.,-1.));
#13810 = DIRECTION('',(-0.,-1.,0.));
#13811 = FACE_BOUND('',#13812,.T.);
#13812 = EDGE_LOOP('',(#13813));
#13813 = ORIENTED_EDGE('',*,*,#13814,.T.);
#13814 = EDGE_CURVE('',#13815,#13815,#13817,.T.);
#13815 = VERTEX_POINT('',#13816);
#13816 = CARTESIAN_POINT('',(206.89,-42.765,1.51));
#13817 = CIRCLE('',#13818,0.5);
#13818 = AXIS2_PLACEMENT_3D('',#13819,#13820,#13821);
#13819 = CARTESIAN_POINT('',(206.89,-42.265,1.51));
#13820 = DIRECTION('',(-0.,0.,-1.));
#13821 = DIRECTION('',(-0.,-1.,0.));
#13822 = FACE_BOUND('',#13823,.T.);
#13823 = EDGE_LOOP('',(#13824));
#13824 = ORIENTED_EDGE('',*,*,#13825,.T.);
#13825 = EDGE_CURVE('',#13826,#13826,#13828,.T.);
#13826 = VERTEX_POINT('',#13827);
#13827 = CARTESIAN_POINT('',(213.025,-42.85,1.51));
#13828 = CIRCLE('',#13829,0.65);
#13829 = AXIS2_PLACEMENT_3D('',#13830,#13831,#13832);
#13830 = CARTESIAN_POINT('',(213.025,-42.2,1.51));
#13831 = DIRECTION('',(-0.,0.,-1.));
#13832 = DIRECTION('',(-0.,-1.,0.));
#13833 = FACE_BOUND('',#13834,.T.);
#13834 = EDGE_LOOP('',(#13835));
#13835 = ORIENTED_EDGE('',*,*,#13836,.T.);
#13836 = EDGE_CURVE('',#13837,#13837,#13839,.T.);
#13837 = VERTEX_POINT('',#13838);
#13838 = CARTESIAN_POINT('',(225.225,-42.7,1.51));
#13839 = CIRCLE('',#13840,0.5);
#13840 = AXIS2_PLACEMENT_3D('',#13841,#13842,#13843);
#13841 = CARTESIAN_POINT('',(225.225,-42.2,1.51));
#13842 = DIRECTION('',(-0.,0.,-1.));
#13843 = DIRECTION('',(-0.,-1.,0.));
#13844 = FACE_BOUND('',#13845,.T.);
#13845 = EDGE_LOOP('',(#13846));
#13846 = ORIENTED_EDGE('',*,*,#13847,.T.);
#13847 = EDGE_CURVE('',#13848,#13848,#13850,.T.);
#13848 = VERTEX_POINT('',#13849);
#13849 = CARTESIAN_POINT('',(194.19,-40.225,1.51));
#13850 = CIRCLE('',#13851,0.5);
#13851 = AXIS2_PLACEMENT_3D('',#13852,#13853,#13854);
#13852 = CARTESIAN_POINT('',(194.19,-39.725,1.51));
#13853 = DIRECTION('',(-0.,0.,-1.));
#13854 = DIRECTION('',(-0.,-1.,0.));
#13855 = FACE_BOUND('',#13856,.T.);
#13856 = EDGE_LOOP('',(#13857));
#13857 = ORIENTED_EDGE('',*,*,#13858,.T.);
#13858 = EDGE_CURVE('',#13859,#13859,#13861,.T.);
#13859 = VERTEX_POINT('',#13860);
#13860 = CARTESIAN_POINT('',(196.73,-40.225,1.51));
#13861 = CIRCLE('',#13862,0.5);
#13862 = AXIS2_PLACEMENT_3D('',#13863,#13864,#13865);
#13863 = CARTESIAN_POINT('',(196.73,-39.725,1.51));
#13864 = DIRECTION('',(-0.,0.,-1.));
#13865 = DIRECTION('',(-0.,-1.,0.));
#13866 = FACE_BOUND('',#13867,.T.);
#13867 = EDGE_LOOP('',(#13868));
#13868 = ORIENTED_EDGE('',*,*,#13869,.T.);
#13869 = EDGE_CURVE('',#13870,#13870,#13872,.T.);
#13870 = VERTEX_POINT('',#13871);
#13871 = CARTESIAN_POINT('',(199.27,-40.225,1.51));
#13872 = CIRCLE('',#13873,0.5);
#13873 = AXIS2_PLACEMENT_3D('',#13874,#13875,#13876);
#13874 = CARTESIAN_POINT('',(199.27,-39.725,1.51));
#13875 = DIRECTION('',(-0.,0.,-1.));
#13876 = DIRECTION('',(-0.,-1.,0.));
#13877 = FACE_BOUND('',#13878,.T.);
#13878 = EDGE_LOOP('',(#13879));
#13879 = ORIENTED_EDGE('',*,*,#13880,.T.);
#13880 = EDGE_CURVE('',#13881,#13881,#13883,.T.);
#13881 = VERTEX_POINT('',#13882);
#13882 = CARTESIAN_POINT('',(201.81,-40.225,1.51));
#13883 = CIRCLE('',#13884,0.5);
#13884 = AXIS2_PLACEMENT_3D('',#13885,#13886,#13887);
#13885 = CARTESIAN_POINT('',(201.81,-39.725,1.51));
#13886 = DIRECTION('',(-0.,0.,-1.));
#13887 = DIRECTION('',(-0.,-1.,0.));
#13888 = FACE_BOUND('',#13889,.T.);
#13889 = EDGE_LOOP('',(#13890));
#13890 = ORIENTED_EDGE('',*,*,#13891,.T.);
#13891 = EDGE_CURVE('',#13892,#13892,#13894,.T.);
#13892 = VERTEX_POINT('',#13893);
#13893 = CARTESIAN_POINT('',(204.35,-40.225,1.51));
#13894 = CIRCLE('',#13895,0.5);
#13895 = AXIS2_PLACEMENT_3D('',#13896,#13897,#13898);
#13896 = CARTESIAN_POINT('',(204.35,-39.725,1.51));
#13897 = DIRECTION('',(-0.,0.,-1.));
#13898 = DIRECTION('',(-0.,-1.,0.));
#13899 = FACE_BOUND('',#13900,.T.);
#13900 = EDGE_LOOP('',(#13901));
#13901 = ORIENTED_EDGE('',*,*,#13902,.T.);
#13902 = EDGE_CURVE('',#13903,#13903,#13905,.T.);
#13903 = VERTEX_POINT('',#13904);
#13904 = CARTESIAN_POINT('',(206.89,-40.225,1.51));
#13905 = CIRCLE('',#13906,0.5);
#13906 = AXIS2_PLACEMENT_3D('',#13907,#13908,#13909);
#13907 = CARTESIAN_POINT('',(206.89,-39.725,1.51));
#13908 = DIRECTION('',(-0.,0.,-1.));
#13909 = DIRECTION('',(-0.,-1.,0.));
#13910 = FACE_BOUND('',#13911,.T.);
#13911 = EDGE_LOOP('',(#13912));
#13912 = ORIENTED_EDGE('',*,*,#13913,.T.);
#13913 = EDGE_CURVE('',#13914,#13914,#13916,.T.);
#13914 = VERTEX_POINT('',#13915);
#13915 = CARTESIAN_POINT('',(233.025,-42.85,1.51));
#13916 = CIRCLE('',#13917,0.65);
#13917 = AXIS2_PLACEMENT_3D('',#13918,#13919,#13920);
#13918 = CARTESIAN_POINT('',(233.025,-42.2,1.51));
#13919 = DIRECTION('',(-0.,0.,-1.));
#13920 = DIRECTION('',(-0.,-1.,0.));
#13921 = FACE_BOUND('',#13922,.T.);
#13922 = EDGE_LOOP('',(#13923));
#13923 = ORIENTED_EDGE('',*,*,#13924,.T.);
#13924 = EDGE_CURVE('',#13925,#13925,#13927,.T.);
#13925 = VERTEX_POINT('',#13926);
#13926 = CARTESIAN_POINT('',(245.225,-42.7,1.51));
#13927 = CIRCLE('',#13928,0.5);
#13928 = AXIS2_PLACEMENT_3D('',#13929,#13930,#13931);
#13929 = CARTESIAN_POINT('',(245.225,-42.2,1.51));
#13930 = DIRECTION('',(-0.,0.,-1.));
#13931 = DIRECTION('',(-0.,-1.,0.));
#13932 = FACE_BOUND('',#13933,.T.);
#13933 = EDGE_LOOP('',(#13934));
#13934 = ORIENTED_EDGE('',*,*,#13935,.T.);
#13935 = EDGE_CURVE('',#13936,#13936,#13938,.T.);
#13936 = VERTEX_POINT('',#13937);
#13937 = CARTESIAN_POINT('',(254.5,-42.15,1.51));
#13938 = CIRCLE('',#13939,2.65);
#13939 = AXIS2_PLACEMENT_3D('',#13940,#13941,#13942);
#13940 = CARTESIAN_POINT('',(254.5,-39.5,1.51));
#13941 = DIRECTION('',(-0.,0.,-1.));
#13942 = DIRECTION('',(-0.,-1.,0.));
#13943 = FACE_BOUND('',#13944,.T.);
#13944 = EDGE_LOOP('',(#13945));
#13945 = ORIENTED_EDGE('',*,*,#13946,.T.);
#13946 = EDGE_CURVE('',#13947,#13947,#13949,.T.);
#13947 = VERTEX_POINT('',#13948);
#13948 = CARTESIAN_POINT('',(227.225,-36.85,1.51));
#13949 = CIRCLE('',#13950,0.65);
#13950 = AXIS2_PLACEMENT_3D('',#13951,#13952,#13953);
#13951 = CARTESIAN_POINT('',(227.225,-36.2,1.51));
#13952 = DIRECTION('',(-0.,0.,-1.));
#13953 = DIRECTION('',(-0.,-1.,0.));
#13954 = FACE_BOUND('',#13955,.T.);
#13955 = EDGE_LOOP('',(#13956));
#13956 = ORIENTED_EDGE('',*,*,#13957,.T.);
#13957 = EDGE_CURVE('',#13958,#13958,#13960,.T.);
#13958 = VERTEX_POINT('',#13959);
#13959 = CARTESIAN_POINT('',(247.225,-36.85,1.51));
#13960 = CIRCLE('',#13961,0.65);
#13961 = AXIS2_PLACEMENT_3D('',#13962,#13963,#13964);
#13962 = CARTESIAN_POINT('',(247.225,-36.2,1.51));
#13963 = DIRECTION('',(-0.,0.,-1.));
#13964 = DIRECTION('',(-0.,-1.,0.));
#13965 = FACE_BOUND('',#13966,.T.);
#13966 = EDGE_LOOP('',(#13967));
#13967 = ORIENTED_EDGE('',*,*,#13968,.T.);
#13968 = EDGE_CURVE('',#13969,#13969,#13971,.T.);
#13969 = VERTEX_POINT('',#13970);
#13970 = CARTESIAN_POINT('',(168.525,-30.3,1.51));
#13971 = CIRCLE('',#13972,1.);
#13972 = AXIS2_PLACEMENT_3D('',#13973,#13974,#13975);
#13973 = CARTESIAN_POINT('',(168.525,-29.3,1.51));
#13974 = DIRECTION('',(-0.,0.,-1.));
#13975 = DIRECTION('',(-0.,-1.,0.));
#13976 = FACE_BOUND('',#13977,.T.);
#13977 = EDGE_LOOP('',(#13978));
#13978 = ORIENTED_EDGE('',*,*,#13979,.T.);
#13979 = EDGE_CURVE('',#13980,#13980,#13982,.T.);
#13980 = VERTEX_POINT('',#13981);
#13981 = CARTESIAN_POINT('',(133.325,-26.925,1.51));
#13982 = CIRCLE('',#13983,0.925);
#13983 = AXIS2_PLACEMENT_3D('',#13984,#13985,#13986);
#13984 = CARTESIAN_POINT('',(133.325,-26.,1.51));
#13985 = DIRECTION('',(-0.,0.,-1.));
#13986 = DIRECTION('',(-0.,-1.,0.));
#13987 = FACE_BOUND('',#13988,.T.);
#13988 = EDGE_LOOP('',(#13989));
#13989 = ORIENTED_EDGE('',*,*,#13990,.T.);
#13990 = EDGE_CURVE('',#13991,#13991,#13993,.T.);
#13991 = VERTEX_POINT('',#13992);
#13992 = CARTESIAN_POINT('',(137.325,-26.925,1.51));
#13993 = CIRCLE('',#13994,0.925);
#13994 = AXIS2_PLACEMENT_3D('',#13995,#13996,#13997);
#13995 = CARTESIAN_POINT('',(137.325,-26.,1.51));
#13996 = DIRECTION('',(-0.,0.,-1.));
#13997 = DIRECTION('',(-0.,-1.,0.));
#13998 = FACE_BOUND('',#13999,.T.);
#13999 = EDGE_LOOP('',(#14000));
#14000 = ORIENTED_EDGE('',*,*,#14001,.T.);
#14001 = EDGE_CURVE('',#14002,#14002,#14004,.T.);
#14002 = VERTEX_POINT('',#14003);
#14003 = CARTESIAN_POINT('',(141.325,-26.925,1.51));
#14004 = CIRCLE('',#14005,0.925);
#14005 = AXIS2_PLACEMENT_3D('',#14006,#14007,#14008);
#14006 = CARTESIAN_POINT('',(141.325,-26.,1.51));
#14007 = DIRECTION('',(-0.,0.,-1.));
#14008 = DIRECTION('',(-0.,-1.,0.));
#14009 = FACE_BOUND('',#14010,.T.);
#14010 = EDGE_LOOP('',(#14011));
#14011 = ORIENTED_EDGE('',*,*,#14012,.T.);
#14012 = EDGE_CURVE('',#14013,#14013,#14015,.T.);
#14013 = VERTEX_POINT('',#14014);
#14014 = CARTESIAN_POINT('',(145.325,-26.925,1.51));
#14015 = CIRCLE('',#14016,0.925);
#14016 = AXIS2_PLACEMENT_3D('',#14017,#14018,#14019);
#14017 = CARTESIAN_POINT('',(145.325,-26.,1.51));
#14018 = DIRECTION('',(-0.,0.,-1.));
#14019 = DIRECTION('',(-0.,-1.,0.));
#14020 = FACE_BOUND('',#14021,.T.);
#14021 = EDGE_LOOP('',(#14022));
#14022 = ORIENTED_EDGE('',*,*,#14023,.T.);
#14023 = EDGE_CURVE('',#14024,#14024,#14026,.T.);
#14024 = VERTEX_POINT('',#14025);
#14025 = CARTESIAN_POINT('',(149.325,-26.925,1.51));
#14026 = CIRCLE('',#14027,0.925);
#14027 = AXIS2_PLACEMENT_3D('',#14028,#14029,#14030);
#14028 = CARTESIAN_POINT('',(149.325,-26.,1.51));
#14029 = DIRECTION('',(-0.,0.,-1.));
#14030 = DIRECTION('',(-0.,-1.,0.));
#14031 = FACE_BOUND('',#14032,.T.);
#14032 = EDGE_LOOP('',(#14033));
#14033 = ORIENTED_EDGE('',*,*,#14034,.T.);
#14034 = EDGE_CURVE('',#14035,#14035,#14037,.T.);
#14035 = VERTEX_POINT('',#14036);
#14036 = CARTESIAN_POINT('',(153.325,-26.925,1.51));
#14037 = CIRCLE('',#14038,0.925);
#14038 = AXIS2_PLACEMENT_3D('',#14039,#14040,#14041);
#14039 = CARTESIAN_POINT('',(153.325,-26.,1.51));
#14040 = DIRECTION('',(-0.,0.,-1.));
#14041 = DIRECTION('',(-0.,-1.,0.));
#14042 = FACE_BOUND('',#14043,.T.);
#14043 = EDGE_LOOP('',(#14044));
#14044 = ORIENTED_EDGE('',*,*,#14045,.T.);
#14045 = EDGE_CURVE('',#14046,#14046,#14048,.T.);
#14046 = VERTEX_POINT('',#14047);
#14047 = CARTESIAN_POINT('',(157.325,-26.925,1.51));
#14048 = CIRCLE('',#14049,0.925);
#14049 = AXIS2_PLACEMENT_3D('',#14050,#14051,#14052);
#14050 = CARTESIAN_POINT('',(157.325,-26.,1.51));
#14051 = DIRECTION('',(-0.,0.,-1.));
#14052 = DIRECTION('',(-0.,-1.,0.));
#14053 = FACE_BOUND('',#14054,.T.);
#14054 = EDGE_LOOP('',(#14055));
#14055 = ORIENTED_EDGE('',*,*,#14056,.T.);
#14056 = EDGE_CURVE('',#14057,#14057,#14059,.T.);
#14057 = VERTEX_POINT('',#14058);
#14058 = CARTESIAN_POINT('',(182.75,-28.305,1.51));
#14059 = CIRCLE('',#14060,0.475);
#14060 = AXIS2_PLACEMENT_3D('',#14061,#14062,#14063);
#14061 = CARTESIAN_POINT('',(182.75,-27.83,1.51));
#14062 = DIRECTION('',(-0.,0.,-1.));
#14063 = DIRECTION('',(-0.,-1.,0.));
#14064 = FACE_BOUND('',#14065,.T.);
#14065 = EDGE_LOOP('',(#14066));
#14066 = ORIENTED_EDGE('',*,*,#14067,.T.);
#14067 = EDGE_CURVE('',#14068,#14068,#14070,.T.);
#14068 = VERTEX_POINT('',#14069);
#14069 = CARTESIAN_POINT('',(185.25,-28.305,1.51));
#14070 = CIRCLE('',#14071,0.475);
#14071 = AXIS2_PLACEMENT_3D('',#14072,#14073,#14074);
#14072 = CARTESIAN_POINT('',(185.25,-27.83,1.51));
#14073 = DIRECTION('',(-0.,0.,-1.));
#14074 = DIRECTION('',(-0.,-1.,0.));
#14075 = FACE_BOUND('',#14076,.T.);
#14076 = EDGE_LOOP('',(#14077));
#14077 = ORIENTED_EDGE('',*,*,#14078,.T.);
#14078 = EDGE_CURVE('',#14079,#14079,#14081,.T.);
#14079 = VERTEX_POINT('',#14080);
#14080 = CARTESIAN_POINT('',(177.98,-26.48,1.51));
#14081 = CIRCLE('',#14082,1.15);
#14082 = AXIS2_PLACEMENT_3D('',#14083,#14084,#14085);
#14083 = CARTESIAN_POINT('',(177.98,-25.33,1.51));
#14084 = DIRECTION('',(-0.,0.,-1.));
#14085 = DIRECTION('',(-2.471452993948E-14,-1.,0.));
#14086 = FACE_BOUND('',#14087,.T.);
#14087 = EDGE_LOOP('',(#14088));
#14088 = ORIENTED_EDGE('',*,*,#14089,.T.);
#14089 = EDGE_CURVE('',#14090,#14090,#14092,.T.);
#14090 = VERTEX_POINT('',#14091);
#14091 = CARTESIAN_POINT('',(182.75,-25.105,1.51));
#14092 = CIRCLE('',#14093,0.475);
#14093 = AXIS2_PLACEMENT_3D('',#14094,#14095,#14096);
#14094 = CARTESIAN_POINT('',(182.75,-24.63,1.51));
#14095 = DIRECTION('',(-0.,0.,-1.));
#14096 = DIRECTION('',(-0.,-1.,0.));
#14097 = FACE_BOUND('',#14098,.T.);
#14098 = EDGE_LOOP('',(#14099));
#14099 = ORIENTED_EDGE('',*,*,#14100,.T.);
#14100 = EDGE_CURVE('',#14101,#14101,#14103,.T.);
#14101 = VERTEX_POINT('',#14102);
#14102 = CARTESIAN_POINT('',(185.25,-25.105,1.51));
#14103 = CIRCLE('',#14104,0.475);
#14104 = AXIS2_PLACEMENT_3D('',#14105,#14106,#14107);
#14105 = CARTESIAN_POINT('',(185.25,-24.63,1.51));
#14106 = DIRECTION('',(-0.,0.,-1.));
#14107 = DIRECTION('',(-0.,-1.,0.));
#14108 = FACE_BOUND('',#14109,.T.);
#14109 = EDGE_LOOP('',(#14110));
#14110 = ORIENTED_EDGE('',*,*,#14111,.T.);
#14111 = EDGE_CURVE('',#14112,#14112,#14114,.T.);
#14112 = VERTEX_POINT('',#14113);
#14113 = CARTESIAN_POINT('',(190.02,-26.48,1.51));
#14114 = CIRCLE('',#14115,1.15);
#14115 = AXIS2_PLACEMENT_3D('',#14116,#14117,#14118);
#14116 = CARTESIAN_POINT('',(190.02,-25.33,1.51));
#14117 = DIRECTION('',(-0.,0.,-1.));
#14118 = DIRECTION('',(2.471452993948E-14,-1.,-0.));
#14119 = FACE_BOUND('',#14120,.T.);
#14120 = EDGE_LOOP('',(#14121));
#14121 = ORIENTED_EDGE('',*,*,#14122,.T.);
#14122 = EDGE_CURVE('',#14123,#14123,#14125,.T.);
#14123 = VERTEX_POINT('',#14124);
#14124 = CARTESIAN_POINT('',(213.025,-30.85,1.51));
#14125 = CIRCLE('',#14126,0.65);
#14126 = AXIS2_PLACEMENT_3D('',#14127,#14128,#14129);
#14127 = CARTESIAN_POINT('',(213.025,-30.2,1.51));
#14128 = DIRECTION('',(-0.,0.,-1.));
#14129 = DIRECTION('',(-0.,-1.,0.));
#14130 = FACE_BOUND('',#14131,.T.);
#14131 = EDGE_LOOP('',(#14132));
#14132 = ORIENTED_EDGE('',*,*,#14133,.T.);
#14133 = EDGE_CURVE('',#14134,#14134,#14136,.T.);
#14134 = VERTEX_POINT('',#14135);
#14135 = CARTESIAN_POINT('',(225.225,-30.7,1.51));
#14136 = CIRCLE('',#14137,0.5);
#14137 = AXIS2_PLACEMENT_3D('',#14138,#14139,#14140);
#14138 = CARTESIAN_POINT('',(225.225,-30.2,1.51));
#14139 = DIRECTION('',(-0.,0.,-1.));
#14140 = DIRECTION('',(-0.,-1.,0.));
#14141 = FACE_BOUND('',#14142,.T.);
#14142 = EDGE_LOOP('',(#14143));
#14143 = ORIENTED_EDGE('',*,*,#14144,.T.);
#14144 = EDGE_CURVE('',#14145,#14145,#14147,.T.);
#14145 = VERTEX_POINT('',#14146);
#14146 = CARTESIAN_POINT('',(254.725,-31.89,1.51));
#14147 = CIRCLE('',#14148,0.5);
#14148 = AXIS2_PLACEMENT_3D('',#14149,#14150,#14151);
#14149 = CARTESIAN_POINT('',(254.725,-31.39,1.51));
#14150 = DIRECTION('',(-0.,0.,-1.));
#14151 = DIRECTION('',(-0.,-1.,0.));
#14152 = FACE_BOUND('',#14153,.T.);
#14153 = EDGE_LOOP('',(#14154));
#14154 = ORIENTED_EDGE('',*,*,#14155,.T.);
#14155 = EDGE_CURVE('',#14156,#14156,#14158,.T.);
#14156 = VERTEX_POINT('',#14157);
#14157 = CARTESIAN_POINT('',(257.265,-31.89,1.51));
#14158 = CIRCLE('',#14159,0.5);
#14159 = AXIS2_PLACEMENT_3D('',#14160,#14161,#14162);
#14160 = CARTESIAN_POINT('',(257.265,-31.39,1.51));
#14161 = DIRECTION('',(-0.,0.,-1.));
#14162 = DIRECTION('',(-0.,-1.,0.));
#14163 = FACE_BOUND('',#14164,.T.);
#14164 = EDGE_LOOP('',(#14165));
#14165 = ORIENTED_EDGE('',*,*,#14166,.T.);
#14166 = EDGE_CURVE('',#14167,#14167,#14169,.T.);
#14167 = VERTEX_POINT('',#14168);
#14168 = CARTESIAN_POINT('',(233.025,-30.85,1.51));
#14169 = CIRCLE('',#14170,0.65);
#14170 = AXIS2_PLACEMENT_3D('',#14171,#14172,#14173);
#14171 = CARTESIAN_POINT('',(233.025,-30.2,1.51));
#14172 = DIRECTION('',(-0.,0.,-1.));
#14173 = DIRECTION('',(-0.,-1.,0.));
#14174 = FACE_BOUND('',#14175,.T.);
#14175 = EDGE_LOOP('',(#14176));
#14176 = ORIENTED_EDGE('',*,*,#14177,.T.);
#14177 = EDGE_CURVE('',#14178,#14178,#14180,.T.);
#14178 = VERTEX_POINT('',#14179);
#14179 = CARTESIAN_POINT('',(245.225,-30.7,1.51));
#14180 = CIRCLE('',#14181,0.5);
#14181 = AXIS2_PLACEMENT_3D('',#14182,#14183,#14184);
#14182 = CARTESIAN_POINT('',(245.225,-30.2,1.51));
#14183 = DIRECTION('',(-0.,0.,-1.));
#14184 = DIRECTION('',(-0.,-1.,0.));
#14185 = FACE_BOUND('',#14186,.T.);
#14186 = EDGE_LOOP('',(#14187));
#14187 = ORIENTED_EDGE('',*,*,#14188,.T.);
#14188 = EDGE_CURVE('',#14189,#14189,#14191,.T.);
#14189 = VERTEX_POINT('',#14190);
#14190 = CARTESIAN_POINT('',(254.725,-29.35,1.51));
#14191 = CIRCLE('',#14192,0.5);
#14192 = AXIS2_PLACEMENT_3D('',#14193,#14194,#14195);
#14193 = CARTESIAN_POINT('',(254.725,-28.85,1.51));
#14194 = DIRECTION('',(-0.,0.,-1.));
#14195 = DIRECTION('',(-0.,-1.,0.));
#14196 = FACE_BOUND('',#14197,.T.);
#14197 = EDGE_LOOP('',(#14198));
#14198 = ORIENTED_EDGE('',*,*,#14199,.T.);
#14199 = EDGE_CURVE('',#14200,#14200,#14202,.T.);
#14200 = VERTEX_POINT('',#14201);
#14201 = CARTESIAN_POINT('',(257.265,-29.35,1.51));
#14202 = CIRCLE('',#14203,0.5);
#14203 = AXIS2_PLACEMENT_3D('',#14204,#14205,#14206);
#14204 = CARTESIAN_POINT('',(257.265,-28.85,1.51));
#14205 = DIRECTION('',(-0.,0.,-1.));
#14206 = DIRECTION('',(-0.,-1.,0.));
#14207 = FACE_BOUND('',#14208,.T.);
#14208 = EDGE_LOOP('',(#14209));
#14209 = ORIENTED_EDGE('',*,*,#14210,.T.);
#14210 = EDGE_CURVE('',#14211,#14211,#14213,.T.);
#14211 = VERTEX_POINT('',#14212);
#14212 = CARTESIAN_POINT('',(254.725,-26.81,1.51));
#14213 = CIRCLE('',#14214,0.5);
#14214 = AXIS2_PLACEMENT_3D('',#14215,#14216,#14217);
#14215 = CARTESIAN_POINT('',(254.725,-26.31,1.51));
#14216 = DIRECTION('',(-0.,0.,-1.));
#14217 = DIRECTION('',(-0.,-1.,0.));
#14218 = FACE_BOUND('',#14219,.T.);
#14219 = EDGE_LOOP('',(#14220));
#14220 = ORIENTED_EDGE('',*,*,#14221,.T.);
#14221 = EDGE_CURVE('',#14222,#14222,#14224,.T.);
#14222 = VERTEX_POINT('',#14223);
#14223 = CARTESIAN_POINT('',(257.265,-26.81,1.51));
#14224 = CIRCLE('',#14225,0.5);
#14225 = AXIS2_PLACEMENT_3D('',#14226,#14227,#14228);
#14226 = CARTESIAN_POINT('',(257.265,-26.31,1.51));
#14227 = DIRECTION('',(-0.,0.,-1.));
#14228 = DIRECTION('',(-0.,-1.,0.));
#14229 = FACE_BOUND('',#14230,.T.);
#14230 = EDGE_LOOP('',(#14231));
#14231 = ORIENTED_EDGE('',*,*,#14232,.T.);
#14232 = EDGE_CURVE('',#14233,#14233,#14235,.T.);
#14233 = VERTEX_POINT('',#14234);
#14234 = CARTESIAN_POINT('',(245.315902,-24.77,1.51));
#14235 = CIRCLE('',#14236,0.65);
#14236 = AXIS2_PLACEMENT_3D('',#14237,#14238,#14239);
#14237 = CARTESIAN_POINT('',(245.315902,-24.12,1.51));
#14238 = DIRECTION('',(-0.,0.,-1.));
#14239 = DIRECTION('',(-0.,-1.,0.));
#14240 = FACE_BOUND('',#14241,.T.);
#14241 = EDGE_LOOP('',(#14242));
#14242 = ORIENTED_EDGE('',*,*,#14243,.T.);
#14243 = EDGE_CURVE('',#14244,#14244,#14246,.T.);
#14244 = VERTEX_POINT('',#14245);
#14245 = CARTESIAN_POINT('',(254.725,-24.27,1.51));
#14246 = CIRCLE('',#14247,0.5);
#14247 = AXIS2_PLACEMENT_3D('',#14248,#14249,#14250);
#14248 = CARTESIAN_POINT('',(254.725,-23.77,1.51));
#14249 = DIRECTION('',(-0.,0.,-1.));
#14250 = DIRECTION('',(-0.,-1.,0.));
#14251 = FACE_BOUND('',#14252,.T.);
#14252 = EDGE_LOOP('',(#14253));
#14253 = ORIENTED_EDGE('',*,*,#14254,.T.);
#14254 = EDGE_CURVE('',#14255,#14255,#14257,.T.);
#14255 = VERTEX_POINT('',#14256);
#14256 = CARTESIAN_POINT('',(257.265,-24.27,1.51));
#14257 = CIRCLE('',#14258,0.5);
#14258 = AXIS2_PLACEMENT_3D('',#14259,#14260,#14261);
#14259 = CARTESIAN_POINT('',(257.265,-23.77,1.51));
#14260 = DIRECTION('',(-0.,0.,-1.));
#14261 = DIRECTION('',(-0.,-1.,0.));
#14262 = FACE_BOUND('',#14263,.T.);
#14263 = EDGE_LOOP('',(#14264));
#14264 = ORIENTED_EDGE('',*,*,#14265,.T.);
#14265 = EDGE_CURVE('',#14266,#14266,#14268,.T.);
#14266 = VERTEX_POINT('',#14267);
#14267 = CARTESIAN_POINT('',(81.295,-23.413999,1.51));
#14268 = CIRCLE('',#14269,0.5);
#14269 = AXIS2_PLACEMENT_3D('',#14270,#14271,#14272);
#14270 = CARTESIAN_POINT('',(81.295,-22.913999,1.51));
#14271 = DIRECTION('',(-0.,0.,-1.));
#14272 = DIRECTION('',(-0.,-1.,0.));
#14273 = FACE_BOUND('',#14274,.T.);
#14274 = EDGE_LOOP('',(#14275));
#14275 = ORIENTED_EDGE('',*,*,#14276,.T.);
#14276 = EDGE_CURVE('',#14277,#14277,#14279,.T.);
#14277 = VERTEX_POINT('',#14278);
#14278 = CARTESIAN_POINT('',(83.835,-23.413999,1.51));
#14279 = CIRCLE('',#14280,0.5);
#14280 = AXIS2_PLACEMENT_3D('',#14281,#14282,#14283);
#14281 = CARTESIAN_POINT('',(83.835,-22.913999,1.51));
#14282 = DIRECTION('',(-0.,0.,-1.));
#14283 = DIRECTION('',(-0.,-1.,0.));
#14284 = FACE_BOUND('',#14285,.T.);
#14285 = EDGE_LOOP('',(#14286));
#14286 = ORIENTED_EDGE('',*,*,#14287,.T.);
#14287 = EDGE_CURVE('',#14288,#14288,#14290,.T.);
#14288 = VERTEX_POINT('',#14289);
#14289 = CARTESIAN_POINT('',(86.375,-23.413999,1.51));
#14290 = CIRCLE('',#14291,0.5);
#14291 = AXIS2_PLACEMENT_3D('',#14292,#14293,#14294);
#14292 = CARTESIAN_POINT('',(86.375,-22.913999,1.51));
#14293 = DIRECTION('',(-0.,0.,-1.));
#14294 = DIRECTION('',(-0.,-1.,0.));
#14295 = FACE_BOUND('',#14296,.T.);
#14296 = EDGE_LOOP('',(#14297));
#14297 = ORIENTED_EDGE('',*,*,#14298,.T.);
#14298 = EDGE_CURVE('',#14299,#14299,#14301,.T.);
#14299 = VERTEX_POINT('',#14300);
#14300 = CARTESIAN_POINT('',(88.915,-23.413999,1.51));
#14301 = CIRCLE('',#14302,0.5);
#14302 = AXIS2_PLACEMENT_3D('',#14303,#14304,#14305);
#14303 = CARTESIAN_POINT('',(88.915,-22.913999,1.51));
#14304 = DIRECTION('',(-0.,0.,-1.));
#14305 = DIRECTION('',(-0.,-1.,0.));
#14306 = FACE_BOUND('',#14307,.T.);
#14307 = EDGE_LOOP('',(#14308));
#14308 = ORIENTED_EDGE('',*,*,#14309,.T.);
#14309 = EDGE_CURVE('',#14310,#14310,#14312,.T.);
#14310 = VERTEX_POINT('',#14311);
#14311 = CARTESIAN_POINT('',(81.295,-20.873999,1.51));
#14312 = CIRCLE('',#14313,0.5);
#14313 = AXIS2_PLACEMENT_3D('',#14314,#14315,#14316);
#14314 = CARTESIAN_POINT('',(81.295,-20.373999,1.51));
#14315 = DIRECTION('',(-0.,0.,-1.));
#14316 = DIRECTION('',(-0.,-1.,0.));
#14317 = FACE_BOUND('',#14318,.T.);
#14318 = EDGE_LOOP('',(#14319));
#14319 = ORIENTED_EDGE('',*,*,#14320,.T.);
#14320 = EDGE_CURVE('',#14321,#14321,#14323,.T.);
#14321 = VERTEX_POINT('',#14322);
#14322 = CARTESIAN_POINT('',(83.835,-20.873999,1.51));
#14323 = CIRCLE('',#14324,0.5);
#14324 = AXIS2_PLACEMENT_3D('',#14325,#14326,#14327);
#14325 = CARTESIAN_POINT('',(83.835,-20.373999,1.51));
#14326 = DIRECTION('',(-0.,0.,-1.));
#14327 = DIRECTION('',(-0.,-1.,0.));
#14328 = FACE_BOUND('',#14329,.T.);
#14329 = EDGE_LOOP('',(#14330));
#14330 = ORIENTED_EDGE('',*,*,#14331,.T.);
#14331 = EDGE_CURVE('',#14332,#14332,#14334,.T.);
#14332 = VERTEX_POINT('',#14333);
#14333 = CARTESIAN_POINT('',(86.375,-20.873999,1.51));
#14334 = CIRCLE('',#14335,0.5);
#14335 = AXIS2_PLACEMENT_3D('',#14336,#14337,#14338);
#14336 = CARTESIAN_POINT('',(86.375,-20.373999,1.51));
#14337 = DIRECTION('',(-0.,0.,-1.));
#14338 = DIRECTION('',(-0.,-1.,0.));
#14339 = FACE_BOUND('',#14340,.T.);
#14340 = EDGE_LOOP('',(#14341));
#14341 = ORIENTED_EDGE('',*,*,#14342,.T.);
#14342 = EDGE_CURVE('',#14343,#14343,#14345,.T.);
#14343 = VERTEX_POINT('',#14344);
#14344 = CARTESIAN_POINT('',(88.915,-20.873999,1.51));
#14345 = CIRCLE('',#14346,0.5);
#14346 = AXIS2_PLACEMENT_3D('',#14347,#14348,#14349);
#14347 = CARTESIAN_POINT('',(88.915,-20.373999,1.51));
#14348 = DIRECTION('',(-0.,0.,-1.));
#14349 = DIRECTION('',(-0.,-1.,0.));
#14350 = FACE_BOUND('',#14351,.T.);
#14351 = EDGE_LOOP('',(#14352));
#14352 = ORIENTED_EDGE('',*,*,#14353,.T.);
#14353 = EDGE_CURVE('',#14354,#14354,#14356,.T.);
#14354 = VERTEX_POINT('',#14355);
#14355 = CARTESIAN_POINT('',(115.325,-22.925,1.51));
#14356 = CIRCLE('',#14357,0.925);
#14357 = AXIS2_PLACEMENT_3D('',#14358,#14359,#14360);
#14358 = CARTESIAN_POINT('',(115.325,-22.,1.51));
#14359 = DIRECTION('',(-0.,0.,-1.));
#14360 = DIRECTION('',(-0.,-1.,0.));
#14361 = FACE_BOUND('',#14362,.T.);
#14362 = EDGE_LOOP('',(#14363));
#14363 = ORIENTED_EDGE('',*,*,#14364,.T.);
#14364 = EDGE_CURVE('',#14365,#14365,#14367,.T.);
#14365 = VERTEX_POINT('',#14366);
#14366 = CARTESIAN_POINT('',(119.325,-22.925,1.51));
#14367 = CIRCLE('',#14368,0.925);
#14368 = AXIS2_PLACEMENT_3D('',#14369,#14370,#14371);
#14369 = CARTESIAN_POINT('',(119.325,-22.,1.51));
#14370 = DIRECTION('',(-0.,0.,-1.));
#14371 = DIRECTION('',(-0.,-1.,0.));
#14372 = FACE_BOUND('',#14373,.T.);
#14373 = EDGE_LOOP('',(#14374));
#14374 = ORIENTED_EDGE('',*,*,#14375,.T.);
#14375 = EDGE_CURVE('',#14376,#14376,#14378,.T.);
#14376 = VERTEX_POINT('',#14377);
#14377 = CARTESIAN_POINT('',(123.325,-22.925,1.51));
#14378 = CIRCLE('',#14379,0.925);
#14379 = AXIS2_PLACEMENT_3D('',#14380,#14381,#14382);
#14380 = CARTESIAN_POINT('',(123.325,-22.,1.51));
#14381 = DIRECTION('',(-0.,0.,-1.));
#14382 = DIRECTION('',(-0.,-1.,0.));
#14383 = FACE_BOUND('',#14384,.T.);
#14384 = EDGE_LOOP('',(#14385));
#14385 = ORIENTED_EDGE('',*,*,#14386,.T.);
#14386 = EDGE_CURVE('',#14387,#14387,#14389,.T.);
#14387 = VERTEX_POINT('',#14388);
#14388 = CARTESIAN_POINT('',(127.325,-22.925,1.51));
#14389 = CIRCLE('',#14390,0.925);
#14390 = AXIS2_PLACEMENT_3D('',#14391,#14392,#14393);
#14391 = CARTESIAN_POINT('',(127.325,-22.,1.51));
#14392 = DIRECTION('',(-0.,0.,-1.));
#14393 = DIRECTION('',(-0.,-1.,0.));
#14394 = FACE_BOUND('',#14395,.T.);
#14395 = EDGE_LOOP('',(#14396));
#14396 = ORIENTED_EDGE('',*,*,#14397,.T.);
#14397 = EDGE_CURVE('',#14398,#14398,#14400,.T.);
#14398 = VERTEX_POINT('',#14399);
#14399 = CARTESIAN_POINT('',(113.325,-18.925,1.51));
#14400 = CIRCLE('',#14401,0.925);
#14401 = AXIS2_PLACEMENT_3D('',#14402,#14403,#14404);
#14402 = CARTESIAN_POINT('',(113.325,-18.,1.51));
#14403 = DIRECTION('',(-0.,0.,-1.));
#14404 = DIRECTION('',(-0.,-1.,0.));
#14405 = FACE_BOUND('',#14406,.T.);
#14406 = EDGE_LOOP('',(#14407));
#14407 = ORIENTED_EDGE('',*,*,#14408,.T.);
#14408 = EDGE_CURVE('',#14409,#14409,#14411,.T.);
#14409 = VERTEX_POINT('',#14410);
#14410 = CARTESIAN_POINT('',(117.325,-18.925,1.51));
#14411 = CIRCLE('',#14412,0.925);
#14412 = AXIS2_PLACEMENT_3D('',#14413,#14414,#14415);
#14413 = CARTESIAN_POINT('',(117.325,-18.,1.51));
#14414 = DIRECTION('',(-0.,0.,-1.));
#14415 = DIRECTION('',(-0.,-1.,0.));
#14416 = FACE_BOUND('',#14417,.T.);
#14417 = EDGE_LOOP('',(#14418));
#14418 = ORIENTED_EDGE('',*,*,#14419,.T.);
#14419 = EDGE_CURVE('',#14420,#14420,#14422,.T.);
#14420 = VERTEX_POINT('',#14421);
#14421 = CARTESIAN_POINT('',(121.325,-18.925,1.51));
#14422 = CIRCLE('',#14423,0.925);
#14423 = AXIS2_PLACEMENT_3D('',#14424,#14425,#14426);
#14424 = CARTESIAN_POINT('',(121.325,-18.,1.51));
#14425 = DIRECTION('',(-0.,0.,-1.));
#14426 = DIRECTION('',(-0.,-1.,0.));
#14427 = FACE_BOUND('',#14428,.T.);
#14428 = EDGE_LOOP('',(#14429));
#14429 = ORIENTED_EDGE('',*,*,#14430,.T.);
#14430 = EDGE_CURVE('',#14431,#14431,#14433,.T.);
#14431 = VERTEX_POINT('',#14432);
#14432 = CARTESIAN_POINT('',(125.325,-18.925,1.51));
#14433 = CIRCLE('',#14434,0.925);
#14434 = AXIS2_PLACEMENT_3D('',#14435,#14436,#14437);
#14435 = CARTESIAN_POINT('',(125.325,-18.,1.51));
#14436 = DIRECTION('',(-0.,0.,-1.));
#14437 = DIRECTION('',(-0.,-1.,0.));
#14438 = FACE_BOUND('',#14439,.T.);
#14439 = EDGE_LOOP('',(#14440));
#14440 = ORIENTED_EDGE('',*,*,#14441,.T.);
#14441 = EDGE_CURVE('',#14442,#14442,#14444,.T.);
#14442 = VERTEX_POINT('',#14443);
#14443 = CARTESIAN_POINT('',(129.325,-18.925,1.51));
#14444 = CIRCLE('',#14445,0.925);
#14445 = AXIS2_PLACEMENT_3D('',#14446,#14447,#14448);
#14446 = CARTESIAN_POINT('',(129.325,-18.,1.51));
#14447 = DIRECTION('',(-0.,0.,-1.));
#14448 = DIRECTION('',(-0.,-1.,0.));
#14449 = FACE_BOUND('',#14450,.T.);
#14450 = EDGE_LOOP('',(#14451));
#14451 = ORIENTED_EDGE('',*,*,#14452,.T.);
#14452 = EDGE_CURVE('',#14453,#14453,#14455,.T.);
#14453 = VERTEX_POINT('',#14454);
#14454 = CARTESIAN_POINT('',(5.5,-8.15,1.51));
#14455 = CIRCLE('',#14456,2.65);
#14456 = AXIS2_PLACEMENT_3D('',#14457,#14458,#14459);
#14457 = CARTESIAN_POINT('',(5.5,-5.5,1.51));
#14458 = DIRECTION('',(-0.,0.,-1.));
#14459 = DIRECTION('',(-0.,-1.,0.));
#14460 = FACE_BOUND('',#14461,.T.);
#14461 = EDGE_LOOP('',(#14462));
#14462 = ORIENTED_EDGE('',*,*,#14463,.T.);
#14463 = EDGE_CURVE('',#14464,#14464,#14466,.T.);
#14464 = VERTEX_POINT('',#14465);
#14465 = CARTESIAN_POINT('',(53.96,-6.,1.51));
#14466 = CIRCLE('',#14467,0.5);
#14467 = AXIS2_PLACEMENT_3D('',#14468,#14469,#14470);
#14468 = CARTESIAN_POINT('',(53.96,-5.5,1.51));
#14469 = DIRECTION('',(-0.,0.,-1.));
#14470 = DIRECTION('',(-0.,-1.,0.));
#14471 = FACE_BOUND('',#14472,.T.);
#14472 = EDGE_LOOP('',(#14473));
#14473 = ORIENTED_EDGE('',*,*,#14474,.T.);
#14474 = EDGE_CURVE('',#14475,#14475,#14477,.T.);
#14475 = VERTEX_POINT('',#14476);
#14476 = CARTESIAN_POINT('',(56.5,-6.,1.51));
#14477 = CIRCLE('',#14478,0.5);
#14478 = AXIS2_PLACEMENT_3D('',#14479,#14480,#14481);
#14479 = CARTESIAN_POINT('',(56.5,-5.5,1.51));
#14480 = DIRECTION('',(-0.,0.,-1.));
#14481 = DIRECTION('',(-0.,-1.,0.));
#14482 = FACE_BOUND('',#14483,.T.);
#14483 = EDGE_LOOP('',(#14484));
#14484 = ORIENTED_EDGE('',*,*,#14485,.T.);
#14485 = EDGE_CURVE('',#14486,#14486,#14488,.T.);
#14486 = VERTEX_POINT('',#14487);
#14487 = CARTESIAN_POINT('',(59.04,-6.,1.51));
#14488 = CIRCLE('',#14489,0.5);
#14489 = AXIS2_PLACEMENT_3D('',#14490,#14491,#14492);
#14490 = CARTESIAN_POINT('',(59.04,-5.5,1.51));
#14491 = DIRECTION('',(-0.,0.,-1.));
#14492 = DIRECTION('',(-0.,-1.,0.));
#14493 = FACE_BOUND('',#14494,.T.);
#14494 = EDGE_LOOP('',(#14495));
#14495 = ORIENTED_EDGE('',*,*,#14496,.T.);
#14496 = EDGE_CURVE('',#14497,#14497,#14499,.T.);
#14497 = VERTEX_POINT('',#14498);
#14498 = CARTESIAN_POINT('',(53.96,-3.46,1.51));
#14499 = CIRCLE('',#14500,0.5);
#14500 = AXIS2_PLACEMENT_3D('',#14501,#14502,#14503);
#14501 = CARTESIAN_POINT('',(53.96,-2.96,1.51));
#14502 = DIRECTION('',(-0.,0.,-1.));
#14503 = DIRECTION('',(-0.,-1.,0.));
#14504 = FACE_BOUND('',#14505,.T.);
#14505 = EDGE_LOOP('',(#14506));
#14506 = ORIENTED_EDGE('',*,*,#14507,.T.);
#14507 = EDGE_CURVE('',#14508,#14508,#14510,.T.);
#14508 = VERTEX_POINT('',#14509);
#14509 = CARTESIAN_POINT('',(56.5,-3.46,1.51));
#14510 = CIRCLE('',#14511,0.5);
#14511 = AXIS2_PLACEMENT_3D('',#14512,#14513,#14514);
#14512 = CARTESIAN_POINT('',(56.5,-2.96,1.51));
#14513 = DIRECTION('',(-0.,0.,-1.));
#14514 = DIRECTION('',(-0.,-1.,0.));
#14515 = FACE_BOUND('',#14516,.T.);
#14516 = EDGE_LOOP('',(#14517));
#14517 = ORIENTED_EDGE('',*,*,#14518,.T.);
#14518 = EDGE_CURVE('',#14519,#14519,#14521,.T.);
#14519 = VERTEX_POINT('',#14520);
#14520 = CARTESIAN_POINT('',(59.04,-3.46,1.51));
#14521 = CIRCLE('',#14522,0.5);
#14522 = AXIS2_PLACEMENT_3D('',#14523,#14524,#14525);
#14523 = CARTESIAN_POINT('',(59.04,-2.96,1.51));
#14524 = DIRECTION('',(-0.,0.,-1.));
#14525 = DIRECTION('',(-0.,-1.,0.));
#14526 = FACE_BOUND('',#14527,.T.);
#14527 = EDGE_LOOP('',(#14528));
#14528 = ORIENTED_EDGE('',*,*,#14529,.T.);
#14529 = EDGE_CURVE('',#14530,#14530,#14532,.T.);
#14530 = VERTEX_POINT('',#14531);
#14531 = CARTESIAN_POINT('',(103.625,-12.2,1.51));
#14532 = CIRCLE('',#14533,1.);
#14533 = AXIS2_PLACEMENT_3D('',#14534,#14535,#14536);
#14534 = CARTESIAN_POINT('',(103.625,-11.2,1.51));
#14535 = DIRECTION('',(-0.,0.,-1.));
#14536 = DIRECTION('',(-0.,-1.,0.));
#14537 = FACE_BOUND('',#14538,.T.);
#14538 = EDGE_LOOP('',(#14539));
#14539 = ORIENTED_EDGE('',*,*,#14540,.T.);
#14540 = EDGE_CURVE('',#14541,#14541,#14543,.T.);
#14541 = VERTEX_POINT('',#14542);
#14542 = CARTESIAN_POINT('',(85.,-8.15,1.51));
#14543 = CIRCLE('',#14544,2.65);
#14544 = AXIS2_PLACEMENT_3D('',#14545,#14546,#14547);
#14545 = CARTESIAN_POINT('',(85.,-5.5,1.51));
#14546 = DIRECTION('',(-0.,0.,-1.));
#14547 = DIRECTION('',(-0.,-1.,0.));
#14548 = FACE_BOUND('',#14549,.T.);
#14549 = EDGE_LOOP('',(#14550));
#14550 = ORIENTED_EDGE('',*,*,#14551,.T.);
#14551 = EDGE_CURVE('',#14552,#14552,#14554,.T.);
#14552 = VERTEX_POINT('',#14553);
#14553 = CARTESIAN_POINT('',(131.325,-22.925,1.51));
#14554 = CIRCLE('',#14555,0.925);
#14555 = AXIS2_PLACEMENT_3D('',#14556,#14557,#14558);
#14556 = CARTESIAN_POINT('',(131.325,-22.,1.51));
#14557 = DIRECTION('',(-0.,0.,-1.));
#14558 = DIRECTION('',(-0.,-1.,0.));
#14559 = FACE_BOUND('',#14560,.T.);
#14560 = EDGE_LOOP('',(#14561));
#14561 = ORIENTED_EDGE('',*,*,#14562,.T.);
#14562 = EDGE_CURVE('',#14563,#14563,#14565,.T.);
#14563 = VERTEX_POINT('',#14564);
#14564 = CARTESIAN_POINT('',(135.325,-22.925,1.51));
#14565 = CIRCLE('',#14566,0.925);
#14566 = AXIS2_PLACEMENT_3D('',#14567,#14568,#14569);
#14567 = CARTESIAN_POINT('',(135.325,-22.,1.51));
#14568 = DIRECTION('',(-0.,0.,-1.));
#14569 = DIRECTION('',(-0.,-1.,0.));
#14570 = FACE_BOUND('',#14571,.T.);
#14571 = EDGE_LOOP('',(#14572));
#14572 = ORIENTED_EDGE('',*,*,#14573,.T.);
#14573 = EDGE_CURVE('',#14574,#14574,#14576,.T.);
#14574 = VERTEX_POINT('',#14575);
#14575 = CARTESIAN_POINT('',(139.325,-22.925,1.51));
#14576 = CIRCLE('',#14577,0.925);
#14577 = AXIS2_PLACEMENT_3D('',#14578,#14579,#14580);
#14578 = CARTESIAN_POINT('',(139.325,-22.,1.51));
#14579 = DIRECTION('',(-0.,0.,-1.));
#14580 = DIRECTION('',(-0.,-1.,0.));
#14581 = FACE_BOUND('',#14582,.T.);
#14582 = EDGE_LOOP('',(#14583));
#14583 = ORIENTED_EDGE('',*,*,#14584,.T.);
#14584 = EDGE_CURVE('',#14585,#14585,#14587,.T.);
#14585 = VERTEX_POINT('',#14586);
#14586 = CARTESIAN_POINT('',(143.325,-22.925,1.51));
#14587 = CIRCLE('',#14588,0.925);
#14588 = AXIS2_PLACEMENT_3D('',#14589,#14590,#14591);
#14589 = CARTESIAN_POINT('',(143.325,-22.,1.51));
#14590 = DIRECTION('',(-0.,0.,-1.));
#14591 = DIRECTION('',(-0.,-1.,0.));
#14592 = FACE_BOUND('',#14593,.T.);
#14593 = EDGE_LOOP('',(#14594));
#14594 = ORIENTED_EDGE('',*,*,#14595,.T.);
#14595 = EDGE_CURVE('',#14596,#14596,#14598,.T.);
#14596 = VERTEX_POINT('',#14597);
#14597 = CARTESIAN_POINT('',(147.325,-22.925,1.51));
#14598 = CIRCLE('',#14599,0.925);
#14599 = AXIS2_PLACEMENT_3D('',#14600,#14601,#14602);
#14600 = CARTESIAN_POINT('',(147.325,-22.,1.51));
#14601 = DIRECTION('',(-0.,0.,-1.));
#14602 = DIRECTION('',(-0.,-1.,0.));
#14603 = FACE_BOUND('',#14604,.T.);
#14604 = EDGE_LOOP('',(#14605));
#14605 = ORIENTED_EDGE('',*,*,#14606,.T.);
#14606 = EDGE_CURVE('',#14607,#14607,#14609,.T.);
#14607 = VERTEX_POINT('',#14608);
#14608 = CARTESIAN_POINT('',(151.325,-22.925,1.51));
#14609 = CIRCLE('',#14610,0.925);
#14610 = AXIS2_PLACEMENT_3D('',#14611,#14612,#14613);
#14611 = CARTESIAN_POINT('',(151.325,-22.,1.51));
#14612 = DIRECTION('',(-0.,0.,-1.));
#14613 = DIRECTION('',(-0.,-1.,0.));
#14614 = FACE_BOUND('',#14615,.T.);
#14615 = EDGE_LOOP('',(#14616));
#14616 = ORIENTED_EDGE('',*,*,#14617,.T.);
#14617 = EDGE_CURVE('',#14618,#14618,#14620,.T.);
#14618 = VERTEX_POINT('',#14619);
#14619 = CARTESIAN_POINT('',(155.325,-22.925,1.51));
#14620 = CIRCLE('',#14621,0.925);
#14621 = AXIS2_PLACEMENT_3D('',#14622,#14623,#14624);
#14622 = CARTESIAN_POINT('',(155.325,-22.,1.51));
#14623 = DIRECTION('',(-0.,0.,-1.));
#14624 = DIRECTION('',(-0.,-1.,0.));
#14625 = FACE_BOUND('',#14626,.T.);
#14626 = EDGE_LOOP('',(#14627));
#14627 = ORIENTED_EDGE('',*,*,#14628,.T.);
#14628 = EDGE_CURVE('',#14629,#14629,#14631,.T.);
#14629 = VERTEX_POINT('',#14630);
#14630 = CARTESIAN_POINT('',(133.325,-18.925,1.51));
#14631 = CIRCLE('',#14632,0.925);
#14632 = AXIS2_PLACEMENT_3D('',#14633,#14634,#14635);
#14633 = CARTESIAN_POINT('',(133.325,-18.,1.51));
#14634 = DIRECTION('',(-0.,0.,-1.));
#14635 = DIRECTION('',(-0.,-1.,0.));
#14636 = FACE_BOUND('',#14637,.T.);
#14637 = EDGE_LOOP('',(#14638));
#14638 = ORIENTED_EDGE('',*,*,#14639,.T.);
#14639 = EDGE_CURVE('',#14640,#14640,#14642,.T.);
#14640 = VERTEX_POINT('',#14641);
#14641 = CARTESIAN_POINT('',(137.325,-18.925,1.51));
#14642 = CIRCLE('',#14643,0.925);
#14643 = AXIS2_PLACEMENT_3D('',#14644,#14645,#14646);
#14644 = CARTESIAN_POINT('',(137.325,-18.,1.51));
#14645 = DIRECTION('',(-0.,0.,-1.));
#14646 = DIRECTION('',(-0.,-1.,0.));
#14647 = FACE_BOUND('',#14648,.T.);
#14648 = EDGE_LOOP('',(#14649));
#14649 = ORIENTED_EDGE('',*,*,#14650,.T.);
#14650 = EDGE_CURVE('',#14651,#14651,#14653,.T.);
#14651 = VERTEX_POINT('',#14652);
#14652 = CARTESIAN_POINT('',(141.325,-18.925,1.51));
#14653 = CIRCLE('',#14654,0.925);
#14654 = AXIS2_PLACEMENT_3D('',#14655,#14656,#14657);
#14655 = CARTESIAN_POINT('',(141.325,-18.,1.51));
#14656 = DIRECTION('',(-0.,0.,-1.));
#14657 = DIRECTION('',(-0.,-1.,0.));
#14658 = FACE_BOUND('',#14659,.T.);
#14659 = EDGE_LOOP('',(#14660));
#14660 = ORIENTED_EDGE('',*,*,#14661,.T.);
#14661 = EDGE_CURVE('',#14662,#14662,#14664,.T.);
#14662 = VERTEX_POINT('',#14663);
#14663 = CARTESIAN_POINT('',(145.325,-18.925,1.51));
#14664 = CIRCLE('',#14665,0.925);
#14665 = AXIS2_PLACEMENT_3D('',#14666,#14667,#14668);
#14666 = CARTESIAN_POINT('',(145.325,-18.,1.51));
#14667 = DIRECTION('',(-0.,0.,-1.));
#14668 = DIRECTION('',(-0.,-1.,0.));
#14669 = FACE_BOUND('',#14670,.T.);
#14670 = EDGE_LOOP('',(#14671));
#14671 = ORIENTED_EDGE('',*,*,#14672,.T.);
#14672 = EDGE_CURVE('',#14673,#14673,#14675,.T.);
#14673 = VERTEX_POINT('',#14674);
#14674 = CARTESIAN_POINT('',(149.325,-18.925,1.51));
#14675 = CIRCLE('',#14676,0.925);
#14676 = AXIS2_PLACEMENT_3D('',#14677,#14678,#14679);
#14677 = CARTESIAN_POINT('',(149.325,-18.,1.51));
#14678 = DIRECTION('',(-0.,0.,-1.));
#14679 = DIRECTION('',(-0.,-1.,0.));
#14680 = FACE_BOUND('',#14681,.T.);
#14681 = EDGE_LOOP('',(#14682));
#14682 = ORIENTED_EDGE('',*,*,#14683,.T.);
#14683 = EDGE_CURVE('',#14684,#14684,#14686,.T.);
#14684 = VERTEX_POINT('',#14685);
#14685 = CARTESIAN_POINT('',(153.325,-18.925,1.51));
#14686 = CIRCLE('',#14687,0.925);
#14687 = AXIS2_PLACEMENT_3D('',#14688,#14689,#14690);
#14688 = CARTESIAN_POINT('',(153.325,-18.,1.51));
#14689 = DIRECTION('',(-0.,0.,-1.));
#14690 = DIRECTION('',(-0.,-1.,0.));
#14691 = FACE_BOUND('',#14692,.T.);
#14692 = EDGE_LOOP('',(#14693));
#14693 = ORIENTED_EDGE('',*,*,#14694,.T.);
#14694 = EDGE_CURVE('',#14695,#14695,#14697,.T.);
#14695 = VERTEX_POINT('',#14696);
#14696 = CARTESIAN_POINT('',(157.325,-18.925,1.51));
#14697 = CIRCLE('',#14698,0.925);
#14698 = AXIS2_PLACEMENT_3D('',#14699,#14700,#14701);
#14699 = CARTESIAN_POINT('',(157.325,-18.,1.51));
#14700 = DIRECTION('',(-0.,0.,-1.));
#14701 = DIRECTION('',(-0.,-1.,0.));
#14702 = FACE_BOUND('',#14703,.T.);
#14703 = EDGE_LOOP('',(#14704));
#14704 = ORIENTED_EDGE('',*,*,#14705,.T.);
#14705 = EDGE_CURVE('',#14706,#14706,#14708,.T.);
#14706 = VERTEX_POINT('',#14707);
#14707 = CARTESIAN_POINT('',(178.45,-14.355,1.51));
#14708 = CIRCLE('',#14709,0.355);
#14709 = AXIS2_PLACEMENT_3D('',#14710,#14711,#14712);
#14710 = CARTESIAN_POINT('',(178.45,-14.,1.51));
#14711 = DIRECTION('',(-0.,0.,-1.));
#14712 = DIRECTION('',(-0.,-1.,0.));
#14713 = FACE_BOUND('',#14714,.T.);
#14714 = EDGE_LOOP('',(#14715));
#14715 = ORIENTED_EDGE('',*,*,#14716,.T.);
#14716 = EDGE_CURVE('',#14717,#14717,#14719,.T.);
#14717 = VERTEX_POINT('',#14718);
#14718 = CARTESIAN_POINT('',(183.55,-14.355,1.51));
#14719 = CIRCLE('',#14720,0.355);
#14720 = AXIS2_PLACEMENT_3D('',#14721,#14722,#14723);
#14721 = CARTESIAN_POINT('',(183.55,-14.,1.51));
#14722 = DIRECTION('',(-0.,0.,-1.));
#14723 = DIRECTION('',(-0.,-1.,0.));
#14724 = FACE_BOUND('',#14725,.T.);
#14725 = EDGE_LOOP('',(#14726));
#14726 = ORIENTED_EDGE('',*,*,#14727,.T.);
#14727 = EDGE_CURVE('',#14728,#14728,#14730,.T.);
#14728 = VERTEX_POINT('',#14729);
#14729 = CARTESIAN_POINT('',(199.595902,-22.29,1.51));
#14730 = CIRCLE('',#14731,0.65);
#14731 = AXIS2_PLACEMENT_3D('',#14732,#14733,#14734);
#14732 = CARTESIAN_POINT('',(199.595902,-21.64,1.51));
#14733 = DIRECTION('',(-0.,0.,-1.));
#14734 = DIRECTION('',(-0.,-1.,0.));
#14735 = FACE_BOUND('',#14736,.T.);
#14736 = EDGE_LOOP('',(#14737));
#14737 = ORIENTED_EDGE('',*,*,#14738,.T.);
#14738 = EDGE_CURVE('',#14739,#14739,#14741,.T.);
#14739 = VERTEX_POINT('',#14740);
#14740 = CARTESIAN_POINT('',(254.725,-21.73,1.51));
#14741 = CIRCLE('',#14742,0.5);
#14742 = AXIS2_PLACEMENT_3D('',#14743,#14744,#14745);
#14743 = CARTESIAN_POINT('',(254.725,-21.23,1.51));
#14744 = DIRECTION('',(-0.,0.,-1.));
#14745 = DIRECTION('',(-0.,-1.,0.));
#14746 = FACE_BOUND('',#14747,.T.);
#14747 = EDGE_LOOP('',(#14748));
#14748 = ORIENTED_EDGE('',*,*,#14749,.T.);
#14749 = EDGE_CURVE('',#14750,#14750,#14752,.T.);
#14750 = VERTEX_POINT('',#14751);
#14751 = CARTESIAN_POINT('',(257.265,-21.73,1.51));
#14752 = CIRCLE('',#14753,0.5);
#14753 = AXIS2_PLACEMENT_3D('',#14754,#14755,#14756);
#14754 = CARTESIAN_POINT('',(257.265,-21.23,1.51));
#14755 = DIRECTION('',(-0.,0.,-1.));
#14756 = DIRECTION('',(-0.,-1.,0.));
#14757 = FACE_BOUND('',#14758,.T.);
#14758 = EDGE_LOOP('',(#14759));
#14759 = ORIENTED_EDGE('',*,*,#14760,.T.);
#14760 = EDGE_CURVE('',#14761,#14761,#14763,.T.);
#14761 = VERTEX_POINT('',#14762);
#14762 = CARTESIAN_POINT('',(254.725,-19.19,1.51));
#14763 = CIRCLE('',#14764,0.5);
#14764 = AXIS2_PLACEMENT_3D('',#14765,#14766,#14767);
#14765 = CARTESIAN_POINT('',(254.725,-18.69,1.51));
#14766 = DIRECTION('',(-0.,0.,-1.));
#14767 = DIRECTION('',(-0.,-1.,0.));
#14768 = FACE_BOUND('',#14769,.T.);
#14769 = EDGE_LOOP('',(#14770));
#14770 = ORIENTED_EDGE('',*,*,#14771,.T.);
#14771 = EDGE_CURVE('',#14772,#14772,#14774,.T.);
#14772 = VERTEX_POINT('',#14773);
#14773 = CARTESIAN_POINT('',(257.265,-19.19,1.51));
#14774 = CIRCLE('',#14775,0.5);
#14775 = AXIS2_PLACEMENT_3D('',#14776,#14777,#14778);
#14776 = CARTESIAN_POINT('',(257.265,-18.69,1.51));
#14777 = DIRECTION('',(-0.,0.,-1.));
#14778 = DIRECTION('',(-0.,-1.,0.));
#14779 = FACE_BOUND('',#14780,.T.);
#14780 = EDGE_LOOP('',(#14781));
#14781 = ORIENTED_EDGE('',*,*,#14782,.T.);
#14782 = EDGE_CURVE('',#14783,#14783,#14785,.T.);
#14783 = VERTEX_POINT('',#14784);
#14784 = CARTESIAN_POINT('',(199.595902,-17.21,1.51));
#14785 = CIRCLE('',#14786,0.65);
#14786 = AXIS2_PLACEMENT_3D('',#14787,#14788,#14789);
#14787 = CARTESIAN_POINT('',(199.595902,-16.56,1.51));
#14788 = DIRECTION('',(-0.,0.,-1.));
#14789 = DIRECTION('',(-0.,-1.,0.));
#14790 = FACE_BOUND('',#14791,.T.);
#14791 = EDGE_LOOP('',(#14792));
#14792 = ORIENTED_EDGE('',*,*,#14793,.T.);
#14793 = EDGE_CURVE('',#14794,#14794,#14796,.T.);
#14794 = VERTEX_POINT('',#14795);
#14795 = CARTESIAN_POINT('',(254.725,-16.65,1.51));
#14796 = CIRCLE('',#14797,0.5);
#14797 = AXIS2_PLACEMENT_3D('',#14798,#14799,#14800);
#14798 = CARTESIAN_POINT('',(254.725,-16.15,1.51));
#14799 = DIRECTION('',(-0.,0.,-1.));
#14800 = DIRECTION('',(-0.,-1.,0.));
#14801 = FACE_BOUND('',#14802,.T.);
#14802 = EDGE_LOOP('',(#14803));
#14803 = ORIENTED_EDGE('',*,*,#14804,.T.);
#14804 = EDGE_CURVE('',#14805,#14805,#14807,.T.);
#14805 = VERTEX_POINT('',#14806);
#14806 = CARTESIAN_POINT('',(257.265,-16.65,1.51));
#14807 = CIRCLE('',#14808,0.5);
#14808 = AXIS2_PLACEMENT_3D('',#14809,#14810,#14811);
#14809 = CARTESIAN_POINT('',(257.265,-16.15,1.51));
#14810 = DIRECTION('',(-0.,0.,-1.));
#14811 = DIRECTION('',(-0.,-1.,0.));
#14812 = FACE_BOUND('',#14813,.T.);
#14813 = EDGE_LOOP('',(#14814));
#14814 = ORIENTED_EDGE('',*,*,#14815,.T.);
#14815 = EDGE_CURVE('',#14816,#14816,#14818,.T.);
#14816 = VERTEX_POINT('',#14817);
#14817 = CARTESIAN_POINT('',(245.315902,-14.61,1.51));
#14818 = CIRCLE('',#14819,0.65);
#14819 = AXIS2_PLACEMENT_3D('',#14820,#14821,#14822);
#14820 = CARTESIAN_POINT('',(245.315902,-13.96,1.51));
#14821 = DIRECTION('',(-0.,0.,-1.));
#14822 = DIRECTION('',(-0.,-1.,0.));
#14823 = FACE_BOUND('',#14824,.T.);
#14824 = EDGE_LOOP('',(#14825));
#14825 = ORIENTED_EDGE('',*,*,#14826,.T.);
#14826 = EDGE_CURVE('',#14827,#14827,#14829,.T.);
#14827 = VERTEX_POINT('',#14828);
#14828 = CARTESIAN_POINT('',(254.725,-14.11,1.51));
#14829 = CIRCLE('',#14830,0.5);
#14830 = AXIS2_PLACEMENT_3D('',#14831,#14832,#14833);
#14831 = CARTESIAN_POINT('',(254.725,-13.61,1.51));
#14832 = DIRECTION('',(-0.,0.,-1.));
#14833 = DIRECTION('',(-0.,-1.,0.));
#14834 = FACE_BOUND('',#14835,.T.);
#14835 = EDGE_LOOP('',(#14836));
#14836 = ORIENTED_EDGE('',*,*,#14837,.T.);
#14837 = EDGE_CURVE('',#14838,#14838,#14840,.T.);
#14838 = VERTEX_POINT('',#14839);
#14839 = CARTESIAN_POINT('',(257.265,-14.11,1.51));
#14840 = CIRCLE('',#14841,0.5);
#14841 = AXIS2_PLACEMENT_3D('',#14842,#14843,#14844);
#14842 = CARTESIAN_POINT('',(257.265,-13.61,1.51));
#14843 = DIRECTION('',(-0.,0.,-1.));
#14844 = DIRECTION('',(-0.,-1.,0.));
#14845 = FACE_BOUND('',#14846,.T.);
#14846 = EDGE_LOOP('',(#14847));
#14847 = ORIENTED_EDGE('',*,*,#14848,.T.);
#14848 = EDGE_CURVE('',#14849,#14849,#14851,.T.);
#14849 = VERTEX_POINT('',#14850);
#14850 = CARTESIAN_POINT('',(167.025,-12.2,1.51));
#14851 = CIRCLE('',#14852,1.);
#14852 = AXIS2_PLACEMENT_3D('',#14853,#14854,#14855);
#14853 = CARTESIAN_POINT('',(167.025,-11.2,1.51));
#14854 = DIRECTION('',(-0.,0.,-1.));
#14855 = DIRECTION('',(-0.,-1.,0.));
#14856 = FACE_BOUND('',#14857,.T.);
#14857 = EDGE_LOOP('',(#14858));
#14858 = ORIENTED_EDGE('',*,*,#14859,.T.);
#14859 = EDGE_CURVE('',#14860,#14860,#14862,.T.);
#14860 = VERTEX_POINT('',#14861);
#14861 = CARTESIAN_POINT('',(180.,-8.15,1.51));
#14862 = CIRCLE('',#14863,2.65);
#14863 = AXIS2_PLACEMENT_3D('',#14864,#14865,#14866);
#14864 = CARTESIAN_POINT('',(180.,-5.5,1.51));
#14865 = DIRECTION('',(-0.,0.,-1.));
#14866 = DIRECTION('',(-0.,-1.,0.));
#14867 = FACE_BOUND('',#14868,.T.);
#14868 = EDGE_LOOP('',(#14869));
#14869 = ORIENTED_EDGE('',*,*,#14870,.T.);
#14870 = EDGE_CURVE('',#14871,#14871,#14873,.T.);
#14871 = VERTEX_POINT('',#14872);
#14872 = CARTESIAN_POINT('',(199.595902,-7.05,1.51));
#14873 = CIRCLE('',#14874,0.65);
#14874 = AXIS2_PLACEMENT_3D('',#14875,#14876,#14877);
#14875 = CARTESIAN_POINT('',(199.595902,-6.4,1.51));
#14876 = DIRECTION('',(-0.,0.,-1.));
#14877 = DIRECTION('',(-0.,-1.,0.));
#14878 = FACE_BOUND('',#14879,.T.);
#14879 = EDGE_LOOP('',(#14880));
#14880 = ORIENTED_EDGE('',*,*,#14881,.T.);
#14881 = EDGE_CURVE('',#14882,#14882,#14884,.T.);
#14882 = VERTEX_POINT('',#14883);
#14883 = CARTESIAN_POINT('',(254.5,-8.15,1.51));
#14884 = CIRCLE('',#14885,2.65);
#14885 = AXIS2_PLACEMENT_3D('',#14886,#14887,#14888);
#14886 = CARTESIAN_POINT('',(254.5,-5.5,1.51));
#14887 = DIRECTION('',(-0.,0.,-1.));
#14888 = DIRECTION('',(-0.,-1.,0.));
#14889 = FACE_BOUND('',#14890,.T.);
#14890 = EDGE_LOOP('',(#14891));
#14891 = ORIENTED_EDGE('',*,*,#14892,.T.);
#14892 = EDGE_CURVE('',#14893,#14893,#14895,.T.);
#14893 = VERTEX_POINT('',#14894);
#14894 = CARTESIAN_POINT('',(245.315902,-4.45,1.51));
#14895 = CIRCLE('',#14896,0.65);
#14896 = AXIS2_PLACEMENT_3D('',#14897,#14898,#14899);
#14897 = CARTESIAN_POINT('',(245.315902,-3.8,1.51));
#14898 = DIRECTION('',(-0.,0.,-1.));
#14899 = DIRECTION('',(-0.,-1.,0.));
#14900 = PLANE('',#14901);
#14901 = AXIS2_PLACEMENT_3D('',#14902,#14903,#14904);
#14902 = CARTESIAN_POINT('',(0.,0.,1.51));
#14903 = DIRECTION('',(0.,0.,1.));
#14904 = DIRECTION('',(1.,0.,-0.));
#14905 = ADVANCED_FACE('',(#14906),#14917,.T.);
#14906 = FACE_BOUND('',#14907,.T.);
#14907 = EDGE_LOOP('',(#14908,#14914,#14915,#14916));
#14908 = ORIENTED_EDGE('',*,*,#14909,.T.);
#14909 = EDGE_CURVE('',#11668,#13290,#14910,.T.);
#14910 = LINE('',#14911,#14912);
#14911 = CARTESIAN_POINT('',(2.5,-0.,0.));
#14912 = VECTOR('',#14913,1.);
#14913 = DIRECTION('',(0.,0.,1.));
#14914 = ORIENTED_EDGE('',*,*,#13289,.T.);
#14915 = ORIENTED_EDGE('',*,*,#11603,.F.);
#14916 = ORIENTED_EDGE('',*,*,#11667,.F.);
#14917 = PLANE('',#14918);
#14918 = AXIS2_PLACEMENT_3D('',#14919,#14920,#14921);
#14919 = CARTESIAN_POINT('',(2.5,0.,0.));
#14920 = DIRECTION('',(0.,1.,0.));
#14921 = DIRECTION('',(1.,0.,0.));
#14922 = ADVANCED_FACE('',(#14923),#14934,.T.);
#14923 = FACE_BOUND('',#14924,.T.);
#14924 = EDGE_LOOP('',(#14925,#14926,#14927,#14933));
#14925 = ORIENTED_EDGE('',*,*,#11643,.T.);
#14926 = ORIENTED_EDGE('',*,*,#13321,.T.);
#14927 = ORIENTED_EDGE('',*,*,#14928,.F.);
#14928 = EDGE_CURVE('',#11692,#13314,#14929,.T.);
#14929 = LINE('',#14930,#14931);
#14930 = CARTESIAN_POINT('',(2.5,-45.,0.));
#14931 = VECTOR('',#14932,1.);
#14932 = DIRECTION('',(0.,0.,1.));
#14933 = ORIENTED_EDGE('',*,*,#11699,.F.);
#14934 = PLANE('',#14935);
#14935 = AXIS2_PLACEMENT_3D('',#14936,#14937,#14938);
#14936 = CARTESIAN_POINT('',(257.5,-45.,0.));
#14937 = DIRECTION('',(0.,-1.,0.));
#14938 = DIRECTION('',(-1.,0.,0.));
#14939 = ADVANCED_FACE('',(#14940),#14951,.T.);
#14940 = FACE_BOUND('',#14941,.T.);
#14941 = EDGE_LOOP('',(#14942,#14948,#14949,#14950));
#14942 = ORIENTED_EDGE('',*,*,#14943,.T.);
#14943 = EDGE_CURVE('',#11676,#13298,#14944,.T.);
#14944 = LINE('',#14945,#14946);
#14945 = CARTESIAN_POINT('',(0.,-2.5,0.));
#14946 = VECTOR('',#14947,1.);
#14947 = DIRECTION('',(0.,0.,1.));
#14948 = ORIENTED_EDGE('',*,*,#13297,.T.);
#14949 = ORIENTED_EDGE('',*,*,#14909,.F.);
#14950 = ORIENTED_EDGE('',*,*,#11675,.F.);
#14951 = PLANE('',#14952);
#14952 = AXIS2_PLACEMENT_3D('',#14953,#14954,#14955);
#14953 = CARTESIAN_POINT('',(0.,-2.5,0.));
#14954 = DIRECTION('',(-0.707106781187,0.707106781187,0.));
#14955 = DIRECTION('',(0.707106781187,0.707106781187,0.));
#14956 = ADVANCED_FACE('',(#14957),#14968,.T.);
#14957 = FACE_BOUND('',#14958,.T.);
#14958 = EDGE_LOOP('',(#14959,#14960,#14961,#14967));
#14959 = ORIENTED_EDGE('',*,*,#14928,.T.);
#14960 = ORIENTED_EDGE('',*,*,#13313,.T.);
#14961 = ORIENTED_EDGE('',*,*,#14962,.F.);
#14962 = EDGE_CURVE('',#11684,#13306,#14963,.T.);
#14963 = LINE('',#14964,#14965);
#14964 = CARTESIAN_POINT('',(0.,-42.5,0.));
#14965 = VECTOR('',#14966,1.);
#14966 = DIRECTION('',(0.,0.,1.));
#14967 = ORIENTED_EDGE('',*,*,#11691,.F.);
#14968 = PLANE('',#14969);
#14969 = AXIS2_PLACEMENT_3D('',#14970,#14971,#14972);
#14970 = CARTESIAN_POINT('',(2.5,-45.,0.));
#14971 = DIRECTION('',(-0.707106781187,-0.707106781187,0.));
#14972 = DIRECTION('',(-0.707106781187,0.707106781187,0.));
#14973 = ADVANCED_FACE('',(#14974),#14980,.T.);
#14974 = FACE_BOUND('',#14975,.T.);
#14975 = EDGE_LOOP('',(#14976,#14977,#14978,#14979));
#14976 = ORIENTED_EDGE('',*,*,#14962,.T.);
#14977 = ORIENTED_EDGE('',*,*,#13305,.T.);
#14978 = ORIENTED_EDGE('',*,*,#14943,.F.);
#14979 = ORIENTED_EDGE('',*,*,#11683,.F.);
#14980 = PLANE('',#14981);
#14981 = AXIS2_PLACEMENT_3D('',#14982,#14983,#14984);
#14982 = CARTESIAN_POINT('',(0.,-42.5,0.));
#14983 = DIRECTION('',(-1.,0.,0.));
#14984 = DIRECTION('',(0.,1.,0.));
#14985 = ADVANCED_FACE('',(#14986),#14997,.F.);
#14986 = FACE_BOUND('',#14987,.T.);
#14987 = EDGE_LOOP('',(#14988,#14989,#14995,#14996));
#14988 = ORIENTED_EDGE('',*,*,#11708,.T.);
#14989 = ORIENTED_EDGE('',*,*,#14990,.T.);
#14990 = EDGE_CURVE('',#11709,#13331,#14991,.T.);
#14991 = LINE('',#14992,#14993);
#14992 = CARTESIAN_POINT('',(5.5,-42.15,-4.6E-02));
#14993 = VECTOR('',#14994,1.);
#14994 = DIRECTION('',(0.,0.,1.));
#14995 = ORIENTED_EDGE('',*,*,#13330,.F.);
#14996 = ORIENTED_EDGE('',*,*,#14990,.F.);
#14997 = CYLINDRICAL_SURFACE('',#14998,2.65);
#14998 = AXIS2_PLACEMENT_3D('',#14999,#15000,#15001);
#14999 = CARTESIAN_POINT('',(5.5,-39.5,-4.6E-02));
#15000 = DIRECTION('',(-0.,-0.,-1.));
#15001 = DIRECTION('',(-0.,-1.,0.));
#15002 = ADVANCED_FACE('',(#15003),#15014,.F.);
#15003 = FACE_BOUND('',#15004,.T.);
#15004 = EDGE_LOOP('',(#15005,#15006,#15012,#15013));
#15005 = ORIENTED_EDGE('',*,*,#11719,.T.);
#15006 = ORIENTED_EDGE('',*,*,#15007,.T.);
#15007 = EDGE_CURVE('',#11720,#13342,#15008,.T.);
#15008 = LINE('',#15009,#15010);
#15009 = CARTESIAN_POINT('',(53.96,-43.5,-4.6E-02));
#15010 = VECTOR('',#15011,1.);
#15011 = DIRECTION('',(0.,0.,1.));
#15012 = ORIENTED_EDGE('',*,*,#13341,.F.);
#15013 = ORIENTED_EDGE('',*,*,#15007,.F.);
#15014 = CYLINDRICAL_SURFACE('',#15015,0.5);
#15015 = AXIS2_PLACEMENT_3D('',#15016,#15017,#15018);
#15016 = CARTESIAN_POINT('',(53.96,-43.,-4.6E-02));
#15017 = DIRECTION('',(-0.,-0.,-1.));
#15018 = DIRECTION('',(-0.,-1.,0.));
#15019 = ADVANCED_FACE('',(#15020),#15031,.F.);
#15020 = FACE_BOUND('',#15021,.T.);
#15021 = EDGE_LOOP('',(#15022,#15023,#15029,#15030));
#15022 = ORIENTED_EDGE('',*,*,#11730,.T.);
#15023 = ORIENTED_EDGE('',*,*,#15024,.T.);
#15024 = EDGE_CURVE('',#11731,#13353,#15025,.T.);
#15025 = LINE('',#15026,#15027);
#15026 = CARTESIAN_POINT('',(56.5,-43.5,-4.6E-02));
#15027 = VECTOR('',#15028,1.);
#15028 = DIRECTION('',(0.,0.,1.));
#15029 = ORIENTED_EDGE('',*,*,#13352,.F.);
#15030 = ORIENTED_EDGE('',*,*,#15024,.F.);
#15031 = CYLINDRICAL_SURFACE('',#15032,0.5);
#15032 = AXIS2_PLACEMENT_3D('',#15033,#15034,#15035);
#15033 = CARTESIAN_POINT('',(56.5,-43.,-4.6E-02));
#15034 = DIRECTION('',(-0.,-0.,-1.));
#15035 = DIRECTION('',(-0.,-1.,0.));
#15036 = ADVANCED_FACE('',(#15037),#15048,.F.);
#15037 = FACE_BOUND('',#15038,.T.);
#15038 = EDGE_LOOP('',(#15039,#15040,#15046,#15047));
#15039 = ORIENTED_EDGE('',*,*,#11741,.T.);
#15040 = ORIENTED_EDGE('',*,*,#15041,.T.);
#15041 = EDGE_CURVE('',#11742,#13364,#15042,.T.);
#15042 = LINE('',#15043,#15044);
#15043 = CARTESIAN_POINT('',(59.04,-43.5,-4.6E-02));
#15044 = VECTOR('',#15045,1.);
#15045 = DIRECTION('',(0.,0.,1.));
#15046 = ORIENTED_EDGE('',*,*,#13363,.F.);
#15047 = ORIENTED_EDGE('',*,*,#15041,.F.);
#15048 = CYLINDRICAL_SURFACE('',#15049,0.5);
#15049 = AXIS2_PLACEMENT_3D('',#15050,#15051,#15052);
#15050 = CARTESIAN_POINT('',(59.04,-43.,-4.6E-02));
#15051 = DIRECTION('',(-0.,-0.,-1.));
#15052 = DIRECTION('',(-0.,-1.,0.));
#15053 = ADVANCED_FACE('',(#15054),#15065,.F.);
#15054 = FACE_BOUND('',#15055,.T.);
#15055 = EDGE_LOOP('',(#15056,#15057,#15063,#15064));
#15056 = ORIENTED_EDGE('',*,*,#11752,.T.);
#15057 = ORIENTED_EDGE('',*,*,#15058,.T.);
#15058 = EDGE_CURVE('',#11753,#13375,#15059,.T.);
#15059 = LINE('',#15060,#15061);
#15060 = CARTESIAN_POINT('',(53.96,-40.96,-4.6E-02));
#15061 = VECTOR('',#15062,1.);
#15062 = DIRECTION('',(0.,0.,1.));
#15063 = ORIENTED_EDGE('',*,*,#13374,.F.);
#15064 = ORIENTED_EDGE('',*,*,#15058,.F.);
#15065 = CYLINDRICAL_SURFACE('',#15066,0.5);
#15066 = AXIS2_PLACEMENT_3D('',#15067,#15068,#15069);
#15067 = CARTESIAN_POINT('',(53.96,-40.46,-4.6E-02));
#15068 = DIRECTION('',(-0.,-0.,-1.));
#15069 = DIRECTION('',(-0.,-1.,0.));
#15070 = ADVANCED_FACE('',(#15071),#15082,.F.);
#15071 = FACE_BOUND('',#15072,.T.);
#15072 = EDGE_LOOP('',(#15073,#15074,#15080,#15081));
#15073 = ORIENTED_EDGE('',*,*,#11763,.T.);
#15074 = ORIENTED_EDGE('',*,*,#15075,.T.);
#15075 = EDGE_CURVE('',#11764,#13386,#15076,.T.);
#15076 = LINE('',#15077,#15078);
#15077 = CARTESIAN_POINT('',(56.5,-40.96,-4.6E-02));
#15078 = VECTOR('',#15079,1.);
#15079 = DIRECTION('',(0.,0.,1.));
#15080 = ORIENTED_EDGE('',*,*,#13385,.F.);
#15081 = ORIENTED_EDGE('',*,*,#15075,.F.);
#15082 = CYLINDRICAL_SURFACE('',#15083,0.5);
#15083 = AXIS2_PLACEMENT_3D('',#15084,#15085,#15086);
#15084 = CARTESIAN_POINT('',(56.5,-40.46,-4.6E-02));
#15085 = DIRECTION('',(-0.,-0.,-1.));
#15086 = DIRECTION('',(-0.,-1.,0.));
#15087 = ADVANCED_FACE('',(#15088),#15099,.F.);
#15088 = FACE_BOUND('',#15089,.T.);
#15089 = EDGE_LOOP('',(#15090,#15091,#15097,#15098));
#15090 = ORIENTED_EDGE('',*,*,#11774,.T.);
#15091 = ORIENTED_EDGE('',*,*,#15092,.T.);
#15092 = EDGE_CURVE('',#11775,#13397,#15093,.T.);
#15093 = LINE('',#15094,#15095);
#15094 = CARTESIAN_POINT('',(59.04,-40.96,-4.6E-02));
#15095 = VECTOR('',#15096,1.);
#15096 = DIRECTION('',(0.,0.,1.));
#15097 = ORIENTED_EDGE('',*,*,#13396,.F.);
#15098 = ORIENTED_EDGE('',*,*,#15092,.F.);
#15099 = CYLINDRICAL_SURFACE('',#15100,0.5);
#15100 = AXIS2_PLACEMENT_3D('',#15101,#15102,#15103);
#15101 = CARTESIAN_POINT('',(59.04,-40.46,-4.6E-02));
#15102 = DIRECTION('',(-0.,-0.,-1.));
#15103 = DIRECTION('',(-0.,-1.,0.));
#15104 = ADVANCED_FACE('',(#15105),#15116,.F.);
#15105 = FACE_BOUND('',#15106,.T.);
#15106 = EDGE_LOOP('',(#15107,#15108,#15114,#15115));
#15107 = ORIENTED_EDGE('',*,*,#11785,.T.);
#15108 = ORIENTED_EDGE('',*,*,#15109,.T.);
#15109 = EDGE_CURVE('',#11786,#13408,#15110,.T.);
#15110 = LINE('',#15111,#15112);
#15111 = CARTESIAN_POINT('',(85.,-42.15,-4.6E-02));
#15112 = VECTOR('',#15113,1.);
#15113 = DIRECTION('',(0.,0.,1.));
#15114 = ORIENTED_EDGE('',*,*,#13407,.F.);
#15115 = ORIENTED_EDGE('',*,*,#15109,.F.);
#15116 = CYLINDRICAL_SURFACE('',#15117,2.65);
#15117 = AXIS2_PLACEMENT_3D('',#15118,#15119,#15120);
#15118 = CARTESIAN_POINT('',(85.,-39.5,-4.6E-02));
#15119 = DIRECTION('',(-0.,-0.,-1.));
#15120 = DIRECTION('',(-0.,-1.,0.));
#15121 = ADVANCED_FACE('',(#15122),#15133,.F.);
#15122 = FACE_BOUND('',#15123,.T.);
#15123 = EDGE_LOOP('',(#15124,#15125,#15131,#15132));
#15124 = ORIENTED_EDGE('',*,*,#11796,.T.);
#15125 = ORIENTED_EDGE('',*,*,#15126,.T.);
#15126 = EDGE_CURVE('',#11797,#13419,#15127,.T.);
#15127 = LINE('',#15128,#15129);
#15128 = CARTESIAN_POINT('',(102.125,-30.3,-4.6E-02));
#15129 = VECTOR('',#15130,1.);
#15130 = DIRECTION('',(0.,0.,1.));
#15131 = ORIENTED_EDGE('',*,*,#13418,.F.);
#15132 = ORIENTED_EDGE('',*,*,#15126,.F.);
#15133 = CYLINDRICAL_SURFACE('',#15134,1.);
#15134 = AXIS2_PLACEMENT_3D('',#15135,#15136,#15137);
#15135 = CARTESIAN_POINT('',(102.125,-29.3,-4.6E-02));
#15136 = DIRECTION('',(-0.,-0.,-1.));
#15137 = DIRECTION('',(-0.,-1.,0.));
#15138 = ADVANCED_FACE('',(#15139),#15150,.F.);
#15139 = FACE_BOUND('',#15140,.T.);
#15140 = EDGE_LOOP('',(#15141,#15142,#15148,#15149));
#15141 = ORIENTED_EDGE('',*,*,#11807,.T.);
#15142 = ORIENTED_EDGE('',*,*,#15143,.T.);
#15143 = EDGE_CURVE('',#11808,#13430,#15144,.T.);
#15144 = LINE('',#15145,#15146);
#15145 = CARTESIAN_POINT('',(113.325,-26.925,-4.6E-02));
#15146 = VECTOR('',#15147,1.);
#15147 = DIRECTION('',(0.,0.,1.));
#15148 = ORIENTED_EDGE('',*,*,#13429,.F.);
#15149 = ORIENTED_EDGE('',*,*,#15143,.F.);
#15150 = CYLINDRICAL_SURFACE('',#15151,0.925);
#15151 = AXIS2_PLACEMENT_3D('',#15152,#15153,#15154);
#15152 = CARTESIAN_POINT('',(113.325,-26.,-4.6E-02));
#15153 = DIRECTION('',(-0.,-0.,-1.));
#15154 = DIRECTION('',(-0.,-1.,0.));
#15155 = ADVANCED_FACE('',(#15156),#15167,.F.);
#15156 = FACE_BOUND('',#15157,.T.);
#15157 = EDGE_LOOP('',(#15158,#15159,#15165,#15166));
#15158 = ORIENTED_EDGE('',*,*,#11818,.T.);
#15159 = ORIENTED_EDGE('',*,*,#15160,.T.);
#15160 = EDGE_CURVE('',#11819,#13441,#15161,.T.);
#15161 = LINE('',#15162,#15163);
#15162 = CARTESIAN_POINT('',(117.325,-26.925,-4.6E-02));
#15163 = VECTOR('',#15164,1.);
#15164 = DIRECTION('',(0.,0.,1.));
#15165 = ORIENTED_EDGE('',*,*,#13440,.F.);
#15166 = ORIENTED_EDGE('',*,*,#15160,.F.);
#15167 = CYLINDRICAL_SURFACE('',#15168,0.925);
#15168 = AXIS2_PLACEMENT_3D('',#15169,#15170,#15171);
#15169 = CARTESIAN_POINT('',(117.325,-26.,-4.6E-02));
#15170 = DIRECTION('',(-0.,-0.,-1.));
#15171 = DIRECTION('',(-0.,-1.,0.));
#15172 = ADVANCED_FACE('',(#15173),#15184,.F.);
#15173 = FACE_BOUND('',#15174,.T.);
#15174 = EDGE_LOOP('',(#15175,#15176,#15182,#15183));
#15175 = ORIENTED_EDGE('',*,*,#11829,.T.);
#15176 = ORIENTED_EDGE('',*,*,#15177,.T.);
#15177 = EDGE_CURVE('',#11830,#13452,#15178,.T.);
#15178 = LINE('',#15179,#15180);
#15179 = CARTESIAN_POINT('',(121.325,-26.925,-4.6E-02));
#15180 = VECTOR('',#15181,1.);
#15181 = DIRECTION('',(0.,0.,1.));
#15182 = ORIENTED_EDGE('',*,*,#13451,.F.);
#15183 = ORIENTED_EDGE('',*,*,#15177,.F.);
#15184 = CYLINDRICAL_SURFACE('',#15185,0.925);
#15185 = AXIS2_PLACEMENT_3D('',#15186,#15187,#15188);
#15186 = CARTESIAN_POINT('',(121.325,-26.,-4.6E-02));
#15187 = DIRECTION('',(-0.,-0.,-1.));
#15188 = DIRECTION('',(-0.,-1.,0.));
#15189 = ADVANCED_FACE('',(#15190),#15201,.F.);
#15190 = FACE_BOUND('',#15191,.T.);
#15191 = EDGE_LOOP('',(#15192,#15193,#15199,#15200));
#15192 = ORIENTED_EDGE('',*,*,#11840,.T.);
#15193 = ORIENTED_EDGE('',*,*,#15194,.T.);
#15194 = EDGE_CURVE('',#11841,#13463,#15195,.T.);
#15195 = LINE('',#15196,#15197);
#15196 = CARTESIAN_POINT('',(125.325,-26.925,-4.6E-02));
#15197 = VECTOR('',#15198,1.);
#15198 = DIRECTION('',(0.,0.,1.));
#15199 = ORIENTED_EDGE('',*,*,#13462,.F.);
#15200 = ORIENTED_EDGE('',*,*,#15194,.F.);
#15201 = CYLINDRICAL_SURFACE('',#15202,0.925);
#15202 = AXIS2_PLACEMENT_3D('',#15203,#15204,#15205);
#15203 = CARTESIAN_POINT('',(125.325,-26.,-4.6E-02));
#15204 = DIRECTION('',(-0.,-0.,-1.));
#15205 = DIRECTION('',(-0.,-1.,0.));
#15206 = ADVANCED_FACE('',(#15207),#15218,.F.);
#15207 = FACE_BOUND('',#15208,.T.);
#15208 = EDGE_LOOP('',(#15209,#15210,#15216,#15217));
#15209 = ORIENTED_EDGE('',*,*,#11851,.T.);
#15210 = ORIENTED_EDGE('',*,*,#15211,.T.);
#15211 = EDGE_CURVE('',#11852,#13474,#15212,.T.);
#15212 = LINE('',#15213,#15214);
#15213 = CARTESIAN_POINT('',(129.325,-26.925,-4.6E-02));
#15214 = VECTOR('',#15215,1.);
#15215 = DIRECTION('',(0.,0.,1.));
#15216 = ORIENTED_EDGE('',*,*,#13473,.F.);
#15217 = ORIENTED_EDGE('',*,*,#15211,.F.);
#15218 = CYLINDRICAL_SURFACE('',#15219,0.925);
#15219 = AXIS2_PLACEMENT_3D('',#15220,#15221,#15222);
#15220 = CARTESIAN_POINT('',(129.325,-26.,-4.6E-02));
#15221 = DIRECTION('',(-0.,-0.,-1.));
#15222 = DIRECTION('',(-0.,-1.,0.));
#15223 = ADVANCED_FACE('',(#15224),#15235,.F.);
#15224 = FACE_BOUND('',#15225,.T.);
#15225 = EDGE_LOOP('',(#15226,#15227,#15233,#15234));
#15226 = ORIENTED_EDGE('',*,*,#11862,.T.);
#15227 = ORIENTED_EDGE('',*,*,#15228,.T.);
#15228 = EDGE_CURVE('',#11863,#13485,#15229,.T.);
#15229 = LINE('',#15230,#15231);
#15230 = CARTESIAN_POINT('',(149.,-43.04,-4.6E-02));
#15231 = VECTOR('',#15232,1.);
#15232 = DIRECTION('',(0.,0.,1.));
#15233 = ORIENTED_EDGE('',*,*,#13484,.F.);
#15234 = ORIENTED_EDGE('',*,*,#15228,.F.);
#15235 = CYLINDRICAL_SURFACE('',#15236,0.5);
#15236 = AXIS2_PLACEMENT_3D('',#15237,#15238,#15239);
#15237 = CARTESIAN_POINT('',(149.,-42.54,-4.6E-02));
#15238 = DIRECTION('',(-0.,-0.,-1.));
#15239 = DIRECTION('',(-0.,-1.,0.));
#15240 = ADVANCED_FACE('',(#15241),#15252,.F.);
#15241 = FACE_BOUND('',#15242,.T.);
#15242 = EDGE_LOOP('',(#15243,#15244,#15250,#15251));
#15243 = ORIENTED_EDGE('',*,*,#11873,.T.);
#15244 = ORIENTED_EDGE('',*,*,#15245,.T.);
#15245 = EDGE_CURVE('',#11874,#13496,#15246,.T.);
#15246 = LINE('',#15247,#15248);
#15247 = CARTESIAN_POINT('',(151.54,-43.04,-4.6E-02));
#15248 = VECTOR('',#15249,1.);
#15249 = DIRECTION('',(0.,0.,1.));
#15250 = ORIENTED_EDGE('',*,*,#13495,.F.);
#15251 = ORIENTED_EDGE('',*,*,#15245,.F.);
#15252 = CYLINDRICAL_SURFACE('',#15253,0.5);
#15253 = AXIS2_PLACEMENT_3D('',#15254,#15255,#15256);
#15254 = CARTESIAN_POINT('',(151.54,-42.54,-4.6E-02));
#15255 = DIRECTION('',(-0.,-0.,-1.));
#15256 = DIRECTION('',(-0.,-1.,0.));
#15257 = ADVANCED_FACE('',(#15258),#15269,.F.);
#15258 = FACE_BOUND('',#15259,.T.);
#15259 = EDGE_LOOP('',(#15260,#15261,#15267,#15268));
#15260 = ORIENTED_EDGE('',*,*,#11884,.T.);
#15261 = ORIENTED_EDGE('',*,*,#15262,.T.);
#15262 = EDGE_CURVE('',#11885,#13507,#15263,.T.);
#15263 = LINE('',#15264,#15265);
#15264 = CARTESIAN_POINT('',(154.08,-43.04,-4.6E-02));
#15265 = VECTOR('',#15266,1.);
#15266 = DIRECTION('',(0.,0.,1.));
#15267 = ORIENTED_EDGE('',*,*,#13506,.F.);
#15268 = ORIENTED_EDGE('',*,*,#15262,.F.);
#15269 = CYLINDRICAL_SURFACE('',#15270,0.5);
#15270 = AXIS2_PLACEMENT_3D('',#15271,#15272,#15273);
#15271 = CARTESIAN_POINT('',(154.08,-42.54,-4.6E-02));
#15272 = DIRECTION('',(-0.,-0.,-1.));
#15273 = DIRECTION('',(-0.,-1.,0.));
#15274 = ADVANCED_FACE('',(#15275),#15286,.F.);
#15275 = FACE_BOUND('',#15276,.T.);
#15276 = EDGE_LOOP('',(#15277,#15278,#15284,#15285));
#15277 = ORIENTED_EDGE('',*,*,#11895,.T.);
#15278 = ORIENTED_EDGE('',*,*,#15279,.T.);
#15279 = EDGE_CURVE('',#11896,#13518,#15280,.T.);
#15280 = LINE('',#15281,#15282);
#15281 = CARTESIAN_POINT('',(156.62,-43.04,-4.6E-02));
#15282 = VECTOR('',#15283,1.);
#15283 = DIRECTION('',(0.,0.,1.));
#15284 = ORIENTED_EDGE('',*,*,#13517,.F.);
#15285 = ORIENTED_EDGE('',*,*,#15279,.F.);
#15286 = CYLINDRICAL_SURFACE('',#15287,0.5);
#15287 = AXIS2_PLACEMENT_3D('',#15288,#15289,#15290);
#15288 = CARTESIAN_POINT('',(156.62,-42.54,-4.6E-02));
#15289 = DIRECTION('',(-0.,-0.,-1.));
#15290 = DIRECTION('',(-0.,-1.,0.));
#15291 = ADVANCED_FACE('',(#15292),#15303,.F.);
#15292 = FACE_BOUND('',#15293,.T.);
#15293 = EDGE_LOOP('',(#15294,#15295,#15301,#15302));
#15294 = ORIENTED_EDGE('',*,*,#11906,.T.);
#15295 = ORIENTED_EDGE('',*,*,#15296,.T.);
#15296 = EDGE_CURVE('',#11907,#13529,#15297,.T.);
#15297 = LINE('',#15298,#15299);
#15298 = CARTESIAN_POINT('',(159.16,-43.04,-4.6E-02));
#15299 = VECTOR('',#15300,1.);
#15300 = DIRECTION('',(0.,0.,1.));
#15301 = ORIENTED_EDGE('',*,*,#13528,.F.);
#15302 = ORIENTED_EDGE('',*,*,#15296,.F.);
#15303 = CYLINDRICAL_SURFACE('',#15304,0.5);
#15304 = AXIS2_PLACEMENT_3D('',#15305,#15306,#15307);
#15305 = CARTESIAN_POINT('',(159.16,-42.54,-4.6E-02));
#15306 = DIRECTION('',(-0.,-0.,-1.));
#15307 = DIRECTION('',(-0.,-1.,0.));
#15308 = ADVANCED_FACE('',(#15309),#15320,.F.);
#15309 = FACE_BOUND('',#15310,.T.);
#15310 = EDGE_LOOP('',(#15311,#15312,#15318,#15319));
#15311 = ORIENTED_EDGE('',*,*,#11917,.T.);
#15312 = ORIENTED_EDGE('',*,*,#15313,.T.);
#15313 = EDGE_CURVE('',#11918,#13540,#15314,.T.);
#15314 = LINE('',#15315,#15316);
#15315 = CARTESIAN_POINT('',(161.7,-43.04,-4.6E-02));
#15316 = VECTOR('',#15317,1.);
#15317 = DIRECTION('',(0.,0.,1.));
#15318 = ORIENTED_EDGE('',*,*,#13539,.F.);
#15319 = ORIENTED_EDGE('',*,*,#15313,.F.);
#15320 = CYLINDRICAL_SURFACE('',#15321,0.5);
#15321 = AXIS2_PLACEMENT_3D('',#15322,#15323,#15324);
#15322 = CARTESIAN_POINT('',(161.7,-42.54,-4.6E-02));
#15323 = DIRECTION('',(-0.,-0.,-1.));
#15324 = DIRECTION('',(-0.,-1.,0.));
#15325 = ADVANCED_FACE('',(#15326),#15337,.F.);
#15326 = FACE_BOUND('',#15327,.T.);
#15327 = EDGE_LOOP('',(#15328,#15329,#15335,#15336));
#15328 = ORIENTED_EDGE('',*,*,#11928,.T.);
#15329 = ORIENTED_EDGE('',*,*,#15330,.T.);
#15330 = EDGE_CURVE('',#11929,#13551,#15331,.T.);
#15331 = LINE('',#15332,#15333);
#15332 = CARTESIAN_POINT('',(149.,-40.5,-4.6E-02));
#15333 = VECTOR('',#15334,1.);
#15334 = DIRECTION('',(0.,0.,1.));
#15335 = ORIENTED_EDGE('',*,*,#13550,.F.);
#15336 = ORIENTED_EDGE('',*,*,#15330,.F.);
#15337 = CYLINDRICAL_SURFACE('',#15338,0.5);
#15338 = AXIS2_PLACEMENT_3D('',#15339,#15340,#15341);
#15339 = CARTESIAN_POINT('',(149.,-40.,-4.6E-02));
#15340 = DIRECTION('',(-0.,-0.,-1.));
#15341 = DIRECTION('',(-0.,-1.,0.));
#15342 = ADVANCED_FACE('',(#15343),#15354,.F.);
#15343 = FACE_BOUND('',#15344,.T.);
#15344 = EDGE_LOOP('',(#15345,#15346,#15352,#15353));
#15345 = ORIENTED_EDGE('',*,*,#11939,.T.);
#15346 = ORIENTED_EDGE('',*,*,#15347,.T.);
#15347 = EDGE_CURVE('',#11940,#13562,#15348,.T.);
#15348 = LINE('',#15349,#15350);
#15349 = CARTESIAN_POINT('',(151.54,-40.5,-4.6E-02));
#15350 = VECTOR('',#15351,1.);
#15351 = DIRECTION('',(0.,0.,1.));
#15352 = ORIENTED_EDGE('',*,*,#13561,.F.);
#15353 = ORIENTED_EDGE('',*,*,#15347,.F.);
#15354 = CYLINDRICAL_SURFACE('',#15355,0.5);
#15355 = AXIS2_PLACEMENT_3D('',#15356,#15357,#15358);
#15356 = CARTESIAN_POINT('',(151.54,-40.,-4.6E-02));
#15357 = DIRECTION('',(-0.,-0.,-1.));
#15358 = DIRECTION('',(-0.,-1.,0.));
#15359 = ADVANCED_FACE('',(#15360),#15371,.F.);
#15360 = FACE_BOUND('',#15361,.T.);
#15361 = EDGE_LOOP('',(#15362,#15363,#15369,#15370));
#15362 = ORIENTED_EDGE('',*,*,#11950,.T.);
#15363 = ORIENTED_EDGE('',*,*,#15364,.T.);
#15364 = EDGE_CURVE('',#11951,#13573,#15365,.T.);
#15365 = LINE('',#15366,#15367);
#15366 = CARTESIAN_POINT('',(154.08,-40.5,-4.6E-02));
#15367 = VECTOR('',#15368,1.);
#15368 = DIRECTION('',(0.,0.,1.));
#15369 = ORIENTED_EDGE('',*,*,#13572,.F.);
#15370 = ORIENTED_EDGE('',*,*,#15364,.F.);
#15371 = CYLINDRICAL_SURFACE('',#15372,0.5);
#15372 = AXIS2_PLACEMENT_3D('',#15373,#15374,#15375);
#15373 = CARTESIAN_POINT('',(154.08,-40.,-4.6E-02));
#15374 = DIRECTION('',(-0.,-0.,-1.));
#15375 = DIRECTION('',(-0.,-1.,0.));
#15376 = ADVANCED_FACE('',(#15377),#15388,.F.);
#15377 = FACE_BOUND('',#15378,.T.);
#15378 = EDGE_LOOP('',(#15379,#15380,#15386,#15387));
#15379 = ORIENTED_EDGE('',*,*,#11961,.T.);
#15380 = ORIENTED_EDGE('',*,*,#15381,.T.);
#15381 = EDGE_CURVE('',#11962,#13584,#15382,.T.);
#15382 = LINE('',#15383,#15384);
#15383 = CARTESIAN_POINT('',(156.62,-40.5,-4.6E-02));
#15384 = VECTOR('',#15385,1.);
#15385 = DIRECTION('',(0.,0.,1.));
#15386 = ORIENTED_EDGE('',*,*,#13583,.F.);
#15387 = ORIENTED_EDGE('',*,*,#15381,.F.);
#15388 = CYLINDRICAL_SURFACE('',#15389,0.5);
#15389 = AXIS2_PLACEMENT_3D('',#15390,#15391,#15392);
#15390 = CARTESIAN_POINT('',(156.62,-40.,-4.6E-02));
#15391 = DIRECTION('',(-0.,-0.,-1.));
#15392 = DIRECTION('',(-0.,-1.,0.));
#15393 = ADVANCED_FACE('',(#15394),#15405,.F.);
#15394 = FACE_BOUND('',#15395,.T.);
#15395 = EDGE_LOOP('',(#15396,#15397,#15403,#15404));
#15396 = ORIENTED_EDGE('',*,*,#11972,.T.);
#15397 = ORIENTED_EDGE('',*,*,#15398,.T.);
#15398 = EDGE_CURVE('',#11973,#13595,#15399,.T.);
#15399 = LINE('',#15400,#15401);
#15400 = CARTESIAN_POINT('',(159.16,-40.5,-4.6E-02));
#15401 = VECTOR('',#15402,1.);
#15402 = DIRECTION('',(0.,0.,1.));
#15403 = ORIENTED_EDGE('',*,*,#13594,.F.);
#15404 = ORIENTED_EDGE('',*,*,#15398,.F.);
#15405 = CYLINDRICAL_SURFACE('',#15406,0.5);
#15406 = AXIS2_PLACEMENT_3D('',#15407,#15408,#15409);
#15407 = CARTESIAN_POINT('',(159.16,-40.,-4.6E-02));
#15408 = DIRECTION('',(-0.,-0.,-1.));
#15409 = DIRECTION('',(-0.,-1.,0.));
#15410 = ADVANCED_FACE('',(#15411),#15422,.F.);
#15411 = FACE_BOUND('',#15412,.T.);
#15412 = EDGE_LOOP('',(#15413,#15414,#15420,#15421));
#15413 = ORIENTED_EDGE('',*,*,#11983,.T.);
#15414 = ORIENTED_EDGE('',*,*,#15415,.T.);
#15415 = EDGE_CURVE('',#11984,#13606,#15416,.T.);
#15416 = LINE('',#15417,#15418);
#15417 = CARTESIAN_POINT('',(161.7,-40.5,-4.6E-02));
#15418 = VECTOR('',#15419,1.);
#15419 = DIRECTION('',(0.,0.,1.));
#15420 = ORIENTED_EDGE('',*,*,#13605,.F.);
#15421 = ORIENTED_EDGE('',*,*,#15415,.F.);
#15422 = CYLINDRICAL_SURFACE('',#15423,0.5);
#15423 = AXIS2_PLACEMENT_3D('',#15424,#15425,#15426);
#15424 = CARTESIAN_POINT('',(161.7,-40.,-4.6E-02));
#15425 = DIRECTION('',(-0.,-0.,-1.));
#15426 = DIRECTION('',(-0.,-1.,0.));
#15427 = ADVANCED_FACE('',(#15428),#15439,.F.);
#15428 = FACE_BOUND('',#15429,.T.);
#15429 = EDGE_LOOP('',(#15430,#15431,#15437,#15438));
#15430 = ORIENTED_EDGE('',*,*,#11994,.T.);
#15431 = ORIENTED_EDGE('',*,*,#15432,.T.);
#15432 = EDGE_CURVE('',#11995,#13617,#15433,.T.);
#15433 = LINE('',#15434,#15435);
#15434 = CARTESIAN_POINT('',(164.24,-43.04,-4.6E-02));
#15435 = VECTOR('',#15436,1.);
#15436 = DIRECTION('',(0.,0.,1.));
#15437 = ORIENTED_EDGE('',*,*,#13616,.F.);
#15438 = ORIENTED_EDGE('',*,*,#15432,.F.);
#15439 = CYLINDRICAL_SURFACE('',#15440,0.5);
#15440 = AXIS2_PLACEMENT_3D('',#15441,#15442,#15443);
#15441 = CARTESIAN_POINT('',(164.24,-42.54,-4.6E-02));
#15442 = DIRECTION('',(-0.,-0.,-1.));
#15443 = DIRECTION('',(-0.,-1.,0.));
#15444 = ADVANCED_FACE('',(#15445),#15456,.F.);
#15445 = FACE_BOUND('',#15446,.T.);
#15446 = EDGE_LOOP('',(#15447,#15448,#15454,#15455));
#15447 = ORIENTED_EDGE('',*,*,#12005,.T.);
#15448 = ORIENTED_EDGE('',*,*,#15449,.T.);
#15449 = EDGE_CURVE('',#12006,#13628,#15450,.T.);
#15450 = LINE('',#15451,#15452);
#15451 = CARTESIAN_POINT('',(166.78,-43.04,-4.6E-02));
#15452 = VECTOR('',#15453,1.);
#15453 = DIRECTION('',(0.,0.,1.));
#15454 = ORIENTED_EDGE('',*,*,#13627,.F.);
#15455 = ORIENTED_EDGE('',*,*,#15449,.F.);
#15456 = CYLINDRICAL_SURFACE('',#15457,0.5);
#15457 = AXIS2_PLACEMENT_3D('',#15458,#15459,#15460);
#15458 = CARTESIAN_POINT('',(166.78,-42.54,-4.6E-02));
#15459 = DIRECTION('',(-0.,-0.,-1.));
#15460 = DIRECTION('',(-0.,-1.,0.));
#15461 = ADVANCED_FACE('',(#15462),#15473,.F.);
#15462 = FACE_BOUND('',#15463,.T.);
#15463 = EDGE_LOOP('',(#15464,#15465,#15471,#15472));
#15464 = ORIENTED_EDGE('',*,*,#12016,.T.);
#15465 = ORIENTED_EDGE('',*,*,#15466,.T.);
#15466 = EDGE_CURVE('',#12017,#13639,#15467,.T.);
#15467 = LINE('',#15468,#15469);
#15468 = CARTESIAN_POINT('',(169.32,-43.04,-4.6E-02));
#15469 = VECTOR('',#15470,1.);
#15470 = DIRECTION('',(0.,0.,1.));
#15471 = ORIENTED_EDGE('',*,*,#13638,.F.);
#15472 = ORIENTED_EDGE('',*,*,#15466,.F.);
#15473 = CYLINDRICAL_SURFACE('',#15474,0.5);
#15474 = AXIS2_PLACEMENT_3D('',#15475,#15476,#15477);
#15475 = CARTESIAN_POINT('',(169.32,-42.54,-4.6E-02));
#15476 = DIRECTION('',(-0.,-0.,-1.));
#15477 = DIRECTION('',(-0.,-1.,0.));
#15478 = ADVANCED_FACE('',(#15479),#15490,.F.);
#15479 = FACE_BOUND('',#15480,.T.);
#15480 = EDGE_LOOP('',(#15481,#15482,#15488,#15489));
#15481 = ORIENTED_EDGE('',*,*,#12027,.T.);
#15482 = ORIENTED_EDGE('',*,*,#15483,.T.);
#15483 = EDGE_CURVE('',#12028,#13650,#15484,.T.);
#15484 = LINE('',#15485,#15486);
#15485 = CARTESIAN_POINT('',(171.86,-43.04,-4.6E-02));
#15486 = VECTOR('',#15487,1.);
#15487 = DIRECTION('',(0.,0.,1.));
#15488 = ORIENTED_EDGE('',*,*,#13649,.F.);
#15489 = ORIENTED_EDGE('',*,*,#15483,.F.);
#15490 = CYLINDRICAL_SURFACE('',#15491,0.5);
#15491 = AXIS2_PLACEMENT_3D('',#15492,#15493,#15494);
#15492 = CARTESIAN_POINT('',(171.86,-42.54,-4.6E-02));
#15493 = DIRECTION('',(-0.,-0.,-1.));
#15494 = DIRECTION('',(-0.,-1.,0.));
#15495 = ADVANCED_FACE('',(#15496),#15507,.F.);
#15496 = FACE_BOUND('',#15497,.T.);
#15497 = EDGE_LOOP('',(#15498,#15499,#15505,#15506));
#15498 = ORIENTED_EDGE('',*,*,#12038,.T.);
#15499 = ORIENTED_EDGE('',*,*,#15500,.T.);
#15500 = EDGE_CURVE('',#12039,#13661,#15501,.T.);
#15501 = LINE('',#15502,#15503);
#15502 = CARTESIAN_POINT('',(189.11,-42.765,-4.6E-02));
#15503 = VECTOR('',#15504,1.);
#15504 = DIRECTION('',(0.,0.,1.));
#15505 = ORIENTED_EDGE('',*,*,#13660,.F.);
#15506 = ORIENTED_EDGE('',*,*,#15500,.F.);
#15507 = CYLINDRICAL_SURFACE('',#15508,0.5);
#15508 = AXIS2_PLACEMENT_3D('',#15509,#15510,#15511);
#15509 = CARTESIAN_POINT('',(189.11,-42.265,-4.6E-02));
#15510 = DIRECTION('',(-0.,-0.,-1.));
#15511 = DIRECTION('',(-0.,-1.,0.));
#15512 = ADVANCED_FACE('',(#15513),#15524,.F.);
#15513 = FACE_BOUND('',#15514,.T.);
#15514 = EDGE_LOOP('',(#15515,#15516,#15522,#15523));
#15515 = ORIENTED_EDGE('',*,*,#12049,.T.);
#15516 = ORIENTED_EDGE('',*,*,#15517,.T.);
#15517 = EDGE_CURVE('',#12050,#13672,#15518,.T.);
#15518 = LINE('',#15519,#15520);
#15519 = CARTESIAN_POINT('',(191.65,-42.765,-4.6E-02));
#15520 = VECTOR('',#15521,1.);
#15521 = DIRECTION('',(0.,0.,1.));
#15522 = ORIENTED_EDGE('',*,*,#13671,.F.);
#15523 = ORIENTED_EDGE('',*,*,#15517,.F.);
#15524 = CYLINDRICAL_SURFACE('',#15525,0.5);
#15525 = AXIS2_PLACEMENT_3D('',#15526,#15527,#15528);
#15526 = CARTESIAN_POINT('',(191.65,-42.265,-4.6E-02));
#15527 = DIRECTION('',(-0.,-0.,-1.));
#15528 = DIRECTION('',(-0.,-1.,0.));
#15529 = ADVANCED_FACE('',(#15530),#15541,.F.);
#15530 = FACE_BOUND('',#15531,.T.);
#15531 = EDGE_LOOP('',(#15532,#15533,#15539,#15540));
#15532 = ORIENTED_EDGE('',*,*,#12060,.T.);
#15533 = ORIENTED_EDGE('',*,*,#15534,.T.);
#15534 = EDGE_CURVE('',#12061,#13683,#15535,.T.);
#15535 = LINE('',#15536,#15537);
#15536 = CARTESIAN_POINT('',(164.24,-40.5,-4.6E-02));
#15537 = VECTOR('',#15538,1.);
#15538 = DIRECTION('',(0.,0.,1.));
#15539 = ORIENTED_EDGE('',*,*,#13682,.F.);
#15540 = ORIENTED_EDGE('',*,*,#15534,.F.);
#15541 = CYLINDRICAL_SURFACE('',#15542,0.5);
#15542 = AXIS2_PLACEMENT_3D('',#15543,#15544,#15545);
#15543 = CARTESIAN_POINT('',(164.24,-40.,-4.6E-02));
#15544 = DIRECTION('',(-0.,-0.,-1.));
#15545 = DIRECTION('',(-0.,-1.,0.));
#15546 = ADVANCED_FACE('',(#15547),#15558,.F.);
#15547 = FACE_BOUND('',#15548,.T.);
#15548 = EDGE_LOOP('',(#15549,#15550,#15556,#15557));
#15549 = ORIENTED_EDGE('',*,*,#12071,.T.);
#15550 = ORIENTED_EDGE('',*,*,#15551,.T.);
#15551 = EDGE_CURVE('',#12072,#13694,#15552,.T.);
#15552 = LINE('',#15553,#15554);
#15553 = CARTESIAN_POINT('',(166.78,-40.5,-4.6E-02));
#15554 = VECTOR('',#15555,1.);
#15555 = DIRECTION('',(0.,0.,1.));
#15556 = ORIENTED_EDGE('',*,*,#13693,.F.);
#15557 = ORIENTED_EDGE('',*,*,#15551,.F.);
#15558 = CYLINDRICAL_SURFACE('',#15559,0.5);
#15559 = AXIS2_PLACEMENT_3D('',#15560,#15561,#15562);
#15560 = CARTESIAN_POINT('',(166.78,-40.,-4.6E-02));
#15561 = DIRECTION('',(-0.,-0.,-1.));
#15562 = DIRECTION('',(-0.,-1.,0.));
#15563 = ADVANCED_FACE('',(#15564),#15575,.F.);
#15564 = FACE_BOUND('',#15565,.T.);
#15565 = EDGE_LOOP('',(#15566,#15567,#15573,#15574));
#15566 = ORIENTED_EDGE('',*,*,#12082,.T.);
#15567 = ORIENTED_EDGE('',*,*,#15568,.T.);
#15568 = EDGE_CURVE('',#12083,#13705,#15569,.T.);
#15569 = LINE('',#15570,#15571);
#15570 = CARTESIAN_POINT('',(169.32,-40.5,-4.6E-02));
#15571 = VECTOR('',#15572,1.);
#15572 = DIRECTION('',(0.,0.,1.));
#15573 = ORIENTED_EDGE('',*,*,#13704,.F.);
#15574 = ORIENTED_EDGE('',*,*,#15568,.F.);
#15575 = CYLINDRICAL_SURFACE('',#15576,0.5);
#15576 = AXIS2_PLACEMENT_3D('',#15577,#15578,#15579);
#15577 = CARTESIAN_POINT('',(169.32,-40.,-4.6E-02));
#15578 = DIRECTION('',(-0.,-0.,-1.));
#15579 = DIRECTION('',(-0.,-1.,0.));
#15580 = ADVANCED_FACE('',(#15581),#15592,.F.);
#15581 = FACE_BOUND('',#15582,.T.);
#15582 = EDGE_LOOP('',(#15583,#15584,#15590,#15591));
#15583 = ORIENTED_EDGE('',*,*,#12093,.T.);
#15584 = ORIENTED_EDGE('',*,*,#15585,.T.);
#15585 = EDGE_CURVE('',#12094,#13716,#15586,.T.);
#15586 = LINE('',#15587,#15588);
#15587 = CARTESIAN_POINT('',(171.86,-40.5,-4.6E-02));
#15588 = VECTOR('',#15589,1.);
#15589 = DIRECTION('',(0.,0.,1.));
#15590 = ORIENTED_EDGE('',*,*,#13715,.F.);
#15591 = ORIENTED_EDGE('',*,*,#15585,.F.);
#15592 = CYLINDRICAL_SURFACE('',#15593,0.5);
#15593 = AXIS2_PLACEMENT_3D('',#15594,#15595,#15596);
#15594 = CARTESIAN_POINT('',(171.86,-40.,-4.6E-02));
#15595 = DIRECTION('',(-0.,-0.,-1.));
#15596 = DIRECTION('',(-0.,-1.,0.));
#15597 = ADVANCED_FACE('',(#15598),#15609,.F.);
#15598 = FACE_BOUND('',#15599,.T.);
#15599 = EDGE_LOOP('',(#15600,#15601,#15607,#15608));
#15600 = ORIENTED_EDGE('',*,*,#12104,.T.);
#15601 = ORIENTED_EDGE('',*,*,#15602,.T.);
#15602 = EDGE_CURVE('',#12105,#13727,#15603,.T.);
#15603 = LINE('',#15604,#15605);
#15604 = CARTESIAN_POINT('',(189.11,-40.225,-4.6E-02));
#15605 = VECTOR('',#15606,1.);
#15606 = DIRECTION('',(0.,0.,1.));
#15607 = ORIENTED_EDGE('',*,*,#13726,.F.);
#15608 = ORIENTED_EDGE('',*,*,#15602,.F.);
#15609 = CYLINDRICAL_SURFACE('',#15610,0.5);
#15610 = AXIS2_PLACEMENT_3D('',#15611,#15612,#15613);
#15611 = CARTESIAN_POINT('',(189.11,-39.725,-4.6E-02));
#15612 = DIRECTION('',(-0.,-0.,-1.));
#15613 = DIRECTION('',(-0.,-1.,0.));
#15614 = ADVANCED_FACE('',(#15615),#15626,.F.);
#15615 = FACE_BOUND('',#15616,.T.);
#15616 = EDGE_LOOP('',(#15617,#15618,#15624,#15625));
#15617 = ORIENTED_EDGE('',*,*,#12115,.T.);
#15618 = ORIENTED_EDGE('',*,*,#15619,.T.);
#15619 = EDGE_CURVE('',#12116,#13738,#15620,.T.);
#15620 = LINE('',#15621,#15622);
#15621 = CARTESIAN_POINT('',(191.65,-40.225,-4.6E-02));
#15622 = VECTOR('',#15623,1.);
#15623 = DIRECTION('',(0.,0.,1.));
#15624 = ORIENTED_EDGE('',*,*,#13737,.F.);
#15625 = ORIENTED_EDGE('',*,*,#15619,.F.);
#15626 = CYLINDRICAL_SURFACE('',#15627,0.5);
#15627 = AXIS2_PLACEMENT_3D('',#15628,#15629,#15630);
#15628 = CARTESIAN_POINT('',(191.65,-39.725,-4.6E-02));
#15629 = DIRECTION('',(-0.,-0.,-1.));
#15630 = DIRECTION('',(-0.,-1.,0.));
#15631 = ADVANCED_FACE('',(#15632),#15643,.F.);
#15632 = FACE_BOUND('',#15633,.T.);
#15633 = EDGE_LOOP('',(#15634,#15635,#15641,#15642));
#15634 = ORIENTED_EDGE('',*,*,#12126,.T.);
#15635 = ORIENTED_EDGE('',*,*,#15636,.T.);
#15636 = EDGE_CURVE('',#12127,#13749,#15637,.T.);
#15637 = LINE('',#15638,#15639);
#15638 = CARTESIAN_POINT('',(180.,-42.15,-4.6E-02));
#15639 = VECTOR('',#15640,1.);
#15640 = DIRECTION('',(0.,0.,1.));
#15641 = ORIENTED_EDGE('',*,*,#13748,.F.);
#15642 = ORIENTED_EDGE('',*,*,#15636,.F.);
#15643 = CYLINDRICAL_SURFACE('',#15644,2.65);
#15644 = AXIS2_PLACEMENT_3D('',#15645,#15646,#15647);
#15645 = CARTESIAN_POINT('',(180.,-39.5,-4.6E-02));
#15646 = DIRECTION('',(-0.,-0.,-1.));
#15647 = DIRECTION('',(-0.,-1.,0.));
#15648 = ADVANCED_FACE('',(#15649),#15660,.F.);
#15649 = FACE_BOUND('',#15650,.T.);
#15650 = EDGE_LOOP('',(#15651,#15652,#15658,#15659));
#15651 = ORIENTED_EDGE('',*,*,#12137,.T.);
#15652 = ORIENTED_EDGE('',*,*,#15653,.T.);
#15653 = EDGE_CURVE('',#12138,#13760,#15654,.T.);
#15654 = LINE('',#15655,#15656);
#15655 = CARTESIAN_POINT('',(194.19,-42.765,-4.6E-02));
#15656 = VECTOR('',#15657,1.);
#15657 = DIRECTION('',(0.,0.,1.));
#15658 = ORIENTED_EDGE('',*,*,#13759,.F.);
#15659 = ORIENTED_EDGE('',*,*,#15653,.F.);
#15660 = CYLINDRICAL_SURFACE('',#15661,0.5);
#15661 = AXIS2_PLACEMENT_3D('',#15662,#15663,#15664);
#15662 = CARTESIAN_POINT('',(194.19,-42.265,-4.6E-02));
#15663 = DIRECTION('',(-0.,-0.,-1.));
#15664 = DIRECTION('',(-0.,-1.,0.));
#15665 = ADVANCED_FACE('',(#15666),#15677,.F.);
#15666 = FACE_BOUND('',#15667,.T.);
#15667 = EDGE_LOOP('',(#15668,#15669,#15675,#15676));
#15668 = ORIENTED_EDGE('',*,*,#12148,.T.);
#15669 = ORIENTED_EDGE('',*,*,#15670,.T.);
#15670 = EDGE_CURVE('',#12149,#13771,#15671,.T.);
#15671 = LINE('',#15672,#15673);
#15672 = CARTESIAN_POINT('',(196.73,-42.765,-4.6E-02));
#15673 = VECTOR('',#15674,1.);
#15674 = DIRECTION('',(0.,0.,1.));
#15675 = ORIENTED_EDGE('',*,*,#13770,.F.);
#15676 = ORIENTED_EDGE('',*,*,#15670,.F.);
#15677 = CYLINDRICAL_SURFACE('',#15678,0.5);
#15678 = AXIS2_PLACEMENT_3D('',#15679,#15680,#15681);
#15679 = CARTESIAN_POINT('',(196.73,-42.265,-4.6E-02));
#15680 = DIRECTION('',(-0.,-0.,-1.));
#15681 = DIRECTION('',(-0.,-1.,0.));
#15682 = ADVANCED_FACE('',(#15683),#15694,.F.);
#15683 = FACE_BOUND('',#15684,.T.);
#15684 = EDGE_LOOP('',(#15685,#15686,#15692,#15693));
#15685 = ORIENTED_EDGE('',*,*,#12159,.T.);
#15686 = ORIENTED_EDGE('',*,*,#15687,.T.);
#15687 = EDGE_CURVE('',#12160,#13782,#15688,.T.);
#15688 = LINE('',#15689,#15690);
#15689 = CARTESIAN_POINT('',(199.27,-42.765,-4.6E-02));
#15690 = VECTOR('',#15691,1.);
#15691 = DIRECTION('',(0.,0.,1.));
#15692 = ORIENTED_EDGE('',*,*,#13781,.F.);
#15693 = ORIENTED_EDGE('',*,*,#15687,.F.);
#15694 = CYLINDRICAL_SURFACE('',#15695,0.5);
#15695 = AXIS2_PLACEMENT_3D('',#15696,#15697,#15698);
#15696 = CARTESIAN_POINT('',(199.27,-42.265,-4.6E-02));
#15697 = DIRECTION('',(-0.,-0.,-1.));
#15698 = DIRECTION('',(-0.,-1.,0.));
#15699 = ADVANCED_FACE('',(#15700),#15711,.F.);
#15700 = FACE_BOUND('',#15701,.T.);
#15701 = EDGE_LOOP('',(#15702,#15703,#15709,#15710));
#15702 = ORIENTED_EDGE('',*,*,#12170,.T.);
#15703 = ORIENTED_EDGE('',*,*,#15704,.T.);
#15704 = EDGE_CURVE('',#12171,#13793,#15705,.T.);
#15705 = LINE('',#15706,#15707);
#15706 = CARTESIAN_POINT('',(201.81,-42.765,-4.6E-02));
#15707 = VECTOR('',#15708,1.);
#15708 = DIRECTION('',(0.,0.,1.));
#15709 = ORIENTED_EDGE('',*,*,#13792,.F.);
#15710 = ORIENTED_EDGE('',*,*,#15704,.F.);
#15711 = CYLINDRICAL_SURFACE('',#15712,0.5);
#15712 = AXIS2_PLACEMENT_3D('',#15713,#15714,#15715);
#15713 = CARTESIAN_POINT('',(201.81,-42.265,-4.6E-02));
#15714 = DIRECTION('',(-0.,-0.,-1.));
#15715 = DIRECTION('',(-0.,-1.,0.));
#15716 = ADVANCED_FACE('',(#15717),#15728,.F.);
#15717 = FACE_BOUND('',#15718,.T.);
#15718 = EDGE_LOOP('',(#15719,#15720,#15726,#15727));
#15719 = ORIENTED_EDGE('',*,*,#12181,.T.);
#15720 = ORIENTED_EDGE('',*,*,#15721,.T.);
#15721 = EDGE_CURVE('',#12182,#13804,#15722,.T.);
#15722 = LINE('',#15723,#15724);
#15723 = CARTESIAN_POINT('',(204.35,-42.765,-4.6E-02));
#15724 = VECTOR('',#15725,1.);
#15725 = DIRECTION('',(0.,0.,1.));
#15726 = ORIENTED_EDGE('',*,*,#13803,.F.);
#15727 = ORIENTED_EDGE('',*,*,#15721,.F.);
#15728 = CYLINDRICAL_SURFACE('',#15729,0.5);
#15729 = AXIS2_PLACEMENT_3D('',#15730,#15731,#15732);
#15730 = CARTESIAN_POINT('',(204.35,-42.265,-4.6E-02));
#15731 = DIRECTION('',(-0.,-0.,-1.));
#15732 = DIRECTION('',(-0.,-1.,0.));
#15733 = ADVANCED_FACE('',(#15734),#15745,.F.);
#15734 = FACE_BOUND('',#15735,.T.);
#15735 = EDGE_LOOP('',(#15736,#15737,#15743,#15744));
#15736 = ORIENTED_EDGE('',*,*,#12192,.T.);
#15737 = ORIENTED_EDGE('',*,*,#15738,.T.);
#15738 = EDGE_CURVE('',#12193,#13815,#15739,.T.);
#15739 = LINE('',#15740,#15741);
#15740 = CARTESIAN_POINT('',(206.89,-42.765,-4.6E-02));
#15741 = VECTOR('',#15742,1.);
#15742 = DIRECTION('',(0.,0.,1.));
#15743 = ORIENTED_EDGE('',*,*,#13814,.F.);
#15744 = ORIENTED_EDGE('',*,*,#15738,.F.);
#15745 = CYLINDRICAL_SURFACE('',#15746,0.5);
#15746 = AXIS2_PLACEMENT_3D('',#15747,#15748,#15749);
#15747 = CARTESIAN_POINT('',(206.89,-42.265,-4.6E-02));
#15748 = DIRECTION('',(-0.,-0.,-1.));
#15749 = DIRECTION('',(-0.,-1.,0.));
#15750 = ADVANCED_FACE('',(#15751),#15762,.F.);
#15751 = FACE_BOUND('',#15752,.T.);
#15752 = EDGE_LOOP('',(#15753,#15754,#15760,#15761));
#15753 = ORIENTED_EDGE('',*,*,#12203,.T.);
#15754 = ORIENTED_EDGE('',*,*,#15755,.T.);
#15755 = EDGE_CURVE('',#12204,#13826,#15756,.T.);
#15756 = LINE('',#15757,#15758);
#15757 = CARTESIAN_POINT('',(213.025,-42.85,-4.6E-02));
#15758 = VECTOR('',#15759,1.);
#15759 = DIRECTION('',(0.,0.,1.));
#15760 = ORIENTED_EDGE('',*,*,#13825,.F.);
#15761 = ORIENTED_EDGE('',*,*,#15755,.F.);
#15762 = CYLINDRICAL_SURFACE('',#15763,0.65);
#15763 = AXIS2_PLACEMENT_3D('',#15764,#15765,#15766);
#15764 = CARTESIAN_POINT('',(213.025,-42.2,-4.6E-02));
#15765 = DIRECTION('',(-0.,-0.,-1.));
#15766 = DIRECTION('',(-0.,-1.,0.));
#15767 = ADVANCED_FACE('',(#15768),#15779,.F.);
#15768 = FACE_BOUND('',#15769,.T.);
#15769 = EDGE_LOOP('',(#15770,#15771,#15777,#15778));
#15770 = ORIENTED_EDGE('',*,*,#12214,.T.);
#15771 = ORIENTED_EDGE('',*,*,#15772,.T.);
#15772 = EDGE_CURVE('',#12215,#13837,#15773,.T.);
#15773 = LINE('',#15774,#15775);
#15774 = CARTESIAN_POINT('',(225.225,-42.7,-4.6E-02));
#15775 = VECTOR('',#15776,1.);
#15776 = DIRECTION('',(0.,0.,1.));
#15777 = ORIENTED_EDGE('',*,*,#13836,.F.);
#15778 = ORIENTED_EDGE('',*,*,#15772,.F.);
#15779 = CYLINDRICAL_SURFACE('',#15780,0.5);
#15780 = AXIS2_PLACEMENT_3D('',#15781,#15782,#15783);
#15781 = CARTESIAN_POINT('',(225.225,-42.2,-4.6E-02));
#15782 = DIRECTION('',(-0.,-0.,-1.));
#15783 = DIRECTION('',(-0.,-1.,0.));
#15784 = ADVANCED_FACE('',(#15785),#15796,.F.);
#15785 = FACE_BOUND('',#15786,.T.);
#15786 = EDGE_LOOP('',(#15787,#15788,#15794,#15795));
#15787 = ORIENTED_EDGE('',*,*,#12225,.T.);
#15788 = ORIENTED_EDGE('',*,*,#15789,.T.);
#15789 = EDGE_CURVE('',#12226,#13848,#15790,.T.);
#15790 = LINE('',#15791,#15792);
#15791 = CARTESIAN_POINT('',(194.19,-40.225,-4.6E-02));
#15792 = VECTOR('',#15793,1.);
#15793 = DIRECTION('',(0.,0.,1.));
#15794 = ORIENTED_EDGE('',*,*,#13847,.F.);
#15795 = ORIENTED_EDGE('',*,*,#15789,.F.);
#15796 = CYLINDRICAL_SURFACE('',#15797,0.5);
#15797 = AXIS2_PLACEMENT_3D('',#15798,#15799,#15800);
#15798 = CARTESIAN_POINT('',(194.19,-39.725,-4.6E-02));
#15799 = DIRECTION('',(-0.,-0.,-1.));
#15800 = DIRECTION('',(-0.,-1.,0.));
#15801 = ADVANCED_FACE('',(#15802),#15813,.F.);
#15802 = FACE_BOUND('',#15803,.T.);
#15803 = EDGE_LOOP('',(#15804,#15805,#15811,#15812));
#15804 = ORIENTED_EDGE('',*,*,#12236,.T.);
#15805 = ORIENTED_EDGE('',*,*,#15806,.T.);
#15806 = EDGE_CURVE('',#12237,#13859,#15807,.T.);
#15807 = LINE('',#15808,#15809);
#15808 = CARTESIAN_POINT('',(196.73,-40.225,-4.6E-02));
#15809 = VECTOR('',#15810,1.);
#15810 = DIRECTION('',(0.,0.,1.));
#15811 = ORIENTED_EDGE('',*,*,#13858,.F.);
#15812 = ORIENTED_EDGE('',*,*,#15806,.F.);
#15813 = CYLINDRICAL_SURFACE('',#15814,0.5);
#15814 = AXIS2_PLACEMENT_3D('',#15815,#15816,#15817);
#15815 = CARTESIAN_POINT('',(196.73,-39.725,-4.6E-02));
#15816 = DIRECTION('',(-0.,-0.,-1.));
#15817 = DIRECTION('',(-0.,-1.,0.));
#15818 = ADVANCED_FACE('',(#15819),#15830,.F.);
#15819 = FACE_BOUND('',#15820,.T.);
#15820 = EDGE_LOOP('',(#15821,#15822,#15828,#15829));
#15821 = ORIENTED_EDGE('',*,*,#12247,.T.);
#15822 = ORIENTED_EDGE('',*,*,#15823,.T.);
#15823 = EDGE_CURVE('',#12248,#13870,#15824,.T.);
#15824 = LINE('',#15825,#15826);
#15825 = CARTESIAN_POINT('',(199.27,-40.225,-4.6E-02));
#15826 = VECTOR('',#15827,1.);
#15827 = DIRECTION('',(0.,0.,1.));
#15828 = ORIENTED_EDGE('',*,*,#13869,.F.);
#15829 = ORIENTED_EDGE('',*,*,#15823,.F.);
#15830 = CYLINDRICAL_SURFACE('',#15831,0.5);
#15831 = AXIS2_PLACEMENT_3D('',#15832,#15833,#15834);
#15832 = CARTESIAN_POINT('',(199.27,-39.725,-4.6E-02));
#15833 = DIRECTION('',(-0.,-0.,-1.));
#15834 = DIRECTION('',(-0.,-1.,0.));
#15835 = ADVANCED_FACE('',(#15836),#15847,.F.);
#15836 = FACE_BOUND('',#15837,.T.);
#15837 = EDGE_LOOP('',(#15838,#15839,#15845,#15846));
#15838 = ORIENTED_EDGE('',*,*,#12258,.T.);
#15839 = ORIENTED_EDGE('',*,*,#15840,.T.);
#15840 = EDGE_CURVE('',#12259,#13881,#15841,.T.);
#15841 = LINE('',#15842,#15843);
#15842 = CARTESIAN_POINT('',(201.81,-40.225,-4.6E-02));
#15843 = VECTOR('',#15844,1.);
#15844 = DIRECTION('',(0.,0.,1.));
#15845 = ORIENTED_EDGE('',*,*,#13880,.F.);
#15846 = ORIENTED_EDGE('',*,*,#15840,.F.);
#15847 = CYLINDRICAL_SURFACE('',#15848,0.5);
#15848 = AXIS2_PLACEMENT_3D('',#15849,#15850,#15851);
#15849 = CARTESIAN_POINT('',(201.81,-39.725,-4.6E-02));
#15850 = DIRECTION('',(-0.,-0.,-1.));
#15851 = DIRECTION('',(-0.,-1.,0.));
#15852 = ADVANCED_FACE('',(#15853),#15864,.F.);
#15853 = FACE_BOUND('',#15854,.T.);
#15854 = EDGE_LOOP('',(#15855,#15856,#15862,#15863));
#15855 = ORIENTED_EDGE('',*,*,#12269,.T.);
#15856 = ORIENTED_EDGE('',*,*,#15857,.T.);
#15857 = EDGE_CURVE('',#12270,#13892,#15858,.T.);
#15858 = LINE('',#15859,#15860);
#15859 = CARTESIAN_POINT('',(204.35,-40.225,-4.6E-02));
#15860 = VECTOR('',#15861,1.);
#15861 = DIRECTION('',(0.,0.,1.));
#15862 = ORIENTED_EDGE('',*,*,#13891,.F.);
#15863 = ORIENTED_EDGE('',*,*,#15857,.F.);
#15864 = CYLINDRICAL_SURFACE('',#15865,0.5);
#15865 = AXIS2_PLACEMENT_3D('',#15866,#15867,#15868);
#15866 = CARTESIAN_POINT('',(204.35,-39.725,-4.6E-02));
#15867 = DIRECTION('',(-0.,-0.,-1.));
#15868 = DIRECTION('',(-0.,-1.,0.));
#15869 = ADVANCED_FACE('',(#15870),#15881,.F.);
#15870 = FACE_BOUND('',#15871,.T.);
#15871 = EDGE_LOOP('',(#15872,#15873,#15879,#15880));
#15872 = ORIENTED_EDGE('',*,*,#12280,.T.);
#15873 = ORIENTED_EDGE('',*,*,#15874,.T.);
#15874 = EDGE_CURVE('',#12281,#13903,#15875,.T.);
#15875 = LINE('',#15876,#15877);
#15876 = CARTESIAN_POINT('',(206.89,-40.225,-4.6E-02));
#15877 = VECTOR('',#15878,1.);
#15878 = DIRECTION('',(0.,0.,1.));
#15879 = ORIENTED_EDGE('',*,*,#13902,.F.);
#15880 = ORIENTED_EDGE('',*,*,#15874,.F.);
#15881 = CYLINDRICAL_SURFACE('',#15882,0.5);
#15882 = AXIS2_PLACEMENT_3D('',#15883,#15884,#15885);
#15883 = CARTESIAN_POINT('',(206.89,-39.725,-4.6E-02));
#15884 = DIRECTION('',(-0.,-0.,-1.));
#15885 = DIRECTION('',(-0.,-1.,0.));
#15886 = ADVANCED_FACE('',(#15887),#15898,.F.);
#15887 = FACE_BOUND('',#15888,.T.);
#15888 = EDGE_LOOP('',(#15889,#15890,#15896,#15897));
#15889 = ORIENTED_EDGE('',*,*,#12291,.T.);
#15890 = ORIENTED_EDGE('',*,*,#15891,.T.);
#15891 = EDGE_CURVE('',#12292,#13914,#15892,.T.);
#15892 = LINE('',#15893,#15894);
#15893 = CARTESIAN_POINT('',(233.025,-42.85,-4.6E-02));
#15894 = VECTOR('',#15895,1.);
#15895 = DIRECTION('',(0.,0.,1.));
#15896 = ORIENTED_EDGE('',*,*,#13913,.F.);
#15897 = ORIENTED_EDGE('',*,*,#15891,.F.);
#15898 = CYLINDRICAL_SURFACE('',#15899,0.65);
#15899 = AXIS2_PLACEMENT_3D('',#15900,#15901,#15902);
#15900 = CARTESIAN_POINT('',(233.025,-42.2,-4.6E-02));
#15901 = DIRECTION('',(-0.,-0.,-1.));
#15902 = DIRECTION('',(-0.,-1.,0.));
#15903 = ADVANCED_FACE('',(#15904),#15915,.F.);
#15904 = FACE_BOUND('',#15905,.T.);
#15905 = EDGE_LOOP('',(#15906,#15907,#15913,#15914));
#15906 = ORIENTED_EDGE('',*,*,#12302,.T.);
#15907 = ORIENTED_EDGE('',*,*,#15908,.T.);
#15908 = EDGE_CURVE('',#12303,#13925,#15909,.T.);
#15909 = LINE('',#15910,#15911);
#15910 = CARTESIAN_POINT('',(245.225,-42.7,-4.6E-02));
#15911 = VECTOR('',#15912,1.);
#15912 = DIRECTION('',(0.,0.,1.));
#15913 = ORIENTED_EDGE('',*,*,#13924,.F.);
#15914 = ORIENTED_EDGE('',*,*,#15908,.F.);
#15915 = CYLINDRICAL_SURFACE('',#15916,0.5);
#15916 = AXIS2_PLACEMENT_3D('',#15917,#15918,#15919);
#15917 = CARTESIAN_POINT('',(245.225,-42.2,-4.6E-02));
#15918 = DIRECTION('',(-0.,-0.,-1.));
#15919 = DIRECTION('',(-0.,-1.,0.));
#15920 = ADVANCED_FACE('',(#15921),#15932,.F.);
#15921 = FACE_BOUND('',#15922,.T.);
#15922 = EDGE_LOOP('',(#15923,#15924,#15930,#15931));
#15923 = ORIENTED_EDGE('',*,*,#12313,.T.);
#15924 = ORIENTED_EDGE('',*,*,#15925,.T.);
#15925 = EDGE_CURVE('',#12314,#13936,#15926,.T.);
#15926 = LINE('',#15927,#15928);
#15927 = CARTESIAN_POINT('',(254.5,-42.15,-4.6E-02));
#15928 = VECTOR('',#15929,1.);
#15929 = DIRECTION('',(0.,0.,1.));
#15930 = ORIENTED_EDGE('',*,*,#13935,.F.);
#15931 = ORIENTED_EDGE('',*,*,#15925,.F.);
#15932 = CYLINDRICAL_SURFACE('',#15933,2.65);
#15933 = AXIS2_PLACEMENT_3D('',#15934,#15935,#15936);
#15934 = CARTESIAN_POINT('',(254.5,-39.5,-4.6E-02));
#15935 = DIRECTION('',(-0.,-0.,-1.));
#15936 = DIRECTION('',(-0.,-1.,0.));
#15937 = ADVANCED_FACE('',(#15938),#15949,.F.);
#15938 = FACE_BOUND('',#15939,.T.);
#15939 = EDGE_LOOP('',(#15940,#15941,#15947,#15948));
#15940 = ORIENTED_EDGE('',*,*,#12324,.T.);
#15941 = ORIENTED_EDGE('',*,*,#15942,.T.);
#15942 = EDGE_CURVE('',#12325,#13947,#15943,.T.);
#15943 = LINE('',#15944,#15945);
#15944 = CARTESIAN_POINT('',(227.225,-36.85,-4.6E-02));
#15945 = VECTOR('',#15946,1.);
#15946 = DIRECTION('',(0.,0.,1.));
#15947 = ORIENTED_EDGE('',*,*,#13946,.F.);
#15948 = ORIENTED_EDGE('',*,*,#15942,.F.);
#15949 = CYLINDRICAL_SURFACE('',#15950,0.65);
#15950 = AXIS2_PLACEMENT_3D('',#15951,#15952,#15953);
#15951 = CARTESIAN_POINT('',(227.225,-36.2,-4.6E-02));
#15952 = DIRECTION('',(-0.,-0.,-1.));
#15953 = DIRECTION('',(-0.,-1.,0.));
#15954 = ADVANCED_FACE('',(#15955),#15966,.F.);
#15955 = FACE_BOUND('',#15956,.T.);
#15956 = EDGE_LOOP('',(#15957,#15958,#15964,#15965));
#15957 = ORIENTED_EDGE('',*,*,#12335,.T.);
#15958 = ORIENTED_EDGE('',*,*,#15959,.T.);
#15959 = EDGE_CURVE('',#12336,#13958,#15960,.T.);
#15960 = LINE('',#15961,#15962);
#15961 = CARTESIAN_POINT('',(247.225,-36.85,-4.6E-02));
#15962 = VECTOR('',#15963,1.);
#15963 = DIRECTION('',(0.,0.,1.));
#15964 = ORIENTED_EDGE('',*,*,#13957,.F.);
#15965 = ORIENTED_EDGE('',*,*,#15959,.F.);
#15966 = CYLINDRICAL_SURFACE('',#15967,0.65);
#15967 = AXIS2_PLACEMENT_3D('',#15968,#15969,#15970);
#15968 = CARTESIAN_POINT('',(247.225,-36.2,-4.6E-02));
#15969 = DIRECTION('',(-0.,-0.,-1.));
#15970 = DIRECTION('',(-0.,-1.,0.));
#15971 = ADVANCED_FACE('',(#15972),#15983,.F.);
#15972 = FACE_BOUND('',#15973,.T.);
#15973 = EDGE_LOOP('',(#15974,#15975,#15981,#15982));
#15974 = ORIENTED_EDGE('',*,*,#12346,.T.);
#15975 = ORIENTED_EDGE('',*,*,#15976,.T.);
#15976 = EDGE_CURVE('',#12347,#13969,#15977,.T.);
#15977 = LINE('',#15978,#15979);
#15978 = CARTESIAN_POINT('',(168.525,-30.3,-4.6E-02));
#15979 = VECTOR('',#15980,1.);
#15980 = DIRECTION('',(0.,0.,1.));
#15981 = ORIENTED_EDGE('',*,*,#13968,.F.);
#15982 = ORIENTED_EDGE('',*,*,#15976,.F.);
#15983 = CYLINDRICAL_SURFACE('',#15984,1.);
#15984 = AXIS2_PLACEMENT_3D('',#15985,#15986,#15987);
#15985 = CARTESIAN_POINT('',(168.525,-29.3,-4.6E-02));
#15986 = DIRECTION('',(-0.,-0.,-1.));
#15987 = DIRECTION('',(-0.,-1.,0.));
#15988 = ADVANCED_FACE('',(#15989),#16000,.F.);
#15989 = FACE_BOUND('',#15990,.T.);
#15990 = EDGE_LOOP('',(#15991,#15992,#15998,#15999));
#15991 = ORIENTED_EDGE('',*,*,#12357,.T.);
#15992 = ORIENTED_EDGE('',*,*,#15993,.T.);
#15993 = EDGE_CURVE('',#12358,#13980,#15994,.T.);
#15994 = LINE('',#15995,#15996);
#15995 = CARTESIAN_POINT('',(133.325,-26.925,-4.6E-02));
#15996 = VECTOR('',#15997,1.);
#15997 = DIRECTION('',(0.,0.,1.));
#15998 = ORIENTED_EDGE('',*,*,#13979,.F.);
#15999 = ORIENTED_EDGE('',*,*,#15993,.F.);
#16000 = CYLINDRICAL_SURFACE('',#16001,0.925);
#16001 = AXIS2_PLACEMENT_3D('',#16002,#16003,#16004);
#16002 = CARTESIAN_POINT('',(133.325,-26.,-4.6E-02));
#16003 = DIRECTION('',(-0.,-0.,-1.));
#16004 = DIRECTION('',(-0.,-1.,0.));
#16005 = ADVANCED_FACE('',(#16006),#16017,.F.);
#16006 = FACE_BOUND('',#16007,.T.);
#16007 = EDGE_LOOP('',(#16008,#16009,#16015,#16016));
#16008 = ORIENTED_EDGE('',*,*,#12368,.T.);
#16009 = ORIENTED_EDGE('',*,*,#16010,.T.);
#16010 = EDGE_CURVE('',#12369,#13991,#16011,.T.);
#16011 = LINE('',#16012,#16013);
#16012 = CARTESIAN_POINT('',(137.325,-26.925,-4.6E-02));
#16013 = VECTOR('',#16014,1.);
#16014 = DIRECTION('',(0.,0.,1.));
#16015 = ORIENTED_EDGE('',*,*,#13990,.F.);
#16016 = ORIENTED_EDGE('',*,*,#16010,.F.);
#16017 = CYLINDRICAL_SURFACE('',#16018,0.925);
#16018 = AXIS2_PLACEMENT_3D('',#16019,#16020,#16021);
#16019 = CARTESIAN_POINT('',(137.325,-26.,-4.6E-02));
#16020 = DIRECTION('',(-0.,-0.,-1.));
#16021 = DIRECTION('',(-0.,-1.,0.));
#16022 = ADVANCED_FACE('',(#16023),#16034,.F.);
#16023 = FACE_BOUND('',#16024,.T.);
#16024 = EDGE_LOOP('',(#16025,#16026,#16032,#16033));
#16025 = ORIENTED_EDGE('',*,*,#12379,.T.);
#16026 = ORIENTED_EDGE('',*,*,#16027,.T.);
#16027 = EDGE_CURVE('',#12380,#14002,#16028,.T.);
#16028 = LINE('',#16029,#16030);
#16029 = CARTESIAN_POINT('',(141.325,-26.925,-4.6E-02));
#16030 = VECTOR('',#16031,1.);
#16031 = DIRECTION('',(0.,0.,1.));
#16032 = ORIENTED_EDGE('',*,*,#14001,.F.);
#16033 = ORIENTED_EDGE('',*,*,#16027,.F.);
#16034 = CYLINDRICAL_SURFACE('',#16035,0.925);
#16035 = AXIS2_PLACEMENT_3D('',#16036,#16037,#16038);
#16036 = CARTESIAN_POINT('',(141.325,-26.,-4.6E-02));
#16037 = DIRECTION('',(-0.,-0.,-1.));
#16038 = DIRECTION('',(-0.,-1.,0.));
#16039 = ADVANCED_FACE('',(#16040),#16051,.F.);
#16040 = FACE_BOUND('',#16041,.T.);
#16041 = EDGE_LOOP('',(#16042,#16043,#16049,#16050));
#16042 = ORIENTED_EDGE('',*,*,#12390,.T.);
#16043 = ORIENTED_EDGE('',*,*,#16044,.T.);
#16044 = EDGE_CURVE('',#12391,#14013,#16045,.T.);
#16045 = LINE('',#16046,#16047);
#16046 = CARTESIAN_POINT('',(145.325,-26.925,-4.6E-02));
#16047 = VECTOR('',#16048,1.);
#16048 = DIRECTION('',(0.,0.,1.));
#16049 = ORIENTED_EDGE('',*,*,#14012,.F.);
#16050 = ORIENTED_EDGE('',*,*,#16044,.F.);
#16051 = CYLINDRICAL_SURFACE('',#16052,0.925);
#16052 = AXIS2_PLACEMENT_3D('',#16053,#16054,#16055);
#16053 = CARTESIAN_POINT('',(145.325,-26.,-4.6E-02));
#16054 = DIRECTION('',(-0.,-0.,-1.));
#16055 = DIRECTION('',(-0.,-1.,0.));
#16056 = ADVANCED_FACE('',(#16057),#16068,.F.);
#16057 = FACE_BOUND('',#16058,.T.);
#16058 = EDGE_LOOP('',(#16059,#16060,#16066,#16067));
#16059 = ORIENTED_EDGE('',*,*,#12401,.T.);
#16060 = ORIENTED_EDGE('',*,*,#16061,.T.);
#16061 = EDGE_CURVE('',#12402,#14024,#16062,.T.);
#16062 = LINE('',#16063,#16064);
#16063 = CARTESIAN_POINT('',(149.325,-26.925,-4.6E-02));
#16064 = VECTOR('',#16065,1.);
#16065 = DIRECTION('',(0.,0.,1.));
#16066 = ORIENTED_EDGE('',*,*,#14023,.F.);
#16067 = ORIENTED_EDGE('',*,*,#16061,.F.);
#16068 = CYLINDRICAL_SURFACE('',#16069,0.925);
#16069 = AXIS2_PLACEMENT_3D('',#16070,#16071,#16072);
#16070 = CARTESIAN_POINT('',(149.325,-26.,-4.6E-02));
#16071 = DIRECTION('',(-0.,-0.,-1.));
#16072 = DIRECTION('',(-0.,-1.,0.));
#16073 = ADVANCED_FACE('',(#16074),#16085,.F.);
#16074 = FACE_BOUND('',#16075,.T.);
#16075 = EDGE_LOOP('',(#16076,#16077,#16083,#16084));
#16076 = ORIENTED_EDGE('',*,*,#12412,.T.);
#16077 = ORIENTED_EDGE('',*,*,#16078,.T.);
#16078 = EDGE_CURVE('',#12413,#14035,#16079,.T.);
#16079 = LINE('',#16080,#16081);
#16080 = CARTESIAN_POINT('',(153.325,-26.925,-4.6E-02));
#16081 = VECTOR('',#16082,1.);
#16082 = DIRECTION('',(0.,0.,1.));
#16083 = ORIENTED_EDGE('',*,*,#14034,.F.);
#16084 = ORIENTED_EDGE('',*,*,#16078,.F.);
#16085 = CYLINDRICAL_SURFACE('',#16086,0.925);
#16086 = AXIS2_PLACEMENT_3D('',#16087,#16088,#16089);
#16087 = CARTESIAN_POINT('',(153.325,-26.,-4.6E-02));
#16088 = DIRECTION('',(-0.,-0.,-1.));
#16089 = DIRECTION('',(-0.,-1.,0.));
#16090 = ADVANCED_FACE('',(#16091),#16102,.F.);
#16091 = FACE_BOUND('',#16092,.T.);
#16092 = EDGE_LOOP('',(#16093,#16094,#16100,#16101));
#16093 = ORIENTED_EDGE('',*,*,#12423,.T.);
#16094 = ORIENTED_EDGE('',*,*,#16095,.T.);
#16095 = EDGE_CURVE('',#12424,#14046,#16096,.T.);
#16096 = LINE('',#16097,#16098);
#16097 = CARTESIAN_POINT('',(157.325,-26.925,-4.6E-02));
#16098 = VECTOR('',#16099,1.);
#16099 = DIRECTION('',(0.,0.,1.));
#16100 = ORIENTED_EDGE('',*,*,#14045,.F.);
#16101 = ORIENTED_EDGE('',*,*,#16095,.F.);
#16102 = CYLINDRICAL_SURFACE('',#16103,0.925);
#16103 = AXIS2_PLACEMENT_3D('',#16104,#16105,#16106);
#16104 = CARTESIAN_POINT('',(157.325,-26.,-4.6E-02));
#16105 = DIRECTION('',(-0.,-0.,-1.));
#16106 = DIRECTION('',(-0.,-1.,0.));
#16107 = ADVANCED_FACE('',(#16108),#16119,.F.);
#16108 = FACE_BOUND('',#16109,.T.);
#16109 = EDGE_LOOP('',(#16110,#16111,#16117,#16118));
#16110 = ORIENTED_EDGE('',*,*,#12434,.T.);
#16111 = ORIENTED_EDGE('',*,*,#16112,.T.);
#16112 = EDGE_CURVE('',#12435,#14057,#16113,.T.);
#16113 = LINE('',#16114,#16115);
#16114 = CARTESIAN_POINT('',(182.75,-28.305,-4.6E-02));
#16115 = VECTOR('',#16116,1.);
#16116 = DIRECTION('',(0.,0.,1.));
#16117 = ORIENTED_EDGE('',*,*,#14056,.F.);
#16118 = ORIENTED_EDGE('',*,*,#16112,.F.);
#16119 = CYLINDRICAL_SURFACE('',#16120,0.475);
#16120 = AXIS2_PLACEMENT_3D('',#16121,#16122,#16123);
#16121 = CARTESIAN_POINT('',(182.75,-27.83,-4.6E-02));
#16122 = DIRECTION('',(-0.,-0.,-1.));
#16123 = DIRECTION('',(-0.,-1.,0.));
#16124 = ADVANCED_FACE('',(#16125),#16136,.F.);
#16125 = FACE_BOUND('',#16126,.T.);
#16126 = EDGE_LOOP('',(#16127,#16128,#16134,#16135));
#16127 = ORIENTED_EDGE('',*,*,#12445,.T.);
#16128 = ORIENTED_EDGE('',*,*,#16129,.T.);
#16129 = EDGE_CURVE('',#12446,#14068,#16130,.T.);
#16130 = LINE('',#16131,#16132);
#16131 = CARTESIAN_POINT('',(185.25,-28.305,-4.6E-02));
#16132 = VECTOR('',#16133,1.);
#16133 = DIRECTION('',(0.,0.,1.));
#16134 = ORIENTED_EDGE('',*,*,#14067,.F.);
#16135 = ORIENTED_EDGE('',*,*,#16129,.F.);
#16136 = CYLINDRICAL_SURFACE('',#16137,0.475);
#16137 = AXIS2_PLACEMENT_3D('',#16138,#16139,#16140);
#16138 = CARTESIAN_POINT('',(185.25,-27.83,-4.6E-02));
#16139 = DIRECTION('',(-0.,-0.,-1.));
#16140 = DIRECTION('',(-0.,-1.,0.));
#16141 = ADVANCED_FACE('',(#16142),#16153,.F.);
#16142 = FACE_BOUND('',#16143,.T.);
#16143 = EDGE_LOOP('',(#16144,#16145,#16151,#16152));
#16144 = ORIENTED_EDGE('',*,*,#12456,.T.);
#16145 = ORIENTED_EDGE('',*,*,#16146,.T.);
#16146 = EDGE_CURVE('',#12457,#14079,#16147,.T.);
#16147 = LINE('',#16148,#16149);
#16148 = CARTESIAN_POINT('',(177.98,-26.48,-4.6E-02));
#16149 = VECTOR('',#16150,1.);
#16150 = DIRECTION('',(0.,0.,1.));
#16151 = ORIENTED_EDGE('',*,*,#14078,.F.);
#16152 = ORIENTED_EDGE('',*,*,#16146,.F.);
#16153 = CYLINDRICAL_SURFACE('',#16154,1.15);
#16154 = AXIS2_PLACEMENT_3D('',#16155,#16156,#16157);
#16155 = CARTESIAN_POINT('',(177.98,-25.33,-4.6E-02));
#16156 = DIRECTION('',(-0.,-0.,-1.));
#16157 = DIRECTION('',(-2.471452993948E-14,-1.,0.));
#16158 = ADVANCED_FACE('',(#16159),#16170,.F.);
#16159 = FACE_BOUND('',#16160,.T.);
#16160 = EDGE_LOOP('',(#16161,#16162,#16168,#16169));
#16161 = ORIENTED_EDGE('',*,*,#12467,.T.);
#16162 = ORIENTED_EDGE('',*,*,#16163,.T.);
#16163 = EDGE_CURVE('',#12468,#14090,#16164,.T.);
#16164 = LINE('',#16165,#16166);
#16165 = CARTESIAN_POINT('',(182.75,-25.105,-4.6E-02));
#16166 = VECTOR('',#16167,1.);
#16167 = DIRECTION('',(0.,0.,1.));
#16168 = ORIENTED_EDGE('',*,*,#14089,.F.);
#16169 = ORIENTED_EDGE('',*,*,#16163,.F.);
#16170 = CYLINDRICAL_SURFACE('',#16171,0.475);
#16171 = AXIS2_PLACEMENT_3D('',#16172,#16173,#16174);
#16172 = CARTESIAN_POINT('',(182.75,-24.63,-4.6E-02));
#16173 = DIRECTION('',(-0.,-0.,-1.));
#16174 = DIRECTION('',(-0.,-1.,0.));
#16175 = ADVANCED_FACE('',(#16176),#16187,.F.);
#16176 = FACE_BOUND('',#16177,.T.);
#16177 = EDGE_LOOP('',(#16178,#16179,#16185,#16186));
#16178 = ORIENTED_EDGE('',*,*,#12478,.T.);
#16179 = ORIENTED_EDGE('',*,*,#16180,.T.);
#16180 = EDGE_CURVE('',#12479,#14101,#16181,.T.);
#16181 = LINE('',#16182,#16183);
#16182 = CARTESIAN_POINT('',(185.25,-25.105,-4.6E-02));
#16183 = VECTOR('',#16184,1.);
#16184 = DIRECTION('',(0.,0.,1.));
#16185 = ORIENTED_EDGE('',*,*,#14100,.F.);
#16186 = ORIENTED_EDGE('',*,*,#16180,.F.);
#16187 = CYLINDRICAL_SURFACE('',#16188,0.475);
#16188 = AXIS2_PLACEMENT_3D('',#16189,#16190,#16191);
#16189 = CARTESIAN_POINT('',(185.25,-24.63,-4.6E-02));
#16190 = DIRECTION('',(-0.,-0.,-1.));
#16191 = DIRECTION('',(-0.,-1.,0.));
#16192 = ADVANCED_FACE('',(#16193),#16204,.F.);
#16193 = FACE_BOUND('',#16194,.T.);
#16194 = EDGE_LOOP('',(#16195,#16196,#16202,#16203));
#16195 = ORIENTED_EDGE('',*,*,#12489,.T.);
#16196 = ORIENTED_EDGE('',*,*,#16197,.T.);
#16197 = EDGE_CURVE('',#12490,#14112,#16198,.T.);
#16198 = LINE('',#16199,#16200);
#16199 = CARTESIAN_POINT('',(190.02,-26.48,-4.6E-02));
#16200 = VECTOR('',#16201,1.);
#16201 = DIRECTION('',(0.,0.,1.));
#16202 = ORIENTED_EDGE('',*,*,#14111,.F.);
#16203 = ORIENTED_EDGE('',*,*,#16197,.F.);
#16204 = CYLINDRICAL_SURFACE('',#16205,1.15);
#16205 = AXIS2_PLACEMENT_3D('',#16206,#16207,#16208);
#16206 = CARTESIAN_POINT('',(190.02,-25.33,-4.6E-02));
#16207 = DIRECTION('',(-0.,0.,-1.));
#16208 = DIRECTION('',(2.471452993948E-14,-1.,-0.));
#16209 = ADVANCED_FACE('',(#16210),#16221,.F.);
#16210 = FACE_BOUND('',#16211,.T.);
#16211 = EDGE_LOOP('',(#16212,#16213,#16219,#16220));
#16212 = ORIENTED_EDGE('',*,*,#12500,.T.);
#16213 = ORIENTED_EDGE('',*,*,#16214,.T.);
#16214 = EDGE_CURVE('',#12501,#14123,#16215,.T.);
#16215 = LINE('',#16216,#16217);
#16216 = CARTESIAN_POINT('',(213.025,-30.85,-4.6E-02));
#16217 = VECTOR('',#16218,1.);
#16218 = DIRECTION('',(0.,0.,1.));
#16219 = ORIENTED_EDGE('',*,*,#14122,.F.);
#16220 = ORIENTED_EDGE('',*,*,#16214,.F.);
#16221 = CYLINDRICAL_SURFACE('',#16222,0.65);
#16222 = AXIS2_PLACEMENT_3D('',#16223,#16224,#16225);
#16223 = CARTESIAN_POINT('',(213.025,-30.2,-4.6E-02));
#16224 = DIRECTION('',(-0.,-0.,-1.));
#16225 = DIRECTION('',(-0.,-1.,0.));
#16226 = ADVANCED_FACE('',(#16227),#16238,.F.);
#16227 = FACE_BOUND('',#16228,.T.);
#16228 = EDGE_LOOP('',(#16229,#16230,#16236,#16237));
#16229 = ORIENTED_EDGE('',*,*,#12511,.T.);
#16230 = ORIENTED_EDGE('',*,*,#16231,.T.);
#16231 = EDGE_CURVE('',#12512,#14134,#16232,.T.);
#16232 = LINE('',#16233,#16234);
#16233 = CARTESIAN_POINT('',(225.225,-30.7,-4.6E-02));
#16234 = VECTOR('',#16235,1.);
#16235 = DIRECTION('',(0.,0.,1.));
#16236 = ORIENTED_EDGE('',*,*,#14133,.F.);
#16237 = ORIENTED_EDGE('',*,*,#16231,.F.);
#16238 = CYLINDRICAL_SURFACE('',#16239,0.5);
#16239 = AXIS2_PLACEMENT_3D('',#16240,#16241,#16242);
#16240 = CARTESIAN_POINT('',(225.225,-30.2,-4.6E-02));
#16241 = DIRECTION('',(-0.,-0.,-1.));
#16242 = DIRECTION('',(-0.,-1.,0.));
#16243 = ADVANCED_FACE('',(#16244),#16255,.F.);
#16244 = FACE_BOUND('',#16245,.T.);
#16245 = EDGE_LOOP('',(#16246,#16247,#16253,#16254));
#16246 = ORIENTED_EDGE('',*,*,#12522,.T.);
#16247 = ORIENTED_EDGE('',*,*,#16248,.T.);
#16248 = EDGE_CURVE('',#12523,#14145,#16249,.T.);
#16249 = LINE('',#16250,#16251);
#16250 = CARTESIAN_POINT('',(254.725,-31.89,-4.6E-02));
#16251 = VECTOR('',#16252,1.);
#16252 = DIRECTION('',(0.,0.,1.));
#16253 = ORIENTED_EDGE('',*,*,#14144,.F.);
#16254 = ORIENTED_EDGE('',*,*,#16248,.F.);
#16255 = CYLINDRICAL_SURFACE('',#16256,0.5);
#16256 = AXIS2_PLACEMENT_3D('',#16257,#16258,#16259);
#16257 = CARTESIAN_POINT('',(254.725,-31.39,-4.6E-02));
#16258 = DIRECTION('',(-0.,-0.,-1.));
#16259 = DIRECTION('',(-0.,-1.,0.));
#16260 = ADVANCED_FACE('',(#16261),#16272,.F.);
#16261 = FACE_BOUND('',#16262,.T.);
#16262 = EDGE_LOOP('',(#16263,#16264,#16270,#16271));
#16263 = ORIENTED_EDGE('',*,*,#12533,.T.);
#16264 = ORIENTED_EDGE('',*,*,#16265,.T.);
#16265 = EDGE_CURVE('',#12534,#14156,#16266,.T.);
#16266 = LINE('',#16267,#16268);
#16267 = CARTESIAN_POINT('',(257.265,-31.89,-4.6E-02));
#16268 = VECTOR('',#16269,1.);
#16269 = DIRECTION('',(0.,0.,1.));
#16270 = ORIENTED_EDGE('',*,*,#14155,.F.);
#16271 = ORIENTED_EDGE('',*,*,#16265,.F.);
#16272 = CYLINDRICAL_SURFACE('',#16273,0.5);
#16273 = AXIS2_PLACEMENT_3D('',#16274,#16275,#16276);
#16274 = CARTESIAN_POINT('',(257.265,-31.39,-4.6E-02));
#16275 = DIRECTION('',(-0.,-0.,-1.));
#16276 = DIRECTION('',(-0.,-1.,0.));
#16277 = ADVANCED_FACE('',(#16278),#16289,.F.);
#16278 = FACE_BOUND('',#16279,.T.);
#16279 = EDGE_LOOP('',(#16280,#16281,#16287,#16288));
#16280 = ORIENTED_EDGE('',*,*,#12544,.T.);
#16281 = ORIENTED_EDGE('',*,*,#16282,.T.);
#16282 = EDGE_CURVE('',#12545,#14167,#16283,.T.);
#16283 = LINE('',#16284,#16285);
#16284 = CARTESIAN_POINT('',(233.025,-30.85,-4.6E-02));
#16285 = VECTOR('',#16286,1.);
#16286 = DIRECTION('',(0.,0.,1.));
#16287 = ORIENTED_EDGE('',*,*,#14166,.F.);
#16288 = ORIENTED_EDGE('',*,*,#16282,.F.);
#16289 = CYLINDRICAL_SURFACE('',#16290,0.65);
#16290 = AXIS2_PLACEMENT_3D('',#16291,#16292,#16293);
#16291 = CARTESIAN_POINT('',(233.025,-30.2,-4.6E-02));
#16292 = DIRECTION('',(-0.,-0.,-1.));
#16293 = DIRECTION('',(-0.,-1.,0.));
#16294 = ADVANCED_FACE('',(#16295),#16306,.F.);
#16295 = FACE_BOUND('',#16296,.T.);
#16296 = EDGE_LOOP('',(#16297,#16298,#16304,#16305));
#16297 = ORIENTED_EDGE('',*,*,#12555,.T.);
#16298 = ORIENTED_EDGE('',*,*,#16299,.T.);
#16299 = EDGE_CURVE('',#12556,#14178,#16300,.T.);
#16300 = LINE('',#16301,#16302);
#16301 = CARTESIAN_POINT('',(245.225,-30.7,-4.6E-02));
#16302 = VECTOR('',#16303,1.);
#16303 = DIRECTION('',(0.,0.,1.));
#16304 = ORIENTED_EDGE('',*,*,#14177,.F.);
#16305 = ORIENTED_EDGE('',*,*,#16299,.F.);
#16306 = CYLINDRICAL_SURFACE('',#16307,0.5);
#16307 = AXIS2_PLACEMENT_3D('',#16308,#16309,#16310);
#16308 = CARTESIAN_POINT('',(245.225,-30.2,-4.6E-02));
#16309 = DIRECTION('',(-0.,-0.,-1.));
#16310 = DIRECTION('',(-0.,-1.,0.));
#16311 = ADVANCED_FACE('',(#16312),#16323,.F.);
#16312 = FACE_BOUND('',#16313,.T.);
#16313 = EDGE_LOOP('',(#16314,#16315,#16321,#16322));
#16314 = ORIENTED_EDGE('',*,*,#12566,.T.);
#16315 = ORIENTED_EDGE('',*,*,#16316,.T.);
#16316 = EDGE_CURVE('',#12567,#14189,#16317,.T.);
#16317 = LINE('',#16318,#16319);
#16318 = CARTESIAN_POINT('',(254.725,-29.35,-4.6E-02));
#16319 = VECTOR('',#16320,1.);
#16320 = DIRECTION('',(0.,0.,1.));
#16321 = ORIENTED_EDGE('',*,*,#14188,.F.);
#16322 = ORIENTED_EDGE('',*,*,#16316,.F.);
#16323 = CYLINDRICAL_SURFACE('',#16324,0.5);
#16324 = AXIS2_PLACEMENT_3D('',#16325,#16326,#16327);
#16325 = CARTESIAN_POINT('',(254.725,-28.85,-4.6E-02));
#16326 = DIRECTION('',(-0.,-0.,-1.));
#16327 = DIRECTION('',(-0.,-1.,0.));
#16328 = ADVANCED_FACE('',(#16329),#16340,.F.);
#16329 = FACE_BOUND('',#16330,.T.);
#16330 = EDGE_LOOP('',(#16331,#16332,#16338,#16339));
#16331 = ORIENTED_EDGE('',*,*,#12577,.T.);
#16332 = ORIENTED_EDGE('',*,*,#16333,.T.);
#16333 = EDGE_CURVE('',#12578,#14200,#16334,.T.);
#16334 = LINE('',#16335,#16336);
#16335 = CARTESIAN_POINT('',(257.265,-29.35,-4.6E-02));
#16336 = VECTOR('',#16337,1.);
#16337 = DIRECTION('',(0.,0.,1.));
#16338 = ORIENTED_EDGE('',*,*,#14199,.F.);
#16339 = ORIENTED_EDGE('',*,*,#16333,.F.);
#16340 = CYLINDRICAL_SURFACE('',#16341,0.5);
#16341 = AXIS2_PLACEMENT_3D('',#16342,#16343,#16344);
#16342 = CARTESIAN_POINT('',(257.265,-28.85,-4.6E-02));
#16343 = DIRECTION('',(-0.,-0.,-1.));
#16344 = DIRECTION('',(-0.,-1.,0.));
#16345 = ADVANCED_FACE('',(#16346),#16357,.F.);
#16346 = FACE_BOUND('',#16347,.T.);
#16347 = EDGE_LOOP('',(#16348,#16349,#16355,#16356));
#16348 = ORIENTED_EDGE('',*,*,#12588,.T.);
#16349 = ORIENTED_EDGE('',*,*,#16350,.T.);
#16350 = EDGE_CURVE('',#12589,#14211,#16351,.T.);
#16351 = LINE('',#16352,#16353);
#16352 = CARTESIAN_POINT('',(254.725,-26.81,-4.6E-02));
#16353 = VECTOR('',#16354,1.);
#16354 = DIRECTION('',(0.,0.,1.));
#16355 = ORIENTED_EDGE('',*,*,#14210,.F.);
#16356 = ORIENTED_EDGE('',*,*,#16350,.F.);
#16357 = CYLINDRICAL_SURFACE('',#16358,0.5);
#16358 = AXIS2_PLACEMENT_3D('',#16359,#16360,#16361);
#16359 = CARTESIAN_POINT('',(254.725,-26.31,-4.6E-02));
#16360 = DIRECTION('',(-0.,-0.,-1.));
#16361 = DIRECTION('',(-0.,-1.,0.));
#16362 = ADVANCED_FACE('',(#16363),#16374,.F.);
#16363 = FACE_BOUND('',#16364,.T.);
#16364 = EDGE_LOOP('',(#16365,#16366,#16372,#16373));
#16365 = ORIENTED_EDGE('',*,*,#12599,.T.);
#16366 = ORIENTED_EDGE('',*,*,#16367,.T.);
#16367 = EDGE_CURVE('',#12600,#14222,#16368,.T.);
#16368 = LINE('',#16369,#16370);
#16369 = CARTESIAN_POINT('',(257.265,-26.81,-4.6E-02));
#16370 = VECTOR('',#16371,1.);
#16371 = DIRECTION('',(0.,0.,1.));
#16372 = ORIENTED_EDGE('',*,*,#14221,.F.);
#16373 = ORIENTED_EDGE('',*,*,#16367,.F.);
#16374 = CYLINDRICAL_SURFACE('',#16375,0.5);
#16375 = AXIS2_PLACEMENT_3D('',#16376,#16377,#16378);
#16376 = CARTESIAN_POINT('',(257.265,-26.31,-4.6E-02));
#16377 = DIRECTION('',(-0.,-0.,-1.));
#16378 = DIRECTION('',(-0.,-1.,0.));
#16379 = ADVANCED_FACE('',(#16380),#16391,.F.);
#16380 = FACE_BOUND('',#16381,.T.);
#16381 = EDGE_LOOP('',(#16382,#16383,#16389,#16390));
#16382 = ORIENTED_EDGE('',*,*,#12610,.T.);
#16383 = ORIENTED_EDGE('',*,*,#16384,.T.);
#16384 = EDGE_CURVE('',#12611,#14233,#16385,.T.);
#16385 = LINE('',#16386,#16387);
#16386 = CARTESIAN_POINT('',(245.315902,-24.77,-4.6E-02));
#16387 = VECTOR('',#16388,1.);
#16388 = DIRECTION('',(0.,0.,1.));
#16389 = ORIENTED_EDGE('',*,*,#14232,.F.);
#16390 = ORIENTED_EDGE('',*,*,#16384,.F.);
#16391 = CYLINDRICAL_SURFACE('',#16392,0.65);
#16392 = AXIS2_PLACEMENT_3D('',#16393,#16394,#16395);
#16393 = CARTESIAN_POINT('',(245.315902,-24.12,-4.6E-02));
#16394 = DIRECTION('',(-0.,-0.,-1.));
#16395 = DIRECTION('',(-0.,-1.,0.));
#16396 = ADVANCED_FACE('',(#16397),#16408,.F.);
#16397 = FACE_BOUND('',#16398,.T.);
#16398 = EDGE_LOOP('',(#16399,#16400,#16406,#16407));
#16399 = ORIENTED_EDGE('',*,*,#12621,.T.);
#16400 = ORIENTED_EDGE('',*,*,#16401,.T.);
#16401 = EDGE_CURVE('',#12622,#14244,#16402,.T.);
#16402 = LINE('',#16403,#16404);
#16403 = CARTESIAN_POINT('',(254.725,-24.27,-4.6E-02));
#16404 = VECTOR('',#16405,1.);
#16405 = DIRECTION('',(0.,0.,1.));
#16406 = ORIENTED_EDGE('',*,*,#14243,.F.);
#16407 = ORIENTED_EDGE('',*,*,#16401,.F.);
#16408 = CYLINDRICAL_SURFACE('',#16409,0.5);
#16409 = AXIS2_PLACEMENT_3D('',#16410,#16411,#16412);
#16410 = CARTESIAN_POINT('',(254.725,-23.77,-4.6E-02));
#16411 = DIRECTION('',(-0.,-0.,-1.));
#16412 = DIRECTION('',(-0.,-1.,0.));
#16413 = ADVANCED_FACE('',(#16414),#16425,.F.);
#16414 = FACE_BOUND('',#16415,.T.);
#16415 = EDGE_LOOP('',(#16416,#16417,#16423,#16424));
#16416 = ORIENTED_EDGE('',*,*,#12632,.T.);
#16417 = ORIENTED_EDGE('',*,*,#16418,.T.);
#16418 = EDGE_CURVE('',#12633,#14255,#16419,.T.);
#16419 = LINE('',#16420,#16421);
#16420 = CARTESIAN_POINT('',(257.265,-24.27,-4.6E-02));
#16421 = VECTOR('',#16422,1.);
#16422 = DIRECTION('',(0.,0.,1.));
#16423 = ORIENTED_EDGE('',*,*,#14254,.F.);
#16424 = ORIENTED_EDGE('',*,*,#16418,.F.);
#16425 = CYLINDRICAL_SURFACE('',#16426,0.5);
#16426 = AXIS2_PLACEMENT_3D('',#16427,#16428,#16429);
#16427 = CARTESIAN_POINT('',(257.265,-23.77,-4.6E-02));
#16428 = DIRECTION('',(-0.,-0.,-1.));
#16429 = DIRECTION('',(-0.,-1.,0.));
#16430 = ADVANCED_FACE('',(#16431),#16442,.F.);
#16431 = FACE_BOUND('',#16432,.T.);
#16432 = EDGE_LOOP('',(#16433,#16434,#16440,#16441));
#16433 = ORIENTED_EDGE('',*,*,#12643,.T.);
#16434 = ORIENTED_EDGE('',*,*,#16435,.T.);
#16435 = EDGE_CURVE('',#12644,#14266,#16436,.T.);
#16436 = LINE('',#16437,#16438);
#16437 = CARTESIAN_POINT('',(81.295,-23.413999,-4.6E-02));
#16438 = VECTOR('',#16439,1.);
#16439 = DIRECTION('',(0.,0.,1.));
#16440 = ORIENTED_EDGE('',*,*,#14265,.F.);
#16441 = ORIENTED_EDGE('',*,*,#16435,.F.);
#16442 = CYLINDRICAL_SURFACE('',#16443,0.5);
#16443 = AXIS2_PLACEMENT_3D('',#16444,#16445,#16446);
#16444 = CARTESIAN_POINT('',(81.295,-22.913999,-4.6E-02));
#16445 = DIRECTION('',(-0.,-0.,-1.));
#16446 = DIRECTION('',(-0.,-1.,0.));
#16447 = ADVANCED_FACE('',(#16448),#16459,.F.);
#16448 = FACE_BOUND('',#16449,.T.);
#16449 = EDGE_LOOP('',(#16450,#16451,#16457,#16458));
#16450 = ORIENTED_EDGE('',*,*,#12654,.T.);
#16451 = ORIENTED_EDGE('',*,*,#16452,.T.);
#16452 = EDGE_CURVE('',#12655,#14277,#16453,.T.);
#16453 = LINE('',#16454,#16455);
#16454 = CARTESIAN_POINT('',(83.835,-23.413999,-4.6E-02));
#16455 = VECTOR('',#16456,1.);
#16456 = DIRECTION('',(0.,0.,1.));
#16457 = ORIENTED_EDGE('',*,*,#14276,.F.);
#16458 = ORIENTED_EDGE('',*,*,#16452,.F.);
#16459 = CYLINDRICAL_SURFACE('',#16460,0.5);
#16460 = AXIS2_PLACEMENT_3D('',#16461,#16462,#16463);
#16461 = CARTESIAN_POINT('',(83.835,-22.913999,-4.6E-02));
#16462 = DIRECTION('',(-0.,-0.,-1.));
#16463 = DIRECTION('',(-0.,-1.,0.));
#16464 = ADVANCED_FACE('',(#16465),#16476,.F.);
#16465 = FACE_BOUND('',#16466,.T.);
#16466 = EDGE_LOOP('',(#16467,#16468,#16474,#16475));
#16467 = ORIENTED_EDGE('',*,*,#12665,.T.);
#16468 = ORIENTED_EDGE('',*,*,#16469,.T.);
#16469 = EDGE_CURVE('',#12666,#14288,#16470,.T.);
#16470 = LINE('',#16471,#16472);
#16471 = CARTESIAN_POINT('',(86.375,-23.413999,-4.6E-02));
#16472 = VECTOR('',#16473,1.);
#16473 = DIRECTION('',(0.,0.,1.));
#16474 = ORIENTED_EDGE('',*,*,#14287,.F.);
#16475 = ORIENTED_EDGE('',*,*,#16469,.F.);
#16476 = CYLINDRICAL_SURFACE('',#16477,0.5);
#16477 = AXIS2_PLACEMENT_3D('',#16478,#16479,#16480);
#16478 = CARTESIAN_POINT('',(86.375,-22.913999,-4.6E-02));
#16479 = DIRECTION('',(-0.,-0.,-1.));
#16480 = DIRECTION('',(-0.,-1.,0.));
#16481 = ADVANCED_FACE('',(#16482),#16493,.F.);
#16482 = FACE_BOUND('',#16483,.T.);
#16483 = EDGE_LOOP('',(#16484,#16485,#16491,#16492));
#16484 = ORIENTED_EDGE('',*,*,#12676,.T.);
#16485 = ORIENTED_EDGE('',*,*,#16486,.T.);
#16486 = EDGE_CURVE('',#12677,#14299,#16487,.T.);
#16487 = LINE('',#16488,#16489);
#16488 = CARTESIAN_POINT('',(88.915,-23.413999,-4.6E-02));
#16489 = VECTOR('',#16490,1.);
#16490 = DIRECTION('',(0.,0.,1.));
#16491 = ORIENTED_EDGE('',*,*,#14298,.F.);
#16492 = ORIENTED_EDGE('',*,*,#16486,.F.);
#16493 = CYLINDRICAL_SURFACE('',#16494,0.5);
#16494 = AXIS2_PLACEMENT_3D('',#16495,#16496,#16497);
#16495 = CARTESIAN_POINT('',(88.915,-22.913999,-4.6E-02));
#16496 = DIRECTION('',(-0.,-0.,-1.));
#16497 = DIRECTION('',(-0.,-1.,0.));
#16498 = ADVANCED_FACE('',(#16499),#16510,.F.);
#16499 = FACE_BOUND('',#16500,.T.);
#16500 = EDGE_LOOP('',(#16501,#16502,#16508,#16509));
#16501 = ORIENTED_EDGE('',*,*,#12687,.T.);
#16502 = ORIENTED_EDGE('',*,*,#16503,.T.);
#16503 = EDGE_CURVE('',#12688,#14310,#16504,.T.);
#16504 = LINE('',#16505,#16506);
#16505 = CARTESIAN_POINT('',(81.295,-20.873999,-4.6E-02));
#16506 = VECTOR('',#16507,1.);
#16507 = DIRECTION('',(0.,0.,1.));
#16508 = ORIENTED_EDGE('',*,*,#14309,.F.);
#16509 = ORIENTED_EDGE('',*,*,#16503,.F.);
#16510 = CYLINDRICAL_SURFACE('',#16511,0.5);
#16511 = AXIS2_PLACEMENT_3D('',#16512,#16513,#16514);
#16512 = CARTESIAN_POINT('',(81.295,-20.373999,-4.6E-02));
#16513 = DIRECTION('',(-0.,-0.,-1.));
#16514 = DIRECTION('',(-0.,-1.,0.));
#16515 = ADVANCED_FACE('',(#16516),#16527,.F.);
#16516 = FACE_BOUND('',#16517,.T.);
#16517 = EDGE_LOOP('',(#16518,#16519,#16525,#16526));
#16518 = ORIENTED_EDGE('',*,*,#12698,.T.);
#16519 = ORIENTED_EDGE('',*,*,#16520,.T.);
#16520 = EDGE_CURVE('',#12699,#14321,#16521,.T.);
#16521 = LINE('',#16522,#16523);
#16522 = CARTESIAN_POINT('',(83.835,-20.873999,-4.6E-02));
#16523 = VECTOR('',#16524,1.);
#16524 = DIRECTION('',(0.,0.,1.));
#16525 = ORIENTED_EDGE('',*,*,#14320,.F.);
#16526 = ORIENTED_EDGE('',*,*,#16520,.F.);
#16527 = CYLINDRICAL_SURFACE('',#16528,0.5);
#16528 = AXIS2_PLACEMENT_3D('',#16529,#16530,#16531);
#16529 = CARTESIAN_POINT('',(83.835,-20.373999,-4.6E-02));
#16530 = DIRECTION('',(-0.,-0.,-1.));
#16531 = DIRECTION('',(-0.,-1.,0.));
#16532 = ADVANCED_FACE('',(#16533),#16544,.F.);
#16533 = FACE_BOUND('',#16534,.T.);
#16534 = EDGE_LOOP('',(#16535,#16536,#16542,#16543));
#16535 = ORIENTED_EDGE('',*,*,#12709,.T.);
#16536 = ORIENTED_EDGE('',*,*,#16537,.T.);
#16537 = EDGE_CURVE('',#12710,#14332,#16538,.T.);
#16538 = LINE('',#16539,#16540);
#16539 = CARTESIAN_POINT('',(86.375,-20.873999,-4.6E-02));
#16540 = VECTOR('',#16541,1.);
#16541 = DIRECTION('',(0.,0.,1.));
#16542 = ORIENTED_EDGE('',*,*,#14331,.F.);
#16543 = ORIENTED_EDGE('',*,*,#16537,.F.);
#16544 = CYLINDRICAL_SURFACE('',#16545,0.5);
#16545 = AXIS2_PLACEMENT_3D('',#16546,#16547,#16548);
#16546 = CARTESIAN_POINT('',(86.375,-20.373999,-4.6E-02));
#16547 = DIRECTION('',(-0.,-0.,-1.));
#16548 = DIRECTION('',(-0.,-1.,0.));
#16549 = ADVANCED_FACE('',(#16550),#16561,.F.);
#16550 = FACE_BOUND('',#16551,.T.);
#16551 = EDGE_LOOP('',(#16552,#16553,#16559,#16560));
#16552 = ORIENTED_EDGE('',*,*,#12720,.T.);
#16553 = ORIENTED_EDGE('',*,*,#16554,.T.);
#16554 = EDGE_CURVE('',#12721,#14343,#16555,.T.);
#16555 = LINE('',#16556,#16557);
#16556 = CARTESIAN_POINT('',(88.915,-20.873999,-4.6E-02));
#16557 = VECTOR('',#16558,1.);
#16558 = DIRECTION('',(0.,0.,1.));
#16559 = ORIENTED_EDGE('',*,*,#14342,.F.);
#16560 = ORIENTED_EDGE('',*,*,#16554,.F.);
#16561 = CYLINDRICAL_SURFACE('',#16562,0.5);
#16562 = AXIS2_PLACEMENT_3D('',#16563,#16564,#16565);
#16563 = CARTESIAN_POINT('',(88.915,-20.373999,-4.6E-02));
#16564 = DIRECTION('',(-0.,-0.,-1.));
#16565 = DIRECTION('',(-0.,-1.,0.));
#16566 = ADVANCED_FACE('',(#16567),#16578,.F.);
#16567 = FACE_BOUND('',#16568,.T.);
#16568 = EDGE_LOOP('',(#16569,#16570,#16576,#16577));
#16569 = ORIENTED_EDGE('',*,*,#12731,.T.);
#16570 = ORIENTED_EDGE('',*,*,#16571,.T.);
#16571 = EDGE_CURVE('',#12732,#14354,#16572,.T.);
#16572 = LINE('',#16573,#16574);
#16573 = CARTESIAN_POINT('',(115.325,-22.925,-4.6E-02));
#16574 = VECTOR('',#16575,1.);
#16575 = DIRECTION('',(0.,0.,1.));
#16576 = ORIENTED_EDGE('',*,*,#14353,.F.);
#16577 = ORIENTED_EDGE('',*,*,#16571,.F.);
#16578 = CYLINDRICAL_SURFACE('',#16579,0.925);
#16579 = AXIS2_PLACEMENT_3D('',#16580,#16581,#16582);
#16580 = CARTESIAN_POINT('',(115.325,-22.,-4.6E-02));
#16581 = DIRECTION('',(-0.,-0.,-1.));
#16582 = DIRECTION('',(-0.,-1.,0.));
#16583 = ADVANCED_FACE('',(#16584),#16595,.F.);
#16584 = FACE_BOUND('',#16585,.T.);
#16585 = EDGE_LOOP('',(#16586,#16587,#16593,#16594));
#16586 = ORIENTED_EDGE('',*,*,#12742,.T.);
#16587 = ORIENTED_EDGE('',*,*,#16588,.T.);
#16588 = EDGE_CURVE('',#12743,#14365,#16589,.T.);
#16589 = LINE('',#16590,#16591);
#16590 = CARTESIAN_POINT('',(119.325,-22.925,-4.6E-02));
#16591 = VECTOR('',#16592,1.);
#16592 = DIRECTION('',(0.,0.,1.));
#16593 = ORIENTED_EDGE('',*,*,#14364,.F.);
#16594 = ORIENTED_EDGE('',*,*,#16588,.F.);
#16595 = CYLINDRICAL_SURFACE('',#16596,0.925);
#16596 = AXIS2_PLACEMENT_3D('',#16597,#16598,#16599);
#16597 = CARTESIAN_POINT('',(119.325,-22.,-4.6E-02));
#16598 = DIRECTION('',(-0.,-0.,-1.));
#16599 = DIRECTION('',(-0.,-1.,0.));
#16600 = ADVANCED_FACE('',(#16601),#16612,.F.);
#16601 = FACE_BOUND('',#16602,.T.);
#16602 = EDGE_LOOP('',(#16603,#16604,#16610,#16611));
#16603 = ORIENTED_EDGE('',*,*,#12753,.T.);
#16604 = ORIENTED_EDGE('',*,*,#16605,.T.);
#16605 = EDGE_CURVE('',#12754,#14376,#16606,.T.);
#16606 = LINE('',#16607,#16608);
#16607 = CARTESIAN_POINT('',(123.325,-22.925,-4.6E-02));
#16608 = VECTOR('',#16609,1.);
#16609 = DIRECTION('',(0.,0.,1.));
#16610 = ORIENTED_EDGE('',*,*,#14375,.F.);
#16611 = ORIENTED_EDGE('',*,*,#16605,.F.);
#16612 = CYLINDRICAL_SURFACE('',#16613,0.925);
#16613 = AXIS2_PLACEMENT_3D('',#16614,#16615,#16616);
#16614 = CARTESIAN_POINT('',(123.325,-22.,-4.6E-02));
#16615 = DIRECTION('',(-0.,-0.,-1.));
#16616 = DIRECTION('',(-0.,-1.,0.));
#16617 = ADVANCED_FACE('',(#16618),#16629,.F.);
#16618 = FACE_BOUND('',#16619,.T.);
#16619 = EDGE_LOOP('',(#16620,#16621,#16627,#16628));
#16620 = ORIENTED_EDGE('',*,*,#12764,.T.);
#16621 = ORIENTED_EDGE('',*,*,#16622,.T.);
#16622 = EDGE_CURVE('',#12765,#14387,#16623,.T.);
#16623 = LINE('',#16624,#16625);
#16624 = CARTESIAN_POINT('',(127.325,-22.925,-4.6E-02));
#16625 = VECTOR('',#16626,1.);
#16626 = DIRECTION('',(0.,0.,1.));
#16627 = ORIENTED_EDGE('',*,*,#14386,.F.);
#16628 = ORIENTED_EDGE('',*,*,#16622,.F.);
#16629 = CYLINDRICAL_SURFACE('',#16630,0.925);
#16630 = AXIS2_PLACEMENT_3D('',#16631,#16632,#16633);
#16631 = CARTESIAN_POINT('',(127.325,-22.,-4.6E-02));
#16632 = DIRECTION('',(-0.,-0.,-1.));
#16633 = DIRECTION('',(-0.,-1.,0.));
#16634 = ADVANCED_FACE('',(#16635),#16646,.F.);
#16635 = FACE_BOUND('',#16636,.T.);
#16636 = EDGE_LOOP('',(#16637,#16638,#16644,#16645));
#16637 = ORIENTED_EDGE('',*,*,#12775,.T.);
#16638 = ORIENTED_EDGE('',*,*,#16639,.T.);
#16639 = EDGE_CURVE('',#12776,#14398,#16640,.T.);
#16640 = LINE('',#16641,#16642);
#16641 = CARTESIAN_POINT('',(113.325,-18.925,-4.6E-02));
#16642 = VECTOR('',#16643,1.);
#16643 = DIRECTION('',(0.,0.,1.));
#16644 = ORIENTED_EDGE('',*,*,#14397,.F.);
#16645 = ORIENTED_EDGE('',*,*,#16639,.F.);
#16646 = CYLINDRICAL_SURFACE('',#16647,0.925);
#16647 = AXIS2_PLACEMENT_3D('',#16648,#16649,#16650);
#16648 = CARTESIAN_POINT('',(113.325,-18.,-4.6E-02));
#16649 = DIRECTION('',(-0.,-0.,-1.));
#16650 = DIRECTION('',(-0.,-1.,0.));
#16651 = ADVANCED_FACE('',(#16652),#16663,.F.);
#16652 = FACE_BOUND('',#16653,.T.);
#16653 = EDGE_LOOP('',(#16654,#16655,#16661,#16662));
#16654 = ORIENTED_EDGE('',*,*,#12786,.T.);
#16655 = ORIENTED_EDGE('',*,*,#16656,.T.);
#16656 = EDGE_CURVE('',#12787,#14409,#16657,.T.);
#16657 = LINE('',#16658,#16659);
#16658 = CARTESIAN_POINT('',(117.325,-18.925,-4.6E-02));
#16659 = VECTOR('',#16660,1.);
#16660 = DIRECTION('',(0.,0.,1.));
#16661 = ORIENTED_EDGE('',*,*,#14408,.F.);
#16662 = ORIENTED_EDGE('',*,*,#16656,.F.);
#16663 = CYLINDRICAL_SURFACE('',#16664,0.925);
#16664 = AXIS2_PLACEMENT_3D('',#16665,#16666,#16667);
#16665 = CARTESIAN_POINT('',(117.325,-18.,-4.6E-02));
#16666 = DIRECTION('',(-0.,-0.,-1.));
#16667 = DIRECTION('',(-0.,-1.,0.));
#16668 = ADVANCED_FACE('',(#16669),#16680,.F.);
#16669 = FACE_BOUND('',#16670,.T.);
#16670 = EDGE_LOOP('',(#16671,#16672,#16678,#16679));
#16671 = ORIENTED_EDGE('',*,*,#12797,.T.);
#16672 = ORIENTED_EDGE('',*,*,#16673,.T.);
#16673 = EDGE_CURVE('',#12798,#14420,#16674,.T.);
#16674 = LINE('',#16675,#16676);
#16675 = CARTESIAN_POINT('',(121.325,-18.925,-4.6E-02));
#16676 = VECTOR('',#16677,1.);
#16677 = DIRECTION('',(0.,0.,1.));
#16678 = ORIENTED_EDGE('',*,*,#14419,.F.);
#16679 = ORIENTED_EDGE('',*,*,#16673,.F.);
#16680 = CYLINDRICAL_SURFACE('',#16681,0.925);
#16681 = AXIS2_PLACEMENT_3D('',#16682,#16683,#16684);
#16682 = CARTESIAN_POINT('',(121.325,-18.,-4.6E-02));
#16683 = DIRECTION('',(-0.,-0.,-1.));
#16684 = DIRECTION('',(-0.,-1.,0.));
#16685 = ADVANCED_FACE('',(#16686),#16697,.F.);
#16686 = FACE_BOUND('',#16687,.T.);
#16687 = EDGE_LOOP('',(#16688,#16689,#16695,#16696));
#16688 = ORIENTED_EDGE('',*,*,#12808,.T.);
#16689 = ORIENTED_EDGE('',*,*,#16690,.T.);
#16690 = EDGE_CURVE('',#12809,#14431,#16691,.T.);
#16691 = LINE('',#16692,#16693);
#16692 = CARTESIAN_POINT('',(125.325,-18.925,-4.6E-02));
#16693 = VECTOR('',#16694,1.);
#16694 = DIRECTION('',(0.,0.,1.));
#16695 = ORIENTED_EDGE('',*,*,#14430,.F.);
#16696 = ORIENTED_EDGE('',*,*,#16690,.F.);
#16697 = CYLINDRICAL_SURFACE('',#16698,0.925);
#16698 = AXIS2_PLACEMENT_3D('',#16699,#16700,#16701);
#16699 = CARTESIAN_POINT('',(125.325,-18.,-4.6E-02));
#16700 = DIRECTION('',(-0.,-0.,-1.));
#16701 = DIRECTION('',(-0.,-1.,0.));
#16702 = ADVANCED_FACE('',(#16703),#16714,.F.);
#16703 = FACE_BOUND('',#16704,.T.);
#16704 = EDGE_LOOP('',(#16705,#16706,#16712,#16713));
#16705 = ORIENTED_EDGE('',*,*,#12819,.T.);
#16706 = ORIENTED_EDGE('',*,*,#16707,.T.);
#16707 = EDGE_CURVE('',#12820,#14442,#16708,.T.);
#16708 = LINE('',#16709,#16710);
#16709 = CARTESIAN_POINT('',(129.325,-18.925,-4.6E-02));
#16710 = VECTOR('',#16711,1.);
#16711 = DIRECTION('',(0.,0.,1.));
#16712 = ORIENTED_EDGE('',*,*,#14441,.F.);
#16713 = ORIENTED_EDGE('',*,*,#16707,.F.);
#16714 = CYLINDRICAL_SURFACE('',#16715,0.925);
#16715 = AXIS2_PLACEMENT_3D('',#16716,#16717,#16718);
#16716 = CARTESIAN_POINT('',(129.325,-18.,-4.6E-02));
#16717 = DIRECTION('',(-0.,-0.,-1.));
#16718 = DIRECTION('',(-0.,-1.,0.));
#16719 = ADVANCED_FACE('',(#16720),#16731,.F.);
#16720 = FACE_BOUND('',#16721,.T.);
#16721 = EDGE_LOOP('',(#16722,#16723,#16729,#16730));
#16722 = ORIENTED_EDGE('',*,*,#12830,.T.);
#16723 = ORIENTED_EDGE('',*,*,#16724,.T.);
#16724 = EDGE_CURVE('',#12831,#14453,#16725,.T.);
#16725 = LINE('',#16726,#16727);
#16726 = CARTESIAN_POINT('',(5.5,-8.15,-4.6E-02));
#16727 = VECTOR('',#16728,1.);
#16728 = DIRECTION('',(0.,0.,1.));
#16729 = ORIENTED_EDGE('',*,*,#14452,.F.);
#16730 = ORIENTED_EDGE('',*,*,#16724,.F.);
#16731 = CYLINDRICAL_SURFACE('',#16732,2.65);
#16732 = AXIS2_PLACEMENT_3D('',#16733,#16734,#16735);
#16733 = CARTESIAN_POINT('',(5.5,-5.5,-4.6E-02));
#16734 = DIRECTION('',(-0.,-0.,-1.));
#16735 = DIRECTION('',(-0.,-1.,0.));
#16736 = ADVANCED_FACE('',(#16737),#16748,.F.);
#16737 = FACE_BOUND('',#16738,.T.);
#16738 = EDGE_LOOP('',(#16739,#16740,#16746,#16747));
#16739 = ORIENTED_EDGE('',*,*,#12841,.T.);
#16740 = ORIENTED_EDGE('',*,*,#16741,.T.);
#16741 = EDGE_CURVE('',#12842,#14464,#16742,.T.);
#16742 = LINE('',#16743,#16744);
#16743 = CARTESIAN_POINT('',(53.96,-6.,-4.6E-02));
#16744 = VECTOR('',#16745,1.);
#16745 = DIRECTION('',(0.,0.,1.));
#16746 = ORIENTED_EDGE('',*,*,#14463,.F.);
#16747 = ORIENTED_EDGE('',*,*,#16741,.F.);
#16748 = CYLINDRICAL_SURFACE('',#16749,0.5);
#16749 = AXIS2_PLACEMENT_3D('',#16750,#16751,#16752);
#16750 = CARTESIAN_POINT('',(53.96,-5.5,-4.6E-02));
#16751 = DIRECTION('',(-0.,-0.,-1.));
#16752 = DIRECTION('',(-0.,-1.,0.));
#16753 = ADVANCED_FACE('',(#16754),#16765,.F.);
#16754 = FACE_BOUND('',#16755,.T.);
#16755 = EDGE_LOOP('',(#16756,#16757,#16763,#16764));
#16756 = ORIENTED_EDGE('',*,*,#12852,.T.);
#16757 = ORIENTED_EDGE('',*,*,#16758,.T.);
#16758 = EDGE_CURVE('',#12853,#14475,#16759,.T.);
#16759 = LINE('',#16760,#16761);
#16760 = CARTESIAN_POINT('',(56.5,-6.,-4.6E-02));
#16761 = VECTOR('',#16762,1.);
#16762 = DIRECTION('',(0.,0.,1.));
#16763 = ORIENTED_EDGE('',*,*,#14474,.F.);
#16764 = ORIENTED_EDGE('',*,*,#16758,.F.);
#16765 = CYLINDRICAL_SURFACE('',#16766,0.5);
#16766 = AXIS2_PLACEMENT_3D('',#16767,#16768,#16769);
#16767 = CARTESIAN_POINT('',(56.5,-5.5,-4.6E-02));
#16768 = DIRECTION('',(-0.,-0.,-1.));
#16769 = DIRECTION('',(-0.,-1.,0.));
#16770 = ADVANCED_FACE('',(#16771),#16782,.F.);
#16771 = FACE_BOUND('',#16772,.T.);
#16772 = EDGE_LOOP('',(#16773,#16774,#16780,#16781));
#16773 = ORIENTED_EDGE('',*,*,#12863,.T.);
#16774 = ORIENTED_EDGE('',*,*,#16775,.T.);
#16775 = EDGE_CURVE('',#12864,#14486,#16776,.T.);
#16776 = LINE('',#16777,#16778);
#16777 = CARTESIAN_POINT('',(59.04,-6.,-4.6E-02));
#16778 = VECTOR('',#16779,1.);
#16779 = DIRECTION('',(0.,0.,1.));
#16780 = ORIENTED_EDGE('',*,*,#14485,.F.);
#16781 = ORIENTED_EDGE('',*,*,#16775,.F.);
#16782 = CYLINDRICAL_SURFACE('',#16783,0.5);
#16783 = AXIS2_PLACEMENT_3D('',#16784,#16785,#16786);
#16784 = CARTESIAN_POINT('',(59.04,-5.5,-4.6E-02));
#16785 = DIRECTION('',(-0.,-0.,-1.));
#16786 = DIRECTION('',(-0.,-1.,0.));
#16787 = ADVANCED_FACE('',(#16788),#16799,.F.);
#16788 = FACE_BOUND('',#16789,.T.);
#16789 = EDGE_LOOP('',(#16790,#16791,#16797,#16798));
#16790 = ORIENTED_EDGE('',*,*,#12874,.T.);
#16791 = ORIENTED_EDGE('',*,*,#16792,.T.);
#16792 = EDGE_CURVE('',#12875,#14497,#16793,.T.);
#16793 = LINE('',#16794,#16795);
#16794 = CARTESIAN_POINT('',(53.96,-3.46,-4.6E-02));
#16795 = VECTOR('',#16796,1.);
#16796 = DIRECTION('',(0.,0.,1.));
#16797 = ORIENTED_EDGE('',*,*,#14496,.F.);
#16798 = ORIENTED_EDGE('',*,*,#16792,.F.);
#16799 = CYLINDRICAL_SURFACE('',#16800,0.5);
#16800 = AXIS2_PLACEMENT_3D('',#16801,#16802,#16803);
#16801 = CARTESIAN_POINT('',(53.96,-2.96,-4.6E-02));
#16802 = DIRECTION('',(-0.,-0.,-1.));
#16803 = DIRECTION('',(-0.,-1.,0.));
#16804 = ADVANCED_FACE('',(#16805),#16816,.F.);
#16805 = FACE_BOUND('',#16806,.T.);
#16806 = EDGE_LOOP('',(#16807,#16808,#16814,#16815));
#16807 = ORIENTED_EDGE('',*,*,#12885,.T.);
#16808 = ORIENTED_EDGE('',*,*,#16809,.T.);
#16809 = EDGE_CURVE('',#12886,#14508,#16810,.T.);
#16810 = LINE('',#16811,#16812);
#16811 = CARTESIAN_POINT('',(56.5,-3.46,-4.6E-02));
#16812 = VECTOR('',#16813,1.);
#16813 = DIRECTION('',(0.,0.,1.));
#16814 = ORIENTED_EDGE('',*,*,#14507,.F.);
#16815 = ORIENTED_EDGE('',*,*,#16809,.F.);
#16816 = CYLINDRICAL_SURFACE('',#16817,0.5);
#16817 = AXIS2_PLACEMENT_3D('',#16818,#16819,#16820);
#16818 = CARTESIAN_POINT('',(56.5,-2.96,-4.6E-02));
#16819 = DIRECTION('',(-0.,-0.,-1.));
#16820 = DIRECTION('',(-0.,-1.,0.));
#16821 = ADVANCED_FACE('',(#16822),#16833,.F.);
#16822 = FACE_BOUND('',#16823,.T.);
#16823 = EDGE_LOOP('',(#16824,#16825,#16831,#16832));
#16824 = ORIENTED_EDGE('',*,*,#12896,.T.);
#16825 = ORIENTED_EDGE('',*,*,#16826,.T.);
#16826 = EDGE_CURVE('',#12897,#14519,#16827,.T.);
#16827 = LINE('',#16828,#16829);
#16828 = CARTESIAN_POINT('',(59.04,-3.46,-4.6E-02));
#16829 = VECTOR('',#16830,1.);
#16830 = DIRECTION('',(0.,0.,1.));
#16831 = ORIENTED_EDGE('',*,*,#14518,.F.);
#16832 = ORIENTED_EDGE('',*,*,#16826,.F.);
#16833 = CYLINDRICAL_SURFACE('',#16834,0.5);
#16834 = AXIS2_PLACEMENT_3D('',#16835,#16836,#16837);
#16835 = CARTESIAN_POINT('',(59.04,-2.96,-4.6E-02));
#16836 = DIRECTION('',(-0.,-0.,-1.));
#16837 = DIRECTION('',(-0.,-1.,0.));
#16838 = ADVANCED_FACE('',(#16839),#16850,.F.);
#16839 = FACE_BOUND('',#16840,.T.);
#16840 = EDGE_LOOP('',(#16841,#16842,#16848,#16849));
#16841 = ORIENTED_EDGE('',*,*,#12907,.T.);
#16842 = ORIENTED_EDGE('',*,*,#16843,.T.);
#16843 = EDGE_CURVE('',#12908,#14530,#16844,.T.);
#16844 = LINE('',#16845,#16846);
#16845 = CARTESIAN_POINT('',(103.625,-12.2,-4.6E-02));
#16846 = VECTOR('',#16847,1.);
#16847 = DIRECTION('',(0.,0.,1.));
#16848 = ORIENTED_EDGE('',*,*,#14529,.F.);
#16849 = ORIENTED_EDGE('',*,*,#16843,.F.);
#16850 = CYLINDRICAL_SURFACE('',#16851,1.);
#16851 = AXIS2_PLACEMENT_3D('',#16852,#16853,#16854);
#16852 = CARTESIAN_POINT('',(103.625,-11.2,-4.6E-02));
#16853 = DIRECTION('',(-0.,-0.,-1.));
#16854 = DIRECTION('',(-0.,-1.,0.));
#16855 = ADVANCED_FACE('',(#16856),#16867,.F.);
#16856 = FACE_BOUND('',#16857,.T.);
#16857 = EDGE_LOOP('',(#16858,#16859,#16865,#16866));
#16858 = ORIENTED_EDGE('',*,*,#12918,.T.);
#16859 = ORIENTED_EDGE('',*,*,#16860,.T.);
#16860 = EDGE_CURVE('',#12919,#14541,#16861,.T.);
#16861 = LINE('',#16862,#16863);
#16862 = CARTESIAN_POINT('',(85.,-8.15,-4.6E-02));
#16863 = VECTOR('',#16864,1.);
#16864 = DIRECTION('',(0.,0.,1.));
#16865 = ORIENTED_EDGE('',*,*,#14540,.F.);
#16866 = ORIENTED_EDGE('',*,*,#16860,.F.);
#16867 = CYLINDRICAL_SURFACE('',#16868,2.65);
#16868 = AXIS2_PLACEMENT_3D('',#16869,#16870,#16871);
#16869 = CARTESIAN_POINT('',(85.,-5.5,-4.6E-02));
#16870 = DIRECTION('',(-0.,-0.,-1.));
#16871 = DIRECTION('',(-0.,-1.,0.));
#16872 = ADVANCED_FACE('',(#16873),#16884,.F.);
#16873 = FACE_BOUND('',#16874,.T.);
#16874 = EDGE_LOOP('',(#16875,#16876,#16882,#16883));
#16875 = ORIENTED_EDGE('',*,*,#12929,.T.);
#16876 = ORIENTED_EDGE('',*,*,#16877,.T.);
#16877 = EDGE_CURVE('',#12930,#14552,#16878,.T.);
#16878 = LINE('',#16879,#16880);
#16879 = CARTESIAN_POINT('',(131.325,-22.925,-4.6E-02));
#16880 = VECTOR('',#16881,1.);
#16881 = DIRECTION('',(0.,0.,1.));
#16882 = ORIENTED_EDGE('',*,*,#14551,.F.);
#16883 = ORIENTED_EDGE('',*,*,#16877,.F.);
#16884 = CYLINDRICAL_SURFACE('',#16885,0.925);
#16885 = AXIS2_PLACEMENT_3D('',#16886,#16887,#16888);
#16886 = CARTESIAN_POINT('',(131.325,-22.,-4.6E-02));
#16887 = DIRECTION('',(-0.,-0.,-1.));
#16888 = DIRECTION('',(-0.,-1.,0.));
#16889 = ADVANCED_FACE('',(#16890),#16901,.F.);
#16890 = FACE_BOUND('',#16891,.T.);
#16891 = EDGE_LOOP('',(#16892,#16893,#16899,#16900));
#16892 = ORIENTED_EDGE('',*,*,#12940,.T.);
#16893 = ORIENTED_EDGE('',*,*,#16894,.T.);
#16894 = EDGE_CURVE('',#12941,#14563,#16895,.T.);
#16895 = LINE('',#16896,#16897);
#16896 = CARTESIAN_POINT('',(135.325,-22.925,-4.6E-02));
#16897 = VECTOR('',#16898,1.);
#16898 = DIRECTION('',(0.,0.,1.));
#16899 = ORIENTED_EDGE('',*,*,#14562,.F.);
#16900 = ORIENTED_EDGE('',*,*,#16894,.F.);
#16901 = CYLINDRICAL_SURFACE('',#16902,0.925);
#16902 = AXIS2_PLACEMENT_3D('',#16903,#16904,#16905);
#16903 = CARTESIAN_POINT('',(135.325,-22.,-4.6E-02));
#16904 = DIRECTION('',(-0.,-0.,-1.));
#16905 = DIRECTION('',(-0.,-1.,0.));
#16906 = ADVANCED_FACE('',(#16907),#16918,.F.);
#16907 = FACE_BOUND('',#16908,.T.);
#16908 = EDGE_LOOP('',(#16909,#16910,#16916,#16917));
#16909 = ORIENTED_EDGE('',*,*,#12951,.T.);
#16910 = ORIENTED_EDGE('',*,*,#16911,.T.);
#16911 = EDGE_CURVE('',#12952,#14574,#16912,.T.);
#16912 = LINE('',#16913,#16914);
#16913 = CARTESIAN_POINT('',(139.325,-22.925,-4.6E-02));
#16914 = VECTOR('',#16915,1.);
#16915 = DIRECTION('',(0.,0.,1.));
#16916 = ORIENTED_EDGE('',*,*,#14573,.F.);
#16917 = ORIENTED_EDGE('',*,*,#16911,.F.);
#16918 = CYLINDRICAL_SURFACE('',#16919,0.925);
#16919 = AXIS2_PLACEMENT_3D('',#16920,#16921,#16922);
#16920 = CARTESIAN_POINT('',(139.325,-22.,-4.6E-02));
#16921 = DIRECTION('',(-0.,-0.,-1.));
#16922 = DIRECTION('',(-0.,-1.,0.));
#16923 = ADVANCED_FACE('',(#16924),#16935,.F.);
#16924 = FACE_BOUND('',#16925,.T.);
#16925 = EDGE_LOOP('',(#16926,#16927,#16933,#16934));
#16926 = ORIENTED_EDGE('',*,*,#12962,.T.);
#16927 = ORIENTED_EDGE('',*,*,#16928,.T.);
#16928 = EDGE_CURVE('',#12963,#14585,#16929,.T.);
#16929 = LINE('',#16930,#16931);
#16930 = CARTESIAN_POINT('',(143.325,-22.925,-4.6E-02));
#16931 = VECTOR('',#16932,1.);
#16932 = DIRECTION('',(0.,0.,1.));
#16933 = ORIENTED_EDGE('',*,*,#14584,.F.);
#16934 = ORIENTED_EDGE('',*,*,#16928,.F.);
#16935 = CYLINDRICAL_SURFACE('',#16936,0.925);
#16936 = AXIS2_PLACEMENT_3D('',#16937,#16938,#16939);
#16937 = CARTESIAN_POINT('',(143.325,-22.,-4.6E-02));
#16938 = DIRECTION('',(-0.,-0.,-1.));
#16939 = DIRECTION('',(-0.,-1.,0.));
#16940 = ADVANCED_FACE('',(#16941),#16952,.F.);
#16941 = FACE_BOUND('',#16942,.T.);
#16942 = EDGE_LOOP('',(#16943,#16944,#16950,#16951));
#16943 = ORIENTED_EDGE('',*,*,#12973,.T.);
#16944 = ORIENTED_EDGE('',*,*,#16945,.T.);
#16945 = EDGE_CURVE('',#12974,#14596,#16946,.T.);
#16946 = LINE('',#16947,#16948);
#16947 = CARTESIAN_POINT('',(147.325,-22.925,-4.6E-02));
#16948 = VECTOR('',#16949,1.);
#16949 = DIRECTION('',(0.,0.,1.));
#16950 = ORIENTED_EDGE('',*,*,#14595,.F.);
#16951 = ORIENTED_EDGE('',*,*,#16945,.F.);
#16952 = CYLINDRICAL_SURFACE('',#16953,0.925);
#16953 = AXIS2_PLACEMENT_3D('',#16954,#16955,#16956);
#16954 = CARTESIAN_POINT('',(147.325,-22.,-4.6E-02));
#16955 = DIRECTION('',(-0.,-0.,-1.));
#16956 = DIRECTION('',(-0.,-1.,0.));
#16957 = ADVANCED_FACE('',(#16958),#16969,.F.);
#16958 = FACE_BOUND('',#16959,.T.);
#16959 = EDGE_LOOP('',(#16960,#16961,#16967,#16968));
#16960 = ORIENTED_EDGE('',*,*,#12984,.T.);
#16961 = ORIENTED_EDGE('',*,*,#16962,.T.);
#16962 = EDGE_CURVE('',#12985,#14607,#16963,.T.);
#16963 = LINE('',#16964,#16965);
#16964 = CARTESIAN_POINT('',(151.325,-22.925,-4.6E-02));
#16965 = VECTOR('',#16966,1.);
#16966 = DIRECTION('',(0.,0.,1.));
#16967 = ORIENTED_EDGE('',*,*,#14606,.F.);
#16968 = ORIENTED_EDGE('',*,*,#16962,.F.);
#16969 = CYLINDRICAL_SURFACE('',#16970,0.925);
#16970 = AXIS2_PLACEMENT_3D('',#16971,#16972,#16973);
#16971 = CARTESIAN_POINT('',(151.325,-22.,-4.6E-02));
#16972 = DIRECTION('',(-0.,-0.,-1.));
#16973 = DIRECTION('',(-0.,-1.,0.));
#16974 = ADVANCED_FACE('',(#16975),#16986,.F.);
#16975 = FACE_BOUND('',#16976,.T.);
#16976 = EDGE_LOOP('',(#16977,#16978,#16984,#16985));
#16977 = ORIENTED_EDGE('',*,*,#12995,.T.);
#16978 = ORIENTED_EDGE('',*,*,#16979,.T.);
#16979 = EDGE_CURVE('',#12996,#14618,#16980,.T.);
#16980 = LINE('',#16981,#16982);
#16981 = CARTESIAN_POINT('',(155.325,-22.925,-4.6E-02));
#16982 = VECTOR('',#16983,1.);
#16983 = DIRECTION('',(0.,0.,1.));
#16984 = ORIENTED_EDGE('',*,*,#14617,.F.);
#16985 = ORIENTED_EDGE('',*,*,#16979,.F.);
#16986 = CYLINDRICAL_SURFACE('',#16987,0.925);
#16987 = AXIS2_PLACEMENT_3D('',#16988,#16989,#16990);
#16988 = CARTESIAN_POINT('',(155.325,-22.,-4.6E-02));
#16989 = DIRECTION('',(-0.,-0.,-1.));
#16990 = DIRECTION('',(-0.,-1.,0.));
#16991 = ADVANCED_FACE('',(#16992),#17003,.F.);
#16992 = FACE_BOUND('',#16993,.T.);
#16993 = EDGE_LOOP('',(#16994,#16995,#17001,#17002));
#16994 = ORIENTED_EDGE('',*,*,#13006,.T.);
#16995 = ORIENTED_EDGE('',*,*,#16996,.T.);
#16996 = EDGE_CURVE('',#13007,#14629,#16997,.T.);
#16997 = LINE('',#16998,#16999);
#16998 = CARTESIAN_POINT('',(133.325,-18.925,-4.6E-02));
#16999 = VECTOR('',#17000,1.);
#17000 = DIRECTION('',(0.,0.,1.));
#17001 = ORIENTED_EDGE('',*,*,#14628,.F.);
#17002 = ORIENTED_EDGE('',*,*,#16996,.F.);
#17003 = CYLINDRICAL_SURFACE('',#17004,0.925);
#17004 = AXIS2_PLACEMENT_3D('',#17005,#17006,#17007);
#17005 = CARTESIAN_POINT('',(133.325,-18.,-4.6E-02));
#17006 = DIRECTION('',(-0.,-0.,-1.));
#17007 = DIRECTION('',(-0.,-1.,0.));
#17008 = ADVANCED_FACE('',(#17009),#17020,.F.);
#17009 = FACE_BOUND('',#17010,.T.);
#17010 = EDGE_LOOP('',(#17011,#17012,#17018,#17019));
#17011 = ORIENTED_EDGE('',*,*,#13017,.T.);
#17012 = ORIENTED_EDGE('',*,*,#17013,.T.);
#17013 = EDGE_CURVE('',#13018,#14640,#17014,.T.);
#17014 = LINE('',#17015,#17016);
#17015 = CARTESIAN_POINT('',(137.325,-18.925,-4.6E-02));
#17016 = VECTOR('',#17017,1.);
#17017 = DIRECTION('',(0.,0.,1.));
#17018 = ORIENTED_EDGE('',*,*,#14639,.F.);
#17019 = ORIENTED_EDGE('',*,*,#17013,.F.);
#17020 = CYLINDRICAL_SURFACE('',#17021,0.925);
#17021 = AXIS2_PLACEMENT_3D('',#17022,#17023,#17024);
#17022 = CARTESIAN_POINT('',(137.325,-18.,-4.6E-02));
#17023 = DIRECTION('',(-0.,-0.,-1.));
#17024 = DIRECTION('',(-0.,-1.,0.));
#17025 = ADVANCED_FACE('',(#17026),#17037,.F.);
#17026 = FACE_BOUND('',#17027,.T.);
#17027 = EDGE_LOOP('',(#17028,#17029,#17035,#17036));
#17028 = ORIENTED_EDGE('',*,*,#13028,.T.);
#17029 = ORIENTED_EDGE('',*,*,#17030,.T.);
#17030 = EDGE_CURVE('',#13029,#14651,#17031,.T.);
#17031 = LINE('',#17032,#17033);
#17032 = CARTESIAN_POINT('',(141.325,-18.925,-4.6E-02));
#17033 = VECTOR('',#17034,1.);
#17034 = DIRECTION('',(0.,0.,1.));
#17035 = ORIENTED_EDGE('',*,*,#14650,.F.);
#17036 = ORIENTED_EDGE('',*,*,#17030,.F.);
#17037 = CYLINDRICAL_SURFACE('',#17038,0.925);
#17038 = AXIS2_PLACEMENT_3D('',#17039,#17040,#17041);
#17039 = CARTESIAN_POINT('',(141.325,-18.,-4.6E-02));
#17040 = DIRECTION('',(-0.,-0.,-1.));
#17041 = DIRECTION('',(-0.,-1.,0.));
#17042 = ADVANCED_FACE('',(#17043),#17054,.F.);
#17043 = FACE_BOUND('',#17044,.T.);
#17044 = EDGE_LOOP('',(#17045,#17046,#17052,#17053));
#17045 = ORIENTED_EDGE('',*,*,#13039,.T.);
#17046 = ORIENTED_EDGE('',*,*,#17047,.T.);
#17047 = EDGE_CURVE('',#13040,#14662,#17048,.T.);
#17048 = LINE('',#17049,#17050);
#17049 = CARTESIAN_POINT('',(145.325,-18.925,-4.6E-02));
#17050 = VECTOR('',#17051,1.);
#17051 = DIRECTION('',(0.,0.,1.));
#17052 = ORIENTED_EDGE('',*,*,#14661,.F.);
#17053 = ORIENTED_EDGE('',*,*,#17047,.F.);
#17054 = CYLINDRICAL_SURFACE('',#17055,0.925);
#17055 = AXIS2_PLACEMENT_3D('',#17056,#17057,#17058);
#17056 = CARTESIAN_POINT('',(145.325,-18.,-4.6E-02));
#17057 = DIRECTION('',(-0.,-0.,-1.));
#17058 = DIRECTION('',(-0.,-1.,0.));
#17059 = ADVANCED_FACE('',(#17060),#17071,.F.);
#17060 = FACE_BOUND('',#17061,.T.);
#17061 = EDGE_LOOP('',(#17062,#17063,#17069,#17070));
#17062 = ORIENTED_EDGE('',*,*,#13050,.T.);
#17063 = ORIENTED_EDGE('',*,*,#17064,.T.);
#17064 = EDGE_CURVE('',#13051,#14673,#17065,.T.);
#17065 = LINE('',#17066,#17067);
#17066 = CARTESIAN_POINT('',(149.325,-18.925,-4.6E-02));
#17067 = VECTOR('',#17068,1.);
#17068 = DIRECTION('',(0.,0.,1.));
#17069 = ORIENTED_EDGE('',*,*,#14672,.F.);
#17070 = ORIENTED_EDGE('',*,*,#17064,.F.);
#17071 = CYLINDRICAL_SURFACE('',#17072,0.925);
#17072 = AXIS2_PLACEMENT_3D('',#17073,#17074,#17075);
#17073 = CARTESIAN_POINT('',(149.325,-18.,-4.6E-02));
#17074 = DIRECTION('',(-0.,-0.,-1.));
#17075 = DIRECTION('',(-0.,-1.,0.));
#17076 = ADVANCED_FACE('',(#17077),#17088,.F.);
#17077 = FACE_BOUND('',#17078,.T.);
#17078 = EDGE_LOOP('',(#17079,#17080,#17086,#17087));
#17079 = ORIENTED_EDGE('',*,*,#13061,.T.);
#17080 = ORIENTED_EDGE('',*,*,#17081,.T.);
#17081 = EDGE_CURVE('',#13062,#14684,#17082,.T.);
#17082 = LINE('',#17083,#17084);
#17083 = CARTESIAN_POINT('',(153.325,-18.925,-4.6E-02));
#17084 = VECTOR('',#17085,1.);
#17085 = DIRECTION('',(0.,0.,1.));
#17086 = ORIENTED_EDGE('',*,*,#14683,.F.);
#17087 = ORIENTED_EDGE('',*,*,#17081,.F.);
#17088 = CYLINDRICAL_SURFACE('',#17089,0.925);
#17089 = AXIS2_PLACEMENT_3D('',#17090,#17091,#17092);
#17090 = CARTESIAN_POINT('',(153.325,-18.,-4.6E-02));
#17091 = DIRECTION('',(-0.,-0.,-1.));
#17092 = DIRECTION('',(-0.,-1.,0.));
#17093 = ADVANCED_FACE('',(#17094),#17105,.F.);
#17094 = FACE_BOUND('',#17095,.T.);
#17095 = EDGE_LOOP('',(#17096,#17097,#17103,#17104));
#17096 = ORIENTED_EDGE('',*,*,#13072,.T.);
#17097 = ORIENTED_EDGE('',*,*,#17098,.T.);
#17098 = EDGE_CURVE('',#13073,#14695,#17099,.T.);
#17099 = LINE('',#17100,#17101);
#17100 = CARTESIAN_POINT('',(157.325,-18.925,-4.6E-02));
#17101 = VECTOR('',#17102,1.);
#17102 = DIRECTION('',(0.,0.,1.));
#17103 = ORIENTED_EDGE('',*,*,#14694,.F.);
#17104 = ORIENTED_EDGE('',*,*,#17098,.F.);
#17105 = CYLINDRICAL_SURFACE('',#17106,0.925);
#17106 = AXIS2_PLACEMENT_3D('',#17107,#17108,#17109);
#17107 = CARTESIAN_POINT('',(157.325,-18.,-4.6E-02));
#17108 = DIRECTION('',(-0.,-0.,-1.));
#17109 = DIRECTION('',(-0.,-1.,0.));
#17110 = ADVANCED_FACE('',(#17111),#17122,.F.);
#17111 = FACE_BOUND('',#17112,.T.);
#17112 = EDGE_LOOP('',(#17113,#17114,#17120,#17121));
#17113 = ORIENTED_EDGE('',*,*,#13083,.T.);
#17114 = ORIENTED_EDGE('',*,*,#17115,.T.);
#17115 = EDGE_CURVE('',#13084,#14706,#17116,.T.);
#17116 = LINE('',#17117,#17118);
#17117 = CARTESIAN_POINT('',(178.45,-14.355,-4.6E-02));
#17118 = VECTOR('',#17119,1.);
#17119 = DIRECTION('',(0.,0.,1.));
#17120 = ORIENTED_EDGE('',*,*,#14705,.F.);
#17121 = ORIENTED_EDGE('',*,*,#17115,.F.);
#17122 = CYLINDRICAL_SURFACE('',#17123,0.355);
#17123 = AXIS2_PLACEMENT_3D('',#17124,#17125,#17126);
#17124 = CARTESIAN_POINT('',(178.45,-14.,-4.6E-02));
#17125 = DIRECTION('',(-0.,-0.,-1.));
#17126 = DIRECTION('',(-0.,-1.,0.));
#17127 = ADVANCED_FACE('',(#17128),#17139,.F.);
#17128 = FACE_BOUND('',#17129,.T.);
#17129 = EDGE_LOOP('',(#17130,#17131,#17137,#17138));
#17130 = ORIENTED_EDGE('',*,*,#13094,.T.);
#17131 = ORIENTED_EDGE('',*,*,#17132,.T.);
#17132 = EDGE_CURVE('',#13095,#14717,#17133,.T.);
#17133 = LINE('',#17134,#17135);
#17134 = CARTESIAN_POINT('',(183.55,-14.355,-4.6E-02));
#17135 = VECTOR('',#17136,1.);
#17136 = DIRECTION('',(0.,0.,1.));
#17137 = ORIENTED_EDGE('',*,*,#14716,.F.);
#17138 = ORIENTED_EDGE('',*,*,#17132,.F.);
#17139 = CYLINDRICAL_SURFACE('',#17140,0.355);
#17140 = AXIS2_PLACEMENT_3D('',#17141,#17142,#17143);
#17141 = CARTESIAN_POINT('',(183.55,-14.,-4.6E-02));
#17142 = DIRECTION('',(-0.,-0.,-1.));
#17143 = DIRECTION('',(-0.,-1.,0.));
#17144 = ADVANCED_FACE('',(#17145),#17156,.F.);
#17145 = FACE_BOUND('',#17146,.T.);
#17146 = EDGE_LOOP('',(#17147,#17148,#17154,#17155));
#17147 = ORIENTED_EDGE('',*,*,#13105,.T.);
#17148 = ORIENTED_EDGE('',*,*,#17149,.T.);
#17149 = EDGE_CURVE('',#13106,#14728,#17150,.T.);
#17150 = LINE('',#17151,#17152);
#17151 = CARTESIAN_POINT('',(199.595902,-22.29,-4.6E-02));
#17152 = VECTOR('',#17153,1.);
#17153 = DIRECTION('',(0.,0.,1.));
#17154 = ORIENTED_EDGE('',*,*,#14727,.F.);
#17155 = ORIENTED_EDGE('',*,*,#17149,.F.);
#17156 = CYLINDRICAL_SURFACE('',#17157,0.65);
#17157 = AXIS2_PLACEMENT_3D('',#17158,#17159,#17160);
#17158 = CARTESIAN_POINT('',(199.595902,-21.64,-4.6E-02));
#17159 = DIRECTION('',(-0.,-0.,-1.));
#17160 = DIRECTION('',(-0.,-1.,0.));
#17161 = ADVANCED_FACE('',(#17162),#17173,.F.);
#17162 = FACE_BOUND('',#17163,.T.);
#17163 = EDGE_LOOP('',(#17164,#17165,#17171,#17172));
#17164 = ORIENTED_EDGE('',*,*,#13116,.T.);
#17165 = ORIENTED_EDGE('',*,*,#17166,.T.);
#17166 = EDGE_CURVE('',#13117,#14739,#17167,.T.);
#17167 = LINE('',#17168,#17169);
#17168 = CARTESIAN_POINT('',(254.725,-21.73,-4.6E-02));
#17169 = VECTOR('',#17170,1.);
#17170 = DIRECTION('',(0.,0.,1.));
#17171 = ORIENTED_EDGE('',*,*,#14738,.F.);
#17172 = ORIENTED_EDGE('',*,*,#17166,.F.);
#17173 = CYLINDRICAL_SURFACE('',#17174,0.5);
#17174 = AXIS2_PLACEMENT_3D('',#17175,#17176,#17177);
#17175 = CARTESIAN_POINT('',(254.725,-21.23,-4.6E-02));
#17176 = DIRECTION('',(-0.,-0.,-1.));
#17177 = DIRECTION('',(-0.,-1.,0.));
#17178 = ADVANCED_FACE('',(#17179),#17190,.F.);
#17179 = FACE_BOUND('',#17180,.T.);
#17180 = EDGE_LOOP('',(#17181,#17182,#17188,#17189));
#17181 = ORIENTED_EDGE('',*,*,#13127,.T.);
#17182 = ORIENTED_EDGE('',*,*,#17183,.T.);
#17183 = EDGE_CURVE('',#13128,#14750,#17184,.T.);
#17184 = LINE('',#17185,#17186);
#17185 = CARTESIAN_POINT('',(257.265,-21.73,-4.6E-02));
#17186 = VECTOR('',#17187,1.);
#17187 = DIRECTION('',(0.,0.,1.));
#17188 = ORIENTED_EDGE('',*,*,#14749,.F.);
#17189 = ORIENTED_EDGE('',*,*,#17183,.F.);
#17190 = CYLINDRICAL_SURFACE('',#17191,0.5);
#17191 = AXIS2_PLACEMENT_3D('',#17192,#17193,#17194);
#17192 = CARTESIAN_POINT('',(257.265,-21.23,-4.6E-02));
#17193 = DIRECTION('',(-0.,-0.,-1.));
#17194 = DIRECTION('',(-0.,-1.,0.));
#17195 = ADVANCED_FACE('',(#17196),#17207,.F.);
#17196 = FACE_BOUND('',#17197,.T.);
#17197 = EDGE_LOOP('',(#17198,#17199,#17205,#17206));
#17198 = ORIENTED_EDGE('',*,*,#13138,.T.);
#17199 = ORIENTED_EDGE('',*,*,#17200,.T.);
#17200 = EDGE_CURVE('',#13139,#14761,#17201,.T.);
#17201 = LINE('',#17202,#17203);
#17202 = CARTESIAN_POINT('',(254.725,-19.19,-4.6E-02));
#17203 = VECTOR('',#17204,1.);
#17204 = DIRECTION('',(0.,0.,1.));
#17205 = ORIENTED_EDGE('',*,*,#14760,.F.);
#17206 = ORIENTED_EDGE('',*,*,#17200,.F.);
#17207 = CYLINDRICAL_SURFACE('',#17208,0.5);
#17208 = AXIS2_PLACEMENT_3D('',#17209,#17210,#17211);
#17209 = CARTESIAN_POINT('',(254.725,-18.69,-4.6E-02));
#17210 = DIRECTION('',(-0.,-0.,-1.));
#17211 = DIRECTION('',(-0.,-1.,0.));
#17212 = ADVANCED_FACE('',(#17213),#17224,.F.);
#17213 = FACE_BOUND('',#17214,.T.);
#17214 = EDGE_LOOP('',(#17215,#17216,#17222,#17223));
#17215 = ORIENTED_EDGE('',*,*,#13149,.T.);
#17216 = ORIENTED_EDGE('',*,*,#17217,.T.);
#17217 = EDGE_CURVE('',#13150,#14772,#17218,.T.);
#17218 = LINE('',#17219,#17220);
#17219 = CARTESIAN_POINT('',(257.265,-19.19,-4.6E-02));
#17220 = VECTOR('',#17221,1.);
#17221 = DIRECTION('',(0.,0.,1.));
#17222 = ORIENTED_EDGE('',*,*,#14771,.F.);
#17223 = ORIENTED_EDGE('',*,*,#17217,.F.);
#17224 = CYLINDRICAL_SURFACE('',#17225,0.5);
#17225 = AXIS2_PLACEMENT_3D('',#17226,#17227,#17228);
#17226 = CARTESIAN_POINT('',(257.265,-18.69,-4.6E-02));
#17227 = DIRECTION('',(-0.,-0.,-1.));
#17228 = DIRECTION('',(-0.,-1.,0.));
#17229 = ADVANCED_FACE('',(#17230),#17241,.F.);
#17230 = FACE_BOUND('',#17231,.T.);
#17231 = EDGE_LOOP('',(#17232,#17233,#17239,#17240));
#17232 = ORIENTED_EDGE('',*,*,#13160,.T.);
#17233 = ORIENTED_EDGE('',*,*,#17234,.T.);
#17234 = EDGE_CURVE('',#13161,#14783,#17235,.T.);
#17235 = LINE('',#17236,#17237);
#17236 = CARTESIAN_POINT('',(199.595902,-17.21,-4.6E-02));
#17237 = VECTOR('',#17238,1.);
#17238 = DIRECTION('',(0.,0.,1.));
#17239 = ORIENTED_EDGE('',*,*,#14782,.F.);
#17240 = ORIENTED_EDGE('',*,*,#17234,.F.);
#17241 = CYLINDRICAL_SURFACE('',#17242,0.65);
#17242 = AXIS2_PLACEMENT_3D('',#17243,#17244,#17245);
#17243 = CARTESIAN_POINT('',(199.595902,-16.56,-4.6E-02));
#17244 = DIRECTION('',(-0.,-0.,-1.));
#17245 = DIRECTION('',(-0.,-1.,0.));
#17246 = ADVANCED_FACE('',(#17247),#17258,.F.);
#17247 = FACE_BOUND('',#17248,.T.);
#17248 = EDGE_LOOP('',(#17249,#17250,#17256,#17257));
#17249 = ORIENTED_EDGE('',*,*,#13171,.T.);
#17250 = ORIENTED_EDGE('',*,*,#17251,.T.);
#17251 = EDGE_CURVE('',#13172,#14794,#17252,.T.);
#17252 = LINE('',#17253,#17254);
#17253 = CARTESIAN_POINT('',(254.725,-16.65,-4.6E-02));
#17254 = VECTOR('',#17255,1.);
#17255 = DIRECTION('',(0.,0.,1.));
#17256 = ORIENTED_EDGE('',*,*,#14793,.F.);
#17257 = ORIENTED_EDGE('',*,*,#17251,.F.);
#17258 = CYLINDRICAL_SURFACE('',#17259,0.5);
#17259 = AXIS2_PLACEMENT_3D('',#17260,#17261,#17262);
#17260 = CARTESIAN_POINT('',(254.725,-16.15,-4.6E-02));
#17261 = DIRECTION('',(-0.,-0.,-1.));
#17262 = DIRECTION('',(-0.,-1.,0.));
#17263 = ADVANCED_FACE('',(#17264),#17275,.F.);
#17264 = FACE_BOUND('',#17265,.T.);
#17265 = EDGE_LOOP('',(#17266,#17267,#17273,#17274));
#17266 = ORIENTED_EDGE('',*,*,#13182,.T.);
#17267 = ORIENTED_EDGE('',*,*,#17268,.T.);
#17268 = EDGE_CURVE('',#13183,#14805,#17269,.T.);
#17269 = LINE('',#17270,#17271);
#17270 = CARTESIAN_POINT('',(257.265,-16.65,-4.6E-02));
#17271 = VECTOR('',#17272,1.);
#17272 = DIRECTION('',(0.,0.,1.));
#17273 = ORIENTED_EDGE('',*,*,#14804,.F.);
#17274 = ORIENTED_EDGE('',*,*,#17268,.F.);
#17275 = CYLINDRICAL_SURFACE('',#17276,0.5);
#17276 = AXIS2_PLACEMENT_3D('',#17277,#17278,#17279);
#17277 = CARTESIAN_POINT('',(257.265,-16.15,-4.6E-02));
#17278 = DIRECTION('',(-0.,-0.,-1.));
#17279 = DIRECTION('',(-0.,-1.,0.));
#17280 = ADVANCED_FACE('',(#17281),#17292,.F.);
#17281 = FACE_BOUND('',#17282,.T.);
#17282 = EDGE_LOOP('',(#17283,#17284,#17290,#17291));
#17283 = ORIENTED_EDGE('',*,*,#13193,.T.);
#17284 = ORIENTED_EDGE('',*,*,#17285,.T.);
#17285 = EDGE_CURVE('',#13194,#14816,#17286,.T.);
#17286 = LINE('',#17287,#17288);
#17287 = CARTESIAN_POINT('',(245.315902,-14.61,-4.6E-02));
#17288 = VECTOR('',#17289,1.);
#17289 = DIRECTION('',(0.,0.,1.));
#17290 = ORIENTED_EDGE('',*,*,#14815,.F.);
#17291 = ORIENTED_EDGE('',*,*,#17285,.F.);
#17292 = CYLINDRICAL_SURFACE('',#17293,0.65);
#17293 = AXIS2_PLACEMENT_3D('',#17294,#17295,#17296);
#17294 = CARTESIAN_POINT('',(245.315902,-13.96,-4.6E-02));
#17295 = DIRECTION('',(-0.,-0.,-1.));
#17296 = DIRECTION('',(-0.,-1.,0.));
#17297 = ADVANCED_FACE('',(#17298),#17309,.F.);
#17298 = FACE_BOUND('',#17299,.T.);
#17299 = EDGE_LOOP('',(#17300,#17301,#17307,#17308));
#17300 = ORIENTED_EDGE('',*,*,#13204,.T.);
#17301 = ORIENTED_EDGE('',*,*,#17302,.T.);
#17302 = EDGE_CURVE('',#13205,#14827,#17303,.T.);
#17303 = LINE('',#17304,#17305);
#17304 = CARTESIAN_POINT('',(254.725,-14.11,-4.6E-02));
#17305 = VECTOR('',#17306,1.);
#17306 = DIRECTION('',(0.,0.,1.));
#17307 = ORIENTED_EDGE('',*,*,#14826,.F.);
#17308 = ORIENTED_EDGE('',*,*,#17302,.F.);
#17309 = CYLINDRICAL_SURFACE('',#17310,0.5);
#17310 = AXIS2_PLACEMENT_3D('',#17311,#17312,#17313);
#17311 = CARTESIAN_POINT('',(254.725,-13.61,-4.6E-02));
#17312 = DIRECTION('',(-0.,-0.,-1.));
#17313 = DIRECTION('',(-0.,-1.,0.));
#17314 = ADVANCED_FACE('',(#17315),#17326,.F.);
#17315 = FACE_BOUND('',#17316,.T.);
#17316 = EDGE_LOOP('',(#17317,#17318,#17324,#17325));
#17317 = ORIENTED_EDGE('',*,*,#13215,.T.);
#17318 = ORIENTED_EDGE('',*,*,#17319,.T.);
#17319 = EDGE_CURVE('',#13216,#14838,#17320,.T.);
#17320 = LINE('',#17321,#17322);
#17321 = CARTESIAN_POINT('',(257.265,-14.11,-4.6E-02));
#17322 = VECTOR('',#17323,1.);
#17323 = DIRECTION('',(0.,0.,1.));
#17324 = ORIENTED_EDGE('',*,*,#14837,.F.);
#17325 = ORIENTED_EDGE('',*,*,#17319,.F.);
#17326 = CYLINDRICAL_SURFACE('',#17327,0.5);
#17327 = AXIS2_PLACEMENT_3D('',#17328,#17329,#17330);
#17328 = CARTESIAN_POINT('',(257.265,-13.61,-4.6E-02));
#17329 = DIRECTION('',(-0.,-0.,-1.));
#17330 = DIRECTION('',(-0.,-1.,0.));
#17331 = ADVANCED_FACE('',(#17332),#17343,.F.);
#17332 = FACE_BOUND('',#17333,.T.);
#17333 = EDGE_LOOP('',(#17334,#17335,#17341,#17342));
#17334 = ORIENTED_EDGE('',*,*,#13226,.T.);
#17335 = ORIENTED_EDGE('',*,*,#17336,.T.);
#17336 = EDGE_CURVE('',#13227,#14849,#17337,.T.);
#17337 = LINE('',#17338,#17339);
#17338 = CARTESIAN_POINT('',(167.025,-12.2,-4.6E-02));
#17339 = VECTOR('',#17340,1.);
#17340 = DIRECTION('',(0.,0.,1.));
#17341 = ORIENTED_EDGE('',*,*,#14848,.F.);
#17342 = ORIENTED_EDGE('',*,*,#17336,.F.);
#17343 = CYLINDRICAL_SURFACE('',#17344,1.);
#17344 = AXIS2_PLACEMENT_3D('',#17345,#17346,#17347);
#17345 = CARTESIAN_POINT('',(167.025,-11.2,-4.6E-02));
#17346 = DIRECTION('',(-0.,-0.,-1.));
#17347 = DIRECTION('',(-0.,-1.,0.));
#17348 = ADVANCED_FACE('',(#17349),#17360,.F.);
#17349 = FACE_BOUND('',#17350,.T.);
#17350 = EDGE_LOOP('',(#17351,#17352,#17358,#17359));
#17351 = ORIENTED_EDGE('',*,*,#13237,.T.);
#17352 = ORIENTED_EDGE('',*,*,#17353,.T.);
#17353 = EDGE_CURVE('',#13238,#14860,#17354,.T.);
#17354 = LINE('',#17355,#17356);
#17355 = CARTESIAN_POINT('',(180.,-8.15,-4.6E-02));
#17356 = VECTOR('',#17357,1.);
#17357 = DIRECTION('',(0.,0.,1.));
#17358 = ORIENTED_EDGE('',*,*,#14859,.F.);
#17359 = ORIENTED_EDGE('',*,*,#17353,.F.);
#17360 = CYLINDRICAL_SURFACE('',#17361,2.65);
#17361 = AXIS2_PLACEMENT_3D('',#17362,#17363,#17364);
#17362 = CARTESIAN_POINT('',(180.,-5.5,-4.6E-02));
#17363 = DIRECTION('',(-0.,-0.,-1.));
#17364 = DIRECTION('',(-0.,-1.,0.));
#17365 = ADVANCED_FACE('',(#17366),#17377,.F.);
#17366 = FACE_BOUND('',#17367,.T.);
#17367 = EDGE_LOOP('',(#17368,#17369,#17375,#17376));
#17368 = ORIENTED_EDGE('',*,*,#13248,.T.);
#17369 = ORIENTED_EDGE('',*,*,#17370,.T.);
#17370 = EDGE_CURVE('',#13249,#14871,#17371,.T.);
#17371 = LINE('',#17372,#17373);
#17372 = CARTESIAN_POINT('',(199.595902,-7.05,-4.6E-02));
#17373 = VECTOR('',#17374,1.);
#17374 = DIRECTION('',(0.,0.,1.));
#17375 = ORIENTED_EDGE('',*,*,#14870,.F.);
#17376 = ORIENTED_EDGE('',*,*,#17370,.F.);
#17377 = CYLINDRICAL_SURFACE('',#17378,0.65);
#17378 = AXIS2_PLACEMENT_3D('',#17379,#17380,#17381);
#17379 = CARTESIAN_POINT('',(199.595902,-6.4,-4.6E-02));
#17380 = DIRECTION('',(-0.,-0.,-1.));
#17381 = DIRECTION('',(-0.,-1.,0.));
#17382 = ADVANCED_FACE('',(#17383),#17394,.F.);
#17383 = FACE_BOUND('',#17384,.T.);
#17384 = EDGE_LOOP('',(#17385,#17386,#17392,#17393));
#17385 = ORIENTED_EDGE('',*,*,#13259,.T.);
#17386 = ORIENTED_EDGE('',*,*,#17387,.T.);
#17387 = EDGE_CURVE('',#13260,#14882,#17388,.T.);
#17388 = LINE('',#17389,#17390);
#17389 = CARTESIAN_POINT('',(254.5,-8.15,-4.6E-02));
#17390 = VECTOR('',#17391,1.);
#17391 = DIRECTION('',(0.,0.,1.));
#17392 = ORIENTED_EDGE('',*,*,#14881,.F.);
#17393 = ORIENTED_EDGE('',*,*,#17387,.F.);
#17394 = CYLINDRICAL_SURFACE('',#17395,2.65);
#17395 = AXIS2_PLACEMENT_3D('',#17396,#17397,#17398);
#17396 = CARTESIAN_POINT('',(254.5,-5.5,-4.6E-02));
#17397 = DIRECTION('',(-0.,-0.,-1.));
#17398 = DIRECTION('',(-0.,-1.,0.));
#17399 = ADVANCED_FACE('',(#17400),#17411,.F.);
#17400 = FACE_BOUND('',#17401,.T.);
#17401 = EDGE_LOOP('',(#17402,#17403,#17409,#17410));
#17402 = ORIENTED_EDGE('',*,*,#13270,.T.);
#17403 = ORIENTED_EDGE('',*,*,#17404,.T.);
#17404 = EDGE_CURVE('',#13271,#14893,#17405,.T.);
#17405 = LINE('',#17406,#17407);
#17406 = CARTESIAN_POINT('',(245.315902,-4.45,-4.6E-02));
#17407 = VECTOR('',#17408,1.);
#17408 = DIRECTION('',(0.,0.,1.));
#17409 = ORIENTED_EDGE('',*,*,#14892,.F.);
#17410 = ORIENTED_EDGE('',*,*,#17404,.F.);
#17411 = CYLINDRICAL_SURFACE('',#17412,0.65);
#17412 = AXIS2_PLACEMENT_3D('',#17413,#17414,#17415);
#17413 = CARTESIAN_POINT('',(245.315902,-3.8,-4.6E-02));
#17414 = DIRECTION('',(-0.,-0.,-1.));
#17415 = DIRECTION('',(-0.,-1.,0.));
#17416 = ( GEOMETRIC_REPRESENTATION_CONTEXT(3) 
GLOBAL_UNCERTAINTY_ASSIGNED_CONTEXT((#17420)) 
GLOBAL_UNIT_ASSIGNED_CONTEXT((#17417,#17418,#17419)) 
REPRESENTATION_CONTEXT('Context #1',
  '3D Context with UNIT and UNCERTAINTY') );
#17417 = ( LENGTH_UNIT() NAMED_UNIT(*) SI_UNIT(.MILLI.,.METRE.) );
#17418 = ( NAMED_UNIT(*) PLANE_ANGLE_UNIT() SI_UNIT($,.RADIAN.) );
#17419 = ( NAMED_UNIT(*) SI_UNIT($,.STERADIAN.) SOLID_ANGLE_UNIT() );
#17420 = UNCERTAINTY_MEASURE_WITH_UNIT(LENGTH_MEASURE(1.E-07),#17417,
  'distance_accuracy_value','confusion accuracy');
#17421 = CONTEXT_DEPENDENT_SHAPE_REPRESENTATION(#17422,#17424);
#17422 = ( REPRESENTATION_RELATIONSHIP('','',#11556,#10) 
REPRESENTATION_RELATIONSHIP_WITH_TRANSFORMATION(#17423) 
SHAPE_REPRESENTATION_RELATIONSHIP() );
#17423 = ITEM_DEFINED_TRANSFORMATION('','',#11,#31);
#17424 = PRODUCT_DEFINITION_SHAPE('Placement','Placement of an item',
  #17425);
#17425 = NEXT_ASSEMBLY_USAGE_OCCURRENCE('15','=>[0:1:1:15]','',#5,#11551
  ,$);
#17426 = PRODUCT_RELATED_PRODUCT_CATEGORY('part',$,(#11553));
#17427 = MECHANICAL_DESIGN_GEOMETRIC_PRESENTATION_REPRESENTATION('',(
    #17428,#17438,#17447,#17456,#17465,#17474,#17483,#17492,#17501,
    #17511,#17520,#17529,#17538,#17547,#17556,#17565,#17574,#17583,
    #17592,#17601,#17610,#17619,#17628,#17637,#17646,#17655,#17664,
    #17673,#17682,#17691,#17700,#17709,#17718,#17727,#17736,#17745,
    #17754,#17763,#17772,#17781,#17790,#17799,#17808,#17817,#17826,
    #17835,#17844,#17853,#17862,#17871,#17880,#17889,#17898,#17907,
    #17916,#17925,#17934,#17943,#17952,#17961,#17970,#17979,#17988,
    #17997,#18006,#18015,#18024,#18033,#18042,#18051,#18060,#18069,
    #18078,#18087,#18096,#18105,#18114,#18123,#18132,#18141,#18150,
    #18159,#18168,#18177,#18186,#18195,#18204,#18213,#18222,#18231,
    #18240,#18249,#18258,#18267,#18276,#18285,#18294,#18303,#18312,
    #18321,#18330,#18339,#18348,#18357,#18366,#18375,#18384,#18393,
    #18402,#18411,#18420,#18429,#18438,#18447,#18456,#18465,#18474,
    #18483,#18492,#18501,#18510,#18519,#18528,#18537,#18546,#18555,
    #18564,#18573,#18582,#18591,#18600,#18609,#18618,#18627,#18636,
    #18645,#18654,#18663,#18672,#18681,#18690,#18699,#18708,#18717,
    #18726,#18735,#18744,#18753,#18762,#18771,#18780,#18789,#18798,
    #18807,#18816,#18825,#18834,#18843,#18852,#18861,#18870,#18879,
    #18888,#18897,#18906,#18915,#18924,#18933,#18942,#18951,#18960,
    #18969,#18978,#18987,#18996,#19005,#19014,#19023,#19032,#19041,
    #19050,#19059,#19068,#19077,#19086,#19095,#19104,#19113,#19122,
    #19131,#19140,#19149,#19158,#19167,#19176,#19185,#19194,#19203,
    #19212,#19221,#19230,#19239,#19248,#19257,#19266,#19275,#19284,
    #19293,#19302,#19311,#19320,#19329,#19338,#19347,#19356,#19365,
    #19374,#19383,#19392,#19401,#19410,#19419,#19428,#19437,#19446,
    #19455,#19464,#19473,#19482,#19491,#19500,#19509,#19518,#19527,
    #19536,#19545,#19554,#19563,#19572,#19581,#19590,#19599,#19608,
    #19617,#19626,#19635,#19644,#19653,#19662,#19671,#19680,#19689,
    #19698,#19707,#19716,#19725,#19734,#19743,#19752,#19761,#19770,
    #19779,#19788,#19797,#19806,#19815,#19824,#19833,#19842,#19851,
    #19860,#19869,#19878,#19887,#19896,#19905,#19914,#19923,#19932,
    #19941,#19950,#19959),#11533);
#17428 = STYLED_ITEM('color',(#17429),#5045);
#17429 = PRESENTATION_STYLE_ASSIGNMENT((#17430,#17436));
#17430 = SURFACE_STYLE_USAGE(.BOTH.,#17431);
#17431 = SURFACE_SIDE_STYLE('',(#17432));
#17432 = SURFACE_STYLE_FILL_AREA(#17433);
#17433 = FILL_AREA_STYLE('',(#17434));
#17434 = FILL_AREA_STYLE_COLOUR('',#17435);
#17435 = COLOUR_RGB('',0.147999998088,0.145000001626,0.145000001626);
#17436 = CURVE_STYLE('',#17437,POSITIVE_LENGTH_MEASURE(0.1),#17435);
#17437 = DRAUGHTING_PRE_DEFINED_CURVE_FONT('continuous');
#17438 = STYLED_ITEM('color',(#17439),#5085);
#17439 = PRESENTATION_STYLE_ASSIGNMENT((#17440,#17445));
#17440 = SURFACE_STYLE_USAGE(.BOTH.,#17441);
#17441 = SURFACE_SIDE_STYLE('',(#17442));
#17442 = SURFACE_STYLE_FILL_AREA(#17443);
#17443 = FILL_AREA_STYLE('',(#17444));
#17444 = FILL_AREA_STYLE_COLOUR('',#17435);
#17445 = CURVE_STYLE('',#17446,POSITIVE_LENGTH_MEASURE(0.1),#17435);
#17446 = DRAUGHTING_PRE_DEFINED_CURVE_FONT('continuous');
#17447 = STYLED_ITEM('color',(#17448),#5148);
#17448 = PRESENTATION_STYLE_ASSIGNMENT((#17449,#17454));
#17449 = SURFACE_STYLE_USAGE(.BOTH.,#17450);
#17450 = SURFACE_SIDE_STYLE('',(#17451));
#17451 = SURFACE_STYLE_FILL_AREA(#17452);
#17452 = FILL_AREA_STYLE('',(#17453));
#17453 = FILL_AREA_STYLE_COLOUR('',#17435);
#17454 = CURVE_STYLE('',#17455,POSITIVE_LENGTH_MEASURE(0.1),#17435);
#17455 = DRAUGHTING_PRE_DEFINED_CURVE_FONT('continuous');
#17456 = STYLED_ITEM('color',(#17457),#5211);
#17457 = PRESENTATION_STYLE_ASSIGNMENT((#17458,#17463));
#17458 = SURFACE_STYLE_USAGE(.BOTH.,#17459);
#17459 = SURFACE_SIDE_STYLE('',(#17460));
#17460 = SURFACE_STYLE_FILL_AREA(#17461);
#17461 = FILL_AREA_STYLE('',(#17462));
#17462 = FILL_AREA_STYLE_COLOUR('',#17435);
#17463 = CURVE_STYLE('',#17464,POSITIVE_LENGTH_MEASURE(0.1),#17435);
#17464 = DRAUGHTING_PRE_DEFINED_CURVE_FONT('continuous');
#17465 = STYLED_ITEM('color',(#17466),#5228);
#17466 = PRESENTATION_STYLE_ASSIGNMENT((#17467,#17472));
#17467 = SURFACE_STYLE_USAGE(.BOTH.,#17468);
#17468 = SURFACE_SIDE_STYLE('',(#17469));
#17469 = SURFACE_STYLE_FILL_AREA(#17470);
#17470 = FILL_AREA_STYLE('',(#17471));
#17471 = FILL_AREA_STYLE_COLOUR('',#17435);
#17472 = CURVE_STYLE('',#17473,POSITIVE_LENGTH_MEASURE(0.1),#17435);
#17473 = DRAUGHTING_PRE_DEFINED_CURVE_FONT('continuous');
#17474 = STYLED_ITEM('color',(#17475),#5517);
#17475 = PRESENTATION_STYLE_ASSIGNMENT((#17476,#17481));
#17476 = SURFACE_STYLE_USAGE(.BOTH.,#17477);
#17477 = SURFACE_SIDE_STYLE('',(#17478));
#17478 = SURFACE_STYLE_FILL_AREA(#17479);
#17479 = FILL_AREA_STYLE('',(#17480));
#17480 = FILL_AREA_STYLE_COLOUR('',#17435);
#17481 = CURVE_STYLE('',#17482,POSITIVE_LENGTH_MEASURE(0.1),#17435);
#17482 = DRAUGHTING_PRE_DEFINED_CURVE_FONT('continuous');
#17483 = STYLED_ITEM('color',(#17484),#5539);
#17484 = PRESENTATION_STYLE_ASSIGNMENT((#17485,#17490));
#17485 = SURFACE_STYLE_USAGE(.BOTH.,#17486);
#17486 = SURFACE_SIDE_STYLE('',(#17487));
#17487 = SURFACE_STYLE_FILL_AREA(#17488);
#17488 = FILL_AREA_STYLE('',(#17489));
#17489 = FILL_AREA_STYLE_COLOUR('',#17435);
#17490 = CURVE_STYLE('',#17491,POSITIVE_LENGTH_MEASURE(0.1),#17435);
#17491 = DRAUGHTING_PRE_DEFINED_CURVE_FONT('continuous');
#17492 = STYLED_ITEM('color',(#17493),#5556);
#17493 = PRESENTATION_STYLE_ASSIGNMENT((#17494,#17499));
#17494 = SURFACE_STYLE_USAGE(.BOTH.,#17495);
#17495 = SURFACE_SIDE_STYLE('',(#17496));
#17496 = SURFACE_STYLE_FILL_AREA(#17497);
#17497 = FILL_AREA_STYLE('',(#17498));
#17498 = FILL_AREA_STYLE_COLOUR('',#17435);
#17499 = CURVE_STYLE('',#17500,POSITIVE_LENGTH_MEASURE(0.1),#17435);
#17500 = DRAUGHTING_PRE_DEFINED_CURVE_FONT('continuous');
#17501 = OVER_RIDING_STYLED_ITEM('overriding color',(#17502),#5589,
  #17492);
#17502 = PRESENTATION_STYLE_ASSIGNMENT((#17503,#17509));
#17503 = SURFACE_STYLE_USAGE(.BOTH.,#17504);
#17504 = SURFACE_SIDE_STYLE('',(#17505));
#17505 = SURFACE_STYLE_FILL_AREA(#17506);
#17506 = FILL_AREA_STYLE('',(#17507));
#17507 = FILL_AREA_STYLE_COLOUR('',#17508);
#17508 = COLOUR_RGB('',0.858999988747,0.738000004258,0.496000005009);
#17509 = CURVE_STYLE('',#17510,POSITIVE_LENGTH_MEASURE(0.1),#17508);
#17510 = DRAUGHTING_PRE_DEFINED_CURVE_FONT('continuous');
#17511 = OVER_RIDING_STYLED_ITEM('overriding color',(#17512),#5621,
  #17492);
#17512 = PRESENTATION_STYLE_ASSIGNMENT((#17513,#17518));
#17513 = SURFACE_STYLE_USAGE(.BOTH.,#17514);
#17514 = SURFACE_SIDE_STYLE('',(#17515));
#17515 = SURFACE_STYLE_FILL_AREA(#17516);
#17516 = FILL_AREA_STYLE('',(#17517));
#17517 = FILL_AREA_STYLE_COLOUR('',#17508);
#17518 = CURVE_STYLE('',#17519,POSITIVE_LENGTH_MEASURE(0.1),#17508);
#17519 = DRAUGHTING_PRE_DEFINED_CURVE_FONT('continuous');
#17520 = OVER_RIDING_STYLED_ITEM('overriding color',(#17521),#5655,
  #17492);
#17521 = PRESENTATION_STYLE_ASSIGNMENT((#17522,#17527));
#17522 = SURFACE_STYLE_USAGE(.BOTH.,#17523);
#17523 = SURFACE_SIDE_STYLE('',(#17524));
#17524 = SURFACE_STYLE_FILL_AREA(#17525);
#17525 = FILL_AREA_STYLE('',(#17526));
#17526 = FILL_AREA_STYLE_COLOUR('',#17508);
#17527 = CURVE_STYLE('',#17528,POSITIVE_LENGTH_MEASURE(0.1),#17508);
#17528 = DRAUGHTING_PRE_DEFINED_CURVE_FONT('continuous');
#17529 = OVER_RIDING_STYLED_ITEM('overriding color',(#17530),#5687,
  #17492);
#17530 = PRESENTATION_STYLE_ASSIGNMENT((#17531,#17536));
#17531 = SURFACE_STYLE_USAGE(.BOTH.,#17532);
#17532 = SURFACE_SIDE_STYLE('',(#17533));
#17533 = SURFACE_STYLE_FILL_AREA(#17534);
#17534 = FILL_AREA_STYLE('',(#17535));
#17535 = FILL_AREA_STYLE_COLOUR('',#17508);
#17536 = CURVE_STYLE('',#17537,POSITIVE_LENGTH_MEASURE(0.1),#17508);
#17537 = DRAUGHTING_PRE_DEFINED_CURVE_FONT('continuous');
#17538 = OVER_RIDING_STYLED_ITEM('overriding color',(#17539),#5721,
  #17492);
#17539 = PRESENTATION_STYLE_ASSIGNMENT((#17540,#17545));
#17540 = SURFACE_STYLE_USAGE(.BOTH.,#17541);
#17541 = SURFACE_SIDE_STYLE('',(#17542));
#17542 = SURFACE_STYLE_FILL_AREA(#17543);
#17543 = FILL_AREA_STYLE('',(#17544));
#17544 = FILL_AREA_STYLE_COLOUR('',#17508);
#17545 = CURVE_STYLE('',#17546,POSITIVE_LENGTH_MEASURE(0.1),#17508);
#17546 = DRAUGHTING_PRE_DEFINED_CURVE_FONT('continuous');
#17547 = OVER_RIDING_STYLED_ITEM('overriding color',(#17548),#5753,
  #17492);
#17548 = PRESENTATION_STYLE_ASSIGNMENT((#17549,#17554));
#17549 = SURFACE_STYLE_USAGE(.BOTH.,#17550);
#17550 = SURFACE_SIDE_STYLE('',(#17551));
#17551 = SURFACE_STYLE_FILL_AREA(#17552);
#17552 = FILL_AREA_STYLE('',(#17553));
#17553 = FILL_AREA_STYLE_COLOUR('',#17508);
#17554 = CURVE_STYLE('',#17555,POSITIVE_LENGTH_MEASURE(0.1),#17508);
#17555 = DRAUGHTING_PRE_DEFINED_CURVE_FONT('continuous');
#17556 = OVER_RIDING_STYLED_ITEM('overriding color',(#17557),#5787,
  #17492);
#17557 = PRESENTATION_STYLE_ASSIGNMENT((#17558,#17563));
#17558 = SURFACE_STYLE_USAGE(.BOTH.,#17559);
#17559 = SURFACE_SIDE_STYLE('',(#17560));
#17560 = SURFACE_STYLE_FILL_AREA(#17561);
#17561 = FILL_AREA_STYLE('',(#17562));
#17562 = FILL_AREA_STYLE_COLOUR('',#17508);
#17563 = CURVE_STYLE('',#17564,POSITIVE_LENGTH_MEASURE(0.1),#17508);
#17564 = DRAUGHTING_PRE_DEFINED_CURVE_FONT('continuous');
#17565 = OVER_RIDING_STYLED_ITEM('overriding color',(#17566),#5819,
  #17492);
#17566 = PRESENTATION_STYLE_ASSIGNMENT((#17567,#17572));
#17567 = SURFACE_STYLE_USAGE(.BOTH.,#17568);
#17568 = SURFACE_SIDE_STYLE('',(#17569));
#17569 = SURFACE_STYLE_FILL_AREA(#17570);
#17570 = FILL_AREA_STYLE('',(#17571));
#17571 = FILL_AREA_STYLE_COLOUR('',#17508);
#17572 = CURVE_STYLE('',#17573,POSITIVE_LENGTH_MEASURE(0.1),#17508);
#17573 = DRAUGHTING_PRE_DEFINED_CURVE_FONT('continuous');
#17574 = OVER_RIDING_STYLED_ITEM('overriding color',(#17575),#5853,
  #17492);
#17575 = PRESENTATION_STYLE_ASSIGNMENT((#17576,#17581));
#17576 = SURFACE_STYLE_USAGE(.BOTH.,#17577);
#17577 = SURFACE_SIDE_STYLE('',(#17578));
#17578 = SURFACE_STYLE_FILL_AREA(#17579);
#17579 = FILL_AREA_STYLE('',(#17580));
#17580 = FILL_AREA_STYLE_COLOUR('',#17508);
#17581 = CURVE_STYLE('',#17582,POSITIVE_LENGTH_MEASURE(0.1),#17508);
#17582 = DRAUGHTING_PRE_DEFINED_CURVE_FONT('continuous');
#17583 = OVER_RIDING_STYLED_ITEM('overriding color',(#17584),#5885,
  #17492);
#17584 = PRESENTATION_STYLE_ASSIGNMENT((#17585,#17590));
#17585 = SURFACE_STYLE_USAGE(.BOTH.,#17586);
#17586 = SURFACE_SIDE_STYLE('',(#17587));
#17587 = SURFACE_STYLE_FILL_AREA(#17588);
#17588 = FILL_AREA_STYLE('',(#17589));
#17589 = FILL_AREA_STYLE_COLOUR('',#17508);
#17590 = CURVE_STYLE('',#17591,POSITIVE_LENGTH_MEASURE(0.1),#17508);
#17591 = DRAUGHTING_PRE_DEFINED_CURVE_FONT('continuous');
#17592 = OVER_RIDING_STYLED_ITEM('overriding color',(#17593),#5919,
  #17492);
#17593 = PRESENTATION_STYLE_ASSIGNMENT((#17594,#17599));
#17594 = SURFACE_STYLE_USAGE(.BOTH.,#17595);
#17595 = SURFACE_SIDE_STYLE('',(#17596));
#17596 = SURFACE_STYLE_FILL_AREA(#17597);
#17597 = FILL_AREA_STYLE('',(#17598));
#17598 = FILL_AREA_STYLE_COLOUR('',#17508);
#17599 = CURVE_STYLE('',#17600,POSITIVE_LENGTH_MEASURE(0.1),#17508);
#17600 = DRAUGHTING_PRE_DEFINED_CURVE_FONT('continuous');
#17601 = OVER_RIDING_STYLED_ITEM('overriding color',(#17602),#5951,
  #17492);
#17602 = PRESENTATION_STYLE_ASSIGNMENT((#17603,#17608));
#17603 = SURFACE_STYLE_USAGE(.BOTH.,#17604);
#17604 = SURFACE_SIDE_STYLE('',(#17605));
#17605 = SURFACE_STYLE_FILL_AREA(#17606);
#17606 = FILL_AREA_STYLE('',(#17607));
#17607 = FILL_AREA_STYLE_COLOUR('',#17508);
#17608 = CURVE_STYLE('',#17609,POSITIVE_LENGTH_MEASURE(0.1),#17508);
#17609 = DRAUGHTING_PRE_DEFINED_CURVE_FONT('continuous');
#17610 = OVER_RIDING_STYLED_ITEM('overriding color',(#17611),#5985,
  #17492);
#17611 = PRESENTATION_STYLE_ASSIGNMENT((#17612,#17617));
#17612 = SURFACE_STYLE_USAGE(.BOTH.,#17613);
#17613 = SURFACE_SIDE_STYLE('',(#17614));
#17614 = SURFACE_STYLE_FILL_AREA(#17615);
#17615 = FILL_AREA_STYLE('',(#17616));
#17616 = FILL_AREA_STYLE_COLOUR('',#17508);
#17617 = CURVE_STYLE('',#17618,POSITIVE_LENGTH_MEASURE(0.1),#17508);
#17618 = DRAUGHTING_PRE_DEFINED_CURVE_FONT('continuous');
#17619 = OVER_RIDING_STYLED_ITEM('overriding color',(#17620),#6017,
  #17492);
#17620 = PRESENTATION_STYLE_ASSIGNMENT((#17621,#17626));
#17621 = SURFACE_STYLE_USAGE(.BOTH.,#17622);
#17622 = SURFACE_SIDE_STYLE('',(#17623));
#17623 = SURFACE_STYLE_FILL_AREA(#17624);
#17624 = FILL_AREA_STYLE('',(#17625));
#17625 = FILL_AREA_STYLE_COLOUR('',#17508);
#17626 = CURVE_STYLE('',#17627,POSITIVE_LENGTH_MEASURE(0.1),#17508);
#17627 = DRAUGHTING_PRE_DEFINED_CURVE_FONT('continuous');
#17628 = OVER_RIDING_STYLED_ITEM('overriding color',(#17629),#6051,
  #17492);
#17629 = PRESENTATION_STYLE_ASSIGNMENT((#17630,#17635));
#17630 = SURFACE_STYLE_USAGE(.BOTH.,#17631);
#17631 = SURFACE_SIDE_STYLE('',(#17632));
#17632 = SURFACE_STYLE_FILL_AREA(#17633);
#17633 = FILL_AREA_STYLE('',(#17634));
#17634 = FILL_AREA_STYLE_COLOUR('',#17508);
#17635 = CURVE_STYLE('',#17636,POSITIVE_LENGTH_MEASURE(0.1),#17508);
#17636 = DRAUGHTING_PRE_DEFINED_CURVE_FONT('continuous');
#17637 = OVER_RIDING_STYLED_ITEM('overriding color',(#17638),#6083,
  #17492);
#17638 = PRESENTATION_STYLE_ASSIGNMENT((#17639,#17644));
#17639 = SURFACE_STYLE_USAGE(.BOTH.,#17640);
#17640 = SURFACE_SIDE_STYLE('',(#17641));
#17641 = SURFACE_STYLE_FILL_AREA(#17642);
#17642 = FILL_AREA_STYLE('',(#17643));
#17643 = FILL_AREA_STYLE_COLOUR('',#17508);
#17644 = CURVE_STYLE('',#17645,POSITIVE_LENGTH_MEASURE(0.1),#17508);
#17645 = DRAUGHTING_PRE_DEFINED_CURVE_FONT('continuous');
#17646 = STYLED_ITEM('color',(#17647),#6101);
#17647 = PRESENTATION_STYLE_ASSIGNMENT((#17648,#17653));
#17648 = SURFACE_STYLE_USAGE(.BOTH.,#17649);
#17649 = SURFACE_SIDE_STYLE('',(#17650));
#17650 = SURFACE_STYLE_FILL_AREA(#17651);
#17651 = FILL_AREA_STYLE('',(#17652));
#17652 = FILL_AREA_STYLE_COLOUR('',#17435);
#17653 = CURVE_STYLE('',#17654,POSITIVE_LENGTH_MEASURE(0.1),#17435);
#17654 = DRAUGHTING_PRE_DEFINED_CURVE_FONT('continuous');
#17655 = STYLED_ITEM('color',(#17656),#6113);
#17656 = PRESENTATION_STYLE_ASSIGNMENT((#17657,#17662));
#17657 = SURFACE_STYLE_USAGE(.BOTH.,#17658);
#17658 = SURFACE_SIDE_STYLE('',(#17659));
#17659 = SURFACE_STYLE_FILL_AREA(#17660);
#17660 = FILL_AREA_STYLE('',(#17661));
#17661 = FILL_AREA_STYLE_COLOUR('',#17435);
#17662 = CURVE_STYLE('',#17663,POSITIVE_LENGTH_MEASURE(0.1),#17435);
#17663 = DRAUGHTING_PRE_DEFINED_CURVE_FONT('continuous');
#17664 = STYLED_ITEM('color',(#17665),#6125);
#17665 = PRESENTATION_STYLE_ASSIGNMENT((#17666,#17671));
#17666 = SURFACE_STYLE_USAGE(.BOTH.,#17667);
#17667 = SURFACE_SIDE_STYLE('',(#17668));
#17668 = SURFACE_STYLE_FILL_AREA(#17669);
#17669 = FILL_AREA_STYLE('',(#17670));
#17670 = FILL_AREA_STYLE_COLOUR('',#17435);
#17671 = CURVE_STYLE('',#17672,POSITIVE_LENGTH_MEASURE(0.1),#17435);
#17672 = DRAUGHTING_PRE_DEFINED_CURVE_FONT('continuous');
#17673 = STYLED_ITEM('color',(#17674),#6156);
#17674 = PRESENTATION_STYLE_ASSIGNMENT((#17675,#17680));
#17675 = SURFACE_STYLE_USAGE(.BOTH.,#17676);
#17676 = SURFACE_SIDE_STYLE('',(#17677));
#17677 = SURFACE_STYLE_FILL_AREA(#17678);
#17678 = FILL_AREA_STYLE('',(#17679));
#17679 = FILL_AREA_STYLE_COLOUR('',#17435);
#17680 = CURVE_STYLE('',#17681,POSITIVE_LENGTH_MEASURE(0.1),#17435);
#17681 = DRAUGHTING_PRE_DEFINED_CURVE_FONT('continuous');
#17682 = STYLED_ITEM('color',(#17683),#6180);
#17683 = PRESENTATION_STYLE_ASSIGNMENT((#17684,#17689));
#17684 = SURFACE_STYLE_USAGE(.BOTH.,#17685);
#17685 = SURFACE_SIDE_STYLE('',(#17686));
#17686 = SURFACE_STYLE_FILL_AREA(#17687);
#17687 = FILL_AREA_STYLE('',(#17688));
#17688 = FILL_AREA_STYLE_COLOUR('',#17435);
#17689 = CURVE_STYLE('',#17690,POSITIVE_LENGTH_MEASURE(0.1),#17435);
#17690 = DRAUGHTING_PRE_DEFINED_CURVE_FONT('continuous');
#17691 = STYLED_ITEM('color',(#17692),#6204);
#17692 = PRESENTATION_STYLE_ASSIGNMENT((#17693,#17698));
#17693 = SURFACE_STYLE_USAGE(.BOTH.,#17694);
#17694 = SURFACE_SIDE_STYLE('',(#17695));
#17695 = SURFACE_STYLE_FILL_AREA(#17696);
#17696 = FILL_AREA_STYLE('',(#17697));
#17697 = FILL_AREA_STYLE_COLOUR('',#17435);
#17698 = CURVE_STYLE('',#17699,POSITIVE_LENGTH_MEASURE(0.1),#17435);
#17699 = DRAUGHTING_PRE_DEFINED_CURVE_FONT('continuous');
#17700 = STYLED_ITEM('color',(#17701),#6221);
#17701 = PRESENTATION_STYLE_ASSIGNMENT((#17702,#17707));
#17702 = SURFACE_STYLE_USAGE(.BOTH.,#17703);
#17703 = SURFACE_SIDE_STYLE('',(#17704));
#17704 = SURFACE_STYLE_FILL_AREA(#17705);
#17705 = FILL_AREA_STYLE('',(#17706));
#17706 = FILL_AREA_STYLE_COLOUR('',#17435);
#17707 = CURVE_STYLE('',#17708,POSITIVE_LENGTH_MEASURE(0.1),#17435);
#17708 = DRAUGHTING_PRE_DEFINED_CURVE_FONT('continuous');
#17709 = STYLED_ITEM('color',(#17710),#6252);
#17710 = PRESENTATION_STYLE_ASSIGNMENT((#17711,#17716));
#17711 = SURFACE_STYLE_USAGE(.BOTH.,#17712);
#17712 = SURFACE_SIDE_STYLE('',(#17713));
#17713 = SURFACE_STYLE_FILL_AREA(#17714);
#17714 = FILL_AREA_STYLE('',(#17715));
#17715 = FILL_AREA_STYLE_COLOUR('',#17435);
#17716 = CURVE_STYLE('',#17717,POSITIVE_LENGTH_MEASURE(0.1),#17435);
#17717 = DRAUGHTING_PRE_DEFINED_CURVE_FONT('continuous');
#17718 = STYLED_ITEM('color',(#17719),#6276);
#17719 = PRESENTATION_STYLE_ASSIGNMENT((#17720,#17725));
#17720 = SURFACE_STYLE_USAGE(.BOTH.,#17721);
#17721 = SURFACE_SIDE_STYLE('',(#17722));
#17722 = SURFACE_STYLE_FILL_AREA(#17723);
#17723 = FILL_AREA_STYLE('',(#17724));
#17724 = FILL_AREA_STYLE_COLOUR('',#17435);
#17725 = CURVE_STYLE('',#17726,POSITIVE_LENGTH_MEASURE(0.1),#17435);
#17726 = DRAUGHTING_PRE_DEFINED_CURVE_FONT('continuous');
#17727 = STYLED_ITEM('color',(#17728),#6300);
#17728 = PRESENTATION_STYLE_ASSIGNMENT((#17729,#17734));
#17729 = SURFACE_STYLE_USAGE(.BOTH.,#17730);
#17730 = SURFACE_SIDE_STYLE('',(#17731));
#17731 = SURFACE_STYLE_FILL_AREA(#17732);
#17732 = FILL_AREA_STYLE('',(#17733));
#17733 = FILL_AREA_STYLE_COLOUR('',#17435);
#17734 = CURVE_STYLE('',#17735,POSITIVE_LENGTH_MEASURE(0.1),#17435);
#17735 = DRAUGHTING_PRE_DEFINED_CURVE_FONT('continuous');
#17736 = STYLED_ITEM('color',(#17737),#6317);
#17737 = PRESENTATION_STYLE_ASSIGNMENT((#17738,#17743));
#17738 = SURFACE_STYLE_USAGE(.BOTH.,#17739);
#17739 = SURFACE_SIDE_STYLE('',(#17740));
#17740 = SURFACE_STYLE_FILL_AREA(#17741);
#17741 = FILL_AREA_STYLE('',(#17742));
#17742 = FILL_AREA_STYLE_COLOUR('',#17435);
#17743 = CURVE_STYLE('',#17744,POSITIVE_LENGTH_MEASURE(0.1),#17435);
#17744 = DRAUGHTING_PRE_DEFINED_CURVE_FONT('continuous');
#17745 = STYLED_ITEM('color',(#17746),#6348);
#17746 = PRESENTATION_STYLE_ASSIGNMENT((#17747,#17752));
#17747 = SURFACE_STYLE_USAGE(.BOTH.,#17748);
#17748 = SURFACE_SIDE_STYLE('',(#17749));
#17749 = SURFACE_STYLE_FILL_AREA(#17750);
#17750 = FILL_AREA_STYLE('',(#17751));
#17751 = FILL_AREA_STYLE_COLOUR('',#17435);
#17752 = CURVE_STYLE('',#17753,POSITIVE_LENGTH_MEASURE(0.1),#17435);
#17753 = DRAUGHTING_PRE_DEFINED_CURVE_FONT('continuous');
#17754 = STYLED_ITEM('color',(#17755),#6372);
#17755 = PRESENTATION_STYLE_ASSIGNMENT((#17756,#17761));
#17756 = SURFACE_STYLE_USAGE(.BOTH.,#17757);
#17757 = SURFACE_SIDE_STYLE('',(#17758));
#17758 = SURFACE_STYLE_FILL_AREA(#17759);
#17759 = FILL_AREA_STYLE('',(#17760));
#17760 = FILL_AREA_STYLE_COLOUR('',#17435);
#17761 = CURVE_STYLE('',#17762,POSITIVE_LENGTH_MEASURE(0.1),#17435);
#17762 = DRAUGHTING_PRE_DEFINED_CURVE_FONT('continuous');
#17763 = STYLED_ITEM('color',(#17764),#6396);
#17764 = PRESENTATION_STYLE_ASSIGNMENT((#17765,#17770));
#17765 = SURFACE_STYLE_USAGE(.BOTH.,#17766);
#17766 = SURFACE_SIDE_STYLE('',(#17767));
#17767 = SURFACE_STYLE_FILL_AREA(#17768);
#17768 = FILL_AREA_STYLE('',(#17769));
#17769 = FILL_AREA_STYLE_COLOUR('',#17435);
#17770 = CURVE_STYLE('',#17771,POSITIVE_LENGTH_MEASURE(0.1),#17435);
#17771 = DRAUGHTING_PRE_DEFINED_CURVE_FONT('continuous');
#17772 = STYLED_ITEM('color',(#17773),#6413);
#17773 = PRESENTATION_STYLE_ASSIGNMENT((#17774,#17779));
#17774 = SURFACE_STYLE_USAGE(.BOTH.,#17775);
#17775 = SURFACE_SIDE_STYLE('',(#17776));
#17776 = SURFACE_STYLE_FILL_AREA(#17777);
#17777 = FILL_AREA_STYLE('',(#17778));
#17778 = FILL_AREA_STYLE_COLOUR('',#17435);
#17779 = CURVE_STYLE('',#17780,POSITIVE_LENGTH_MEASURE(0.1),#17435);
#17780 = DRAUGHTING_PRE_DEFINED_CURVE_FONT('continuous');
#17781 = STYLED_ITEM('color',(#17782),#6444);
#17782 = PRESENTATION_STYLE_ASSIGNMENT((#17783,#17788));
#17783 = SURFACE_STYLE_USAGE(.BOTH.,#17784);
#17784 = SURFACE_SIDE_STYLE('',(#17785));
#17785 = SURFACE_STYLE_FILL_AREA(#17786);
#17786 = FILL_AREA_STYLE('',(#17787));
#17787 = FILL_AREA_STYLE_COLOUR('',#17435);
#17788 = CURVE_STYLE('',#17789,POSITIVE_LENGTH_MEASURE(0.1),#17435);
#17789 = DRAUGHTING_PRE_DEFINED_CURVE_FONT('continuous');
#17790 = STYLED_ITEM('color',(#17791),#6468);
#17791 = PRESENTATION_STYLE_ASSIGNMENT((#17792,#17797));
#17792 = SURFACE_STYLE_USAGE(.BOTH.,#17793);
#17793 = SURFACE_SIDE_STYLE('',(#17794));
#17794 = SURFACE_STYLE_FILL_AREA(#17795);
#17795 = FILL_AREA_STYLE('',(#17796));
#17796 = FILL_AREA_STYLE_COLOUR('',#17435);
#17797 = CURVE_STYLE('',#17798,POSITIVE_LENGTH_MEASURE(0.1),#17435);
#17798 = DRAUGHTING_PRE_DEFINED_CURVE_FONT('continuous');
#17799 = STYLED_ITEM('color',(#17800),#6492);
#17800 = PRESENTATION_STYLE_ASSIGNMENT((#17801,#17806));
#17801 = SURFACE_STYLE_USAGE(.BOTH.,#17802);
#17802 = SURFACE_SIDE_STYLE('',(#17803));
#17803 = SURFACE_STYLE_FILL_AREA(#17804);
#17804 = FILL_AREA_STYLE('',(#17805));
#17805 = FILL_AREA_STYLE_COLOUR('',#17435);
#17806 = CURVE_STYLE('',#17807,POSITIVE_LENGTH_MEASURE(0.1),#17435);
#17807 = DRAUGHTING_PRE_DEFINED_CURVE_FONT('continuous');
#17808 = STYLED_ITEM('color',(#17809),#6509);
#17809 = PRESENTATION_STYLE_ASSIGNMENT((#17810,#17815));
#17810 = SURFACE_STYLE_USAGE(.BOTH.,#17811);
#17811 = SURFACE_SIDE_STYLE('',(#17812));
#17812 = SURFACE_STYLE_FILL_AREA(#17813);
#17813 = FILL_AREA_STYLE('',(#17814));
#17814 = FILL_AREA_STYLE_COLOUR('',#17435);
#17815 = CURVE_STYLE('',#17816,POSITIVE_LENGTH_MEASURE(0.1),#17435);
#17816 = DRAUGHTING_PRE_DEFINED_CURVE_FONT('continuous');
#17817 = STYLED_ITEM('color',(#17818),#6540);
#17818 = PRESENTATION_STYLE_ASSIGNMENT((#17819,#17824));
#17819 = SURFACE_STYLE_USAGE(.BOTH.,#17820);
#17820 = SURFACE_SIDE_STYLE('',(#17821));
#17821 = SURFACE_STYLE_FILL_AREA(#17822);
#17822 = FILL_AREA_STYLE('',(#17823));
#17823 = FILL_AREA_STYLE_COLOUR('',#17435);
#17824 = CURVE_STYLE('',#17825,POSITIVE_LENGTH_MEASURE(0.1),#17435);
#17825 = DRAUGHTING_PRE_DEFINED_CURVE_FONT('continuous');
#17826 = STYLED_ITEM('color',(#17827),#6564);
#17827 = PRESENTATION_STYLE_ASSIGNMENT((#17828,#17833));
#17828 = SURFACE_STYLE_USAGE(.BOTH.,#17829);
#17829 = SURFACE_SIDE_STYLE('',(#17830));
#17830 = SURFACE_STYLE_FILL_AREA(#17831);
#17831 = FILL_AREA_STYLE('',(#17832));
#17832 = FILL_AREA_STYLE_COLOUR('',#17435);
#17833 = CURVE_STYLE('',#17834,POSITIVE_LENGTH_MEASURE(0.1),#17435);
#17834 = DRAUGHTING_PRE_DEFINED_CURVE_FONT('continuous');
#17835 = STYLED_ITEM('color',(#17836),#6588);
#17836 = PRESENTATION_STYLE_ASSIGNMENT((#17837,#17842));
#17837 = SURFACE_STYLE_USAGE(.BOTH.,#17838);
#17838 = SURFACE_SIDE_STYLE('',(#17839));
#17839 = SURFACE_STYLE_FILL_AREA(#17840);
#17840 = FILL_AREA_STYLE('',(#17841));
#17841 = FILL_AREA_STYLE_COLOUR('',#17435);
#17842 = CURVE_STYLE('',#17843,POSITIVE_LENGTH_MEASURE(0.1),#17435);
#17843 = DRAUGHTING_PRE_DEFINED_CURVE_FONT('continuous');
#17844 = STYLED_ITEM('color',(#17845),#6605);
#17845 = PRESENTATION_STYLE_ASSIGNMENT((#17846,#17851));
#17846 = SURFACE_STYLE_USAGE(.BOTH.,#17847);
#17847 = SURFACE_SIDE_STYLE('',(#17848));
#17848 = SURFACE_STYLE_FILL_AREA(#17849);
#17849 = FILL_AREA_STYLE('',(#17850));
#17850 = FILL_AREA_STYLE_COLOUR('',#17435);
#17851 = CURVE_STYLE('',#17852,POSITIVE_LENGTH_MEASURE(0.1),#17435);
#17852 = DRAUGHTING_PRE_DEFINED_CURVE_FONT('continuous');
#17853 = STYLED_ITEM('color',(#17854),#6636);
#17854 = PRESENTATION_STYLE_ASSIGNMENT((#17855,#17860));
#17855 = SURFACE_STYLE_USAGE(.BOTH.,#17856);
#17856 = SURFACE_SIDE_STYLE('',(#17857));
#17857 = SURFACE_STYLE_FILL_AREA(#17858);
#17858 = FILL_AREA_STYLE('',(#17859));
#17859 = FILL_AREA_STYLE_COLOUR('',#17435);
#17860 = CURVE_STYLE('',#17861,POSITIVE_LENGTH_MEASURE(0.1),#17435);
#17861 = DRAUGHTING_PRE_DEFINED_CURVE_FONT('continuous');
#17862 = STYLED_ITEM('color',(#17863),#6660);
#17863 = PRESENTATION_STYLE_ASSIGNMENT((#17864,#17869));
#17864 = SURFACE_STYLE_USAGE(.BOTH.,#17865);
#17865 = SURFACE_SIDE_STYLE('',(#17866));
#17866 = SURFACE_STYLE_FILL_AREA(#17867);
#17867 = FILL_AREA_STYLE('',(#17868));
#17868 = FILL_AREA_STYLE_COLOUR('',#17435);
#17869 = CURVE_STYLE('',#17870,POSITIVE_LENGTH_MEASURE(0.1),#17435);
#17870 = DRAUGHTING_PRE_DEFINED_CURVE_FONT('continuous');
#17871 = STYLED_ITEM('color',(#17872),#6684);
#17872 = PRESENTATION_STYLE_ASSIGNMENT((#17873,#17878));
#17873 = SURFACE_STYLE_USAGE(.BOTH.,#17874);
#17874 = SURFACE_SIDE_STYLE('',(#17875));
#17875 = SURFACE_STYLE_FILL_AREA(#17876);
#17876 = FILL_AREA_STYLE('',(#17877));
#17877 = FILL_AREA_STYLE_COLOUR('',#17435);
#17878 = CURVE_STYLE('',#17879,POSITIVE_LENGTH_MEASURE(0.1),#17435);
#17879 = DRAUGHTING_PRE_DEFINED_CURVE_FONT('continuous');
#17880 = STYLED_ITEM('color',(#17881),#6701);
#17881 = PRESENTATION_STYLE_ASSIGNMENT((#17882,#17887));
#17882 = SURFACE_STYLE_USAGE(.BOTH.,#17883);
#17883 = SURFACE_SIDE_STYLE('',(#17884));
#17884 = SURFACE_STYLE_FILL_AREA(#17885);
#17885 = FILL_AREA_STYLE('',(#17886));
#17886 = FILL_AREA_STYLE_COLOUR('',#17435);
#17887 = CURVE_STYLE('',#17888,POSITIVE_LENGTH_MEASURE(0.1),#17435);
#17888 = DRAUGHTING_PRE_DEFINED_CURVE_FONT('continuous');
#17889 = STYLED_ITEM('color',(#17890),#6732);
#17890 = PRESENTATION_STYLE_ASSIGNMENT((#17891,#17896));
#17891 = SURFACE_STYLE_USAGE(.BOTH.,#17892);
#17892 = SURFACE_SIDE_STYLE('',(#17893));
#17893 = SURFACE_STYLE_FILL_AREA(#17894);
#17894 = FILL_AREA_STYLE('',(#17895));
#17895 = FILL_AREA_STYLE_COLOUR('',#17435);
#17896 = CURVE_STYLE('',#17897,POSITIVE_LENGTH_MEASURE(0.1),#17435);
#17897 = DRAUGHTING_PRE_DEFINED_CURVE_FONT('continuous');
#17898 = STYLED_ITEM('color',(#17899),#6756);
#17899 = PRESENTATION_STYLE_ASSIGNMENT((#17900,#17905));
#17900 = SURFACE_STYLE_USAGE(.BOTH.,#17901);
#17901 = SURFACE_SIDE_STYLE('',(#17902));
#17902 = SURFACE_STYLE_FILL_AREA(#17903);
#17903 = FILL_AREA_STYLE('',(#17904));
#17904 = FILL_AREA_STYLE_COLOUR('',#17435);
#17905 = CURVE_STYLE('',#17906,POSITIVE_LENGTH_MEASURE(0.1),#17435);
#17906 = DRAUGHTING_PRE_DEFINED_CURVE_FONT('continuous');
#17907 = STYLED_ITEM('color',(#17908),#6780);
#17908 = PRESENTATION_STYLE_ASSIGNMENT((#17909,#17914));
#17909 = SURFACE_STYLE_USAGE(.BOTH.,#17910);
#17910 = SURFACE_SIDE_STYLE('',(#17911));
#17911 = SURFACE_STYLE_FILL_AREA(#17912);
#17912 = FILL_AREA_STYLE('',(#17913));
#17913 = FILL_AREA_STYLE_COLOUR('',#17435);
#17914 = CURVE_STYLE('',#17915,POSITIVE_LENGTH_MEASURE(0.1),#17435);
#17915 = DRAUGHTING_PRE_DEFINED_CURVE_FONT('continuous');
#17916 = STYLED_ITEM('color',(#17917),#6797);
#17917 = PRESENTATION_STYLE_ASSIGNMENT((#17918,#17923));
#17918 = SURFACE_STYLE_USAGE(.BOTH.,#17919);
#17919 = SURFACE_SIDE_STYLE('',(#17920));
#17920 = SURFACE_STYLE_FILL_AREA(#17921);
#17921 = FILL_AREA_STYLE('',(#17922));
#17922 = FILL_AREA_STYLE_COLOUR('',#17435);
#17923 = CURVE_STYLE('',#17924,POSITIVE_LENGTH_MEASURE(0.1),#17435);
#17924 = DRAUGHTING_PRE_DEFINED_CURVE_FONT('continuous');
#17925 = STYLED_ITEM('color',(#17926),#6828);
#17926 = PRESENTATION_STYLE_ASSIGNMENT((#17927,#17932));
#17927 = SURFACE_STYLE_USAGE(.BOTH.,#17928);
#17928 = SURFACE_SIDE_STYLE('',(#17929));
#17929 = SURFACE_STYLE_FILL_AREA(#17930);
#17930 = FILL_AREA_STYLE('',(#17931));
#17931 = FILL_AREA_STYLE_COLOUR('',#17435);
#17932 = CURVE_STYLE('',#17933,POSITIVE_LENGTH_MEASURE(0.1),#17435);
#17933 = DRAUGHTING_PRE_DEFINED_CURVE_FONT('continuous');
#17934 = STYLED_ITEM('color',(#17935),#6852);
#17935 = PRESENTATION_STYLE_ASSIGNMENT((#17936,#17941));
#17936 = SURFACE_STYLE_USAGE(.BOTH.,#17937);
#17937 = SURFACE_SIDE_STYLE('',(#17938));
#17938 = SURFACE_STYLE_FILL_AREA(#17939);
#17939 = FILL_AREA_STYLE('',(#17940));
#17940 = FILL_AREA_STYLE_COLOUR('',#17435);
#17941 = CURVE_STYLE('',#17942,POSITIVE_LENGTH_MEASURE(0.1),#17435);
#17942 = DRAUGHTING_PRE_DEFINED_CURVE_FONT('continuous');
#17943 = STYLED_ITEM('color',(#17944),#6876);
#17944 = PRESENTATION_STYLE_ASSIGNMENT((#17945,#17950));
#17945 = SURFACE_STYLE_USAGE(.BOTH.,#17946);
#17946 = SURFACE_SIDE_STYLE('',(#17947));
#17947 = SURFACE_STYLE_FILL_AREA(#17948);
#17948 = FILL_AREA_STYLE('',(#17949));
#17949 = FILL_AREA_STYLE_COLOUR('',#17435);
#17950 = CURVE_STYLE('',#17951,POSITIVE_LENGTH_MEASURE(0.1),#17435);
#17951 = DRAUGHTING_PRE_DEFINED_CURVE_FONT('continuous');
#17952 = STYLED_ITEM('color',(#17953),#6893);
#17953 = PRESENTATION_STYLE_ASSIGNMENT((#17954,#17959));
#17954 = SURFACE_STYLE_USAGE(.BOTH.,#17955);
#17955 = SURFACE_SIDE_STYLE('',(#17956));
#17956 = SURFACE_STYLE_FILL_AREA(#17957);
#17957 = FILL_AREA_STYLE('',(#17958));
#17958 = FILL_AREA_STYLE_COLOUR('',#17508);
#17959 = CURVE_STYLE('',#17960,POSITIVE_LENGTH_MEASURE(0.1),#17508);
#17960 = DRAUGHTING_PRE_DEFINED_CURVE_FONT('continuous');
#17961 = STYLED_ITEM('color',(#17962),#6910);
#17962 = PRESENTATION_STYLE_ASSIGNMENT((#17963,#17968));
#17963 = SURFACE_STYLE_USAGE(.BOTH.,#17964);
#17964 = SURFACE_SIDE_STYLE('',(#17965));
#17965 = SURFACE_STYLE_FILL_AREA(#17966);
#17966 = FILL_AREA_STYLE('',(#17967));
#17967 = FILL_AREA_STYLE_COLOUR('',#17508);
#17968 = CURVE_STYLE('',#17969,POSITIVE_LENGTH_MEASURE(0.1),#17508);
#17969 = DRAUGHTING_PRE_DEFINED_CURVE_FONT('continuous');
#17970 = STYLED_ITEM('color',(#17971),#6957);
#17971 = PRESENTATION_STYLE_ASSIGNMENT((#17972,#17977));
#17972 = SURFACE_STYLE_USAGE(.BOTH.,#17973);
#17973 = SURFACE_SIDE_STYLE('',(#17974));
#17974 = SURFACE_STYLE_FILL_AREA(#17975);
#17975 = FILL_AREA_STYLE('',(#17976));
#17976 = FILL_AREA_STYLE_COLOUR('',#17508);
#17977 = CURVE_STYLE('',#17978,POSITIVE_LENGTH_MEASURE(0.1),#17508);
#17978 = DRAUGHTING_PRE_DEFINED_CURVE_FONT('continuous');
#17979 = STYLED_ITEM('color',(#17980),#6974);
#17980 = PRESENTATION_STYLE_ASSIGNMENT((#17981,#17986));
#17981 = SURFACE_STYLE_USAGE(.BOTH.,#17982);
#17982 = SURFACE_SIDE_STYLE('',(#17983));
#17983 = SURFACE_STYLE_FILL_AREA(#17984);
#17984 = FILL_AREA_STYLE('',(#17985));
#17985 = FILL_AREA_STYLE_COLOUR('',#17508);
#17986 = CURVE_STYLE('',#17987,POSITIVE_LENGTH_MEASURE(0.1),#17508);
#17987 = DRAUGHTING_PRE_DEFINED_CURVE_FONT('continuous');
#17988 = STYLED_ITEM('color',(#17989),#7021);
#17989 = PRESENTATION_STYLE_ASSIGNMENT((#17990,#17995));
#17990 = SURFACE_STYLE_USAGE(.BOTH.,#17991);
#17991 = SURFACE_SIDE_STYLE('',(#17992));
#17992 = SURFACE_STYLE_FILL_AREA(#17993);
#17993 = FILL_AREA_STYLE('',(#17994));
#17994 = FILL_AREA_STYLE_COLOUR('',#17508);
#17995 = CURVE_STYLE('',#17996,POSITIVE_LENGTH_MEASURE(0.1),#17508);
#17996 = DRAUGHTING_PRE_DEFINED_CURVE_FONT('continuous');
#17997 = STYLED_ITEM('color',(#17998),#7038);
#17998 = PRESENTATION_STYLE_ASSIGNMENT((#17999,#18004));
#17999 = SURFACE_STYLE_USAGE(.BOTH.,#18000);
#18000 = SURFACE_SIDE_STYLE('',(#18001));
#18001 = SURFACE_STYLE_FILL_AREA(#18002);
#18002 = FILL_AREA_STYLE('',(#18003));
#18003 = FILL_AREA_STYLE_COLOUR('',#17508);
#18004 = CURVE_STYLE('',#18005,POSITIVE_LENGTH_MEASURE(0.1),#17508);
#18005 = DRAUGHTING_PRE_DEFINED_CURVE_FONT('continuous');
#18006 = STYLED_ITEM('color',(#18007),#7085);
#18007 = PRESENTATION_STYLE_ASSIGNMENT((#18008,#18013));
#18008 = SURFACE_STYLE_USAGE(.BOTH.,#18009);
#18009 = SURFACE_SIDE_STYLE('',(#18010));
#18010 = SURFACE_STYLE_FILL_AREA(#18011);
#18011 = FILL_AREA_STYLE('',(#18012));
#18012 = FILL_AREA_STYLE_COLOUR('',#17508);
#18013 = CURVE_STYLE('',#18014,POSITIVE_LENGTH_MEASURE(0.1),#17508);
#18014 = DRAUGHTING_PRE_DEFINED_CURVE_FONT('continuous');
#18015 = STYLED_ITEM('color',(#18016),#7102);
#18016 = PRESENTATION_STYLE_ASSIGNMENT((#18017,#18022));
#18017 = SURFACE_STYLE_USAGE(.BOTH.,#18018);
#18018 = SURFACE_SIDE_STYLE('',(#18019));
#18019 = SURFACE_STYLE_FILL_AREA(#18020);
#18020 = FILL_AREA_STYLE('',(#18021));
#18021 = FILL_AREA_STYLE_COLOUR('',#17508);
#18022 = CURVE_STYLE('',#18023,POSITIVE_LENGTH_MEASURE(0.1),#17508);
#18023 = DRAUGHTING_PRE_DEFINED_CURVE_FONT('continuous');
#18024 = STYLED_ITEM('color',(#18025),#7149);
#18025 = PRESENTATION_STYLE_ASSIGNMENT((#18026,#18031));
#18026 = SURFACE_STYLE_USAGE(.BOTH.,#18027);
#18027 = SURFACE_SIDE_STYLE('',(#18028));
#18028 = SURFACE_STYLE_FILL_AREA(#18029);
#18029 = FILL_AREA_STYLE('',(#18030));
#18030 = FILL_AREA_STYLE_COLOUR('',#17508);
#18031 = CURVE_STYLE('',#18032,POSITIVE_LENGTH_MEASURE(0.1),#17508);
#18032 = DRAUGHTING_PRE_DEFINED_CURVE_FONT('continuous');
#18033 = STYLED_ITEM('color',(#18034),#7166);
#18034 = PRESENTATION_STYLE_ASSIGNMENT((#18035,#18040));
#18035 = SURFACE_STYLE_USAGE(.BOTH.,#18036);
#18036 = SURFACE_SIDE_STYLE('',(#18037));
#18037 = SURFACE_STYLE_FILL_AREA(#18038);
#18038 = FILL_AREA_STYLE('',(#18039));
#18039 = FILL_AREA_STYLE_COLOUR('',#17508);
#18040 = CURVE_STYLE('',#18041,POSITIVE_LENGTH_MEASURE(0.1),#17508);
#18041 = DRAUGHTING_PRE_DEFINED_CURVE_FONT('continuous');
#18042 = STYLED_ITEM('color',(#18043),#7213);
#18043 = PRESENTATION_STYLE_ASSIGNMENT((#18044,#18049));
#18044 = SURFACE_STYLE_USAGE(.BOTH.,#18045);
#18045 = SURFACE_SIDE_STYLE('',(#18046));
#18046 = SURFACE_STYLE_FILL_AREA(#18047);
#18047 = FILL_AREA_STYLE('',(#18048));
#18048 = FILL_AREA_STYLE_COLOUR('',#17508);
#18049 = CURVE_STYLE('',#18050,POSITIVE_LENGTH_MEASURE(0.1),#17508);
#18050 = DRAUGHTING_PRE_DEFINED_CURVE_FONT('continuous');
#18051 = STYLED_ITEM('color',(#18052),#7230);
#18052 = PRESENTATION_STYLE_ASSIGNMENT((#18053,#18058));
#18053 = SURFACE_STYLE_USAGE(.BOTH.,#18054);
#18054 = SURFACE_SIDE_STYLE('',(#18055));
#18055 = SURFACE_STYLE_FILL_AREA(#18056);
#18056 = FILL_AREA_STYLE('',(#18057));
#18057 = FILL_AREA_STYLE_COLOUR('',#17508);
#18058 = CURVE_STYLE('',#18059,POSITIVE_LENGTH_MEASURE(0.1),#17508);
#18059 = DRAUGHTING_PRE_DEFINED_CURVE_FONT('continuous');
#18060 = STYLED_ITEM('color',(#18061),#7277);
#18061 = PRESENTATION_STYLE_ASSIGNMENT((#18062,#18067));
#18062 = SURFACE_STYLE_USAGE(.BOTH.,#18063);
#18063 = SURFACE_SIDE_STYLE('',(#18064));
#18064 = SURFACE_STYLE_FILL_AREA(#18065);
#18065 = FILL_AREA_STYLE('',(#18066));
#18066 = FILL_AREA_STYLE_COLOUR('',#17508);
#18067 = CURVE_STYLE('',#18068,POSITIVE_LENGTH_MEASURE(0.1),#17508);
#18068 = DRAUGHTING_PRE_DEFINED_CURVE_FONT('continuous');
#18069 = STYLED_ITEM('color',(#18070),#7294);
#18070 = PRESENTATION_STYLE_ASSIGNMENT((#18071,#18076));
#18071 = SURFACE_STYLE_USAGE(.BOTH.,#18072);
#18072 = SURFACE_SIDE_STYLE('',(#18073));
#18073 = SURFACE_STYLE_FILL_AREA(#18074);
#18074 = FILL_AREA_STYLE('',(#18075));
#18075 = FILL_AREA_STYLE_COLOUR('',#17508);
#18076 = CURVE_STYLE('',#18077,POSITIVE_LENGTH_MEASURE(0.1),#17508);
#18077 = DRAUGHTING_PRE_DEFINED_CURVE_FONT('continuous');
#18078 = STYLED_ITEM('color',(#18079),#7341);
#18079 = PRESENTATION_STYLE_ASSIGNMENT((#18080,#18085));
#18080 = SURFACE_STYLE_USAGE(.BOTH.,#18081);
#18081 = SURFACE_SIDE_STYLE('',(#18082));
#18082 = SURFACE_STYLE_FILL_AREA(#18083);
#18083 = FILL_AREA_STYLE('',(#18084));
#18084 = FILL_AREA_STYLE_COLOUR('',#17508);
#18085 = CURVE_STYLE('',#18086,POSITIVE_LENGTH_MEASURE(0.1),#17508);
#18086 = DRAUGHTING_PRE_DEFINED_CURVE_FONT('continuous');
#18087 = STYLED_ITEM('color',(#18088),#7358);
#18088 = PRESENTATION_STYLE_ASSIGNMENT((#18089,#18094));
#18089 = SURFACE_STYLE_USAGE(.BOTH.,#18090);
#18090 = SURFACE_SIDE_STYLE('',(#18091));
#18091 = SURFACE_STYLE_FILL_AREA(#18092);
#18092 = FILL_AREA_STYLE('',(#18093));
#18093 = FILL_AREA_STYLE_COLOUR('',#17508);
#18094 = CURVE_STYLE('',#18095,POSITIVE_LENGTH_MEASURE(0.1),#17508);
#18095 = DRAUGHTING_PRE_DEFINED_CURVE_FONT('continuous');
#18096 = STYLED_ITEM('color',(#18097),#7405);
#18097 = PRESENTATION_STYLE_ASSIGNMENT((#18098,#18103));
#18098 = SURFACE_STYLE_USAGE(.BOTH.,#18099);
#18099 = SURFACE_SIDE_STYLE('',(#18100));
#18100 = SURFACE_STYLE_FILL_AREA(#18101);
#18101 = FILL_AREA_STYLE('',(#18102));
#18102 = FILL_AREA_STYLE_COLOUR('',#17508);
#18103 = CURVE_STYLE('',#18104,POSITIVE_LENGTH_MEASURE(0.1),#17508);
#18104 = DRAUGHTING_PRE_DEFINED_CURVE_FONT('continuous');
#18105 = STYLED_ITEM('color',(#18106),#7422);
#18106 = PRESENTATION_STYLE_ASSIGNMENT((#18107,#18112));
#18107 = SURFACE_STYLE_USAGE(.BOTH.,#18108);
#18108 = SURFACE_SIDE_STYLE('',(#18109));
#18109 = SURFACE_STYLE_FILL_AREA(#18110);
#18110 = FILL_AREA_STYLE('',(#18111));
#18111 = FILL_AREA_STYLE_COLOUR('',#17508);
#18112 = CURVE_STYLE('',#18113,POSITIVE_LENGTH_MEASURE(0.1),#17508);
#18113 = DRAUGHTING_PRE_DEFINED_CURVE_FONT('continuous');
#18114 = STYLED_ITEM('color',(#18115),#7469);
#18115 = PRESENTATION_STYLE_ASSIGNMENT((#18116,#18121));
#18116 = SURFACE_STYLE_USAGE(.BOTH.,#18117);
#18117 = SURFACE_SIDE_STYLE('',(#18118));
#18118 = SURFACE_STYLE_FILL_AREA(#18119);
#18119 = FILL_AREA_STYLE('',(#18120));
#18120 = FILL_AREA_STYLE_COLOUR('',#17508);
#18121 = CURVE_STYLE('',#18122,POSITIVE_LENGTH_MEASURE(0.1),#17508);
#18122 = DRAUGHTING_PRE_DEFINED_CURVE_FONT('continuous');
#18123 = STYLED_ITEM('color',(#18124),#7486);
#18124 = PRESENTATION_STYLE_ASSIGNMENT((#18125,#18130));
#18125 = SURFACE_STYLE_USAGE(.BOTH.,#18126);
#18126 = SURFACE_SIDE_STYLE('',(#18127));
#18127 = SURFACE_STYLE_FILL_AREA(#18128);
#18128 = FILL_AREA_STYLE('',(#18129));
#18129 = FILL_AREA_STYLE_COLOUR('',#17508);
#18130 = CURVE_STYLE('',#18131,POSITIVE_LENGTH_MEASURE(0.1),#17508);
#18131 = DRAUGHTING_PRE_DEFINED_CURVE_FONT('continuous');
#18132 = STYLED_ITEM('color',(#18133),#7533);
#18133 = PRESENTATION_STYLE_ASSIGNMENT((#18134,#18139));
#18134 = SURFACE_STYLE_USAGE(.BOTH.,#18135);
#18135 = SURFACE_SIDE_STYLE('',(#18136));
#18136 = SURFACE_STYLE_FILL_AREA(#18137);
#18137 = FILL_AREA_STYLE('',(#18138));
#18138 = FILL_AREA_STYLE_COLOUR('',#17508);
#18139 = CURVE_STYLE('',#18140,POSITIVE_LENGTH_MEASURE(0.1),#17508);
#18140 = DRAUGHTING_PRE_DEFINED_CURVE_FONT('continuous');
#18141 = STYLED_ITEM('color',(#18142),#7550);
#18142 = PRESENTATION_STYLE_ASSIGNMENT((#18143,#18148));
#18143 = SURFACE_STYLE_USAGE(.BOTH.,#18144);
#18144 = SURFACE_SIDE_STYLE('',(#18145));
#18145 = SURFACE_STYLE_FILL_AREA(#18146);
#18146 = FILL_AREA_STYLE('',(#18147));
#18147 = FILL_AREA_STYLE_COLOUR('',#17508);
#18148 = CURVE_STYLE('',#18149,POSITIVE_LENGTH_MEASURE(0.1),#17508);
#18149 = DRAUGHTING_PRE_DEFINED_CURVE_FONT('continuous');
#18150 = STYLED_ITEM('color',(#18151),#7597);
#18151 = PRESENTATION_STYLE_ASSIGNMENT((#18152,#18157));
#18152 = SURFACE_STYLE_USAGE(.BOTH.,#18153);
#18153 = SURFACE_SIDE_STYLE('',(#18154));
#18154 = SURFACE_STYLE_FILL_AREA(#18155);
#18155 = FILL_AREA_STYLE('',(#18156));
#18156 = FILL_AREA_STYLE_COLOUR('',#17508);
#18157 = CURVE_STYLE('',#18158,POSITIVE_LENGTH_MEASURE(0.1),#17508);
#18158 = DRAUGHTING_PRE_DEFINED_CURVE_FONT('continuous');
#18159 = STYLED_ITEM('color',(#18160),#7614);
#18160 = PRESENTATION_STYLE_ASSIGNMENT((#18161,#18166));
#18161 = SURFACE_STYLE_USAGE(.BOTH.,#18162);
#18162 = SURFACE_SIDE_STYLE('',(#18163));
#18163 = SURFACE_STYLE_FILL_AREA(#18164);
#18164 = FILL_AREA_STYLE('',(#18165));
#18165 = FILL_AREA_STYLE_COLOUR('',#17508);
#18166 = CURVE_STYLE('',#18167,POSITIVE_LENGTH_MEASURE(0.1),#17508);
#18167 = DRAUGHTING_PRE_DEFINED_CURVE_FONT('continuous');
#18168 = STYLED_ITEM('color',(#18169),#7661);
#18169 = PRESENTATION_STYLE_ASSIGNMENT((#18170,#18175));
#18170 = SURFACE_STYLE_USAGE(.BOTH.,#18171);
#18171 = SURFACE_SIDE_STYLE('',(#18172));
#18172 = SURFACE_STYLE_FILL_AREA(#18173);
#18173 = FILL_AREA_STYLE('',(#18174));
#18174 = FILL_AREA_STYLE_COLOUR('',#17508);
#18175 = CURVE_STYLE('',#18176,POSITIVE_LENGTH_MEASURE(0.1),#17508);
#18176 = DRAUGHTING_PRE_DEFINED_CURVE_FONT('continuous');
#18177 = STYLED_ITEM('color',(#18178),#7678);
#18178 = PRESENTATION_STYLE_ASSIGNMENT((#18179,#18184));
#18179 = SURFACE_STYLE_USAGE(.BOTH.,#18180);
#18180 = SURFACE_SIDE_STYLE('',(#18181));
#18181 = SURFACE_STYLE_FILL_AREA(#18182);
#18182 = FILL_AREA_STYLE('',(#18183));
#18183 = FILL_AREA_STYLE_COLOUR('',#17508);
#18184 = CURVE_STYLE('',#18185,POSITIVE_LENGTH_MEASURE(0.1),#17508);
#18185 = DRAUGHTING_PRE_DEFINED_CURVE_FONT('continuous');
#18186 = STYLED_ITEM('color',(#18187),#7725);
#18187 = PRESENTATION_STYLE_ASSIGNMENT((#18188,#18193));
#18188 = SURFACE_STYLE_USAGE(.BOTH.,#18189);
#18189 = SURFACE_SIDE_STYLE('',(#18190));
#18190 = SURFACE_STYLE_FILL_AREA(#18191);
#18191 = FILL_AREA_STYLE('',(#18192));
#18192 = FILL_AREA_STYLE_COLOUR('',#17508);
#18193 = CURVE_STYLE('',#18194,POSITIVE_LENGTH_MEASURE(0.1),#17508);
#18194 = DRAUGHTING_PRE_DEFINED_CURVE_FONT('continuous');
#18195 = STYLED_ITEM('color',(#18196),#7742);
#18196 = PRESENTATION_STYLE_ASSIGNMENT((#18197,#18202));
#18197 = SURFACE_STYLE_USAGE(.BOTH.,#18198);
#18198 = SURFACE_SIDE_STYLE('',(#18199));
#18199 = SURFACE_STYLE_FILL_AREA(#18200);
#18200 = FILL_AREA_STYLE('',(#18201));
#18201 = FILL_AREA_STYLE_COLOUR('',#17508);
#18202 = CURVE_STYLE('',#18203,POSITIVE_LENGTH_MEASURE(0.1),#17508);
#18203 = DRAUGHTING_PRE_DEFINED_CURVE_FONT('continuous');
#18204 = STYLED_ITEM('color',(#18205),#7789);
#18205 = PRESENTATION_STYLE_ASSIGNMENT((#18206,#18211));
#18206 = SURFACE_STYLE_USAGE(.BOTH.,#18207);
#18207 = SURFACE_SIDE_STYLE('',(#18208));
#18208 = SURFACE_STYLE_FILL_AREA(#18209);
#18209 = FILL_AREA_STYLE('',(#18210));
#18210 = FILL_AREA_STYLE_COLOUR('',#17508);
#18211 = CURVE_STYLE('',#18212,POSITIVE_LENGTH_MEASURE(0.1),#17508);
#18212 = DRAUGHTING_PRE_DEFINED_CURVE_FONT('continuous');
#18213 = STYLED_ITEM('color',(#18214),#7806);
#18214 = PRESENTATION_STYLE_ASSIGNMENT((#18215,#18220));
#18215 = SURFACE_STYLE_USAGE(.BOTH.,#18216);
#18216 = SURFACE_SIDE_STYLE('',(#18217));
#18217 = SURFACE_STYLE_FILL_AREA(#18218);
#18218 = FILL_AREA_STYLE('',(#18219));
#18219 = FILL_AREA_STYLE_COLOUR('',#17508);
#18220 = CURVE_STYLE('',#18221,POSITIVE_LENGTH_MEASURE(0.1),#17508);
#18221 = DRAUGHTING_PRE_DEFINED_CURVE_FONT('continuous');
#18222 = STYLED_ITEM('color',(#18223),#7853);
#18223 = PRESENTATION_STYLE_ASSIGNMENT((#18224,#18229));
#18224 = SURFACE_STYLE_USAGE(.BOTH.,#18225);
#18225 = SURFACE_SIDE_STYLE('',(#18226));
#18226 = SURFACE_STYLE_FILL_AREA(#18227);
#18227 = FILL_AREA_STYLE('',(#18228));
#18228 = FILL_AREA_STYLE_COLOUR('',#17508);
#18229 = CURVE_STYLE('',#18230,POSITIVE_LENGTH_MEASURE(0.1),#17508);
#18230 = DRAUGHTING_PRE_DEFINED_CURVE_FONT('continuous');
#18231 = STYLED_ITEM('color',(#18232),#7870);
#18232 = PRESENTATION_STYLE_ASSIGNMENT((#18233,#18238));
#18233 = SURFACE_STYLE_USAGE(.BOTH.,#18234);
#18234 = SURFACE_SIDE_STYLE('',(#18235));
#18235 = SURFACE_STYLE_FILL_AREA(#18236);
#18236 = FILL_AREA_STYLE('',(#18237));
#18237 = FILL_AREA_STYLE_COLOUR('',#17508);
#18238 = CURVE_STYLE('',#18239,POSITIVE_LENGTH_MEASURE(0.1),#17508);
#18239 = DRAUGHTING_PRE_DEFINED_CURVE_FONT('continuous');
#18240 = STYLED_ITEM('color',(#18241),#7917);
#18241 = PRESENTATION_STYLE_ASSIGNMENT((#18242,#18247));
#18242 = SURFACE_STYLE_USAGE(.BOTH.,#18243);
#18243 = SURFACE_SIDE_STYLE('',(#18244));
#18244 = SURFACE_STYLE_FILL_AREA(#18245);
#18245 = FILL_AREA_STYLE('',(#18246));
#18246 = FILL_AREA_STYLE_COLOUR('',#17435);
#18247 = CURVE_STYLE('',#18248,POSITIVE_LENGTH_MEASURE(0.1),#17435);
#18248 = DRAUGHTING_PRE_DEFINED_CURVE_FONT('continuous');
#18249 = STYLED_ITEM('color',(#18250),#7948);
#18250 = PRESENTATION_STYLE_ASSIGNMENT((#18251,#18256));
#18251 = SURFACE_STYLE_USAGE(.BOTH.,#18252);
#18252 = SURFACE_SIDE_STYLE('',(#18253));
#18253 = SURFACE_STYLE_FILL_AREA(#18254);
#18254 = FILL_AREA_STYLE('',(#18255));
#18255 = FILL_AREA_STYLE_COLOUR('',#17435);
#18256 = CURVE_STYLE('',#18257,POSITIVE_LENGTH_MEASURE(0.1),#17435);
#18257 = DRAUGHTING_PRE_DEFINED_CURVE_FONT('continuous');
#18258 = OVER_RIDING_STYLED_ITEM('overriding color',(#18259),#7962,
  #18249);
#18259 = PRESENTATION_STYLE_ASSIGNMENT((#18260,#18265));
#18260 = SURFACE_STYLE_USAGE(.BOTH.,#18261);
#18261 = SURFACE_SIDE_STYLE('',(#18262));
#18262 = SURFACE_STYLE_FILL_AREA(#18263);
#18263 = FILL_AREA_STYLE('',(#18264));
#18264 = FILL_AREA_STYLE_COLOUR('',#17508);
#18265 = CURVE_STYLE('',#18266,POSITIVE_LENGTH_MEASURE(0.1),#17508);
#18266 = DRAUGHTING_PRE_DEFINED_CURVE_FONT('continuous');
#18267 = OVER_RIDING_STYLED_ITEM('overriding color',(#18268),#7978,
  #18249);
#18268 = PRESENTATION_STYLE_ASSIGNMENT((#18269,#18274));
#18269 = SURFACE_STYLE_USAGE(.BOTH.,#18270);
#18270 = SURFACE_SIDE_STYLE('',(#18271));
#18271 = SURFACE_STYLE_FILL_AREA(#18272);
#18272 = FILL_AREA_STYLE('',(#18273));
#18273 = FILL_AREA_STYLE_COLOUR('',#17508);
#18274 = CURVE_STYLE('',#18275,POSITIVE_LENGTH_MEASURE(0.1),#17508);
#18275 = DRAUGHTING_PRE_DEFINED_CURVE_FONT('continuous');
#18276 = STYLED_ITEM('color',(#18277),#8004);
#18277 = PRESENTATION_STYLE_ASSIGNMENT((#18278,#18283));
#18278 = SURFACE_STYLE_USAGE(.BOTH.,#18279);
#18279 = SURFACE_SIDE_STYLE('',(#18280));
#18280 = SURFACE_STYLE_FILL_AREA(#18281);
#18281 = FILL_AREA_STYLE('',(#18282));
#18282 = FILL_AREA_STYLE_COLOUR('',#17435);
#18283 = CURVE_STYLE('',#18284,POSITIVE_LENGTH_MEASURE(0.1),#17435);
#18284 = DRAUGHTING_PRE_DEFINED_CURVE_FONT('continuous');
#18285 = STYLED_ITEM('color',(#18286),#8028);
#18286 = PRESENTATION_STYLE_ASSIGNMENT((#18287,#18292));
#18287 = SURFACE_STYLE_USAGE(.BOTH.,#18288);
#18288 = SURFACE_SIDE_STYLE('',(#18289));
#18289 = SURFACE_STYLE_FILL_AREA(#18290);
#18290 = FILL_AREA_STYLE('',(#18291));
#18291 = FILL_AREA_STYLE_COLOUR('',#17435);
#18292 = CURVE_STYLE('',#18293,POSITIVE_LENGTH_MEASURE(0.1),#17435);
#18293 = DRAUGHTING_PRE_DEFINED_CURVE_FONT('continuous');
#18294 = OVER_RIDING_STYLED_ITEM('overriding color',(#18295),#8042,
  #18285);
#18295 = PRESENTATION_STYLE_ASSIGNMENT((#18296,#18301));
#18296 = SURFACE_STYLE_USAGE(.BOTH.,#18297);
#18297 = SURFACE_SIDE_STYLE('',(#18298));
#18298 = SURFACE_STYLE_FILL_AREA(#18299);
#18299 = FILL_AREA_STYLE('',(#18300));
#18300 = FILL_AREA_STYLE_COLOUR('',#17508);
#18301 = CURVE_STYLE('',#18302,POSITIVE_LENGTH_MEASURE(0.1),#17508);
#18302 = DRAUGHTING_PRE_DEFINED_CURVE_FONT('continuous');
#18303 = OVER_RIDING_STYLED_ITEM('overriding color',(#18304),#8058,
  #18285);
#18304 = PRESENTATION_STYLE_ASSIGNMENT((#18305,#18310));
#18305 = SURFACE_STYLE_USAGE(.BOTH.,#18306);
#18306 = SURFACE_SIDE_STYLE('',(#18307));
#18307 = SURFACE_STYLE_FILL_AREA(#18308);
#18308 = FILL_AREA_STYLE('',(#18309));
#18309 = FILL_AREA_STYLE_COLOUR('',#17508);
#18310 = CURVE_STYLE('',#18311,POSITIVE_LENGTH_MEASURE(0.1),#17508);
#18311 = DRAUGHTING_PRE_DEFINED_CURVE_FONT('continuous');
#18312 = STYLED_ITEM('color',(#18313),#8077);
#18313 = PRESENTATION_STYLE_ASSIGNMENT((#18314,#18319));
#18314 = SURFACE_STYLE_USAGE(.BOTH.,#18315);
#18315 = SURFACE_SIDE_STYLE('',(#18316));
#18316 = SURFACE_STYLE_FILL_AREA(#18317);
#18317 = FILL_AREA_STYLE('',(#18318));
#18318 = FILL_AREA_STYLE_COLOUR('',#17435);
#18319 = CURVE_STYLE('',#18320,POSITIVE_LENGTH_MEASURE(0.1),#17435);
#18320 = DRAUGHTING_PRE_DEFINED_CURVE_FONT('continuous');
#18321 = STYLED_ITEM('color',(#18322),#8108);
#18322 = PRESENTATION_STYLE_ASSIGNMENT((#18323,#18328));
#18323 = SURFACE_STYLE_USAGE(.BOTH.,#18324);
#18324 = SURFACE_SIDE_STYLE('',(#18325));
#18325 = SURFACE_STYLE_FILL_AREA(#18326);
#18326 = FILL_AREA_STYLE('',(#18327));
#18327 = FILL_AREA_STYLE_COLOUR('',#17435);
#18328 = CURVE_STYLE('',#18329,POSITIVE_LENGTH_MEASURE(0.1),#17435);
#18329 = DRAUGHTING_PRE_DEFINED_CURVE_FONT('continuous');
#18330 = OVER_RIDING_STYLED_ITEM('overriding color',(#18331),#8122,
  #18321);
#18331 = PRESENTATION_STYLE_ASSIGNMENT((#18332,#18337));
#18332 = SURFACE_STYLE_USAGE(.BOTH.,#18333);
#18333 = SURFACE_SIDE_STYLE('',(#18334));
#18334 = SURFACE_STYLE_FILL_AREA(#18335);
#18335 = FILL_AREA_STYLE('',(#18336));
#18336 = FILL_AREA_STYLE_COLOUR('',#17508);
#18337 = CURVE_STYLE('',#18338,POSITIVE_LENGTH_MEASURE(0.1),#17508);
#18338 = DRAUGHTING_PRE_DEFINED_CURVE_FONT('continuous');
#18339 = OVER_RIDING_STYLED_ITEM('overriding color',(#18340),#8138,
  #18321);
#18340 = PRESENTATION_STYLE_ASSIGNMENT((#18341,#18346));
#18341 = SURFACE_STYLE_USAGE(.BOTH.,#18342);
#18342 = SURFACE_SIDE_STYLE('',(#18343));
#18343 = SURFACE_STYLE_FILL_AREA(#18344);
#18344 = FILL_AREA_STYLE('',(#18345));
#18345 = FILL_AREA_STYLE_COLOUR('',#17508);
#18346 = CURVE_STYLE('',#18347,POSITIVE_LENGTH_MEASURE(0.1),#17508);
#18347 = DRAUGHTING_PRE_DEFINED_CURVE_FONT('continuous');
#18348 = STYLED_ITEM('color',(#18349),#8164);
#18349 = PRESENTATION_STYLE_ASSIGNMENT((#18350,#18355));
#18350 = SURFACE_STYLE_USAGE(.BOTH.,#18351);
#18351 = SURFACE_SIDE_STYLE('',(#18352));
#18352 = SURFACE_STYLE_FILL_AREA(#18353);
#18353 = FILL_AREA_STYLE('',(#18354));
#18354 = FILL_AREA_STYLE_COLOUR('',#17435);
#18355 = CURVE_STYLE('',#18356,POSITIVE_LENGTH_MEASURE(0.1),#17435);
#18356 = DRAUGHTING_PRE_DEFINED_CURVE_FONT('continuous');
#18357 = STYLED_ITEM('color',(#18358),#8188);
#18358 = PRESENTATION_STYLE_ASSIGNMENT((#18359,#18364));
#18359 = SURFACE_STYLE_USAGE(.BOTH.,#18360);
#18360 = SURFACE_SIDE_STYLE('',(#18361));
#18361 = SURFACE_STYLE_FILL_AREA(#18362);
#18362 = FILL_AREA_STYLE('',(#18363));
#18363 = FILL_AREA_STYLE_COLOUR('',#17435);
#18364 = CURVE_STYLE('',#18365,POSITIVE_LENGTH_MEASURE(0.1),#17435);
#18365 = DRAUGHTING_PRE_DEFINED_CURVE_FONT('continuous');
#18366 = OVER_RIDING_STYLED_ITEM('overriding color',(#18367),#8202,
  #18357);
#18367 = PRESENTATION_STYLE_ASSIGNMENT((#18368,#18373));
#18368 = SURFACE_STYLE_USAGE(.BOTH.,#18369);
#18369 = SURFACE_SIDE_STYLE('',(#18370));
#18370 = SURFACE_STYLE_FILL_AREA(#18371);
#18371 = FILL_AREA_STYLE('',(#18372));
#18372 = FILL_AREA_STYLE_COLOUR('',#17508);
#18373 = CURVE_STYLE('',#18374,POSITIVE_LENGTH_MEASURE(0.1),#17508);
#18374 = DRAUGHTING_PRE_DEFINED_CURVE_FONT('continuous');
#18375 = OVER_RIDING_STYLED_ITEM('overriding color',(#18376),#8218,
  #18357);
#18376 = PRESENTATION_STYLE_ASSIGNMENT((#18377,#18382));
#18377 = SURFACE_STYLE_USAGE(.BOTH.,#18378);
#18378 = SURFACE_SIDE_STYLE('',(#18379));
#18379 = SURFACE_STYLE_FILL_AREA(#18380);
#18380 = FILL_AREA_STYLE('',(#18381));
#18381 = FILL_AREA_STYLE_COLOUR('',#17508);
#18382 = CURVE_STYLE('',#18383,POSITIVE_LENGTH_MEASURE(0.1),#17508);
#18383 = DRAUGHTING_PRE_DEFINED_CURVE_FONT('continuous');
#18384 = STYLED_ITEM('color',(#18385),#8237);
#18385 = PRESENTATION_STYLE_ASSIGNMENT((#18386,#18391));
#18386 = SURFACE_STYLE_USAGE(.BOTH.,#18387);
#18387 = SURFACE_SIDE_STYLE('',(#18388));
#18388 = SURFACE_STYLE_FILL_AREA(#18389);
#18389 = FILL_AREA_STYLE('',(#18390));
#18390 = FILL_AREA_STYLE_COLOUR('',#17435);
#18391 = CURVE_STYLE('',#18392,POSITIVE_LENGTH_MEASURE(0.1),#17435);
#18392 = DRAUGHTING_PRE_DEFINED_CURVE_FONT('continuous');
#18393 = STYLED_ITEM('color',(#18394),#8268);
#18394 = PRESENTATION_STYLE_ASSIGNMENT((#18395,#18400));
#18395 = SURFACE_STYLE_USAGE(.BOTH.,#18396);
#18396 = SURFACE_SIDE_STYLE('',(#18397));
#18397 = SURFACE_STYLE_FILL_AREA(#18398);
#18398 = FILL_AREA_STYLE('',(#18399));
#18399 = FILL_AREA_STYLE_COLOUR('',#17435);
#18400 = CURVE_STYLE('',#18401,POSITIVE_LENGTH_MEASURE(0.1),#17435);
#18401 = DRAUGHTING_PRE_DEFINED_CURVE_FONT('continuous');
#18402 = OVER_RIDING_STYLED_ITEM('overriding color',(#18403),#8282,
  #18393);
#18403 = PRESENTATION_STYLE_ASSIGNMENT((#18404,#18409));
#18404 = SURFACE_STYLE_USAGE(.BOTH.,#18405);
#18405 = SURFACE_SIDE_STYLE('',(#18406));
#18406 = SURFACE_STYLE_FILL_AREA(#18407);
#18407 = FILL_AREA_STYLE('',(#18408));
#18408 = FILL_AREA_STYLE_COLOUR('',#17508);
#18409 = CURVE_STYLE('',#18410,POSITIVE_LENGTH_MEASURE(0.1),#17508);
#18410 = DRAUGHTING_PRE_DEFINED_CURVE_FONT('continuous');
#18411 = OVER_RIDING_STYLED_ITEM('overriding color',(#18412),#8298,
  #18393);
#18412 = PRESENTATION_STYLE_ASSIGNMENT((#18413,#18418));
#18413 = SURFACE_STYLE_USAGE(.BOTH.,#18414);
#18414 = SURFACE_SIDE_STYLE('',(#18415));
#18415 = SURFACE_STYLE_FILL_AREA(#18416);
#18416 = FILL_AREA_STYLE('',(#18417));
#18417 = FILL_AREA_STYLE_COLOUR('',#17508);
#18418 = CURVE_STYLE('',#18419,POSITIVE_LENGTH_MEASURE(0.1),#17508);
#18419 = DRAUGHTING_PRE_DEFINED_CURVE_FONT('continuous');
#18420 = STYLED_ITEM('color',(#18421),#8324);
#18421 = PRESENTATION_STYLE_ASSIGNMENT((#18422,#18427));
#18422 = SURFACE_STYLE_USAGE(.BOTH.,#18423);
#18423 = SURFACE_SIDE_STYLE('',(#18424));
#18424 = SURFACE_STYLE_FILL_AREA(#18425);
#18425 = FILL_AREA_STYLE('',(#18426));
#18426 = FILL_AREA_STYLE_COLOUR('',#17435);
#18427 = CURVE_STYLE('',#18428,POSITIVE_LENGTH_MEASURE(0.1),#17435);
#18428 = DRAUGHTING_PRE_DEFINED_CURVE_FONT('continuous');
#18429 = STYLED_ITEM('color',(#18430),#8348);
#18430 = PRESENTATION_STYLE_ASSIGNMENT((#18431,#18436));
#18431 = SURFACE_STYLE_USAGE(.BOTH.,#18432);
#18432 = SURFACE_SIDE_STYLE('',(#18433));
#18433 = SURFACE_STYLE_FILL_AREA(#18434);
#18434 = FILL_AREA_STYLE('',(#18435));
#18435 = FILL_AREA_STYLE_COLOUR('',#17435);
#18436 = CURVE_STYLE('',#18437,POSITIVE_LENGTH_MEASURE(0.1),#17435);
#18437 = DRAUGHTING_PRE_DEFINED_CURVE_FONT('continuous');
#18438 = OVER_RIDING_STYLED_ITEM('overriding color',(#18439),#8362,
  #18429);
#18439 = PRESENTATION_STYLE_ASSIGNMENT((#18440,#18445));
#18440 = SURFACE_STYLE_USAGE(.BOTH.,#18441);
#18441 = SURFACE_SIDE_STYLE('',(#18442));
#18442 = SURFACE_STYLE_FILL_AREA(#18443);
#18443 = FILL_AREA_STYLE('',(#18444));
#18444 = FILL_AREA_STYLE_COLOUR('',#17508);
#18445 = CURVE_STYLE('',#18446,POSITIVE_LENGTH_MEASURE(0.1),#17508);
#18446 = DRAUGHTING_PRE_DEFINED_CURVE_FONT('continuous');
#18447 = OVER_RIDING_STYLED_ITEM('overriding color',(#18448),#8378,
  #18429);
#18448 = PRESENTATION_STYLE_ASSIGNMENT((#18449,#18454));
#18449 = SURFACE_STYLE_USAGE(.BOTH.,#18450);
#18450 = SURFACE_SIDE_STYLE('',(#18451));
#18451 = SURFACE_STYLE_FILL_AREA(#18452);
#18452 = FILL_AREA_STYLE('',(#18453));
#18453 = FILL_AREA_STYLE_COLOUR('',#17508);
#18454 = CURVE_STYLE('',#18455,POSITIVE_LENGTH_MEASURE(0.1),#17508);
#18455 = DRAUGHTING_PRE_DEFINED_CURVE_FONT('continuous');
#18456 = STYLED_ITEM('color',(#18457),#8397);
#18457 = PRESENTATION_STYLE_ASSIGNMENT((#18458,#18463));
#18458 = SURFACE_STYLE_USAGE(.BOTH.,#18459);
#18459 = SURFACE_SIDE_STYLE('',(#18460));
#18460 = SURFACE_STYLE_FILL_AREA(#18461);
#18461 = FILL_AREA_STYLE('',(#18462));
#18462 = FILL_AREA_STYLE_COLOUR('',#17435);
#18463 = CURVE_STYLE('',#18464,POSITIVE_LENGTH_MEASURE(0.1),#17435);
#18464 = DRAUGHTING_PRE_DEFINED_CURVE_FONT('continuous');
#18465 = STYLED_ITEM('color',(#18466),#8428);
#18466 = PRESENTATION_STYLE_ASSIGNMENT((#18467,#18472));
#18467 = SURFACE_STYLE_USAGE(.BOTH.,#18468);
#18468 = SURFACE_SIDE_STYLE('',(#18469));
#18469 = SURFACE_STYLE_FILL_AREA(#18470);
#18470 = FILL_AREA_STYLE('',(#18471));
#18471 = FILL_AREA_STYLE_COLOUR('',#17435);
#18472 = CURVE_STYLE('',#18473,POSITIVE_LENGTH_MEASURE(0.1),#17435);
#18473 = DRAUGHTING_PRE_DEFINED_CURVE_FONT('continuous');
#18474 = OVER_RIDING_STYLED_ITEM('overriding color',(#18475),#8442,
  #18465);
#18475 = PRESENTATION_STYLE_ASSIGNMENT((#18476,#18481));
#18476 = SURFACE_STYLE_USAGE(.BOTH.,#18477);
#18477 = SURFACE_SIDE_STYLE('',(#18478));
#18478 = SURFACE_STYLE_FILL_AREA(#18479);
#18479 = FILL_AREA_STYLE('',(#18480));
#18480 = FILL_AREA_STYLE_COLOUR('',#17508);
#18481 = CURVE_STYLE('',#18482,POSITIVE_LENGTH_MEASURE(0.1),#17508);
#18482 = DRAUGHTING_PRE_DEFINED_CURVE_FONT('continuous');
#18483 = OVER_RIDING_STYLED_ITEM('overriding color',(#18484),#8458,
  #18465);
#18484 = PRESENTATION_STYLE_ASSIGNMENT((#18485,#18490));
#18485 = SURFACE_STYLE_USAGE(.BOTH.,#18486);
#18486 = SURFACE_SIDE_STYLE('',(#18487));
#18487 = SURFACE_STYLE_FILL_AREA(#18488);
#18488 = FILL_AREA_STYLE('',(#18489));
#18489 = FILL_AREA_STYLE_COLOUR('',#17508);
#18490 = CURVE_STYLE('',#18491,POSITIVE_LENGTH_MEASURE(0.1),#17508);
#18491 = DRAUGHTING_PRE_DEFINED_CURVE_FONT('continuous');
#18492 = STYLED_ITEM('color',(#18493),#8484);
#18493 = PRESENTATION_STYLE_ASSIGNMENT((#18494,#18499));
#18494 = SURFACE_STYLE_USAGE(.BOTH.,#18495);
#18495 = SURFACE_SIDE_STYLE('',(#18496));
#18496 = SURFACE_STYLE_FILL_AREA(#18497);
#18497 = FILL_AREA_STYLE('',(#18498));
#18498 = FILL_AREA_STYLE_COLOUR('',#17435);
#18499 = CURVE_STYLE('',#18500,POSITIVE_LENGTH_MEASURE(0.1),#17435);
#18500 = DRAUGHTING_PRE_DEFINED_CURVE_FONT('continuous');
#18501 = STYLED_ITEM('color',(#18502),#8508);
#18502 = PRESENTATION_STYLE_ASSIGNMENT((#18503,#18508));
#18503 = SURFACE_STYLE_USAGE(.BOTH.,#18504);
#18504 = SURFACE_SIDE_STYLE('',(#18505));
#18505 = SURFACE_STYLE_FILL_AREA(#18506);
#18506 = FILL_AREA_STYLE('',(#18507));
#18507 = FILL_AREA_STYLE_COLOUR('',#17435);
#18508 = CURVE_STYLE('',#18509,POSITIVE_LENGTH_MEASURE(0.1),#17435);
#18509 = DRAUGHTING_PRE_DEFINED_CURVE_FONT('continuous');
#18510 = OVER_RIDING_STYLED_ITEM('overriding color',(#18511),#8522,
  #18501);
#18511 = PRESENTATION_STYLE_ASSIGNMENT((#18512,#18517));
#18512 = SURFACE_STYLE_USAGE(.BOTH.,#18513);
#18513 = SURFACE_SIDE_STYLE('',(#18514));
#18514 = SURFACE_STYLE_FILL_AREA(#18515);
#18515 = FILL_AREA_STYLE('',(#18516));
#18516 = FILL_AREA_STYLE_COLOUR('',#17508);
#18517 = CURVE_STYLE('',#18518,POSITIVE_LENGTH_MEASURE(0.1),#17508);
#18518 = DRAUGHTING_PRE_DEFINED_CURVE_FONT('continuous');
#18519 = OVER_RIDING_STYLED_ITEM('overriding color',(#18520),#8538,
  #18501);
#18520 = PRESENTATION_STYLE_ASSIGNMENT((#18521,#18526));
#18521 = SURFACE_STYLE_USAGE(.BOTH.,#18522);
#18522 = SURFACE_SIDE_STYLE('',(#18523));
#18523 = SURFACE_STYLE_FILL_AREA(#18524);
#18524 = FILL_AREA_STYLE('',(#18525));
#18525 = FILL_AREA_STYLE_COLOUR('',#17508);
#18526 = CURVE_STYLE('',#18527,POSITIVE_LENGTH_MEASURE(0.1),#17508);
#18527 = DRAUGHTING_PRE_DEFINED_CURVE_FONT('continuous');
#18528 = STYLED_ITEM('color',(#18529),#8557);
#18529 = PRESENTATION_STYLE_ASSIGNMENT((#18530,#18535));
#18530 = SURFACE_STYLE_USAGE(.BOTH.,#18531);
#18531 = SURFACE_SIDE_STYLE('',(#18532));
#18532 = SURFACE_STYLE_FILL_AREA(#18533);
#18533 = FILL_AREA_STYLE('',(#18534));
#18534 = FILL_AREA_STYLE_COLOUR('',#17435);
#18535 = CURVE_STYLE('',#18536,POSITIVE_LENGTH_MEASURE(0.1),#17435);
#18536 = DRAUGHTING_PRE_DEFINED_CURVE_FONT('continuous');
#18537 = STYLED_ITEM('color',(#18538),#8588);
#18538 = PRESENTATION_STYLE_ASSIGNMENT((#18539,#18544));
#18539 = SURFACE_STYLE_USAGE(.BOTH.,#18540);
#18540 = SURFACE_SIDE_STYLE('',(#18541));
#18541 = SURFACE_STYLE_FILL_AREA(#18542);
#18542 = FILL_AREA_STYLE('',(#18543));
#18543 = FILL_AREA_STYLE_COLOUR('',#17435);
#18544 = CURVE_STYLE('',#18545,POSITIVE_LENGTH_MEASURE(0.1),#17435);
#18545 = DRAUGHTING_PRE_DEFINED_CURVE_FONT('continuous');
#18546 = OVER_RIDING_STYLED_ITEM('overriding color',(#18547),#8602,
  #18537);
#18547 = PRESENTATION_STYLE_ASSIGNMENT((#18548,#18553));
#18548 = SURFACE_STYLE_USAGE(.BOTH.,#18549);
#18549 = SURFACE_SIDE_STYLE('',(#18550));
#18550 = SURFACE_STYLE_FILL_AREA(#18551);
#18551 = FILL_AREA_STYLE('',(#18552));
#18552 = FILL_AREA_STYLE_COLOUR('',#17508);
#18553 = CURVE_STYLE('',#18554,POSITIVE_LENGTH_MEASURE(0.1),#17508);
#18554 = DRAUGHTING_PRE_DEFINED_CURVE_FONT('continuous');
#18555 = OVER_RIDING_STYLED_ITEM('overriding color',(#18556),#8618,
  #18537);
#18556 = PRESENTATION_STYLE_ASSIGNMENT((#18557,#18562));
#18557 = SURFACE_STYLE_USAGE(.BOTH.,#18558);
#18558 = SURFACE_SIDE_STYLE('',(#18559));
#18559 = SURFACE_STYLE_FILL_AREA(#18560);
#18560 = FILL_AREA_STYLE('',(#18561));
#18561 = FILL_AREA_STYLE_COLOUR('',#17508);
#18562 = CURVE_STYLE('',#18563,POSITIVE_LENGTH_MEASURE(0.1),#17508);
#18563 = DRAUGHTING_PRE_DEFINED_CURVE_FONT('continuous');
#18564 = STYLED_ITEM('color',(#18565),#8644);
#18565 = PRESENTATION_STYLE_ASSIGNMENT((#18566,#18571));
#18566 = SURFACE_STYLE_USAGE(.BOTH.,#18567);
#18567 = SURFACE_SIDE_STYLE('',(#18568));
#18568 = SURFACE_STYLE_FILL_AREA(#18569);
#18569 = FILL_AREA_STYLE('',(#18570));
#18570 = FILL_AREA_STYLE_COLOUR('',#17435);
#18571 = CURVE_STYLE('',#18572,POSITIVE_LENGTH_MEASURE(0.1),#17435);
#18572 = DRAUGHTING_PRE_DEFINED_CURVE_FONT('continuous');
#18573 = STYLED_ITEM('color',(#18574),#8668);
#18574 = PRESENTATION_STYLE_ASSIGNMENT((#18575,#18580));
#18575 = SURFACE_STYLE_USAGE(.BOTH.,#18576);
#18576 = SURFACE_SIDE_STYLE('',(#18577));
#18577 = SURFACE_STYLE_FILL_AREA(#18578);
#18578 = FILL_AREA_STYLE('',(#18579));
#18579 = FILL_AREA_STYLE_COLOUR('',#17435);
#18580 = CURVE_STYLE('',#18581,POSITIVE_LENGTH_MEASURE(0.1),#17435);
#18581 = DRAUGHTING_PRE_DEFINED_CURVE_FONT('continuous');
#18582 = OVER_RIDING_STYLED_ITEM('overriding color',(#18583),#8682,
  #18573);
#18583 = PRESENTATION_STYLE_ASSIGNMENT((#18584,#18589));
#18584 = SURFACE_STYLE_USAGE(.BOTH.,#18585);
#18585 = SURFACE_SIDE_STYLE('',(#18586));
#18586 = SURFACE_STYLE_FILL_AREA(#18587);
#18587 = FILL_AREA_STYLE('',(#18588));
#18588 = FILL_AREA_STYLE_COLOUR('',#17508);
#18589 = CURVE_STYLE('',#18590,POSITIVE_LENGTH_MEASURE(0.1),#17508);
#18590 = DRAUGHTING_PRE_DEFINED_CURVE_FONT('continuous');
#18591 = OVER_RIDING_STYLED_ITEM('overriding color',(#18592),#8698,
  #18573);
#18592 = PRESENTATION_STYLE_ASSIGNMENT((#18593,#18598));
#18593 = SURFACE_STYLE_USAGE(.BOTH.,#18594);
#18594 = SURFACE_SIDE_STYLE('',(#18595));
#18595 = SURFACE_STYLE_FILL_AREA(#18596);
#18596 = FILL_AREA_STYLE('',(#18597));
#18597 = FILL_AREA_STYLE_COLOUR('',#17508);
#18598 = CURVE_STYLE('',#18599,POSITIVE_LENGTH_MEASURE(0.1),#17508);
#18599 = DRAUGHTING_PRE_DEFINED_CURVE_FONT('continuous');
#18600 = STYLED_ITEM('color',(#18601),#8717);
#18601 = PRESENTATION_STYLE_ASSIGNMENT((#18602,#18607));
#18602 = SURFACE_STYLE_USAGE(.BOTH.,#18603);
#18603 = SURFACE_SIDE_STYLE('',(#18604));
#18604 = SURFACE_STYLE_FILL_AREA(#18605);
#18605 = FILL_AREA_STYLE('',(#18606));
#18606 = FILL_AREA_STYLE_COLOUR('',#17435);
#18607 = CURVE_STYLE('',#18608,POSITIVE_LENGTH_MEASURE(0.1),#17435);
#18608 = DRAUGHTING_PRE_DEFINED_CURVE_FONT('continuous');
#18609 = STYLED_ITEM('color',(#18610),#8748);
#18610 = PRESENTATION_STYLE_ASSIGNMENT((#18611,#18616));
#18611 = SURFACE_STYLE_USAGE(.BOTH.,#18612);
#18612 = SURFACE_SIDE_STYLE('',(#18613));
#18613 = SURFACE_STYLE_FILL_AREA(#18614);
#18614 = FILL_AREA_STYLE('',(#18615));
#18615 = FILL_AREA_STYLE_COLOUR('',#17435);
#18616 = CURVE_STYLE('',#18617,POSITIVE_LENGTH_MEASURE(0.1),#17435);
#18617 = DRAUGHTING_PRE_DEFINED_CURVE_FONT('continuous');
#18618 = OVER_RIDING_STYLED_ITEM('overriding color',(#18619),#8762,
  #18609);
#18619 = PRESENTATION_STYLE_ASSIGNMENT((#18620,#18625));
#18620 = SURFACE_STYLE_USAGE(.BOTH.,#18621);
#18621 = SURFACE_SIDE_STYLE('',(#18622));
#18622 = SURFACE_STYLE_FILL_AREA(#18623);
#18623 = FILL_AREA_STYLE('',(#18624));
#18624 = FILL_AREA_STYLE_COLOUR('',#17508);
#18625 = CURVE_STYLE('',#18626,POSITIVE_LENGTH_MEASURE(0.1),#17508);
#18626 = DRAUGHTING_PRE_DEFINED_CURVE_FONT('continuous');
#18627 = OVER_RIDING_STYLED_ITEM('overriding color',(#18628),#8778,
  #18609);
#18628 = PRESENTATION_STYLE_ASSIGNMENT((#18629,#18634));
#18629 = SURFACE_STYLE_USAGE(.BOTH.,#18630);
#18630 = SURFACE_SIDE_STYLE('',(#18631));
#18631 = SURFACE_STYLE_FILL_AREA(#18632);
#18632 = FILL_AREA_STYLE('',(#18633));
#18633 = FILL_AREA_STYLE_COLOUR('',#17508);
#18634 = CURVE_STYLE('',#18635,POSITIVE_LENGTH_MEASURE(0.1),#17508);
#18635 = DRAUGHTING_PRE_DEFINED_CURVE_FONT('continuous');
#18636 = STYLED_ITEM('color',(#18637),#8804);
#18637 = PRESENTATION_STYLE_ASSIGNMENT((#18638,#18643));
#18638 = SURFACE_STYLE_USAGE(.BOTH.,#18639);
#18639 = SURFACE_SIDE_STYLE('',(#18640));
#18640 = SURFACE_STYLE_FILL_AREA(#18641);
#18641 = FILL_AREA_STYLE('',(#18642));
#18642 = FILL_AREA_STYLE_COLOUR('',#17435);
#18643 = CURVE_STYLE('',#18644,POSITIVE_LENGTH_MEASURE(0.1),#17435);
#18644 = DRAUGHTING_PRE_DEFINED_CURVE_FONT('continuous');
#18645 = STYLED_ITEM('color',(#18646),#8828);
#18646 = PRESENTATION_STYLE_ASSIGNMENT((#18647,#18652));
#18647 = SURFACE_STYLE_USAGE(.BOTH.,#18648);
#18648 = SURFACE_SIDE_STYLE('',(#18649));
#18649 = SURFACE_STYLE_FILL_AREA(#18650);
#18650 = FILL_AREA_STYLE('',(#18651));
#18651 = FILL_AREA_STYLE_COLOUR('',#17435);
#18652 = CURVE_STYLE('',#18653,POSITIVE_LENGTH_MEASURE(0.1),#17435);
#18653 = DRAUGHTING_PRE_DEFINED_CURVE_FONT('continuous');
#18654 = OVER_RIDING_STYLED_ITEM('overriding color',(#18655),#8842,
  #18645);
#18655 = PRESENTATION_STYLE_ASSIGNMENT((#18656,#18661));
#18656 = SURFACE_STYLE_USAGE(.BOTH.,#18657);
#18657 = SURFACE_SIDE_STYLE('',(#18658));
#18658 = SURFACE_STYLE_FILL_AREA(#18659);
#18659 = FILL_AREA_STYLE('',(#18660));
#18660 = FILL_AREA_STYLE_COLOUR('',#17508);
#18661 = CURVE_STYLE('',#18662,POSITIVE_LENGTH_MEASURE(0.1),#17508);
#18662 = DRAUGHTING_PRE_DEFINED_CURVE_FONT('continuous');
#18663 = OVER_RIDING_STYLED_ITEM('overriding color',(#18664),#8858,
  #18645);
#18664 = PRESENTATION_STYLE_ASSIGNMENT((#18665,#18670));
#18665 = SURFACE_STYLE_USAGE(.BOTH.,#18666);
#18666 = SURFACE_SIDE_STYLE('',(#18667));
#18667 = SURFACE_STYLE_FILL_AREA(#18668);
#18668 = FILL_AREA_STYLE('',(#18669));
#18669 = FILL_AREA_STYLE_COLOUR('',#17508);
#18670 = CURVE_STYLE('',#18671,POSITIVE_LENGTH_MEASURE(0.1),#17508);
#18671 = DRAUGHTING_PRE_DEFINED_CURVE_FONT('continuous');
#18672 = STYLED_ITEM('color',(#18673),#8877);
#18673 = PRESENTATION_STYLE_ASSIGNMENT((#18674,#18679));
#18674 = SURFACE_STYLE_USAGE(.BOTH.,#18675);
#18675 = SURFACE_SIDE_STYLE('',(#18676));
#18676 = SURFACE_STYLE_FILL_AREA(#18677);
#18677 = FILL_AREA_STYLE('',(#18678));
#18678 = FILL_AREA_STYLE_COLOUR('',#17435);
#18679 = CURVE_STYLE('',#18680,POSITIVE_LENGTH_MEASURE(0.1),#17435);
#18680 = DRAUGHTING_PRE_DEFINED_CURVE_FONT('continuous');
#18681 = STYLED_ITEM('color',(#18682),#8908);
#18682 = PRESENTATION_STYLE_ASSIGNMENT((#18683,#18688));
#18683 = SURFACE_STYLE_USAGE(.BOTH.,#18684);
#18684 = SURFACE_SIDE_STYLE('',(#18685));
#18685 = SURFACE_STYLE_FILL_AREA(#18686);
#18686 = FILL_AREA_STYLE('',(#18687));
#18687 = FILL_AREA_STYLE_COLOUR('',#17435);
#18688 = CURVE_STYLE('',#18689,POSITIVE_LENGTH_MEASURE(0.1),#17435);
#18689 = DRAUGHTING_PRE_DEFINED_CURVE_FONT('continuous');
#18690 = OVER_RIDING_STYLED_ITEM('overriding color',(#18691),#8922,
  #18681);
#18691 = PRESENTATION_STYLE_ASSIGNMENT((#18692,#18697));
#18692 = SURFACE_STYLE_USAGE(.BOTH.,#18693);
#18693 = SURFACE_SIDE_STYLE('',(#18694));
#18694 = SURFACE_STYLE_FILL_AREA(#18695);
#18695 = FILL_AREA_STYLE('',(#18696));
#18696 = FILL_AREA_STYLE_COLOUR('',#17508);
#18697 = CURVE_STYLE('',#18698,POSITIVE_LENGTH_MEASURE(0.1),#17508);
#18698 = DRAUGHTING_PRE_DEFINED_CURVE_FONT('continuous');
#18699 = OVER_RIDING_STYLED_ITEM('overriding color',(#18700),#8938,
  #18681);
#18700 = PRESENTATION_STYLE_ASSIGNMENT((#18701,#18706));
#18701 = SURFACE_STYLE_USAGE(.BOTH.,#18702);
#18702 = SURFACE_SIDE_STYLE('',(#18703));
#18703 = SURFACE_STYLE_FILL_AREA(#18704);
#18704 = FILL_AREA_STYLE('',(#18705));
#18705 = FILL_AREA_STYLE_COLOUR('',#17508);
#18706 = CURVE_STYLE('',#18707,POSITIVE_LENGTH_MEASURE(0.1),#17508);
#18707 = DRAUGHTING_PRE_DEFINED_CURVE_FONT('continuous');
#18708 = STYLED_ITEM('color',(#18709),#8964);
#18709 = PRESENTATION_STYLE_ASSIGNMENT((#18710,#18715));
#18710 = SURFACE_STYLE_USAGE(.BOTH.,#18711);
#18711 = SURFACE_SIDE_STYLE('',(#18712));
#18712 = SURFACE_STYLE_FILL_AREA(#18713);
#18713 = FILL_AREA_STYLE('',(#18714));
#18714 = FILL_AREA_STYLE_COLOUR('',#17435);
#18715 = CURVE_STYLE('',#18716,POSITIVE_LENGTH_MEASURE(0.1),#17435);
#18716 = DRAUGHTING_PRE_DEFINED_CURVE_FONT('continuous');
#18717 = STYLED_ITEM('color',(#18718),#8988);
#18718 = PRESENTATION_STYLE_ASSIGNMENT((#18719,#18724));
#18719 = SURFACE_STYLE_USAGE(.BOTH.,#18720);
#18720 = SURFACE_SIDE_STYLE('',(#18721));
#18721 = SURFACE_STYLE_FILL_AREA(#18722);
#18722 = FILL_AREA_STYLE('',(#18723));
#18723 = FILL_AREA_STYLE_COLOUR('',#17435);
#18724 = CURVE_STYLE('',#18725,POSITIVE_LENGTH_MEASURE(0.1),#17435);
#18725 = DRAUGHTING_PRE_DEFINED_CURVE_FONT('continuous');
#18726 = OVER_RIDING_STYLED_ITEM('overriding color',(#18727),#9002,
  #18717);
#18727 = PRESENTATION_STYLE_ASSIGNMENT((#18728,#18733));
#18728 = SURFACE_STYLE_USAGE(.BOTH.,#18729);
#18729 = SURFACE_SIDE_STYLE('',(#18730));
#18730 = SURFACE_STYLE_FILL_AREA(#18731);
#18731 = FILL_AREA_STYLE('',(#18732));
#18732 = FILL_AREA_STYLE_COLOUR('',#17508);
#18733 = CURVE_STYLE('',#18734,POSITIVE_LENGTH_MEASURE(0.1),#17508);
#18734 = DRAUGHTING_PRE_DEFINED_CURVE_FONT('continuous');
#18735 = OVER_RIDING_STYLED_ITEM('overriding color',(#18736),#9018,
  #18717);
#18736 = PRESENTATION_STYLE_ASSIGNMENT((#18737,#18742));
#18737 = SURFACE_STYLE_USAGE(.BOTH.,#18738);
#18738 = SURFACE_SIDE_STYLE('',(#18739));
#18739 = SURFACE_STYLE_FILL_AREA(#18740);
#18740 = FILL_AREA_STYLE('',(#18741));
#18741 = FILL_AREA_STYLE_COLOUR('',#17508);
#18742 = CURVE_STYLE('',#18743,POSITIVE_LENGTH_MEASURE(0.1),#17508);
#18743 = DRAUGHTING_PRE_DEFINED_CURVE_FONT('continuous');
#18744 = STYLED_ITEM('color',(#18745),#9037);
#18745 = PRESENTATION_STYLE_ASSIGNMENT((#18746,#18751));
#18746 = SURFACE_STYLE_USAGE(.BOTH.,#18747);
#18747 = SURFACE_SIDE_STYLE('',(#18748));
#18748 = SURFACE_STYLE_FILL_AREA(#18749);
#18749 = FILL_AREA_STYLE('',(#18750));
#18750 = FILL_AREA_STYLE_COLOUR('',#17435);
#18751 = CURVE_STYLE('',#18752,POSITIVE_LENGTH_MEASURE(0.1),#17435);
#18752 = DRAUGHTING_PRE_DEFINED_CURVE_FONT('continuous');
#18753 = STYLED_ITEM('color',(#18754),#9068);
#18754 = PRESENTATION_STYLE_ASSIGNMENT((#18755,#18760));
#18755 = SURFACE_STYLE_USAGE(.BOTH.,#18756);
#18756 = SURFACE_SIDE_STYLE('',(#18757));
#18757 = SURFACE_STYLE_FILL_AREA(#18758);
#18758 = FILL_AREA_STYLE('',(#18759));
#18759 = FILL_AREA_STYLE_COLOUR('',#17435);
#18760 = CURVE_STYLE('',#18761,POSITIVE_LENGTH_MEASURE(0.1),#17435);
#18761 = DRAUGHTING_PRE_DEFINED_CURVE_FONT('continuous');
#18762 = OVER_RIDING_STYLED_ITEM('overriding color',(#18763),#9082,
  #18753);
#18763 = PRESENTATION_STYLE_ASSIGNMENT((#18764,#18769));
#18764 = SURFACE_STYLE_USAGE(.BOTH.,#18765);
#18765 = SURFACE_SIDE_STYLE('',(#18766));
#18766 = SURFACE_STYLE_FILL_AREA(#18767);
#18767 = FILL_AREA_STYLE('',(#18768));
#18768 = FILL_AREA_STYLE_COLOUR('',#17508);
#18769 = CURVE_STYLE('',#18770,POSITIVE_LENGTH_MEASURE(0.1),#17508);
#18770 = DRAUGHTING_PRE_DEFINED_CURVE_FONT('continuous');
#18771 = OVER_RIDING_STYLED_ITEM('overriding color',(#18772),#9098,
  #18753);
#18772 = PRESENTATION_STYLE_ASSIGNMENT((#18773,#18778));
#18773 = SURFACE_STYLE_USAGE(.BOTH.,#18774);
#18774 = SURFACE_SIDE_STYLE('',(#18775));
#18775 = SURFACE_STYLE_FILL_AREA(#18776);
#18776 = FILL_AREA_STYLE('',(#18777));
#18777 = FILL_AREA_STYLE_COLOUR('',#17508);
#18778 = CURVE_STYLE('',#18779,POSITIVE_LENGTH_MEASURE(0.1),#17508);
#18779 = DRAUGHTING_PRE_DEFINED_CURVE_FONT('continuous');
#18780 = STYLED_ITEM('color',(#18781),#9124);
#18781 = PRESENTATION_STYLE_ASSIGNMENT((#18782,#18787));
#18782 = SURFACE_STYLE_USAGE(.BOTH.,#18783);
#18783 = SURFACE_SIDE_STYLE('',(#18784));
#18784 = SURFACE_STYLE_FILL_AREA(#18785);
#18785 = FILL_AREA_STYLE('',(#18786));
#18786 = FILL_AREA_STYLE_COLOUR('',#17435);
#18787 = CURVE_STYLE('',#18788,POSITIVE_LENGTH_MEASURE(0.1),#17435);
#18788 = DRAUGHTING_PRE_DEFINED_CURVE_FONT('continuous');
#18789 = STYLED_ITEM('color',(#18790),#9148);
#18790 = PRESENTATION_STYLE_ASSIGNMENT((#18791,#18796));
#18791 = SURFACE_STYLE_USAGE(.BOTH.,#18792);
#18792 = SURFACE_SIDE_STYLE('',(#18793));
#18793 = SURFACE_STYLE_FILL_AREA(#18794);
#18794 = FILL_AREA_STYLE('',(#18795));
#18795 = FILL_AREA_STYLE_COLOUR('',#17435);
#18796 = CURVE_STYLE('',#18797,POSITIVE_LENGTH_MEASURE(0.1),#17435);
#18797 = DRAUGHTING_PRE_DEFINED_CURVE_FONT('continuous');
#18798 = OVER_RIDING_STYLED_ITEM('overriding color',(#18799),#9162,
  #18789);
#18799 = PRESENTATION_STYLE_ASSIGNMENT((#18800,#18805));
#18800 = SURFACE_STYLE_USAGE(.BOTH.,#18801);
#18801 = SURFACE_SIDE_STYLE('',(#18802));
#18802 = SURFACE_STYLE_FILL_AREA(#18803);
#18803 = FILL_AREA_STYLE('',(#18804));
#18804 = FILL_AREA_STYLE_COLOUR('',#17508);
#18805 = CURVE_STYLE('',#18806,POSITIVE_LENGTH_MEASURE(0.1),#17508);
#18806 = DRAUGHTING_PRE_DEFINED_CURVE_FONT('continuous');
#18807 = OVER_RIDING_STYLED_ITEM('overriding color',(#18808),#9178,
  #18789);
#18808 = PRESENTATION_STYLE_ASSIGNMENT((#18809,#18814));
#18809 = SURFACE_STYLE_USAGE(.BOTH.,#18810);
#18810 = SURFACE_SIDE_STYLE('',(#18811));
#18811 = SURFACE_STYLE_FILL_AREA(#18812);
#18812 = FILL_AREA_STYLE('',(#18813));
#18813 = FILL_AREA_STYLE_COLOUR('',#17508);
#18814 = CURVE_STYLE('',#18815,POSITIVE_LENGTH_MEASURE(0.1),#17508);
#18815 = DRAUGHTING_PRE_DEFINED_CURVE_FONT('continuous');
#18816 = STYLED_ITEM('color',(#18817),#9197);
#18817 = PRESENTATION_STYLE_ASSIGNMENT((#18818,#18823));
#18818 = SURFACE_STYLE_USAGE(.BOTH.,#18819);
#18819 = SURFACE_SIDE_STYLE('',(#18820));
#18820 = SURFACE_STYLE_FILL_AREA(#18821);
#18821 = FILL_AREA_STYLE('',(#18822));
#18822 = FILL_AREA_STYLE_COLOUR('',#17508);
#18823 = CURVE_STYLE('',#18824,POSITIVE_LENGTH_MEASURE(0.1),#17508);
#18824 = DRAUGHTING_PRE_DEFINED_CURVE_FONT('continuous');
#18825 = STYLED_ITEM('color',(#18826),#9214);
#18826 = PRESENTATION_STYLE_ASSIGNMENT((#18827,#18832));
#18827 = SURFACE_STYLE_USAGE(.BOTH.,#18828);
#18828 = SURFACE_SIDE_STYLE('',(#18829));
#18829 = SURFACE_STYLE_FILL_AREA(#18830);
#18830 = FILL_AREA_STYLE('',(#18831));
#18831 = FILL_AREA_STYLE_COLOUR('',#17508);
#18832 = CURVE_STYLE('',#18833,POSITIVE_LENGTH_MEASURE(0.1),#17508);
#18833 = DRAUGHTING_PRE_DEFINED_CURVE_FONT('continuous');
#18834 = STYLED_ITEM('color',(#18835),#9231);
#18835 = PRESENTATION_STYLE_ASSIGNMENT((#18836,#18841));
#18836 = SURFACE_STYLE_USAGE(.BOTH.,#18837);
#18837 = SURFACE_SIDE_STYLE('',(#18838));
#18838 = SURFACE_STYLE_FILL_AREA(#18839);
#18839 = FILL_AREA_STYLE('',(#18840));
#18840 = FILL_AREA_STYLE_COLOUR('',#17508);
#18841 = CURVE_STYLE('',#18842,POSITIVE_LENGTH_MEASURE(0.1),#17508);
#18842 = DRAUGHTING_PRE_DEFINED_CURVE_FONT('continuous');
#18843 = STYLED_ITEM('color',(#18844),#9248);
#18844 = PRESENTATION_STYLE_ASSIGNMENT((#18845,#18850));
#18845 = SURFACE_STYLE_USAGE(.BOTH.,#18846);
#18846 = SURFACE_SIDE_STYLE('',(#18847));
#18847 = SURFACE_STYLE_FILL_AREA(#18848);
#18848 = FILL_AREA_STYLE('',(#18849));
#18849 = FILL_AREA_STYLE_COLOUR('',#17508);
#18850 = CURVE_STYLE('',#18851,POSITIVE_LENGTH_MEASURE(0.1),#17508);
#18851 = DRAUGHTING_PRE_DEFINED_CURVE_FONT('continuous');
#18852 = STYLED_ITEM('color',(#18853),#9265);
#18853 = PRESENTATION_STYLE_ASSIGNMENT((#18854,#18859));
#18854 = SURFACE_STYLE_USAGE(.BOTH.,#18855);
#18855 = SURFACE_SIDE_STYLE('',(#18856));
#18856 = SURFACE_STYLE_FILL_AREA(#18857);
#18857 = FILL_AREA_STYLE('',(#18858));
#18858 = FILL_AREA_STYLE_COLOUR('',#17508);
#18859 = CURVE_STYLE('',#18860,POSITIVE_LENGTH_MEASURE(0.1),#17508);
#18860 = DRAUGHTING_PRE_DEFINED_CURVE_FONT('continuous');
#18861 = STYLED_ITEM('color',(#18862),#9277);
#18862 = PRESENTATION_STYLE_ASSIGNMENT((#18863,#18868));
#18863 = SURFACE_STYLE_USAGE(.BOTH.,#18864);
#18864 = SURFACE_SIDE_STYLE('',(#18865));
#18865 = SURFACE_STYLE_FILL_AREA(#18866);
#18866 = FILL_AREA_STYLE('',(#18867));
#18867 = FILL_AREA_STYLE_COLOUR('',#17508);
#18868 = CURVE_STYLE('',#18869,POSITIVE_LENGTH_MEASURE(0.1),#17508);
#18869 = DRAUGHTING_PRE_DEFINED_CURVE_FONT('continuous');
#18870 = STYLED_ITEM('color',(#18871),#9294);
#18871 = PRESENTATION_STYLE_ASSIGNMENT((#18872,#18877));
#18872 = SURFACE_STYLE_USAGE(.BOTH.,#18873);
#18873 = SURFACE_SIDE_STYLE('',(#18874));
#18874 = SURFACE_STYLE_FILL_AREA(#18875);
#18875 = FILL_AREA_STYLE('',(#18876));
#18876 = FILL_AREA_STYLE_COLOUR('',#17508);
#18877 = CURVE_STYLE('',#18878,POSITIVE_LENGTH_MEASURE(0.1),#17508);
#18878 = DRAUGHTING_PRE_DEFINED_CURVE_FONT('continuous');
#18879 = STYLED_ITEM('color',(#18880),#9311);
#18880 = PRESENTATION_STYLE_ASSIGNMENT((#18881,#18886));
#18881 = SURFACE_STYLE_USAGE(.BOTH.,#18882);
#18882 = SURFACE_SIDE_STYLE('',(#18883));
#18883 = SURFACE_STYLE_FILL_AREA(#18884);
#18884 = FILL_AREA_STYLE('',(#18885));
#18885 = FILL_AREA_STYLE_COLOUR('',#17508);
#18886 = CURVE_STYLE('',#18887,POSITIVE_LENGTH_MEASURE(0.1),#17508);
#18887 = DRAUGHTING_PRE_DEFINED_CURVE_FONT('continuous');
#18888 = STYLED_ITEM('color',(#18889),#9328);
#18889 = PRESENTATION_STYLE_ASSIGNMENT((#18890,#18895));
#18890 = SURFACE_STYLE_USAGE(.BOTH.,#18891);
#18891 = SURFACE_SIDE_STYLE('',(#18892));
#18892 = SURFACE_STYLE_FILL_AREA(#18893);
#18893 = FILL_AREA_STYLE('',(#18894));
#18894 = FILL_AREA_STYLE_COLOUR('',#17508);
#18895 = CURVE_STYLE('',#18896,POSITIVE_LENGTH_MEASURE(0.1),#17508);
#18896 = DRAUGHTING_PRE_DEFINED_CURVE_FONT('continuous');
#18897 = STYLED_ITEM('color',(#18898),#9345);
#18898 = PRESENTATION_STYLE_ASSIGNMENT((#18899,#18904));
#18899 = SURFACE_STYLE_USAGE(.BOTH.,#18900);
#18900 = SURFACE_SIDE_STYLE('',(#18901));
#18901 = SURFACE_STYLE_FILL_AREA(#18902);
#18902 = FILL_AREA_STYLE('',(#18903));
#18903 = FILL_AREA_STYLE_COLOUR('',#17508);
#18904 = CURVE_STYLE('',#18905,POSITIVE_LENGTH_MEASURE(0.1),#17508);
#18905 = DRAUGHTING_PRE_DEFINED_CURVE_FONT('continuous');
#18906 = STYLED_ITEM('color',(#18907),#9357);
#18907 = PRESENTATION_STYLE_ASSIGNMENT((#18908,#18913));
#18908 = SURFACE_STYLE_USAGE(.BOTH.,#18909);
#18909 = SURFACE_SIDE_STYLE('',(#18910));
#18910 = SURFACE_STYLE_FILL_AREA(#18911);
#18911 = FILL_AREA_STYLE('',(#18912));
#18912 = FILL_AREA_STYLE_COLOUR('',#17508);
#18913 = CURVE_STYLE('',#18914,POSITIVE_LENGTH_MEASURE(0.1),#17508);
#18914 = DRAUGHTING_PRE_DEFINED_CURVE_FONT('continuous');
#18915 = STYLED_ITEM('color',(#18916),#9374);
#18916 = PRESENTATION_STYLE_ASSIGNMENT((#18917,#18922));
#18917 = SURFACE_STYLE_USAGE(.BOTH.,#18918);
#18918 = SURFACE_SIDE_STYLE('',(#18919));
#18919 = SURFACE_STYLE_FILL_AREA(#18920);
#18920 = FILL_AREA_STYLE('',(#18921));
#18921 = FILL_AREA_STYLE_COLOUR('',#17508);
#18922 = CURVE_STYLE('',#18923,POSITIVE_LENGTH_MEASURE(0.1),#17508);
#18923 = DRAUGHTING_PRE_DEFINED_CURVE_FONT('continuous');
#18924 = STYLED_ITEM('color',(#18925),#9391);
#18925 = PRESENTATION_STYLE_ASSIGNMENT((#18926,#18931));
#18926 = SURFACE_STYLE_USAGE(.BOTH.,#18927);
#18927 = SURFACE_SIDE_STYLE('',(#18928));
#18928 = SURFACE_STYLE_FILL_AREA(#18929);
#18929 = FILL_AREA_STYLE('',(#18930));
#18930 = FILL_AREA_STYLE_COLOUR('',#17508);
#18931 = CURVE_STYLE('',#18932,POSITIVE_LENGTH_MEASURE(0.1),#17508);
#18932 = DRAUGHTING_PRE_DEFINED_CURVE_FONT('continuous');
#18933 = STYLED_ITEM('color',(#18934),#9408);
#18934 = PRESENTATION_STYLE_ASSIGNMENT((#18935,#18940));
#18935 = SURFACE_STYLE_USAGE(.BOTH.,#18936);
#18936 = SURFACE_SIDE_STYLE('',(#18937));
#18937 = SURFACE_STYLE_FILL_AREA(#18938);
#18938 = FILL_AREA_STYLE('',(#18939));
#18939 = FILL_AREA_STYLE_COLOUR('',#17508);
#18940 = CURVE_STYLE('',#18941,POSITIVE_LENGTH_MEASURE(0.1),#17508);
#18941 = DRAUGHTING_PRE_DEFINED_CURVE_FONT('continuous');
#18942 = STYLED_ITEM('color',(#18943),#9425);
#18943 = PRESENTATION_STYLE_ASSIGNMENT((#18944,#18949));
#18944 = SURFACE_STYLE_USAGE(.BOTH.,#18945);
#18945 = SURFACE_SIDE_STYLE('',(#18946));
#18946 = SURFACE_STYLE_FILL_AREA(#18947);
#18947 = FILL_AREA_STYLE('',(#18948));
#18948 = FILL_AREA_STYLE_COLOUR('',#17508);
#18949 = CURVE_STYLE('',#18950,POSITIVE_LENGTH_MEASURE(0.1),#17508);
#18950 = DRAUGHTING_PRE_DEFINED_CURVE_FONT('continuous');
#18951 = STYLED_ITEM('color',(#18952),#9437);
#18952 = PRESENTATION_STYLE_ASSIGNMENT((#18953,#18958));
#18953 = SURFACE_STYLE_USAGE(.BOTH.,#18954);
#18954 = SURFACE_SIDE_STYLE('',(#18955));
#18955 = SURFACE_STYLE_FILL_AREA(#18956);
#18956 = FILL_AREA_STYLE('',(#18957));
#18957 = FILL_AREA_STYLE_COLOUR('',#17508);
#18958 = CURVE_STYLE('',#18959,POSITIVE_LENGTH_MEASURE(0.1),#17508);
#18959 = DRAUGHTING_PRE_DEFINED_CURVE_FONT('continuous');
#18960 = STYLED_ITEM('color',(#18961),#9454);
#18961 = PRESENTATION_STYLE_ASSIGNMENT((#18962,#18967));
#18962 = SURFACE_STYLE_USAGE(.BOTH.,#18963);
#18963 = SURFACE_SIDE_STYLE('',(#18964));
#18964 = SURFACE_STYLE_FILL_AREA(#18965);
#18965 = FILL_AREA_STYLE('',(#18966));
#18966 = FILL_AREA_STYLE_COLOUR('',#17508);
#18967 = CURVE_STYLE('',#18968,POSITIVE_LENGTH_MEASURE(0.1),#17508);
#18968 = DRAUGHTING_PRE_DEFINED_CURVE_FONT('continuous');
#18969 = STYLED_ITEM('color',(#18970),#9471);
#18970 = PRESENTATION_STYLE_ASSIGNMENT((#18971,#18976));
#18971 = SURFACE_STYLE_USAGE(.BOTH.,#18972);
#18972 = SURFACE_SIDE_STYLE('',(#18973));
#18973 = SURFACE_STYLE_FILL_AREA(#18974);
#18974 = FILL_AREA_STYLE('',(#18975));
#18975 = FILL_AREA_STYLE_COLOUR('',#17508);
#18976 = CURVE_STYLE('',#18977,POSITIVE_LENGTH_MEASURE(0.1),#17508);
#18977 = DRAUGHTING_PRE_DEFINED_CURVE_FONT('continuous');
#18978 = STYLED_ITEM('color',(#18979),#9488);
#18979 = PRESENTATION_STYLE_ASSIGNMENT((#18980,#18985));
#18980 = SURFACE_STYLE_USAGE(.BOTH.,#18981);
#18981 = SURFACE_SIDE_STYLE('',(#18982));
#18982 = SURFACE_STYLE_FILL_AREA(#18983);
#18983 = FILL_AREA_STYLE('',(#18984));
#18984 = FILL_AREA_STYLE_COLOUR('',#17508);
#18985 = CURVE_STYLE('',#18986,POSITIVE_LENGTH_MEASURE(0.1),#17508);
#18986 = DRAUGHTING_PRE_DEFINED_CURVE_FONT('continuous');
#18987 = STYLED_ITEM('color',(#18988),#9505);
#18988 = PRESENTATION_STYLE_ASSIGNMENT((#18989,#18994));
#18989 = SURFACE_STYLE_USAGE(.BOTH.,#18990);
#18990 = SURFACE_SIDE_STYLE('',(#18991));
#18991 = SURFACE_STYLE_FILL_AREA(#18992);
#18992 = FILL_AREA_STYLE('',(#18993));
#18993 = FILL_AREA_STYLE_COLOUR('',#17508);
#18994 = CURVE_STYLE('',#18995,POSITIVE_LENGTH_MEASURE(0.1),#17508);
#18995 = DRAUGHTING_PRE_DEFINED_CURVE_FONT('continuous');
#18996 = STYLED_ITEM('color',(#18997),#9517);
#18997 = PRESENTATION_STYLE_ASSIGNMENT((#18998,#19003));
#18998 = SURFACE_STYLE_USAGE(.BOTH.,#18999);
#18999 = SURFACE_SIDE_STYLE('',(#19000));
#19000 = SURFACE_STYLE_FILL_AREA(#19001);
#19001 = FILL_AREA_STYLE('',(#19002));
#19002 = FILL_AREA_STYLE_COLOUR('',#17508);
#19003 = CURVE_STYLE('',#19004,POSITIVE_LENGTH_MEASURE(0.1),#17508);
#19004 = DRAUGHTING_PRE_DEFINED_CURVE_FONT('continuous');
#19005 = STYLED_ITEM('color',(#19006),#9534);
#19006 = PRESENTATION_STYLE_ASSIGNMENT((#19007,#19012));
#19007 = SURFACE_STYLE_USAGE(.BOTH.,#19008);
#19008 = SURFACE_SIDE_STYLE('',(#19009));
#19009 = SURFACE_STYLE_FILL_AREA(#19010);
#19010 = FILL_AREA_STYLE('',(#19011));
#19011 = FILL_AREA_STYLE_COLOUR('',#17508);
#19012 = CURVE_STYLE('',#19013,POSITIVE_LENGTH_MEASURE(0.1),#17508);
#19013 = DRAUGHTING_PRE_DEFINED_CURVE_FONT('continuous');
#19014 = STYLED_ITEM('color',(#19015),#9551);
#19015 = PRESENTATION_STYLE_ASSIGNMENT((#19016,#19021));
#19016 = SURFACE_STYLE_USAGE(.BOTH.,#19017);
#19017 = SURFACE_SIDE_STYLE('',(#19018));
#19018 = SURFACE_STYLE_FILL_AREA(#19019);
#19019 = FILL_AREA_STYLE('',(#19020));
#19020 = FILL_AREA_STYLE_COLOUR('',#17508);
#19021 = CURVE_STYLE('',#19022,POSITIVE_LENGTH_MEASURE(0.1),#17508);
#19022 = DRAUGHTING_PRE_DEFINED_CURVE_FONT('continuous');
#19023 = STYLED_ITEM('color',(#19024),#9568);
#19024 = PRESENTATION_STYLE_ASSIGNMENT((#19025,#19030));
#19025 = SURFACE_STYLE_USAGE(.BOTH.,#19026);
#19026 = SURFACE_SIDE_STYLE('',(#19027));
#19027 = SURFACE_STYLE_FILL_AREA(#19028);
#19028 = FILL_AREA_STYLE('',(#19029));
#19029 = FILL_AREA_STYLE_COLOUR('',#17508);
#19030 = CURVE_STYLE('',#19031,POSITIVE_LENGTH_MEASURE(0.1),#17508);
#19031 = DRAUGHTING_PRE_DEFINED_CURVE_FONT('continuous');
#19032 = STYLED_ITEM('color',(#19033),#9585);
#19033 = PRESENTATION_STYLE_ASSIGNMENT((#19034,#19039));
#19034 = SURFACE_STYLE_USAGE(.BOTH.,#19035);
#19035 = SURFACE_SIDE_STYLE('',(#19036));
#19036 = SURFACE_STYLE_FILL_AREA(#19037);
#19037 = FILL_AREA_STYLE('',(#19038));
#19038 = FILL_AREA_STYLE_COLOUR('',#17508);
#19039 = CURVE_STYLE('',#19040,POSITIVE_LENGTH_MEASURE(0.1),#17508);
#19040 = DRAUGHTING_PRE_DEFINED_CURVE_FONT('continuous');
#19041 = STYLED_ITEM('color',(#19042),#9597);
#19042 = PRESENTATION_STYLE_ASSIGNMENT((#19043,#19048));
#19043 = SURFACE_STYLE_USAGE(.BOTH.,#19044);
#19044 = SURFACE_SIDE_STYLE('',(#19045));
#19045 = SURFACE_STYLE_FILL_AREA(#19046);
#19046 = FILL_AREA_STYLE('',(#19047));
#19047 = FILL_AREA_STYLE_COLOUR('',#17508);
#19048 = CURVE_STYLE('',#19049,POSITIVE_LENGTH_MEASURE(0.1),#17508);
#19049 = DRAUGHTING_PRE_DEFINED_CURVE_FONT('continuous');
#19050 = STYLED_ITEM('color',(#19051),#9614);
#19051 = PRESENTATION_STYLE_ASSIGNMENT((#19052,#19057));
#19052 = SURFACE_STYLE_USAGE(.BOTH.,#19053);
#19053 = SURFACE_SIDE_STYLE('',(#19054));
#19054 = SURFACE_STYLE_FILL_AREA(#19055);
#19055 = FILL_AREA_STYLE('',(#19056));
#19056 = FILL_AREA_STYLE_COLOUR('',#17508);
#19057 = CURVE_STYLE('',#19058,POSITIVE_LENGTH_MEASURE(0.1),#17508);
#19058 = DRAUGHTING_PRE_DEFINED_CURVE_FONT('continuous');
#19059 = STYLED_ITEM('color',(#19060),#9631);
#19060 = PRESENTATION_STYLE_ASSIGNMENT((#19061,#19066));
#19061 = SURFACE_STYLE_USAGE(.BOTH.,#19062);
#19062 = SURFACE_SIDE_STYLE('',(#19063));
#19063 = SURFACE_STYLE_FILL_AREA(#19064);
#19064 = FILL_AREA_STYLE('',(#19065));
#19065 = FILL_AREA_STYLE_COLOUR('',#17508);
#19066 = CURVE_STYLE('',#19067,POSITIVE_LENGTH_MEASURE(0.1),#17508);
#19067 = DRAUGHTING_PRE_DEFINED_CURVE_FONT('continuous');
#19068 = STYLED_ITEM('color',(#19069),#9648);
#19069 = PRESENTATION_STYLE_ASSIGNMENT((#19070,#19075));
#19070 = SURFACE_STYLE_USAGE(.BOTH.,#19071);
#19071 = SURFACE_SIDE_STYLE('',(#19072));
#19072 = SURFACE_STYLE_FILL_AREA(#19073);
#19073 = FILL_AREA_STYLE('',(#19074));
#19074 = FILL_AREA_STYLE_COLOUR('',#17508);
#19075 = CURVE_STYLE('',#19076,POSITIVE_LENGTH_MEASURE(0.1),#17508);
#19076 = DRAUGHTING_PRE_DEFINED_CURVE_FONT('continuous');
#19077 = STYLED_ITEM('color',(#19078),#9665);
#19078 = PRESENTATION_STYLE_ASSIGNMENT((#19079,#19084));
#19079 = SURFACE_STYLE_USAGE(.BOTH.,#19080);
#19080 = SURFACE_SIDE_STYLE('',(#19081));
#19081 = SURFACE_STYLE_FILL_AREA(#19082);
#19082 = FILL_AREA_STYLE('',(#19083));
#19083 = FILL_AREA_STYLE_COLOUR('',#17508);
#19084 = CURVE_STYLE('',#19085,POSITIVE_LENGTH_MEASURE(0.1),#17508);
#19085 = DRAUGHTING_PRE_DEFINED_CURVE_FONT('continuous');
#19086 = STYLED_ITEM('color',(#19087),#9677);
#19087 = PRESENTATION_STYLE_ASSIGNMENT((#19088,#19093));
#19088 = SURFACE_STYLE_USAGE(.BOTH.,#19089);
#19089 = SURFACE_SIDE_STYLE('',(#19090));
#19090 = SURFACE_STYLE_FILL_AREA(#19091);
#19091 = FILL_AREA_STYLE('',(#19092));
#19092 = FILL_AREA_STYLE_COLOUR('',#17508);
#19093 = CURVE_STYLE('',#19094,POSITIVE_LENGTH_MEASURE(0.1),#17508);
#19094 = DRAUGHTING_PRE_DEFINED_CURVE_FONT('continuous');
#19095 = STYLED_ITEM('color',(#19096),#9694);
#19096 = PRESENTATION_STYLE_ASSIGNMENT((#19097,#19102));
#19097 = SURFACE_STYLE_USAGE(.BOTH.,#19098);
#19098 = SURFACE_SIDE_STYLE('',(#19099));
#19099 = SURFACE_STYLE_FILL_AREA(#19100);
#19100 = FILL_AREA_STYLE('',(#19101));
#19101 = FILL_AREA_STYLE_COLOUR('',#17508);
#19102 = CURVE_STYLE('',#19103,POSITIVE_LENGTH_MEASURE(0.1),#17508);
#19103 = DRAUGHTING_PRE_DEFINED_CURVE_FONT('continuous');
#19104 = STYLED_ITEM('color',(#19105),#9711);
#19105 = PRESENTATION_STYLE_ASSIGNMENT((#19106,#19111));
#19106 = SURFACE_STYLE_USAGE(.BOTH.,#19107);
#19107 = SURFACE_SIDE_STYLE('',(#19108));
#19108 = SURFACE_STYLE_FILL_AREA(#19109);
#19109 = FILL_AREA_STYLE('',(#19110));
#19110 = FILL_AREA_STYLE_COLOUR('',#17508);
#19111 = CURVE_STYLE('',#19112,POSITIVE_LENGTH_MEASURE(0.1),#17508);
#19112 = DRAUGHTING_PRE_DEFINED_CURVE_FONT('continuous');
#19113 = STYLED_ITEM('color',(#19114),#9728);
#19114 = PRESENTATION_STYLE_ASSIGNMENT((#19115,#19120));
#19115 = SURFACE_STYLE_USAGE(.BOTH.,#19116);
#19116 = SURFACE_SIDE_STYLE('',(#19117));
#19117 = SURFACE_STYLE_FILL_AREA(#19118);
#19118 = FILL_AREA_STYLE('',(#19119));
#19119 = FILL_AREA_STYLE_COLOUR('',#17508);
#19120 = CURVE_STYLE('',#19121,POSITIVE_LENGTH_MEASURE(0.1),#17508);
#19121 = DRAUGHTING_PRE_DEFINED_CURVE_FONT('continuous');
#19122 = STYLED_ITEM('color',(#19123),#9745);
#19123 = PRESENTATION_STYLE_ASSIGNMENT((#19124,#19129));
#19124 = SURFACE_STYLE_USAGE(.BOTH.,#19125);
#19125 = SURFACE_SIDE_STYLE('',(#19126));
#19126 = SURFACE_STYLE_FILL_AREA(#19127);
#19127 = FILL_AREA_STYLE('',(#19128));
#19128 = FILL_AREA_STYLE_COLOUR('',#17508);
#19129 = CURVE_STYLE('',#19130,POSITIVE_LENGTH_MEASURE(0.1),#17508);
#19130 = DRAUGHTING_PRE_DEFINED_CURVE_FONT('continuous');
#19131 = STYLED_ITEM('color',(#19132),#9757);
#19132 = PRESENTATION_STYLE_ASSIGNMENT((#19133,#19138));
#19133 = SURFACE_STYLE_USAGE(.BOTH.,#19134);
#19134 = SURFACE_SIDE_STYLE('',(#19135));
#19135 = SURFACE_STYLE_FILL_AREA(#19136);
#19136 = FILL_AREA_STYLE('',(#19137));
#19137 = FILL_AREA_STYLE_COLOUR('',#17508);
#19138 = CURVE_STYLE('',#19139,POSITIVE_LENGTH_MEASURE(0.1),#17508);
#19139 = DRAUGHTING_PRE_DEFINED_CURVE_FONT('continuous');
#19140 = STYLED_ITEM('color',(#19141),#9774);
#19141 = PRESENTATION_STYLE_ASSIGNMENT((#19142,#19147));
#19142 = SURFACE_STYLE_USAGE(.BOTH.,#19143);
#19143 = SURFACE_SIDE_STYLE('',(#19144));
#19144 = SURFACE_STYLE_FILL_AREA(#19145);
#19145 = FILL_AREA_STYLE('',(#19146));
#19146 = FILL_AREA_STYLE_COLOUR('',#17508);
#19147 = CURVE_STYLE('',#19148,POSITIVE_LENGTH_MEASURE(0.1),#17508);
#19148 = DRAUGHTING_PRE_DEFINED_CURVE_FONT('continuous');
#19149 = STYLED_ITEM('color',(#19150),#9791);
#19150 = PRESENTATION_STYLE_ASSIGNMENT((#19151,#19156));
#19151 = SURFACE_STYLE_USAGE(.BOTH.,#19152);
#19152 = SURFACE_SIDE_STYLE('',(#19153));
#19153 = SURFACE_STYLE_FILL_AREA(#19154);
#19154 = FILL_AREA_STYLE('',(#19155));
#19155 = FILL_AREA_STYLE_COLOUR('',#17508);
#19156 = CURVE_STYLE('',#19157,POSITIVE_LENGTH_MEASURE(0.1),#17508);
#19157 = DRAUGHTING_PRE_DEFINED_CURVE_FONT('continuous');
#19158 = STYLED_ITEM('color',(#19159),#9808);
#19159 = PRESENTATION_STYLE_ASSIGNMENT((#19160,#19165));
#19160 = SURFACE_STYLE_USAGE(.BOTH.,#19161);
#19161 = SURFACE_SIDE_STYLE('',(#19162));
#19162 = SURFACE_STYLE_FILL_AREA(#19163);
#19163 = FILL_AREA_STYLE('',(#19164));
#19164 = FILL_AREA_STYLE_COLOUR('',#17508);
#19165 = CURVE_STYLE('',#19166,POSITIVE_LENGTH_MEASURE(0.1),#17508);
#19166 = DRAUGHTING_PRE_DEFINED_CURVE_FONT('continuous');
#19167 = STYLED_ITEM('color',(#19168),#9825);
#19168 = PRESENTATION_STYLE_ASSIGNMENT((#19169,#19174));
#19169 = SURFACE_STYLE_USAGE(.BOTH.,#19170);
#19170 = SURFACE_SIDE_STYLE('',(#19171));
#19171 = SURFACE_STYLE_FILL_AREA(#19172);
#19172 = FILL_AREA_STYLE('',(#19173));
#19173 = FILL_AREA_STYLE_COLOUR('',#17508);
#19174 = CURVE_STYLE('',#19175,POSITIVE_LENGTH_MEASURE(0.1),#17508);
#19175 = DRAUGHTING_PRE_DEFINED_CURVE_FONT('continuous');
#19176 = STYLED_ITEM('color',(#19177),#9837);
#19177 = PRESENTATION_STYLE_ASSIGNMENT((#19178,#19183));
#19178 = SURFACE_STYLE_USAGE(.BOTH.,#19179);
#19179 = SURFACE_SIDE_STYLE('',(#19180));
#19180 = SURFACE_STYLE_FILL_AREA(#19181);
#19181 = FILL_AREA_STYLE('',(#19182));
#19182 = FILL_AREA_STYLE_COLOUR('',#17435);
#19183 = CURVE_STYLE('',#19184,POSITIVE_LENGTH_MEASURE(0.1),#17435);
#19184 = DRAUGHTING_PRE_DEFINED_CURVE_FONT('continuous');
#19185 = OVER_RIDING_STYLED_ITEM('overriding color',(#19186),#9844,
  #19176);
#19186 = PRESENTATION_STYLE_ASSIGNMENT((#19187,#19192));
#19187 = SURFACE_STYLE_USAGE(.BOTH.,#19188);
#19188 = SURFACE_SIDE_STYLE('',(#19189));
#19189 = SURFACE_STYLE_FILL_AREA(#19190);
#19190 = FILL_AREA_STYLE('',(#19191));
#19191 = FILL_AREA_STYLE_COLOUR('',#17508);
#19192 = CURVE_STYLE('',#19193,POSITIVE_LENGTH_MEASURE(0.1),#17508);
#19193 = DRAUGHTING_PRE_DEFINED_CURVE_FONT('continuous');
#19194 = STYLED_ITEM('color',(#19195),#9854);
#19195 = PRESENTATION_STYLE_ASSIGNMENT((#19196,#19201));
#19196 = SURFACE_STYLE_USAGE(.BOTH.,#19197);
#19197 = SURFACE_SIDE_STYLE('',(#19198));
#19198 = SURFACE_STYLE_FILL_AREA(#19199);
#19199 = FILL_AREA_STYLE('',(#19200));
#19200 = FILL_AREA_STYLE_COLOUR('',#17435);
#19201 = CURVE_STYLE('',#19202,POSITIVE_LENGTH_MEASURE(0.1),#17435);
#19202 = DRAUGHTING_PRE_DEFINED_CURVE_FONT('continuous');
#19203 = OVER_RIDING_STYLED_ITEM('overriding color',(#19204),#9859,
  #19194);
#19204 = PRESENTATION_STYLE_ASSIGNMENT((#19205,#19210));
#19205 = SURFACE_STYLE_USAGE(.BOTH.,#19206);
#19206 = SURFACE_SIDE_STYLE('',(#19207));
#19207 = SURFACE_STYLE_FILL_AREA(#19208);
#19208 = FILL_AREA_STYLE('',(#19209));
#19209 = FILL_AREA_STYLE_COLOUR('',#17508);
#19210 = CURVE_STYLE('',#19211,POSITIVE_LENGTH_MEASURE(0.1),#17508);
#19211 = DRAUGHTING_PRE_DEFINED_CURVE_FONT('continuous');
#19212 = STYLED_ITEM('color',(#19213),#9871);
#19213 = PRESENTATION_STYLE_ASSIGNMENT((#19214,#19219));
#19214 = SURFACE_STYLE_USAGE(.BOTH.,#19215);
#19215 = SURFACE_SIDE_STYLE('',(#19216));
#19216 = SURFACE_STYLE_FILL_AREA(#19217);
#19217 = FILL_AREA_STYLE('',(#19218));
#19218 = FILL_AREA_STYLE_COLOUR('',#17508);
#19219 = CURVE_STYLE('',#19220,POSITIVE_LENGTH_MEASURE(0.1),#17508);
#19220 = DRAUGHTING_PRE_DEFINED_CURVE_FONT('continuous');
#19221 = STYLED_ITEM('color',(#19222),#9920);
#19222 = PRESENTATION_STYLE_ASSIGNMENT((#19223,#19228));
#19223 = SURFACE_STYLE_USAGE(.BOTH.,#19224);
#19224 = SURFACE_SIDE_STYLE('',(#19225));
#19225 = SURFACE_STYLE_FILL_AREA(#19226);
#19226 = FILL_AREA_STYLE('',(#19227));
#19227 = FILL_AREA_STYLE_COLOUR('',#17508);
#19228 = CURVE_STYLE('',#19229,POSITIVE_LENGTH_MEASURE(0.1),#17508);
#19229 = DRAUGHTING_PRE_DEFINED_CURVE_FONT('continuous');
#19230 = STYLED_ITEM('color',(#19231),#9944);
#19231 = PRESENTATION_STYLE_ASSIGNMENT((#19232,#19237));
#19232 = SURFACE_STYLE_USAGE(.BOTH.,#19233);
#19233 = SURFACE_SIDE_STYLE('',(#19234));
#19234 = SURFACE_STYLE_FILL_AREA(#19235);
#19235 = FILL_AREA_STYLE('',(#19236));
#19236 = FILL_AREA_STYLE_COLOUR('',#17508);
#19237 = CURVE_STYLE('',#19238,POSITIVE_LENGTH_MEASURE(0.1),#17508);
#19238 = DRAUGHTING_PRE_DEFINED_CURVE_FONT('continuous');
#19239 = STYLED_ITEM('color',(#19240),#9986);
#19240 = PRESENTATION_STYLE_ASSIGNMENT((#19241,#19246));
#19241 = SURFACE_STYLE_USAGE(.BOTH.,#19242);
#19242 = SURFACE_SIDE_STYLE('',(#19243));
#19243 = SURFACE_STYLE_FILL_AREA(#19244);
#19244 = FILL_AREA_STYLE('',(#19245));
#19245 = FILL_AREA_STYLE_COLOUR('',#17508);
#19246 = CURVE_STYLE('',#19247,POSITIVE_LENGTH_MEASURE(0.1),#17508);
#19247 = DRAUGHTING_PRE_DEFINED_CURVE_FONT('continuous');
#19248 = STYLED_ITEM('color',(#19249),#10003);
#19249 = PRESENTATION_STYLE_ASSIGNMENT((#19250,#19255));
#19250 = SURFACE_STYLE_USAGE(.BOTH.,#19251);
#19251 = SURFACE_SIDE_STYLE('',(#19252));
#19252 = SURFACE_STYLE_FILL_AREA(#19253);
#19253 = FILL_AREA_STYLE('',(#19254));
#19254 = FILL_AREA_STYLE_COLOUR('',#17435);
#19255 = CURVE_STYLE('',#19256,POSITIVE_LENGTH_MEASURE(0.1),#17435);
#19256 = DRAUGHTING_PRE_DEFINED_CURVE_FONT('continuous');
#19257 = OVER_RIDING_STYLED_ITEM('overriding color',(#19258),#10010,
  #19248);
#19258 = PRESENTATION_STYLE_ASSIGNMENT((#19259,#19264));
#19259 = SURFACE_STYLE_USAGE(.BOTH.,#19260);
#19260 = SURFACE_SIDE_STYLE('',(#19261));
#19261 = SURFACE_STYLE_FILL_AREA(#19262);
#19262 = FILL_AREA_STYLE('',(#19263));
#19263 = FILL_AREA_STYLE_COLOUR('',#17508);
#19264 = CURVE_STYLE('',#19265,POSITIVE_LENGTH_MEASURE(0.1),#17508);
#19265 = DRAUGHTING_PRE_DEFINED_CURVE_FONT('continuous');
#19266 = STYLED_ITEM('color',(#19267),#10020);
#19267 = PRESENTATION_STYLE_ASSIGNMENT((#19268,#19273));
#19268 = SURFACE_STYLE_USAGE(.BOTH.,#19269);
#19269 = SURFACE_SIDE_STYLE('',(#19270));
#19270 = SURFACE_STYLE_FILL_AREA(#19271);
#19271 = FILL_AREA_STYLE('',(#19272));
#19272 = FILL_AREA_STYLE_COLOUR('',#17435);
#19273 = CURVE_STYLE('',#19274,POSITIVE_LENGTH_MEASURE(0.1),#17435);
#19274 = DRAUGHTING_PRE_DEFINED_CURVE_FONT('continuous');
#19275 = OVER_RIDING_STYLED_ITEM('overriding color',(#19276),#10025,
  #19266);
#19276 = PRESENTATION_STYLE_ASSIGNMENT((#19277,#19282));
#19277 = SURFACE_STYLE_USAGE(.BOTH.,#19278);
#19278 = SURFACE_SIDE_STYLE('',(#19279));
#19279 = SURFACE_STYLE_FILL_AREA(#19280);
#19280 = FILL_AREA_STYLE('',(#19281));
#19281 = FILL_AREA_STYLE_COLOUR('',#17508);
#19282 = CURVE_STYLE('',#19283,POSITIVE_LENGTH_MEASURE(0.1),#17508);
#19283 = DRAUGHTING_PRE_DEFINED_CURVE_FONT('continuous');
#19284 = STYLED_ITEM('color',(#19285),#10037);
#19285 = PRESENTATION_STYLE_ASSIGNMENT((#19286,#19291));
#19286 = SURFACE_STYLE_USAGE(.BOTH.,#19287);
#19287 = SURFACE_SIDE_STYLE('',(#19288));
#19288 = SURFACE_STYLE_FILL_AREA(#19289);
#19289 = FILL_AREA_STYLE('',(#19290));
#19290 = FILL_AREA_STYLE_COLOUR('',#17508);
#19291 = CURVE_STYLE('',#19292,POSITIVE_LENGTH_MEASURE(0.1),#17508);
#19292 = DRAUGHTING_PRE_DEFINED_CURVE_FONT('continuous');
#19293 = STYLED_ITEM('color',(#19294),#10086);
#19294 = PRESENTATION_STYLE_ASSIGNMENT((#19295,#19300));
#19295 = SURFACE_STYLE_USAGE(.BOTH.,#19296);
#19296 = SURFACE_SIDE_STYLE('',(#19297));
#19297 = SURFACE_STYLE_FILL_AREA(#19298);
#19298 = FILL_AREA_STYLE('',(#19299));
#19299 = FILL_AREA_STYLE_COLOUR('',#17508);
#19300 = CURVE_STYLE('',#19301,POSITIVE_LENGTH_MEASURE(0.1),#17508);
#19301 = DRAUGHTING_PRE_DEFINED_CURVE_FONT('continuous');
#19302 = STYLED_ITEM('color',(#19303),#10110);
#19303 = PRESENTATION_STYLE_ASSIGNMENT((#19304,#19309));
#19304 = SURFACE_STYLE_USAGE(.BOTH.,#19305);
#19305 = SURFACE_SIDE_STYLE('',(#19306));
#19306 = SURFACE_STYLE_FILL_AREA(#19307);
#19307 = FILL_AREA_STYLE('',(#19308));
#19308 = FILL_AREA_STYLE_COLOUR('',#17508);
#19309 = CURVE_STYLE('',#19310,POSITIVE_LENGTH_MEASURE(0.1),#17508);
#19310 = DRAUGHTING_PRE_DEFINED_CURVE_FONT('continuous');
#19311 = STYLED_ITEM('color',(#19312),#10152);
#19312 = PRESENTATION_STYLE_ASSIGNMENT((#19313,#19318));
#19313 = SURFACE_STYLE_USAGE(.BOTH.,#19314);
#19314 = SURFACE_SIDE_STYLE('',(#19315));
#19315 = SURFACE_STYLE_FILL_AREA(#19316);
#19316 = FILL_AREA_STYLE('',(#19317));
#19317 = FILL_AREA_STYLE_COLOUR('',#17508);
#19318 = CURVE_STYLE('',#19319,POSITIVE_LENGTH_MEASURE(0.1),#17508);
#19319 = DRAUGHTING_PRE_DEFINED_CURVE_FONT('continuous');
#19320 = STYLED_ITEM('color',(#19321),#10169);
#19321 = PRESENTATION_STYLE_ASSIGNMENT((#19322,#19327));
#19322 = SURFACE_STYLE_USAGE(.BOTH.,#19323);
#19323 = SURFACE_SIDE_STYLE('',(#19324));
#19324 = SURFACE_STYLE_FILL_AREA(#19325);
#19325 = FILL_AREA_STYLE('',(#19326));
#19326 = FILL_AREA_STYLE_COLOUR('',#17435);
#19327 = CURVE_STYLE('',#19328,POSITIVE_LENGTH_MEASURE(0.1),#17435);
#19328 = DRAUGHTING_PRE_DEFINED_CURVE_FONT('continuous');
#19329 = OVER_RIDING_STYLED_ITEM('overriding color',(#19330),#10176,
  #19320);
#19330 = PRESENTATION_STYLE_ASSIGNMENT((#19331,#19336));
#19331 = SURFACE_STYLE_USAGE(.BOTH.,#19332);
#19332 = SURFACE_SIDE_STYLE('',(#19333));
#19333 = SURFACE_STYLE_FILL_AREA(#19334);
#19334 = FILL_AREA_STYLE('',(#19335));
#19335 = FILL_AREA_STYLE_COLOUR('',#17508);
#19336 = CURVE_STYLE('',#19337,POSITIVE_LENGTH_MEASURE(0.1),#17508);
#19337 = DRAUGHTING_PRE_DEFINED_CURVE_FONT('continuous');
#19338 = STYLED_ITEM('color',(#19339),#10186);
#19339 = PRESENTATION_STYLE_ASSIGNMENT((#19340,#19345));
#19340 = SURFACE_STYLE_USAGE(.BOTH.,#19341);
#19341 = SURFACE_SIDE_STYLE('',(#19342));
#19342 = SURFACE_STYLE_FILL_AREA(#19343);
#19343 = FILL_AREA_STYLE('',(#19344));
#19344 = FILL_AREA_STYLE_COLOUR('',#17435);
#19345 = CURVE_STYLE('',#19346,POSITIVE_LENGTH_MEASURE(0.1),#17435);
#19346 = DRAUGHTING_PRE_DEFINED_CURVE_FONT('continuous');
#19347 = OVER_RIDING_STYLED_ITEM('overriding color',(#19348),#10191,
  #19338);
#19348 = PRESENTATION_STYLE_ASSIGNMENT((#19349,#19354));
#19349 = SURFACE_STYLE_USAGE(.BOTH.,#19350);
#19350 = SURFACE_SIDE_STYLE('',(#19351));
#19351 = SURFACE_STYLE_FILL_AREA(#19352);
#19352 = FILL_AREA_STYLE('',(#19353));
#19353 = FILL_AREA_STYLE_COLOUR('',#17508);
#19354 = CURVE_STYLE('',#19355,POSITIVE_LENGTH_MEASURE(0.1),#17508);
#19355 = DRAUGHTING_PRE_DEFINED_CURVE_FONT('continuous');
#19356 = STYLED_ITEM('color',(#19357),#10203);
#19357 = PRESENTATION_STYLE_ASSIGNMENT((#19358,#19363));
#19358 = SURFACE_STYLE_USAGE(.BOTH.,#19359);
#19359 = SURFACE_SIDE_STYLE('',(#19360));
#19360 = SURFACE_STYLE_FILL_AREA(#19361);
#19361 = FILL_AREA_STYLE('',(#19362));
#19362 = FILL_AREA_STYLE_COLOUR('',#17508);
#19363 = CURVE_STYLE('',#19364,POSITIVE_LENGTH_MEASURE(0.1),#17508);
#19364 = DRAUGHTING_PRE_DEFINED_CURVE_FONT('continuous');
#19365 = STYLED_ITEM('color',(#19366),#10252);
#19366 = PRESENTATION_STYLE_ASSIGNMENT((#19367,#19372));
#19367 = SURFACE_STYLE_USAGE(.BOTH.,#19368);
#19368 = SURFACE_SIDE_STYLE('',(#19369));
#19369 = SURFACE_STYLE_FILL_AREA(#19370);
#19370 = FILL_AREA_STYLE('',(#19371));
#19371 = FILL_AREA_STYLE_COLOUR('',#17508);
#19372 = CURVE_STYLE('',#19373,POSITIVE_LENGTH_MEASURE(0.1),#17508);
#19373 = DRAUGHTING_PRE_DEFINED_CURVE_FONT('continuous');
#19374 = STYLED_ITEM('color',(#19375),#10276);
#19375 = PRESENTATION_STYLE_ASSIGNMENT((#19376,#19381));
#19376 = SURFACE_STYLE_USAGE(.BOTH.,#19377);
#19377 = SURFACE_SIDE_STYLE('',(#19378));
#19378 = SURFACE_STYLE_FILL_AREA(#19379);
#19379 = FILL_AREA_STYLE('',(#19380));
#19380 = FILL_AREA_STYLE_COLOUR('',#17508);
#19381 = CURVE_STYLE('',#19382,POSITIVE_LENGTH_MEASURE(0.1),#17508);
#19382 = DRAUGHTING_PRE_DEFINED_CURVE_FONT('continuous');
#19383 = STYLED_ITEM('color',(#19384),#10318);
#19384 = PRESENTATION_STYLE_ASSIGNMENT((#19385,#19390));
#19385 = SURFACE_STYLE_USAGE(.BOTH.,#19386);
#19386 = SURFACE_SIDE_STYLE('',(#19387));
#19387 = SURFACE_STYLE_FILL_AREA(#19388);
#19388 = FILL_AREA_STYLE('',(#19389));
#19389 = FILL_AREA_STYLE_COLOUR('',#17508);
#19390 = CURVE_STYLE('',#19391,POSITIVE_LENGTH_MEASURE(0.1),#17508);
#19391 = DRAUGHTING_PRE_DEFINED_CURVE_FONT('continuous');
#19392 = STYLED_ITEM('color',(#19393),#10335);
#19393 = PRESENTATION_STYLE_ASSIGNMENT((#19394,#19399));
#19394 = SURFACE_STYLE_USAGE(.BOTH.,#19395);
#19395 = SURFACE_SIDE_STYLE('',(#19396));
#19396 = SURFACE_STYLE_FILL_AREA(#19397);
#19397 = FILL_AREA_STYLE('',(#19398));
#19398 = FILL_AREA_STYLE_COLOUR('',#17435);
#19399 = CURVE_STYLE('',#19400,POSITIVE_LENGTH_MEASURE(0.1),#17435);
#19400 = DRAUGHTING_PRE_DEFINED_CURVE_FONT('continuous');
#19401 = OVER_RIDING_STYLED_ITEM('overriding color',(#19402),#10342,
  #19392);
#19402 = PRESENTATION_STYLE_ASSIGNMENT((#19403,#19408));
#19403 = SURFACE_STYLE_USAGE(.BOTH.,#19404);
#19404 = SURFACE_SIDE_STYLE('',(#19405));
#19405 = SURFACE_STYLE_FILL_AREA(#19406);
#19406 = FILL_AREA_STYLE('',(#19407));
#19407 = FILL_AREA_STYLE_COLOUR('',#17508);
#19408 = CURVE_STYLE('',#19409,POSITIVE_LENGTH_MEASURE(0.1),#17508);
#19409 = DRAUGHTING_PRE_DEFINED_CURVE_FONT('continuous');
#19410 = STYLED_ITEM('color',(#19411),#10352);
#19411 = PRESENTATION_STYLE_ASSIGNMENT((#19412,#19417));
#19412 = SURFACE_STYLE_USAGE(.BOTH.,#19413);
#19413 = SURFACE_SIDE_STYLE('',(#19414));
#19414 = SURFACE_STYLE_FILL_AREA(#19415);
#19415 = FILL_AREA_STYLE('',(#19416));
#19416 = FILL_AREA_STYLE_COLOUR('',#17435);
#19417 = CURVE_STYLE('',#19418,POSITIVE_LENGTH_MEASURE(0.1),#17435);
#19418 = DRAUGHTING_PRE_DEFINED_CURVE_FONT('continuous');
#19419 = OVER_RIDING_STYLED_ITEM('overriding color',(#19420),#10357,
  #19410);
#19420 = PRESENTATION_STYLE_ASSIGNMENT((#19421,#19426));
#19421 = SURFACE_STYLE_USAGE(.BOTH.,#19422);
#19422 = SURFACE_SIDE_STYLE('',(#19423));
#19423 = SURFACE_STYLE_FILL_AREA(#19424);
#19424 = FILL_AREA_STYLE('',(#19425));
#19425 = FILL_AREA_STYLE_COLOUR('',#17508);
#19426 = CURVE_STYLE('',#19427,POSITIVE_LENGTH_MEASURE(0.1),#17508);
#19427 = DRAUGHTING_PRE_DEFINED_CURVE_FONT('continuous');
#19428 = STYLED_ITEM('color',(#19429),#10369);
#19429 = PRESENTATION_STYLE_ASSIGNMENT((#19430,#19435));
#19430 = SURFACE_STYLE_USAGE(.BOTH.,#19431);
#19431 = SURFACE_SIDE_STYLE('',(#19432));
#19432 = SURFACE_STYLE_FILL_AREA(#19433);
#19433 = FILL_AREA_STYLE('',(#19434));
#19434 = FILL_AREA_STYLE_COLOUR('',#17508);
#19435 = CURVE_STYLE('',#19436,POSITIVE_LENGTH_MEASURE(0.1),#17508);
#19436 = DRAUGHTING_PRE_DEFINED_CURVE_FONT('continuous');
#19437 = STYLED_ITEM('color',(#19438),#10418);
#19438 = PRESENTATION_STYLE_ASSIGNMENT((#19439,#19444));
#19439 = SURFACE_STYLE_USAGE(.BOTH.,#19440);
#19440 = SURFACE_SIDE_STYLE('',(#19441));
#19441 = SURFACE_STYLE_FILL_AREA(#19442);
#19442 = FILL_AREA_STYLE('',(#19443));
#19443 = FILL_AREA_STYLE_COLOUR('',#17508);
#19444 = CURVE_STYLE('',#19445,POSITIVE_LENGTH_MEASURE(0.1),#17508);
#19445 = DRAUGHTING_PRE_DEFINED_CURVE_FONT('continuous');
#19446 = STYLED_ITEM('color',(#19447),#10442);
#19447 = PRESENTATION_STYLE_ASSIGNMENT((#19448,#19453));
#19448 = SURFACE_STYLE_USAGE(.BOTH.,#19449);
#19449 = SURFACE_SIDE_STYLE('',(#19450));
#19450 = SURFACE_STYLE_FILL_AREA(#19451);
#19451 = FILL_AREA_STYLE('',(#19452));
#19452 = FILL_AREA_STYLE_COLOUR('',#17508);
#19453 = CURVE_STYLE('',#19454,POSITIVE_LENGTH_MEASURE(0.1),#17508);
#19454 = DRAUGHTING_PRE_DEFINED_CURVE_FONT('continuous');
#19455 = STYLED_ITEM('color',(#19456),#10484);
#19456 = PRESENTATION_STYLE_ASSIGNMENT((#19457,#19462));
#19457 = SURFACE_STYLE_USAGE(.BOTH.,#19458);
#19458 = SURFACE_SIDE_STYLE('',(#19459));
#19459 = SURFACE_STYLE_FILL_AREA(#19460);
#19460 = FILL_AREA_STYLE('',(#19461));
#19461 = FILL_AREA_STYLE_COLOUR('',#17508);
#19462 = CURVE_STYLE('',#19463,POSITIVE_LENGTH_MEASURE(0.1),#17508);
#19463 = DRAUGHTING_PRE_DEFINED_CURVE_FONT('continuous');
#19464 = STYLED_ITEM('color',(#19465),#10501);
#19465 = PRESENTATION_STYLE_ASSIGNMENT((#19466,#19471));
#19466 = SURFACE_STYLE_USAGE(.BOTH.,#19467);
#19467 = SURFACE_SIDE_STYLE('',(#19468));
#19468 = SURFACE_STYLE_FILL_AREA(#19469);
#19469 = FILL_AREA_STYLE('',(#19470));
#19470 = FILL_AREA_STYLE_COLOUR('',#17435);
#19471 = CURVE_STYLE('',#19472,POSITIVE_LENGTH_MEASURE(0.1),#17435);
#19472 = DRAUGHTING_PRE_DEFINED_CURVE_FONT('continuous');
#19473 = OVER_RIDING_STYLED_ITEM('overriding color',(#19474),#10508,
  #19464);
#19474 = PRESENTATION_STYLE_ASSIGNMENT((#19475,#19480));
#19475 = SURFACE_STYLE_USAGE(.BOTH.,#19476);
#19476 = SURFACE_SIDE_STYLE('',(#19477));
#19477 = SURFACE_STYLE_FILL_AREA(#19478);
#19478 = FILL_AREA_STYLE('',(#19479));
#19479 = FILL_AREA_STYLE_COLOUR('',#17508);
#19480 = CURVE_STYLE('',#19481,POSITIVE_LENGTH_MEASURE(0.1),#17508);
#19481 = DRAUGHTING_PRE_DEFINED_CURVE_FONT('continuous');
#19482 = STYLED_ITEM('color',(#19483),#10518);
#19483 = PRESENTATION_STYLE_ASSIGNMENT((#19484,#19489));
#19484 = SURFACE_STYLE_USAGE(.BOTH.,#19485);
#19485 = SURFACE_SIDE_STYLE('',(#19486));
#19486 = SURFACE_STYLE_FILL_AREA(#19487);
#19487 = FILL_AREA_STYLE('',(#19488));
#19488 = FILL_AREA_STYLE_COLOUR('',#17435);
#19489 = CURVE_STYLE('',#19490,POSITIVE_LENGTH_MEASURE(0.1),#17435);
#19490 = DRAUGHTING_PRE_DEFINED_CURVE_FONT('continuous');
#19491 = OVER_RIDING_STYLED_ITEM('overriding color',(#19492),#10523,
  #19482);
#19492 = PRESENTATION_STYLE_ASSIGNMENT((#19493,#19498));
#19493 = SURFACE_STYLE_USAGE(.BOTH.,#19494);
#19494 = SURFACE_SIDE_STYLE('',(#19495));
#19495 = SURFACE_STYLE_FILL_AREA(#19496);
#19496 = FILL_AREA_STYLE('',(#19497));
#19497 = FILL_AREA_STYLE_COLOUR('',#17508);
#19498 = CURVE_STYLE('',#19499,POSITIVE_LENGTH_MEASURE(0.1),#17508);
#19499 = DRAUGHTING_PRE_DEFINED_CURVE_FONT('continuous');
#19500 = STYLED_ITEM('color',(#19501),#10535);
#19501 = PRESENTATION_STYLE_ASSIGNMENT((#19502,#19507));
#19502 = SURFACE_STYLE_USAGE(.BOTH.,#19503);
#19503 = SURFACE_SIDE_STYLE('',(#19504));
#19504 = SURFACE_STYLE_FILL_AREA(#19505);
#19505 = FILL_AREA_STYLE('',(#19506));
#19506 = FILL_AREA_STYLE_COLOUR('',#17508);
#19507 = CURVE_STYLE('',#19508,POSITIVE_LENGTH_MEASURE(0.1),#17508);
#19508 = DRAUGHTING_PRE_DEFINED_CURVE_FONT('continuous');
#19509 = STYLED_ITEM('color',(#19510),#10584);
#19510 = PRESENTATION_STYLE_ASSIGNMENT((#19511,#19516));
#19511 = SURFACE_STYLE_USAGE(.BOTH.,#19512);
#19512 = SURFACE_SIDE_STYLE('',(#19513));
#19513 = SURFACE_STYLE_FILL_AREA(#19514);
#19514 = FILL_AREA_STYLE('',(#19515));
#19515 = FILL_AREA_STYLE_COLOUR('',#17508);
#19516 = CURVE_STYLE('',#19517,POSITIVE_LENGTH_MEASURE(0.1),#17508);
#19517 = DRAUGHTING_PRE_DEFINED_CURVE_FONT('continuous');
#19518 = STYLED_ITEM('color',(#19519),#10608);
#19519 = PRESENTATION_STYLE_ASSIGNMENT((#19520,#19525));
#19520 = SURFACE_STYLE_USAGE(.BOTH.,#19521);
#19521 = SURFACE_SIDE_STYLE('',(#19522));
#19522 = SURFACE_STYLE_FILL_AREA(#19523);
#19523 = FILL_AREA_STYLE('',(#19524));
#19524 = FILL_AREA_STYLE_COLOUR('',#17508);
#19525 = CURVE_STYLE('',#19526,POSITIVE_LENGTH_MEASURE(0.1),#17508);
#19526 = DRAUGHTING_PRE_DEFINED_CURVE_FONT('continuous');
#19527 = STYLED_ITEM('color',(#19528),#10650);
#19528 = PRESENTATION_STYLE_ASSIGNMENT((#19529,#19534));
#19529 = SURFACE_STYLE_USAGE(.BOTH.,#19530);
#19530 = SURFACE_SIDE_STYLE('',(#19531));
#19531 = SURFACE_STYLE_FILL_AREA(#19532);
#19532 = FILL_AREA_STYLE('',(#19533));
#19533 = FILL_AREA_STYLE_COLOUR('',#17508);
#19534 = CURVE_STYLE('',#19535,POSITIVE_LENGTH_MEASURE(0.1),#17508);
#19535 = DRAUGHTING_PRE_DEFINED_CURVE_FONT('continuous');
#19536 = STYLED_ITEM('color',(#19537),#10667);
#19537 = PRESENTATION_STYLE_ASSIGNMENT((#19538,#19543));
#19538 = SURFACE_STYLE_USAGE(.BOTH.,#19539);
#19539 = SURFACE_SIDE_STYLE('',(#19540));
#19540 = SURFACE_STYLE_FILL_AREA(#19541);
#19541 = FILL_AREA_STYLE('',(#19542));
#19542 = FILL_AREA_STYLE_COLOUR('',#17435);
#19543 = CURVE_STYLE('',#19544,POSITIVE_LENGTH_MEASURE(0.1),#17435);
#19544 = DRAUGHTING_PRE_DEFINED_CURVE_FONT('continuous');
#19545 = OVER_RIDING_STYLED_ITEM('overriding color',(#19546),#10674,
  #19536);
#19546 = PRESENTATION_STYLE_ASSIGNMENT((#19547,#19552));
#19547 = SURFACE_STYLE_USAGE(.BOTH.,#19548);
#19548 = SURFACE_SIDE_STYLE('',(#19549));
#19549 = SURFACE_STYLE_FILL_AREA(#19550);
#19550 = FILL_AREA_STYLE('',(#19551));
#19551 = FILL_AREA_STYLE_COLOUR('',#17508);
#19552 = CURVE_STYLE('',#19553,POSITIVE_LENGTH_MEASURE(0.1),#17508);
#19553 = DRAUGHTING_PRE_DEFINED_CURVE_FONT('continuous');
#19554 = STYLED_ITEM('color',(#19555),#10684);
#19555 = PRESENTATION_STYLE_ASSIGNMENT((#19556,#19561));
#19556 = SURFACE_STYLE_USAGE(.BOTH.,#19557);
#19557 = SURFACE_SIDE_STYLE('',(#19558));
#19558 = SURFACE_STYLE_FILL_AREA(#19559);
#19559 = FILL_AREA_STYLE('',(#19560));
#19560 = FILL_AREA_STYLE_COLOUR('',#17435);
#19561 = CURVE_STYLE('',#19562,POSITIVE_LENGTH_MEASURE(0.1),#17435);
#19562 = DRAUGHTING_PRE_DEFINED_CURVE_FONT('continuous');
#19563 = OVER_RIDING_STYLED_ITEM('overriding color',(#19564),#10689,
  #19554);
#19564 = PRESENTATION_STYLE_ASSIGNMENT((#19565,#19570));
#19565 = SURFACE_STYLE_USAGE(.BOTH.,#19566);
#19566 = SURFACE_SIDE_STYLE('',(#19567));
#19567 = SURFACE_STYLE_FILL_AREA(#19568);
#19568 = FILL_AREA_STYLE('',(#19569));
#19569 = FILL_AREA_STYLE_COLOUR('',#17508);
#19570 = CURVE_STYLE('',#19571,POSITIVE_LENGTH_MEASURE(0.1),#17508);
#19571 = DRAUGHTING_PRE_DEFINED_CURVE_FONT('continuous');
#19572 = STYLED_ITEM('color',(#19573),#10701);
#19573 = PRESENTATION_STYLE_ASSIGNMENT((#19574,#19579));
#19574 = SURFACE_STYLE_USAGE(.BOTH.,#19575);
#19575 = SURFACE_SIDE_STYLE('',(#19576));
#19576 = SURFACE_STYLE_FILL_AREA(#19577);
#19577 = FILL_AREA_STYLE('',(#19578));
#19578 = FILL_AREA_STYLE_COLOUR('',#17508);
#19579 = CURVE_STYLE('',#19580,POSITIVE_LENGTH_MEASURE(0.1),#17508);
#19580 = DRAUGHTING_PRE_DEFINED_CURVE_FONT('continuous');
#19581 = STYLED_ITEM('color',(#19582),#10750);
#19582 = PRESENTATION_STYLE_ASSIGNMENT((#19583,#19588));
#19583 = SURFACE_STYLE_USAGE(.BOTH.,#19584);
#19584 = SURFACE_SIDE_STYLE('',(#19585));
#19585 = SURFACE_STYLE_FILL_AREA(#19586);
#19586 = FILL_AREA_STYLE('',(#19587));
#19587 = FILL_AREA_STYLE_COLOUR('',#17508);
#19588 = CURVE_STYLE('',#19589,POSITIVE_LENGTH_MEASURE(0.1),#17508);
#19589 = DRAUGHTING_PRE_DEFINED_CURVE_FONT('continuous');
#19590 = STYLED_ITEM('color',(#19591),#10774);
#19591 = PRESENTATION_STYLE_ASSIGNMENT((#19592,#19597));
#19592 = SURFACE_STYLE_USAGE(.BOTH.,#19593);
#19593 = SURFACE_SIDE_STYLE('',(#19594));
#19594 = SURFACE_STYLE_FILL_AREA(#19595);
#19595 = FILL_AREA_STYLE('',(#19596));
#19596 = FILL_AREA_STYLE_COLOUR('',#17508);
#19597 = CURVE_STYLE('',#19598,POSITIVE_LENGTH_MEASURE(0.1),#17508);
#19598 = DRAUGHTING_PRE_DEFINED_CURVE_FONT('continuous');
#19599 = STYLED_ITEM('color',(#19600),#10816);
#19600 = PRESENTATION_STYLE_ASSIGNMENT((#19601,#19606));
#19601 = SURFACE_STYLE_USAGE(.BOTH.,#19602);
#19602 = SURFACE_SIDE_STYLE('',(#19603));
#19603 = SURFACE_STYLE_FILL_AREA(#19604);
#19604 = FILL_AREA_STYLE('',(#19605));
#19605 = FILL_AREA_STYLE_COLOUR('',#17508);
#19606 = CURVE_STYLE('',#19607,POSITIVE_LENGTH_MEASURE(0.1),#17508);
#19607 = DRAUGHTING_PRE_DEFINED_CURVE_FONT('continuous');
#19608 = STYLED_ITEM('color',(#19609),#10833);
#19609 = PRESENTATION_STYLE_ASSIGNMENT((#19610,#19615));
#19610 = SURFACE_STYLE_USAGE(.BOTH.,#19611);
#19611 = SURFACE_SIDE_STYLE('',(#19612));
#19612 = SURFACE_STYLE_FILL_AREA(#19613);
#19613 = FILL_AREA_STYLE('',(#19614));
#19614 = FILL_AREA_STYLE_COLOUR('',#17435);
#19615 = CURVE_STYLE('',#19616,POSITIVE_LENGTH_MEASURE(0.1),#17435);
#19616 = DRAUGHTING_PRE_DEFINED_CURVE_FONT('continuous');
#19617 = OVER_RIDING_STYLED_ITEM('overriding color',(#19618),#10840,
  #19608);
#19618 = PRESENTATION_STYLE_ASSIGNMENT((#19619,#19624));
#19619 = SURFACE_STYLE_USAGE(.BOTH.,#19620);
#19620 = SURFACE_SIDE_STYLE('',(#19621));
#19621 = SURFACE_STYLE_FILL_AREA(#19622);
#19622 = FILL_AREA_STYLE('',(#19623));
#19623 = FILL_AREA_STYLE_COLOUR('',#17508);
#19624 = CURVE_STYLE('',#19625,POSITIVE_LENGTH_MEASURE(0.1),#17508);
#19625 = DRAUGHTING_PRE_DEFINED_CURVE_FONT('continuous');
#19626 = STYLED_ITEM('color',(#19627),#10850);
#19627 = PRESENTATION_STYLE_ASSIGNMENT((#19628,#19633));
#19628 = SURFACE_STYLE_USAGE(.BOTH.,#19629);
#19629 = SURFACE_SIDE_STYLE('',(#19630));
#19630 = SURFACE_STYLE_FILL_AREA(#19631);
#19631 = FILL_AREA_STYLE('',(#19632));
#19632 = FILL_AREA_STYLE_COLOUR('',#17435);
#19633 = CURVE_STYLE('',#19634,POSITIVE_LENGTH_MEASURE(0.1),#17435);
#19634 = DRAUGHTING_PRE_DEFINED_CURVE_FONT('continuous');
#19635 = OVER_RIDING_STYLED_ITEM('overriding color',(#19636),#10855,
  #19626);
#19636 = PRESENTATION_STYLE_ASSIGNMENT((#19637,#19642));
#19637 = SURFACE_STYLE_USAGE(.BOTH.,#19638);
#19638 = SURFACE_SIDE_STYLE('',(#19639));
#19639 = SURFACE_STYLE_FILL_AREA(#19640);
#19640 = FILL_AREA_STYLE('',(#19641));
#19641 = FILL_AREA_STYLE_COLOUR('',#17508);
#19642 = CURVE_STYLE('',#19643,POSITIVE_LENGTH_MEASURE(0.1),#17508);
#19643 = DRAUGHTING_PRE_DEFINED_CURVE_FONT('continuous');
#19644 = STYLED_ITEM('color',(#19645),#10867);
#19645 = PRESENTATION_STYLE_ASSIGNMENT((#19646,#19651));
#19646 = SURFACE_STYLE_USAGE(.BOTH.,#19647);
#19647 = SURFACE_SIDE_STYLE('',(#19648));
#19648 = SURFACE_STYLE_FILL_AREA(#19649);
#19649 = FILL_AREA_STYLE('',(#19650));
#19650 = FILL_AREA_STYLE_COLOUR('',#17508);
#19651 = CURVE_STYLE('',#19652,POSITIVE_LENGTH_MEASURE(0.1),#17508);
#19652 = DRAUGHTING_PRE_DEFINED_CURVE_FONT('continuous');
#19653 = STYLED_ITEM('color',(#19654),#10916);
#19654 = PRESENTATION_STYLE_ASSIGNMENT((#19655,#19660));
#19655 = SURFACE_STYLE_USAGE(.BOTH.,#19656);
#19656 = SURFACE_SIDE_STYLE('',(#19657));
#19657 = SURFACE_STYLE_FILL_AREA(#19658);
#19658 = FILL_AREA_STYLE('',(#19659));
#19659 = FILL_AREA_STYLE_COLOUR('',#17508);
#19660 = CURVE_STYLE('',#19661,POSITIVE_LENGTH_MEASURE(0.1),#17508);
#19661 = DRAUGHTING_PRE_DEFINED_CURVE_FONT('continuous');
#19662 = STYLED_ITEM('color',(#19663),#10940);
#19663 = PRESENTATION_STYLE_ASSIGNMENT((#19664,#19669));
#19664 = SURFACE_STYLE_USAGE(.BOTH.,#19665);
#19665 = SURFACE_SIDE_STYLE('',(#19666));
#19666 = SURFACE_STYLE_FILL_AREA(#19667);
#19667 = FILL_AREA_STYLE('',(#19668));
#19668 = FILL_AREA_STYLE_COLOUR('',#17508);
#19669 = CURVE_STYLE('',#19670,POSITIVE_LENGTH_MEASURE(0.1),#17508);
#19670 = DRAUGHTING_PRE_DEFINED_CURVE_FONT('continuous');
#19671 = STYLED_ITEM('color',(#19672),#10982);
#19672 = PRESENTATION_STYLE_ASSIGNMENT((#19673,#19678));
#19673 = SURFACE_STYLE_USAGE(.BOTH.,#19674);
#19674 = SURFACE_SIDE_STYLE('',(#19675));
#19675 = SURFACE_STYLE_FILL_AREA(#19676);
#19676 = FILL_AREA_STYLE('',(#19677));
#19677 = FILL_AREA_STYLE_COLOUR('',#17508);
#19678 = CURVE_STYLE('',#19679,POSITIVE_LENGTH_MEASURE(0.1),#17508);
#19679 = DRAUGHTING_PRE_DEFINED_CURVE_FONT('continuous');
#19680 = STYLED_ITEM('color',(#19681),#10999);
#19681 = PRESENTATION_STYLE_ASSIGNMENT((#19682,#19687));
#19682 = SURFACE_STYLE_USAGE(.BOTH.,#19683);
#19683 = SURFACE_SIDE_STYLE('',(#19684));
#19684 = SURFACE_STYLE_FILL_AREA(#19685);
#19685 = FILL_AREA_STYLE('',(#19686));
#19686 = FILL_AREA_STYLE_COLOUR('',#17435);
#19687 = CURVE_STYLE('',#19688,POSITIVE_LENGTH_MEASURE(0.1),#17435);
#19688 = DRAUGHTING_PRE_DEFINED_CURVE_FONT('continuous');
#19689 = OVER_RIDING_STYLED_ITEM('overriding color',(#19690),#11006,
  #19680);
#19690 = PRESENTATION_STYLE_ASSIGNMENT((#19691,#19696));
#19691 = SURFACE_STYLE_USAGE(.BOTH.,#19692);
#19692 = SURFACE_SIDE_STYLE('',(#19693));
#19693 = SURFACE_STYLE_FILL_AREA(#19694);
#19694 = FILL_AREA_STYLE('',(#19695));
#19695 = FILL_AREA_STYLE_COLOUR('',#17508);
#19696 = CURVE_STYLE('',#19697,POSITIVE_LENGTH_MEASURE(0.1),#17508);
#19697 = DRAUGHTING_PRE_DEFINED_CURVE_FONT('continuous');
#19698 = STYLED_ITEM('color',(#19699),#11016);
#19699 = PRESENTATION_STYLE_ASSIGNMENT((#19700,#19705));
#19700 = SURFACE_STYLE_USAGE(.BOTH.,#19701);
#19701 = SURFACE_SIDE_STYLE('',(#19702));
#19702 = SURFACE_STYLE_FILL_AREA(#19703);
#19703 = FILL_AREA_STYLE('',(#19704));
#19704 = FILL_AREA_STYLE_COLOUR('',#17435);
#19705 = CURVE_STYLE('',#19706,POSITIVE_LENGTH_MEASURE(0.1),#17435);
#19706 = DRAUGHTING_PRE_DEFINED_CURVE_FONT('continuous');
#19707 = OVER_RIDING_STYLED_ITEM('overriding color',(#19708),#11021,
  #19698);
#19708 = PRESENTATION_STYLE_ASSIGNMENT((#19709,#19714));
#19709 = SURFACE_STYLE_USAGE(.BOTH.,#19710);
#19710 = SURFACE_SIDE_STYLE('',(#19711));
#19711 = SURFACE_STYLE_FILL_AREA(#19712);
#19712 = FILL_AREA_STYLE('',(#19713));
#19713 = FILL_AREA_STYLE_COLOUR('',#17508);
#19714 = CURVE_STYLE('',#19715,POSITIVE_LENGTH_MEASURE(0.1),#17508);
#19715 = DRAUGHTING_PRE_DEFINED_CURVE_FONT('continuous');
#19716 = STYLED_ITEM('color',(#19717),#11033);
#19717 = PRESENTATION_STYLE_ASSIGNMENT((#19718,#19723));
#19718 = SURFACE_STYLE_USAGE(.BOTH.,#19719);
#19719 = SURFACE_SIDE_STYLE('',(#19720));
#19720 = SURFACE_STYLE_FILL_AREA(#19721);
#19721 = FILL_AREA_STYLE('',(#19722));
#19722 = FILL_AREA_STYLE_COLOUR('',#17508);
#19723 = CURVE_STYLE('',#19724,POSITIVE_LENGTH_MEASURE(0.1),#17508);
#19724 = DRAUGHTING_PRE_DEFINED_CURVE_FONT('continuous');
#19725 = STYLED_ITEM('color',(#19726),#11082);
#19726 = PRESENTATION_STYLE_ASSIGNMENT((#19727,#19732));
#19727 = SURFACE_STYLE_USAGE(.BOTH.,#19728);
#19728 = SURFACE_SIDE_STYLE('',(#19729));
#19729 = SURFACE_STYLE_FILL_AREA(#19730);
#19730 = FILL_AREA_STYLE('',(#19731));
#19731 = FILL_AREA_STYLE_COLOUR('',#17508);
#19732 = CURVE_STYLE('',#19733,POSITIVE_LENGTH_MEASURE(0.1),#17508);
#19733 = DRAUGHTING_PRE_DEFINED_CURVE_FONT('continuous');
#19734 = STYLED_ITEM('color',(#19735),#11106);
#19735 = PRESENTATION_STYLE_ASSIGNMENT((#19736,#19741));
#19736 = SURFACE_STYLE_USAGE(.BOTH.,#19737);
#19737 = SURFACE_SIDE_STYLE('',(#19738));
#19738 = SURFACE_STYLE_FILL_AREA(#19739);
#19739 = FILL_AREA_STYLE('',(#19740));
#19740 = FILL_AREA_STYLE_COLOUR('',#17508);
#19741 = CURVE_STYLE('',#19742,POSITIVE_LENGTH_MEASURE(0.1),#17508);
#19742 = DRAUGHTING_PRE_DEFINED_CURVE_FONT('continuous');
#19743 = STYLED_ITEM('color',(#19744),#11148);
#19744 = PRESENTATION_STYLE_ASSIGNMENT((#19745,#19750));
#19745 = SURFACE_STYLE_USAGE(.BOTH.,#19746);
#19746 = SURFACE_SIDE_STYLE('',(#19747));
#19747 = SURFACE_STYLE_FILL_AREA(#19748);
#19748 = FILL_AREA_STYLE('',(#19749));
#19749 = FILL_AREA_STYLE_COLOUR('',#17508);
#19750 = CURVE_STYLE('',#19751,POSITIVE_LENGTH_MEASURE(0.1),#17508);
#19751 = DRAUGHTING_PRE_DEFINED_CURVE_FONT('continuous');
#19752 = STYLED_ITEM('color',(#19753),#11165);
#19753 = PRESENTATION_STYLE_ASSIGNMENT((#19754,#19759));
#19754 = SURFACE_STYLE_USAGE(.BOTH.,#19755);
#19755 = SURFACE_SIDE_STYLE('',(#19756));
#19756 = SURFACE_STYLE_FILL_AREA(#19757);
#19757 = FILL_AREA_STYLE('',(#19758));
#19758 = FILL_AREA_STYLE_COLOUR('',#17508);
#19759 = CURVE_STYLE('',#19760,POSITIVE_LENGTH_MEASURE(0.1),#17508);
#19760 = DRAUGHTING_PRE_DEFINED_CURVE_FONT('continuous');
#19761 = STYLED_ITEM('color',(#19762),#11182);
#19762 = PRESENTATION_STYLE_ASSIGNMENT((#19763,#19768));
#19763 = SURFACE_STYLE_USAGE(.BOTH.,#19764);
#19764 = SURFACE_SIDE_STYLE('',(#19765));
#19765 = SURFACE_STYLE_FILL_AREA(#19766);
#19766 = FILL_AREA_STYLE('',(#19767));
#19767 = FILL_AREA_STYLE_COLOUR('',#17508);
#19768 = CURVE_STYLE('',#19769,POSITIVE_LENGTH_MEASURE(0.1),#17508);
#19769 = DRAUGHTING_PRE_DEFINED_CURVE_FONT('continuous');
#19770 = STYLED_ITEM('color',(#19771),#11199);
#19771 = PRESENTATION_STYLE_ASSIGNMENT((#19772,#19777));
#19772 = SURFACE_STYLE_USAGE(.BOTH.,#19773);
#19773 = SURFACE_SIDE_STYLE('',(#19774));
#19774 = SURFACE_STYLE_FILL_AREA(#19775);
#19775 = FILL_AREA_STYLE('',(#19776));
#19776 = FILL_AREA_STYLE_COLOUR('',#17508);
#19777 = CURVE_STYLE('',#19778,POSITIVE_LENGTH_MEASURE(0.1),#17508);
#19778 = DRAUGHTING_PRE_DEFINED_CURVE_FONT('continuous');
#19779 = STYLED_ITEM('color',(#19780),#11211);
#19780 = PRESENTATION_STYLE_ASSIGNMENT((#19781,#19786));
#19781 = SURFACE_STYLE_USAGE(.BOTH.,#19782);
#19782 = SURFACE_SIDE_STYLE('',(#19783));
#19783 = SURFACE_STYLE_FILL_AREA(#19784);
#19784 = FILL_AREA_STYLE('',(#19785));
#19785 = FILL_AREA_STYLE_COLOUR('',#17508);
#19786 = CURVE_STYLE('',#19787,POSITIVE_LENGTH_MEASURE(0.1),#17508);
#19787 = DRAUGHTING_PRE_DEFINED_CURVE_FONT('continuous');
#19788 = STYLED_ITEM('color',(#19789),#11228);
#19789 = PRESENTATION_STYLE_ASSIGNMENT((#19790,#19795));
#19790 = SURFACE_STYLE_USAGE(.BOTH.,#19791);
#19791 = SURFACE_SIDE_STYLE('',(#19792));
#19792 = SURFACE_STYLE_FILL_AREA(#19793);
#19793 = FILL_AREA_STYLE('',(#19794));
#19794 = FILL_AREA_STYLE_COLOUR('',#17508);
#19795 = CURVE_STYLE('',#19796,POSITIVE_LENGTH_MEASURE(0.1),#17508);
#19796 = DRAUGHTING_PRE_DEFINED_CURVE_FONT('continuous');
#19797 = STYLED_ITEM('color',(#19798),#11245);
#19798 = PRESENTATION_STYLE_ASSIGNMENT((#19799,#19804));
#19799 = SURFACE_STYLE_USAGE(.BOTH.,#19800);
#19800 = SURFACE_SIDE_STYLE('',(#19801));
#19801 = SURFACE_STYLE_FILL_AREA(#19802);
#19802 = FILL_AREA_STYLE('',(#19803));
#19803 = FILL_AREA_STYLE_COLOUR('',#17508);
#19804 = CURVE_STYLE('',#19805,POSITIVE_LENGTH_MEASURE(0.1),#17508);
#19805 = DRAUGHTING_PRE_DEFINED_CURVE_FONT('continuous');
#19806 = STYLED_ITEM('color',(#19807),#11257);
#19807 = PRESENTATION_STYLE_ASSIGNMENT((#19808,#19813));
#19808 = SURFACE_STYLE_USAGE(.BOTH.,#19809);
#19809 = SURFACE_SIDE_STYLE('',(#19810));
#19810 = SURFACE_STYLE_FILL_AREA(#19811);
#19811 = FILL_AREA_STYLE('',(#19812));
#19812 = FILL_AREA_STYLE_COLOUR('',#17508);
#19813 = CURVE_STYLE('',#19814,POSITIVE_LENGTH_MEASURE(0.1),#17508);
#19814 = DRAUGHTING_PRE_DEFINED_CURVE_FONT('continuous');
#19815 = STYLED_ITEM('color',(#19816),#11274);
#19816 = PRESENTATION_STYLE_ASSIGNMENT((#19817,#19822));
#19817 = SURFACE_STYLE_USAGE(.BOTH.,#19818);
#19818 = SURFACE_SIDE_STYLE('',(#19819));
#19819 = SURFACE_STYLE_FILL_AREA(#19820);
#19820 = FILL_AREA_STYLE('',(#19821));
#19821 = FILL_AREA_STYLE_COLOUR('',#17508);
#19822 = CURVE_STYLE('',#19823,POSITIVE_LENGTH_MEASURE(0.1),#17508);
#19823 = DRAUGHTING_PRE_DEFINED_CURVE_FONT('continuous');
#19824 = STYLED_ITEM('color',(#19825),#11291);
#19825 = PRESENTATION_STYLE_ASSIGNMENT((#19826,#19831));
#19826 = SURFACE_STYLE_USAGE(.BOTH.,#19827);
#19827 = SURFACE_SIDE_STYLE('',(#19828));
#19828 = SURFACE_STYLE_FILL_AREA(#19829);
#19829 = FILL_AREA_STYLE('',(#19830));
#19830 = FILL_AREA_STYLE_COLOUR('',#17508);
#19831 = CURVE_STYLE('',#19832,POSITIVE_LENGTH_MEASURE(0.1),#17508);
#19832 = DRAUGHTING_PRE_DEFINED_CURVE_FONT('continuous');
#19833 = STYLED_ITEM('color',(#19834),#11303);
#19834 = PRESENTATION_STYLE_ASSIGNMENT((#19835,#19840));
#19835 = SURFACE_STYLE_USAGE(.BOTH.,#19836);
#19836 = SURFACE_SIDE_STYLE('',(#19837));
#19837 = SURFACE_STYLE_FILL_AREA(#19838);
#19838 = FILL_AREA_STYLE('',(#19839));
#19839 = FILL_AREA_STYLE_COLOUR('',#17508);
#19840 = CURVE_STYLE('',#19841,POSITIVE_LENGTH_MEASURE(0.1),#17508);
#19841 = DRAUGHTING_PRE_DEFINED_CURVE_FONT('continuous');
#19842 = STYLED_ITEM('color',(#19843),#11320);
#19843 = PRESENTATION_STYLE_ASSIGNMENT((#19844,#19849));
#19844 = SURFACE_STYLE_USAGE(.BOTH.,#19845);
#19845 = SURFACE_SIDE_STYLE('',(#19846));
#19846 = SURFACE_STYLE_FILL_AREA(#19847);
#19847 = FILL_AREA_STYLE('',(#19848));
#19848 = FILL_AREA_STYLE_COLOUR('',#17508);
#19849 = CURVE_STYLE('',#19850,POSITIVE_LENGTH_MEASURE(0.1),#17508);
#19850 = DRAUGHTING_PRE_DEFINED_CURVE_FONT('continuous');
#19851 = STYLED_ITEM('color',(#19852),#11337);
#19852 = PRESENTATION_STYLE_ASSIGNMENT((#19853,#19858));
#19853 = SURFACE_STYLE_USAGE(.BOTH.,#19854);
#19854 = SURFACE_SIDE_STYLE('',(#19855));
#19855 = SURFACE_STYLE_FILL_AREA(#19856);
#19856 = FILL_AREA_STYLE('',(#19857));
#19857 = FILL_AREA_STYLE_COLOUR('',#17508);
#19858 = CURVE_STYLE('',#19859,POSITIVE_LENGTH_MEASURE(0.1),#17508);
#19859 = DRAUGHTING_PRE_DEFINED_CURVE_FONT('continuous');
#19860 = STYLED_ITEM('color',(#19861),#11349);
#19861 = PRESENTATION_STYLE_ASSIGNMENT((#19862,#19867));
#19862 = SURFACE_STYLE_USAGE(.BOTH.,#19863);
#19863 = SURFACE_SIDE_STYLE('',(#19864));
#19864 = SURFACE_STYLE_FILL_AREA(#19865);
#19865 = FILL_AREA_STYLE('',(#19866));
#19866 = FILL_AREA_STYLE_COLOUR('',#17508);
#19867 = CURVE_STYLE('',#19868,POSITIVE_LENGTH_MEASURE(0.1),#17508);
#19868 = DRAUGHTING_PRE_DEFINED_CURVE_FONT('continuous');
#19869 = STYLED_ITEM('color',(#19870),#11366);
#19870 = PRESENTATION_STYLE_ASSIGNMENT((#19871,#19876));
#19871 = SURFACE_STYLE_USAGE(.BOTH.,#19872);
#19872 = SURFACE_SIDE_STYLE('',(#19873));
#19873 = SURFACE_STYLE_FILL_AREA(#19874);
#19874 = FILL_AREA_STYLE('',(#19875));
#19875 = FILL_AREA_STYLE_COLOUR('',#17508);
#19876 = CURVE_STYLE('',#19877,POSITIVE_LENGTH_MEASURE(0.1),#17508);
#19877 = DRAUGHTING_PRE_DEFINED_CURVE_FONT('continuous');
#19878 = STYLED_ITEM('color',(#19879),#11383);
#19879 = PRESENTATION_STYLE_ASSIGNMENT((#19880,#19885));
#19880 = SURFACE_STYLE_USAGE(.BOTH.,#19881);
#19881 = SURFACE_SIDE_STYLE('',(#19882));
#19882 = SURFACE_STYLE_FILL_AREA(#19883);
#19883 = FILL_AREA_STYLE('',(#19884));
#19884 = FILL_AREA_STYLE_COLOUR('',#17508);
#19885 = CURVE_STYLE('',#19886,POSITIVE_LENGTH_MEASURE(0.1),#17508);
#19886 = DRAUGHTING_PRE_DEFINED_CURVE_FONT('continuous');
#19887 = STYLED_ITEM('color',(#19888),#11395);
#19888 = PRESENTATION_STYLE_ASSIGNMENT((#19889,#19894));
#19889 = SURFACE_STYLE_USAGE(.BOTH.,#19890);
#19890 = SURFACE_SIDE_STYLE('',(#19891));
#19891 = SURFACE_STYLE_FILL_AREA(#19892);
#19892 = FILL_AREA_STYLE('',(#19893));
#19893 = FILL_AREA_STYLE_COLOUR('',#17508);
#19894 = CURVE_STYLE('',#19895,POSITIVE_LENGTH_MEASURE(0.1),#17508);
#19895 = DRAUGHTING_PRE_DEFINED_CURVE_FONT('continuous');
#19896 = STYLED_ITEM('color',(#19897),#11412);
#19897 = PRESENTATION_STYLE_ASSIGNMENT((#19898,#19903));
#19898 = SURFACE_STYLE_USAGE(.BOTH.,#19899);
#19899 = SURFACE_SIDE_STYLE('',(#19900));
#19900 = SURFACE_STYLE_FILL_AREA(#19901);
#19901 = FILL_AREA_STYLE('',(#19902));
#19902 = FILL_AREA_STYLE_COLOUR('',#17508);
#19903 = CURVE_STYLE('',#19904,POSITIVE_LENGTH_MEASURE(0.1),#17508);
#19904 = DRAUGHTING_PRE_DEFINED_CURVE_FONT('continuous');
#19905 = STYLED_ITEM('color',(#19906),#11429);
#19906 = PRESENTATION_STYLE_ASSIGNMENT((#19907,#19912));
#19907 = SURFACE_STYLE_USAGE(.BOTH.,#19908);
#19908 = SURFACE_SIDE_STYLE('',(#19909));
#19909 = SURFACE_STYLE_FILL_AREA(#19910);
#19910 = FILL_AREA_STYLE('',(#19911));
#19911 = FILL_AREA_STYLE_COLOUR('',#17508);
#19912 = CURVE_STYLE('',#19913,POSITIVE_LENGTH_MEASURE(0.1),#17508);
#19913 = DRAUGHTING_PRE_DEFINED_CURVE_FONT('continuous');
#19914 = STYLED_ITEM('color',(#19915),#11441);
#19915 = PRESENTATION_STYLE_ASSIGNMENT((#19916,#19921));
#19916 = SURFACE_STYLE_USAGE(.BOTH.,#19917);
#19917 = SURFACE_SIDE_STYLE('',(#19918));
#19918 = SURFACE_STYLE_FILL_AREA(#19919);
#19919 = FILL_AREA_STYLE('',(#19920));
#19920 = FILL_AREA_STYLE_COLOUR('',#17508);
#19921 = CURVE_STYLE('',#19922,POSITIVE_LENGTH_MEASURE(0.1),#17508);
#19922 = DRAUGHTING_PRE_DEFINED_CURVE_FONT('continuous');
#19923 = STYLED_ITEM('color',(#19924),#11458);
#19924 = PRESENTATION_STYLE_ASSIGNMENT((#19925,#19930));
#19925 = SURFACE_STYLE_USAGE(.BOTH.,#19926);
#19926 = SURFACE_SIDE_STYLE('',(#19927));
#19927 = SURFACE_STYLE_FILL_AREA(#19928);
#19928 = FILL_AREA_STYLE('',(#19929));
#19929 = FILL_AREA_STYLE_COLOUR('',#17508);
#19930 = CURVE_STYLE('',#19931,POSITIVE_LENGTH_MEASURE(0.1),#17508);
#19931 = DRAUGHTING_PRE_DEFINED_CURVE_FONT('continuous');
#19932 = STYLED_ITEM('color',(#19933),#11475);
#19933 = PRESENTATION_STYLE_ASSIGNMENT((#19934,#19939));
#19934 = SURFACE_STYLE_USAGE(.BOTH.,#19935);
#19935 = SURFACE_SIDE_STYLE('',(#19936));
#19936 = SURFACE_STYLE_FILL_AREA(#19937);
#19937 = FILL_AREA_STYLE('',(#19938));
#19938 = FILL_AREA_STYLE_COLOUR('',#17508);
#19939 = CURVE_STYLE('',#19940,POSITIVE_LENGTH_MEASURE(0.1),#17508);
#19940 = DRAUGHTING_PRE_DEFINED_CURVE_FONT('continuous');
#19941 = STYLED_ITEM('color',(#19942),#11487);
#19942 = PRESENTATION_STYLE_ASSIGNMENT((#19943,#19948));
#19943 = SURFACE_STYLE_USAGE(.BOTH.,#19944);
#19944 = SURFACE_SIDE_STYLE('',(#19945));
#19945 = SURFACE_STYLE_FILL_AREA(#19946);
#19946 = FILL_AREA_STYLE('',(#19947));
#19947 = FILL_AREA_STYLE_COLOUR('',#17508);
#19948 = CURVE_STYLE('',#19949,POSITIVE_LENGTH_MEASURE(0.1),#17508);
#19949 = DRAUGHTING_PRE_DEFINED_CURVE_FONT('continuous');
#19950 = STYLED_ITEM('color',(#19951),#11504);
#19951 = PRESENTATION_STYLE_ASSIGNMENT((#19952,#19957));
#19952 = SURFACE_STYLE_USAGE(.BOTH.,#19953);
#19953 = SURFACE_SIDE_STYLE('',(#19954));
#19954 = SURFACE_STYLE_FILL_AREA(#19955);
#19955 = FILL_AREA_STYLE('',(#19956));
#19956 = FILL_AREA_STYLE_COLOUR('',#17508);
#19957 = CURVE_STYLE('',#19958,POSITIVE_LENGTH_MEASURE(0.1),#17508);
#19958 = DRAUGHTING_PRE_DEFINED_CURVE_FONT('continuous');
#19959 = STYLED_ITEM('color',(#19960),#11521);
#19960 = PRESENTATION_STYLE_ASSIGNMENT((#19961,#19966));
#19961 = SURFACE_STYLE_USAGE(.BOTH.,#19962);
#19962 = SURFACE_SIDE_STYLE('',(#19963));
#19963 = SURFACE_STYLE_FILL_AREA(#19964);
#19964 = FILL_AREA_STYLE('',(#19965));
#19965 = FILL_AREA_STYLE_COLOUR('',#17508);
#19966 = CURVE_STYLE('',#19967,POSITIVE_LENGTH_MEASURE(0.1),#17508);
#19967 = DRAUGHTING_PRE_DEFINED_CURVE_FONT('continuous');
#19968 = MECHANICAL_DESIGN_GEOMETRIC_PRESENTATION_REPRESENTATION('',(
    #19969,#19977,#19984,#19991,#19998),#5001);
#19969 = STYLED_ITEM('color',(#19970),#1959);
#19970 = PRESENTATION_STYLE_ASSIGNMENT((#19971));
#19971 = SURFACE_STYLE_USAGE(.BOTH.,#19972);
#19972 = SURFACE_SIDE_STYLE('',(#19973));
#19973 = SURFACE_STYLE_FILL_AREA(#19974);
#19974 = FILL_AREA_STYLE('',(#19975));
#19975 = FILL_AREA_STYLE_COLOUR('',#19976);
#19976 = COLOUR_RGB('',0.823999987314,0.819999987296,0.781000009244);
#19977 = STYLED_ITEM('color',(#19978),#2649);
#19978 = PRESENTATION_STYLE_ASSIGNMENT((#19979));
#19979 = SURFACE_STYLE_USAGE(.BOTH.,#19980);
#19980 = SURFACE_SIDE_STYLE('',(#19981));
#19981 = SURFACE_STYLE_FILL_AREA(#19982);
#19982 = FILL_AREA_STYLE('',(#19983));
#19983 = FILL_AREA_STYLE_COLOUR('',#19976);
#19984 = STYLED_ITEM('color',(#19985),#3339);
#19985 = PRESENTATION_STYLE_ASSIGNMENT((#19986));
#19986 = SURFACE_STYLE_USAGE(.BOTH.,#19987);
#19987 = SURFACE_SIDE_STYLE('',(#19988));
#19988 = SURFACE_STYLE_FILL_AREA(#19989);
#19989 = FILL_AREA_STYLE('',(#19990));
#19990 = FILL_AREA_STYLE_COLOUR('',#19976);
#19991 = STYLED_ITEM('color',(#19992),#3621);
#19992 = PRESENTATION_STYLE_ASSIGNMENT((#19993));
#19993 = SURFACE_STYLE_USAGE(.BOTH.,#19994);
#19994 = SURFACE_SIDE_STYLE('',(#19995));
#19995 = SURFACE_STYLE_FILL_AREA(#19996);
#19996 = FILL_AREA_STYLE('',(#19997));
#19997 = FILL_AREA_STYLE_COLOUR('',#19976);
#19998 = STYLED_ITEM('color',(#19999),#4311);
#19999 = PRESENTATION_STYLE_ASSIGNMENT((#20000));
#20000 = SURFACE_STYLE_USAGE(.BOTH.,#20001);
#20001 = SURFACE_SIDE_STYLE('',(#20002));
#20002 = SURFACE_STYLE_FILL_AREA(#20003);
#20003 = FILL_AREA_STYLE('',(#20004));
#20004 = FILL_AREA_STYLE_COLOUR('',#19976);
#20005 = MECHANICAL_DESIGN_GEOMETRIC_PRESENTATION_REPRESENTATION('',(
    #20006),#17416);
#20006 = STYLED_ITEM('color',(#20007),#11557);
#20007 = PRESENTATION_STYLE_ASSIGNMENT((#20008));
#20008 = SURFACE_STYLE_USAGE(.BOTH.,#20009);
#20009 = SURFACE_SIDE_STYLE('',(#20010));
#20010 = SURFACE_STYLE_FILL_AREA(#20011);
#20011 = FILL_AREA_STYLE('',(#20012));
#20012 = FILL_AREA_STYLE_COLOUR('',#20013);
#20013 = COLOUR_RGB('',0.313304153717,0.484529207832,0.410020903123);
#20014 = MECHANICAL_DESIGN_GEOMETRIC_PRESENTATION_REPRESENTATION('',(
    #20015),#1917);
#20015 = STYLED_ITEM('color',(#20016),#1429);
#20016 = PRESENTATION_STYLE_ASSIGNMENT((#20017));
#20017 = SURFACE_STYLE_USAGE(.BOTH.,#20018);
#20018 = SURFACE_SIDE_STYLE('',(#20019));
#20019 = SURFACE_STYLE_FILL_AREA(#20020);
#20020 = FILL_AREA_STYLE('',(#20021));
#20021 = FILL_AREA_STYLE_COLOUR('',#19976);
#20022 = MECHANICAL_DESIGN_GEOMETRIC_PRESENTATION_REPRESENTATION('',(
    #20023,#20030,#20037,#20044,#20051,#20058,#20065,#20072,#20079,
    #20086,#20093,#20101,#20108,#20115,#20122,#20129,#20136,#20143,
    #20150,#20157,#20164,#20171,#20178,#20185,#20192,#20199,#20206,
    #20213),#926);
#20023 = STYLED_ITEM('color',(#20024),#74);
#20024 = PRESENTATION_STYLE_ASSIGNMENT((#20025));
#20025 = SURFACE_STYLE_USAGE(.BOTH.,#20026);
#20026 = SURFACE_SIDE_STYLE('',(#20027));
#20027 = SURFACE_STYLE_FILL_AREA(#20028);
#20028 = FILL_AREA_STYLE('',(#20029));
#20029 = FILL_AREA_STYLE_COLOUR('',#19976);
#20030 = STYLED_ITEM('color',(#20031),#150);
#20031 = PRESENTATION_STYLE_ASSIGNMENT((#20032));
#20032 = SURFACE_STYLE_USAGE(.BOTH.,#20033);
#20033 = SURFACE_SIDE_STYLE('',(#20034));
#20034 = SURFACE_STYLE_FILL_AREA(#20035);
#20035 = FILL_AREA_STYLE('',(#20036));
#20036 = FILL_AREA_STYLE_COLOUR('',#19976);
#20037 = STYLED_ITEM('color',(#20038),#181);
#20038 = PRESENTATION_STYLE_ASSIGNMENT((#20039));
#20039 = SURFACE_STYLE_USAGE(.BOTH.,#20040);
#20040 = SURFACE_SIDE_STYLE('',(#20041));
#20041 = SURFACE_STYLE_FILL_AREA(#20042);
#20042 = FILL_AREA_STYLE('',(#20043));
#20043 = FILL_AREA_STYLE_COLOUR('',#19976);
#20044 = STYLED_ITEM('color',(#20045),#206);
#20045 = PRESENTATION_STYLE_ASSIGNMENT((#20046));
#20046 = SURFACE_STYLE_USAGE(.BOTH.,#20047);
#20047 = SURFACE_SIDE_STYLE('',(#20048));
#20048 = SURFACE_STYLE_FILL_AREA(#20049);
#20049 = FILL_AREA_STYLE('',(#20050));
#20050 = FILL_AREA_STYLE_COLOUR('',#19976);
#20051 = STYLED_ITEM('color',(#20052),#231);
#20052 = PRESENTATION_STYLE_ASSIGNMENT((#20053));
#20053 = SURFACE_STYLE_USAGE(.BOTH.,#20054);
#20054 = SURFACE_SIDE_STYLE('',(#20055));
#20055 = SURFACE_STYLE_FILL_AREA(#20056);
#20056 = FILL_AREA_STYLE('',(#20057));
#20057 = FILL_AREA_STYLE_COLOUR('',#19976);
#20058 = STYLED_ITEM('color',(#20059),#255);
#20059 = PRESENTATION_STYLE_ASSIGNMENT((#20060));
#20060 = SURFACE_STYLE_USAGE(.BOTH.,#20061);
#20061 = SURFACE_SIDE_STYLE('',(#20062));
#20062 = SURFACE_STYLE_FILL_AREA(#20063);
#20063 = FILL_AREA_STYLE('',(#20064));
#20064 = FILL_AREA_STYLE_COLOUR('',#19976);
#20065 = STYLED_ITEM('color',(#20066),#279);
#20066 = PRESENTATION_STYLE_ASSIGNMENT((#20067));
#20067 = SURFACE_STYLE_USAGE(.BOTH.,#20068);
#20068 = SURFACE_SIDE_STYLE('',(#20069));
#20069 = SURFACE_STYLE_FILL_AREA(#20070);
#20070 = FILL_AREA_STYLE('',(#20071));
#20071 = FILL_AREA_STYLE_COLOUR('',#19976);
#20072 = STYLED_ITEM('color',(#20073),#304);
#20073 = PRESENTATION_STYLE_ASSIGNMENT((#20074));
#20074 = SURFACE_STYLE_USAGE(.BOTH.,#20075);
#20075 = SURFACE_SIDE_STYLE('',(#20076));
#20076 = SURFACE_STYLE_FILL_AREA(#20077);
#20077 = FILL_AREA_STYLE('',(#20078));
#20078 = FILL_AREA_STYLE_COLOUR('',#19976);
#20079 = STYLED_ITEM('color',(#20080),#329);
#20080 = PRESENTATION_STYLE_ASSIGNMENT((#20081));
#20081 = SURFACE_STYLE_USAGE(.BOTH.,#20082);
#20082 = SURFACE_SIDE_STYLE('',(#20083));
#20083 = SURFACE_STYLE_FILL_AREA(#20084);
#20084 = FILL_AREA_STYLE('',(#20085));
#20085 = FILL_AREA_STYLE_COLOUR('',#19976);
#20086 = STYLED_ITEM('color',(#20087),#346);
#20087 = PRESENTATION_STYLE_ASSIGNMENT((#20088));
#20088 = SURFACE_STYLE_USAGE(.BOTH.,#20089);
#20089 = SURFACE_SIDE_STYLE('',(#20090));
#20090 = SURFACE_STYLE_FILL_AREA(#20091);
#20091 = FILL_AREA_STYLE('',(#20092));
#20092 = FILL_AREA_STYLE_COLOUR('',#19976);
#20093 = STYLED_ITEM('color',(#20094),#432);
#20094 = PRESENTATION_STYLE_ASSIGNMENT((#20095));
#20095 = SURFACE_STYLE_USAGE(.BOTH.,#20096);
#20096 = SURFACE_SIDE_STYLE('',(#20097));
#20097 = SURFACE_STYLE_FILL_AREA(#20098);
#20098 = FILL_AREA_STYLE('',(#20099));
#20099 = FILL_AREA_STYLE_COLOUR('',#20100);
#20100 = COLOUR_RGB('',0.379000005575,0.270000008848,0.214999999939);
#20101 = STYLED_ITEM('color',(#20102),#464);
#20102 = PRESENTATION_STYLE_ASSIGNMENT((#20103));
#20103 = SURFACE_STYLE_USAGE(.BOTH.,#20104);
#20104 = SURFACE_SIDE_STYLE('',(#20105));
#20105 = SURFACE_STYLE_FILL_AREA(#20106);
#20106 = FILL_AREA_STYLE('',(#20107));
#20107 = FILL_AREA_STYLE_COLOUR('',#20100);
#20108 = STYLED_ITEM('color',(#20109),#488);
#20109 = PRESENTATION_STYLE_ASSIGNMENT((#20110));
#20110 = SURFACE_STYLE_USAGE(.BOTH.,#20111);
#20111 = SURFACE_SIDE_STYLE('',(#20112));
#20112 = SURFACE_STYLE_FILL_AREA(#20113);
#20113 = FILL_AREA_STYLE('',(#20114));
#20114 = FILL_AREA_STYLE_COLOUR('',#20100);
#20115 = STYLED_ITEM('color',(#20116),#513);
#20116 = PRESENTATION_STYLE_ASSIGNMENT((#20117));
#20117 = SURFACE_STYLE_USAGE(.BOTH.,#20118);
#20118 = SURFACE_SIDE_STYLE('',(#20119));
#20119 = SURFACE_STYLE_FILL_AREA(#20120);
#20120 = FILL_AREA_STYLE('',(#20121));
#20121 = FILL_AREA_STYLE_COLOUR('',#20100);
#20122 = STYLED_ITEM('color',(#20123),#537);
#20123 = PRESENTATION_STYLE_ASSIGNMENT((#20124));
#20124 = SURFACE_STYLE_USAGE(.BOTH.,#20125);
#20125 = SURFACE_SIDE_STYLE('',(#20126));
#20126 = SURFACE_STYLE_FILL_AREA(#20127);
#20127 = FILL_AREA_STYLE('',(#20128));
#20128 = FILL_AREA_STYLE_COLOUR('',#20100);
#20129 = STYLED_ITEM('color',(#20130),#562);
#20130 = PRESENTATION_STYLE_ASSIGNMENT((#20131));
#20131 = SURFACE_STYLE_USAGE(.BOTH.,#20132);
#20132 = SURFACE_SIDE_STYLE('',(#20133));
#20133 = SURFACE_STYLE_FILL_AREA(#20134);
#20134 = FILL_AREA_STYLE('',(#20135));
#20135 = FILL_AREA_STYLE_COLOUR('',#20100);
#20136 = STYLED_ITEM('color',(#20137),#586);
#20137 = PRESENTATION_STYLE_ASSIGNMENT((#20138));
#20138 = SURFACE_STYLE_USAGE(.BOTH.,#20139);
#20139 = SURFACE_SIDE_STYLE('',(#20140));
#20140 = SURFACE_STYLE_FILL_AREA(#20141);
#20141 = FILL_AREA_STYLE('',(#20142));
#20142 = FILL_AREA_STYLE_COLOUR('',#20100);
#20143 = STYLED_ITEM('color',(#20144),#611);
#20144 = PRESENTATION_STYLE_ASSIGNMENT((#20145));
#20145 = SURFACE_STYLE_USAGE(.BOTH.,#20146);
#20146 = SURFACE_SIDE_STYLE('',(#20147));
#20147 = SURFACE_STYLE_FILL_AREA(#20148);
#20148 = FILL_AREA_STYLE('',(#20149));
#20149 = FILL_AREA_STYLE_COLOUR('',#20100);
#20150 = STYLED_ITEM('color',(#20151),#628);
#20151 = PRESENTATION_STYLE_ASSIGNMENT((#20152));
#20152 = SURFACE_STYLE_USAGE(.BOTH.,#20153);
#20153 = SURFACE_SIDE_STYLE('',(#20154));
#20154 = SURFACE_STYLE_FILL_AREA(#20155);
#20155 = FILL_AREA_STYLE('',(#20156));
#20156 = FILL_AREA_STYLE_COLOUR('',#19976);
#20157 = STYLED_ITEM('color',(#20158),#714);
#20158 = PRESENTATION_STYLE_ASSIGNMENT((#20159));
#20159 = SURFACE_STYLE_USAGE(.BOTH.,#20160);
#20160 = SURFACE_SIDE_STYLE('',(#20161));
#20161 = SURFACE_STYLE_FILL_AREA(#20162);
#20162 = FILL_AREA_STYLE('',(#20163));
#20163 = FILL_AREA_STYLE_COLOUR('',#19976);
#20164 = STYLED_ITEM('color',(#20165),#745);
#20165 = PRESENTATION_STYLE_ASSIGNMENT((#20166));
#20166 = SURFACE_STYLE_USAGE(.BOTH.,#20167);
#20167 = SURFACE_SIDE_STYLE('',(#20168));
#20168 = SURFACE_STYLE_FILL_AREA(#20169);
#20169 = FILL_AREA_STYLE('',(#20170));
#20170 = FILL_AREA_STYLE_COLOUR('',#19976);
#20171 = STYLED_ITEM('color',(#20172),#770);
#20172 = PRESENTATION_STYLE_ASSIGNMENT((#20173));
#20173 = SURFACE_STYLE_USAGE(.BOTH.,#20174);
#20174 = SURFACE_SIDE_STYLE('',(#20175));
#20175 = SURFACE_STYLE_FILL_AREA(#20176);
#20176 = FILL_AREA_STYLE('',(#20177));
#20177 = FILL_AREA_STYLE_COLOUR('',#19976);
#20178 = STYLED_ITEM('color',(#20179),#795);
#20179 = PRESENTATION_STYLE_ASSIGNMENT((#20180));
#20180 = SURFACE_STYLE_USAGE(.BOTH.,#20181);
#20181 = SURFACE_SIDE_STYLE('',(#20182));
#20182 = SURFACE_STYLE_FILL_AREA(#20183);
#20183 = FILL_AREA_STYLE('',(#20184));
#20184 = FILL_AREA_STYLE_COLOUR('',#19976);
#20185 = STYLED_ITEM('color',(#20186),#819);
#20186 = PRESENTATION_STYLE_ASSIGNMENT((#20187));
#20187 = SURFACE_STYLE_USAGE(.BOTH.,#20188);
#20188 = SURFACE_SIDE_STYLE('',(#20189));
#20189 = SURFACE_STYLE_FILL_AREA(#20190);
#20190 = FILL_AREA_STYLE('',(#20191));
#20191 = FILL_AREA_STYLE_COLOUR('',#19976);
#20192 = STYLED_ITEM('color',(#20193),#843);
#20193 = PRESENTATION_STYLE_ASSIGNMENT((#20194));
#20194 = SURFACE_STYLE_USAGE(.BOTH.,#20195);
#20195 = SURFACE_SIDE_STYLE('',(#20196));
#20196 = SURFACE_STYLE_FILL_AREA(#20197);
#20197 = FILL_AREA_STYLE('',(#20198));
#20198 = FILL_AREA_STYLE_COLOUR('',#19976);
#20199 = STYLED_ITEM('color',(#20200),#868);
#20200 = PRESENTATION_STYLE_ASSIGNMENT((#20201));
#20201 = SURFACE_STYLE_USAGE(.BOTH.,#20202);
#20202 = SURFACE_SIDE_STYLE('',(#20203));
#20203 = SURFACE_STYLE_FILL_AREA(#20204);
#20204 = FILL_AREA_STYLE('',(#20205));
#20205 = FILL_AREA_STYLE_COLOUR('',#19976);
#20206 = STYLED_ITEM('color',(#20207),#893);
#20207 = PRESENTATION_STYLE_ASSIGNMENT((#20208));
#20208 = SURFACE_STYLE_USAGE(.BOTH.,#20209);
#20209 = SURFACE_SIDE_STYLE('',(#20210));
#20210 = SURFACE_STYLE_FILL_AREA(#20211);
#20211 = FILL_AREA_STYLE('',(#20212));
#20212 = FILL_AREA_STYLE_COLOUR('',#19976);
#20213 = STYLED_ITEM('color',(#20214),#910);
#20214 = PRESENTATION_STYLE_ASSIGNMENT((#20215));
#20215 = SURFACE_STYLE_USAGE(.BOTH.,#20216);
#20216 = SURFACE_SIDE_STYLE('',(#20217));
#20217 = SURFACE_STYLE_FILL_AREA(#20218);
#20218 = FILL_AREA_STYLE('',(#20219));
#20219 = FILL_AREA_STYLE_COLOUR('',#19976);
#20220 = MECHANICAL_DESIGN_GEOMETRIC_PRESENTATION_REPRESENTATION('',(
    #20221),#1387);
#20221 = STYLED_ITEM('color',(#20222),#1045);
#20222 = PRESENTATION_STYLE_ASSIGNMENT((#20223));
#20223 = SURFACE_STYLE_USAGE(.BOTH.,#20224);
#20224 = SURFACE_SIDE_STYLE('',(#20225));
#20225 = SURFACE_STYLE_FILL_AREA(#20226);
#20226 = FILL_AREA_STYLE('',(#20227));
#20227 = FILL_AREA_STYLE_COLOUR('',#17435);
ENDSEC;
END-ISO-10303-21;
