ISO-10303-21;
HEADER;
FILE_DESCRIPTION(('KiCad electronic assembly'),'2;1');
FILE_NAME('HW-C2-PCB-DCFLT-A.step','2026-08-17T12:51:12',('Pcbnew'),(
    'Kicad'),'Open CASCADE STEP processor 7.9','KiCad to STEP converter'
  ,'Unknown');
FILE_SCHEMA(('AUTOMOTIVE_DESIGN { 1 0 10303 214 1 1 1 1 }'));
ENDSEC;
DATA;
#1 = APPLICATION_PROTOCOL_DEFINITION('international standard',
  'automotive_design',2000,#2);
#2 = APPLICATION_CONTEXT(
  'core data for automotive mechanical design processes');
#3 = SHAPE_DEFINITION_REPRESENTATION(#4,#10);
#4 = PRODUCT_DEFINITION_SHAPE('','',#5);
#5 = PRODUCT_DEFINITION('design','',#6,#9);
#6 = PRODUCT_DEFINITION_FORMATION('','',#7);
#7 = PRODUCT('HW-C2-PCB-DCFLT-A 1','HW-C2-PCB-DCFLT-A 1','',(#8));
#8 = PRODUCT_CONTEXT('',#2,'mechanical');
#9 = PRODUCT_DEFINITION_CONTEXT('part definition',#2,'design');
#10 = SHAPE_REPRESENTATION('',(#11,#15),#19);
#11 = AXIS2_PLACEMENT_3D('',#12,#13,#14);
#12 = CARTESIAN_POINT('',(0.,0.,0.));
#13 = DIRECTION('',(0.,0.,1.));
#14 = DIRECTION('',(1.,0.,-0.));
#15 = AXIS2_PLACEMENT_3D('',#16,#17,#18);
#16 = CARTESIAN_POINT('',(0.,0.,0.));
#17 = DIRECTION('',(0.,0.,1.));
#18 = DIRECTION('',(1.,0.,-0.));
#19 = ( GEOMETRIC_REPRESENTATION_CONTEXT(3) 
GLOBAL_UNCERTAINTY_ASSIGNED_CONTEXT((#23)) GLOBAL_UNIT_ASSIGNED_CONTEXT(
(#20,#21,#22)) REPRESENTATION_CONTEXT('Context #1',
  '3D Context with UNIT and UNCERTAINTY') );
#20 = ( LENGTH_UNIT() NAMED_UNIT(*) SI_UNIT(.MILLI.,.METRE.) );
#21 = ( NAMED_UNIT(*) PLANE_ANGLE_UNIT() SI_UNIT($,.RADIAN.) );
#22 = ( NAMED_UNIT(*) SI_UNIT($,.STERADIAN.) SOLID_ANGLE_UNIT() );
#23 = UNCERTAINTY_MEASURE_WITH_UNIT(LENGTH_MEASURE(1.E-07),#20,
  'distance_accuracy_value','confusion accuracy');
#24 = PRODUCT_RELATED_PRODUCT_CATEGORY('part',$,(#7));
#25 = SHAPE_DEFINITION_REPRESENTATION(#26,#32);
#26 = PRODUCT_DEFINITION_SHAPE('','',#27);
#27 = PRODUCT_DEFINITION('design','',#28,#31);
#28 = PRODUCT_DEFINITION_FORMATION('','',#29);
#29 = PRODUCT('DCBusFilter_PCB','DCBusFilter_PCB','',(#30));
#30 = PRODUCT_CONTEXT('',#2,'mechanical');
#31 = PRODUCT_DEFINITION_CONTEXT('part definition',#2,'design');
#32 = ADVANCED_BREP_SHAPE_REPRESENTATION('',(#11,#33),#4242);
#33 = MANIFOLD_SOLID_BREP('',#34);
#34 = CLOSED_SHELL('',(#35,#75,#106,#137,#1257,#2377,#2394,#2411,#2428,
    #2445,#2462,#2479,#2496,#2513,#2530,#2547,#2564,#2581,#2598,#2615,
    #2632,#2649,#2666,#2683,#2700,#2717,#2734,#2751,#2768,#2785,#2802,
    #2819,#2836,#2853,#2870,#2887,#2904,#2921,#2933,#2950,#2967,#2984,
    #3001,#3018,#3035,#3052,#3069,#3086,#3103,#3120,#3137,#3154,#3171,
    #3188,#3205,#3222,#3239,#3256,#3273,#3290,#3307,#3324,#3341,#3358,
    #3375,#3392,#3409,#3426,#3443,#3460,#3477,#3494,#3511,#3528,#3545,
    #3562,#3579,#3596,#3613,#3630,#3647,#3664,#3681,#3698,#3715,#3732,
    #3749,#3766,#3783,#3800,#3817,#3834,#3851,#3868,#3885,#3902,#3919,
    #3936,#3953,#3970,#3987,#4004,#4021,#4038,#4055,#4072,#4089,#4106,
    #4123,#4140,#4157,#4174,#4191,#4208,#4225));
#35 = ADVANCED_FACE('',(#36),#70,.T.);
#36 = FACE_BOUND('',#37,.T.);
#37 = EDGE_LOOP('',(#38,#48,#56,#64));
#38 = ORIENTED_EDGE('',*,*,#39,.T.);
#39 = EDGE_CURVE('',#40,#42,#44,.T.);
#40 = VERTEX_POINT('',#41);
#41 = CARTESIAN_POINT('',(215.,9.008509,0.));
#42 = VERTEX_POINT('',#43);
#43 = CARTESIAN_POINT('',(215.,9.008509,1.51));
#44 = LINE('',#45,#46);
#45 = CARTESIAN_POINT('',(215.,9.008509,0.));
#46 = VECTOR('',#47,1.);
#47 = DIRECTION('',(0.,0.,1.));
#48 = ORIENTED_EDGE('',*,*,#49,.T.);
#49 = EDGE_CURVE('',#42,#50,#52,.T.);
#50 = VERTEX_POINT('',#51);
#51 = CARTESIAN_POINT('',(215.,0.,1.51));
#52 = LINE('',#53,#54);
#53 = CARTESIAN_POINT('',(215.,9.008509,1.51));
#54 = VECTOR('',#55,1.);
#55 = DIRECTION('',(0.,-1.,0.));
#56 = ORIENTED_EDGE('',*,*,#57,.F.);
#57 = EDGE_CURVE('',#58,#50,#60,.T.);
#58 = VERTEX_POINT('',#59);
#59 = CARTESIAN_POINT('',(215.,-0.,0.));
#60 = LINE('',#61,#62);
#61 = CARTESIAN_POINT('',(215.,-0.,0.));
#62 = VECTOR('',#63,1.);
#63 = DIRECTION('',(0.,0.,1.));
#64 = ORIENTED_EDGE('',*,*,#65,.F.);
#65 = EDGE_CURVE('',#40,#58,#66,.T.);
#66 = LINE('',#67,#68);
#67 = CARTESIAN_POINT('',(215.,9.008509,0.));
#68 = VECTOR('',#69,1.);
#69 = DIRECTION('',(0.,-1.,0.));
#70 = PLANE('',#71);
#71 = AXIS2_PLACEMENT_3D('',#72,#73,#74);
#72 = CARTESIAN_POINT('',(215.,9.008509,0.));
#73 = DIRECTION('',(1.,0.,-0.));
#74 = DIRECTION('',(0.,-1.,0.));
#75 = ADVANCED_FACE('',(#76),#101,.T.);
#76 = FACE_BOUND('',#77,.T.);
#77 = EDGE_LOOP('',(#78,#88,#94,#95));
#78 = ORIENTED_EDGE('',*,*,#79,.T.);
#79 = EDGE_CURVE('',#80,#82,#84,.T.);
#80 = VERTEX_POINT('',#81);
#81 = CARTESIAN_POINT('',(155.006006,9.059552,0.));
#82 = VERTEX_POINT('',#83);
#83 = CARTESIAN_POINT('',(155.006006,9.059552,1.51));
#84 = LINE('',#85,#86);
#85 = CARTESIAN_POINT('',(155.006006,9.059552,0.));
#86 = VECTOR('',#87,1.);
#87 = DIRECTION('',(0.,0.,1.));
#88 = ORIENTED_EDGE('',*,*,#89,.T.);
#89 = EDGE_CURVE('',#82,#42,#90,.T.);
#90 = LINE('',#91,#92);
#91 = CARTESIAN_POINT('',(155.006006,9.059552,1.51));
#92 = VECTOR('',#93,1.);
#93 = DIRECTION('',(0.999999638068,-8.508015239979E-04,0.));
#94 = ORIENTED_EDGE('',*,*,#39,.F.);
#95 = ORIENTED_EDGE('',*,*,#96,.F.);
#96 = EDGE_CURVE('',#80,#40,#97,.T.);
#97 = LINE('',#98,#99);
#98 = CARTESIAN_POINT('',(155.006006,9.059552,0.));
#99 = VECTOR('',#100,1.);
#100 = DIRECTION('',(0.999999638068,-8.508015239979E-04,0.));
#101 = PLANE('',#102);
#102 = AXIS2_PLACEMENT_3D('',#103,#104,#105);
#103 = CARTESIAN_POINT('',(155.006006,9.059552,0.));
#104 = DIRECTION('',(8.508015239979E-04,0.999999638068,-0.));
#105 = DIRECTION('',(0.999999638068,-8.508015239979E-04,0.));
#106 = ADVANCED_FACE('',(#107),#132,.T.);
#107 = FACE_BOUND('',#108,.T.);
#108 = EDGE_LOOP('',(#109,#110,#118,#126));
#109 = ORIENTED_EDGE('',*,*,#57,.T.);
#110 = ORIENTED_EDGE('',*,*,#111,.T.);
#111 = EDGE_CURVE('',#50,#112,#114,.T.);
#112 = VERTEX_POINT('',#113);
#113 = CARTESIAN_POINT('',(245.,0.,1.51));
#114 = LINE('',#115,#116);
#115 = CARTESIAN_POINT('',(215.,0.,1.51));
#116 = VECTOR('',#117,1.);
#117 = DIRECTION('',(1.,0.,0.));
#118 = ORIENTED_EDGE('',*,*,#119,.F.);
#119 = EDGE_CURVE('',#120,#112,#122,.T.);
#120 = VERTEX_POINT('',#121);
#121 = CARTESIAN_POINT('',(245.,-0.,0.));
#122 = LINE('',#123,#124);
#123 = CARTESIAN_POINT('',(245.,-0.,0.));
#124 = VECTOR('',#125,1.);
#125 = DIRECTION('',(0.,0.,1.));
#126 = ORIENTED_EDGE('',*,*,#127,.F.);
#127 = EDGE_CURVE('',#58,#120,#128,.T.);
#128 = LINE('',#129,#130);
#129 = CARTESIAN_POINT('',(215.,-0.,0.));
#130 = VECTOR('',#131,1.);
#131 = DIRECTION('',(1.,0.,0.));
#132 = PLANE('',#133);
#133 = AXIS2_PLACEMENT_3D('',#134,#135,#136);
#134 = CARTESIAN_POINT('',(215.,0.,0.));
#135 = DIRECTION('',(0.,1.,0.));
#136 = DIRECTION('',(1.,0.,0.));
#137 = ADVANCED_FACE('',(#138,#405,#416,#427,#438,#449,#460,#471,#482,
    #493,#504,#515,#526,#537,#548,#559,#570,#581,#592,#603,#614,#625,
    #636,#647,#658,#669,#680,#691,#702,#713,#724,#735,#746,#757,#768,
    #779,#790,#801,#812,#823,#834,#845,#856,#867,#878,#889,#900,#911,
    #922,#933,#944,#955,#966,#977,#988,#999,#1010,#1021,#1032,#1043,
    #1054,#1065,#1076,#1087,#1098,#1109,#1120,#1131,#1142,#1153,#1164,
    #1175,#1186,#1197,#1208,#1219,#1230,#1241),#1252,.F.);
#138 = FACE_BOUND('',#139,.F.);
#139 = EDGE_LOOP('',(#140,#141,#142,#150,#158,#166,#174,#182,#190,#198,
    #206,#214,#222,#230,#238,#246,#254,#262,#270,#278,#286,#294,#302,
    #310,#318,#326,#334,#342,#350,#358,#366,#374,#382,#390,#398,#404));
#140 = ORIENTED_EDGE('',*,*,#65,.F.);
#141 = ORIENTED_EDGE('',*,*,#96,.F.);
#142 = ORIENTED_EDGE('',*,*,#143,.F.);
#143 = EDGE_CURVE('',#144,#80,#146,.T.);
#144 = VERTEX_POINT('',#145);
#145 = CARTESIAN_POINT('',(154.99829,-9.222E-03,0.));
#146 = LINE('',#147,#148);
#147 = CARTESIAN_POINT('',(154.99829,-9.222E-03,0.));
#148 = VECTOR('',#149,1.);
#149 = DIRECTION('',(8.508313480031E-04,0.999999638043,0.));
#150 = ORIENTED_EDGE('',*,*,#151,.F.);
#151 = EDGE_CURVE('',#152,#144,#154,.T.);
#152 = VERTEX_POINT('',#153);
#153 = CARTESIAN_POINT('',(124.998161,9.223E-03,0.));
#154 = LINE('',#155,#156);
#155 = CARTESIAN_POINT('',(124.998161,9.223E-03,0.));
#156 = VECTOR('',#157,1.);
#157 = DIRECTION('',(0.999999810992,-6.148305733532E-04,0.));
#158 = ORIENTED_EDGE('',*,*,#159,.F.);
#159 = EDGE_CURVE('',#160,#152,#162,.T.);
#160 = VERTEX_POINT('',#161);
#161 = CARTESIAN_POINT('',(125.003686,8.997882,0.));
#162 = LINE('',#163,#164);
#163 = CARTESIAN_POINT('',(125.003686,8.997882,0.));
#164 = VECTOR('',#165,1.);
#165 = DIRECTION('',(-6.146633169979E-04,-0.999999811094,0.));
#166 = ORIENTED_EDGE('',*,*,#167,.F.);
#167 = EDGE_CURVE('',#168,#160,#170,.T.);
#168 = VERTEX_POINT('',#169);
#169 = CARTESIAN_POINT('',(64.990525,8.934235,0.));
#170 = LINE('',#171,#172);
#171 = CARTESIAN_POINT('',(64.990525,8.934235,0.));
#172 = VECTOR('',#173,1.);
#173 = DIRECTION('',(0.999999437617,1.060550105101E-03,0.));
#174 = ORIENTED_EDGE('',*,*,#175,.F.);
#175 = EDGE_CURVE('',#176,#168,#178,.T.);
#176 = VERTEX_POINT('',#177);
#177 = CARTESIAN_POINT('',(65.,-0.,0.));
#178 = LINE('',#179,#180);
#179 = CARTESIAN_POINT('',(65.,-0.,0.));
#180 = VECTOR('',#181,1.);
#181 = DIRECTION('',(-1.060526689935E-03,0.999999437641,0.));
#182 = ORIENTED_EDGE('',*,*,#183,.F.);
#183 = EDGE_CURVE('',#184,#176,#186,.T.);
#184 = VERTEX_POINT('',#185);
#185 = CARTESIAN_POINT('',(34.989943,3.7748E-02,0.));
#186 = LINE('',#187,#188);
#187 = CARTESIAN_POINT('',(34.989943,3.7748E-02,0.));
#188 = VECTOR('',#189,1.);
#189 = DIRECTION('',(0.999999208914,-1.257844000032E-03,0.));
#190 = ORIENTED_EDGE('',*,*,#191,.F.);
#191 = EDGE_CURVE('',#192,#184,#194,.T.);
#192 = VERTEX_POINT('',#193);
#193 = CARTESIAN_POINT('',(35.,9.,0.));
#194 = LINE('',#195,#196);
#195 = CARTESIAN_POINT('',(35.,9.,0.));
#196 = VECTOR('',#197,1.);
#197 = DIRECTION('',(-1.122150288567E-03,-0.999999370389,0.));
#198 = ORIENTED_EDGE('',*,*,#199,.F.);
#199 = EDGE_CURVE('',#200,#192,#202,.T.);
#200 = VERTEX_POINT('',#201);
#201 = CARTESIAN_POINT('',(9.,9.,0.));
#202 = LINE('',#203,#204);
#203 = CARTESIAN_POINT('',(9.,9.,0.));
#204 = VECTOR('',#205,1.);
#205 = DIRECTION('',(1.,0.,0.));
#206 = ORIENTED_EDGE('',*,*,#207,.F.);
#207 = EDGE_CURVE('',#208,#200,#210,.T.);
#208 = VERTEX_POINT('',#209);
#209 = CARTESIAN_POINT('',(0.,-0.,0.));
#210 = LINE('',#211,#212);
#211 = CARTESIAN_POINT('',(0.,-0.,0.));
#212 = VECTOR('',#213,1.);
#213 = DIRECTION('',(0.707106781187,0.707106781187,0.));
#214 = ORIENTED_EDGE('',*,*,#215,.F.);
#215 = EDGE_CURVE('',#216,#208,#218,.T.);
#216 = VERTEX_POINT('',#217);
#217 = CARTESIAN_POINT('',(0.,-85.,0.));
#218 = LINE('',#219,#220);
#219 = CARTESIAN_POINT('',(0.,-85.,0.));
#220 = VECTOR('',#221,1.);
#221 = DIRECTION('',(0.,1.,0.));
#222 = ORIENTED_EDGE('',*,*,#223,.F.);
#223 = EDGE_CURVE('',#224,#216,#226,.T.);
#224 = VERTEX_POINT('',#225);
#225 = CARTESIAN_POINT('',(2.,-87.,0.));
#226 = LINE('',#227,#228);
#227 = CARTESIAN_POINT('',(2.,-87.,0.));
#228 = VECTOR('',#229,1.);
#229 = DIRECTION('',(-0.707106781187,0.707106781187,0.));
#230 = ORIENTED_EDGE('',*,*,#231,.F.);
#231 = EDGE_CURVE('',#232,#224,#234,.T.);
#232 = VERTEX_POINT('',#233);
#233 = CARTESIAN_POINT('',(33.,-87.,0.));
#234 = LINE('',#235,#236);
#235 = CARTESIAN_POINT('',(33.,-87.,0.));
#236 = VECTOR('',#237,1.);
#237 = DIRECTION('',(-1.,0.,0.));
#238 = ORIENTED_EDGE('',*,*,#239,.F.);
#239 = EDGE_CURVE('',#240,#232,#242,.T.);
#240 = VERTEX_POINT('',#241);
#241 = CARTESIAN_POINT('',(33.,-79.,0.));
#242 = LINE('',#243,#244);
#243 = CARTESIAN_POINT('',(33.,-79.,0.));
#244 = VECTOR('',#245,1.);
#245 = DIRECTION('',(0.,-1.,0.));
#246 = ORIENTED_EDGE('',*,*,#247,.F.);
#247 = EDGE_CURVE('',#248,#240,#250,.T.);
#248 = VERTEX_POINT('',#249);
#249 = CARTESIAN_POINT('',(67.002558,-79.,0.));
#250 = LINE('',#251,#252);
#251 = CARTESIAN_POINT('',(67.002558,-79.,0.));
#252 = VECTOR('',#253,1.);
#253 = DIRECTION('',(-1.,0.,0.));
#254 = ORIENTED_EDGE('',*,*,#255,.F.);
#255 = EDGE_CURVE('',#256,#248,#258,.T.);
#256 = VERTEX_POINT('',#257);
#257 = CARTESIAN_POINT('',(66.997529,-86.865746,0.));
#258 = LINE('',#259,#260);
#259 = CARTESIAN_POINT('',(66.997529,-86.865746,0.));
#260 = VECTOR('',#261,1.);
#261 = DIRECTION('',(6.393543564884E-04,0.999999795613,0.));
#262 = ORIENTED_EDGE('',*,*,#263,.F.);
#263 = EDGE_CURVE('',#264,#256,#266,.T.);
#264 = VERTEX_POINT('',#265);
#265 = CARTESIAN_POINT('',(123.00003,-86.901548,0.));
#266 = LINE('',#267,#268);
#267 = CARTESIAN_POINT('',(123.00003,-86.901548,0.));
#268 = VECTOR('',#269,1.);
#269 = DIRECTION('',(-0.999999795652,6.39292746657E-04,0.));
#270 = ORIENTED_EDGE('',*,*,#271,.F.);
#271 = EDGE_CURVE('',#272,#264,#274,.T.);
#272 = VERTEX_POINT('',#273);
#273 = CARTESIAN_POINT('',(122.999947,-79.,0.));
#274 = LINE('',#275,#276);
#275 = CARTESIAN_POINT('',(122.999947,-79.,0.));
#276 = VECTOR('',#277,1.);
#277 = DIRECTION('',(1.050427080679E-05,-0.999999999945,0.));
#278 = ORIENTED_EDGE('',*,*,#279,.F.);
#279 = EDGE_CURVE('',#280,#272,#282,.T.);
#280 = VERTEX_POINT('',#281);
#281 = CARTESIAN_POINT('',(156.999966,-79.,0.));
#282 = LINE('',#283,#284);
#283 = CARTESIAN_POINT('',(156.999966,-79.,0.));
#284 = VECTOR('',#285,1.);
#285 = DIRECTION('',(-1.,0.,0.));
#286 = ORIENTED_EDGE('',*,*,#287,.F.);
#287 = EDGE_CURVE('',#288,#280,#290,.T.);
#288 = VERTEX_POINT('',#289);
#289 = CARTESIAN_POINT('',(157.000034,-86.921066,0.));
#290 = LINE('',#291,#292);
#291 = CARTESIAN_POINT('',(157.000034,-86.921066,0.));
#292 = VECTOR('',#293,1.);
#293 = DIRECTION('',(-8.584703119042E-06,0.999999999963,0.));
#294 = ORIENTED_EDGE('',*,*,#295,.F.);
#295 = EDGE_CURVE('',#296,#288,#298,.T.);
#296 = VERTEX_POINT('',#297);
#297 = CARTESIAN_POINT('',(213.00136,-86.894785,0.));
#298 = LINE('',#299,#300);
#299 = CARTESIAN_POINT('',(213.00136,-86.894785,0.));
#300 = VECTOR('',#301,1.);
#301 = DIRECTION('',(-0.999999889882,-4.692924075761E-04,0.));
#302 = ORIENTED_EDGE('',*,*,#303,.F.);
#303 = EDGE_CURVE('',#304,#296,#306,.T.);
#304 = VERTEX_POINT('',#305);
#305 = CARTESIAN_POINT('',(212.997656,-79.,0.));
#306 = LINE('',#307,#308);
#307 = CARTESIAN_POINT('',(212.997656,-79.,0.));
#308 = VECTOR('',#309,1.);
#309 = DIRECTION('',(4.691704197562E-04,-0.99999988994,0.));
#310 = ORIENTED_EDGE('',*,*,#311,.F.);
#311 = EDGE_CURVE('',#312,#304,#314,.T.);
#312 = VERTEX_POINT('',#313);
#313 = CARTESIAN_POINT('',(247.000013,-79.,0.));
#314 = LINE('',#315,#316);
#315 = CARTESIAN_POINT('',(247.000013,-79.,0.));
#316 = VECTOR('',#317,1.);
#317 = DIRECTION('',(-1.,0.,0.));
#318 = ORIENTED_EDGE('',*,*,#319,.F.);
#319 = EDGE_CURVE('',#320,#312,#322,.T.);
#320 = VERTEX_POINT('',#321);
#321 = CARTESIAN_POINT('',(246.999994,-86.981025,0.));
#322 = LINE('',#323,#324);
#323 = CARTESIAN_POINT('',(246.999994,-86.981025,0.));
#324 = VECTOR('',#325,1.);
#325 = DIRECTION('',(2.38064659725E-06,0.999999999997,0.));
#326 = ORIENTED_EDGE('',*,*,#327,.F.);
#327 = EDGE_CURVE('',#328,#320,#330,.T.);
#328 = VERTEX_POINT('',#329);
#329 = CARTESIAN_POINT('',(292.,-87.,0.));
#330 = LINE('',#331,#332);
#331 = CARTESIAN_POINT('',(292.,-87.,0.));
#332 = VECTOR('',#333,1.);
#333 = DIRECTION('',(-0.999999911099,4.216665729577E-04,0.));
#334 = ORIENTED_EDGE('',*,*,#335,.F.);
#335 = EDGE_CURVE('',#336,#328,#338,.T.);
#336 = VERTEX_POINT('',#337);
#337 = CARTESIAN_POINT('',(292.,-80.,0.));
#338 = LINE('',#339,#340);
#339 = CARTESIAN_POINT('',(292.,-80.,0.));
#340 = VECTOR('',#341,1.);
#341 = DIRECTION('',(0.,-1.,0.));
#342 = ORIENTED_EDGE('',*,*,#343,.F.);
#343 = EDGE_CURVE('',#344,#336,#346,.T.);
#344 = VERTEX_POINT('',#345);
#345 = CARTESIAN_POINT('',(287.,-75.,0.));
#346 = LINE('',#347,#348);
#347 = CARTESIAN_POINT('',(287.,-75.,0.));
#348 = VECTOR('',#349,1.);
#349 = DIRECTION('',(0.707106781187,-0.707106781187,0.));
#350 = ORIENTED_EDGE('',*,*,#351,.F.);
#351 = EDGE_CURVE('',#352,#344,#354,.T.);
#352 = VERTEX_POINT('',#353);
#353 = CARTESIAN_POINT('',(277.,-75.,0.));
#354 = LINE('',#355,#356);
#355 = CARTESIAN_POINT('',(277.,-75.,0.));
#356 = VECTOR('',#357,1.);
#357 = DIRECTION('',(1.,0.,0.));
#358 = ORIENTED_EDGE('',*,*,#359,.F.);
#359 = EDGE_CURVE('',#360,#352,#362,.T.);
#360 = VERTEX_POINT('',#361);
#361 = CARTESIAN_POINT('',(277.,-18.,0.));
#362 = LINE('',#363,#364);
#363 = CARTESIAN_POINT('',(277.,-18.,0.));
#364 = VECTOR('',#365,1.);
#365 = DIRECTION('',(0.,-1.,0.));
#366 = ORIENTED_EDGE('',*,*,#367,.F.);
#367 = EDGE_CURVE('',#368,#360,#370,.T.);
#368 = VERTEX_POINT('',#369);
#369 = CARTESIAN_POINT('',(283.,-18.,0.));
#370 = LINE('',#371,#372);
#371 = CARTESIAN_POINT('',(283.,-18.,0.));
#372 = VECTOR('',#373,1.);
#373 = DIRECTION('',(-1.,0.,0.));
#374 = ORIENTED_EDGE('',*,*,#375,.F.);
#375 = EDGE_CURVE('',#376,#368,#378,.T.);
#376 = VERTEX_POINT('',#377);
#377 = CARTESIAN_POINT('',(283.,8.991421,0.));
#378 = LINE('',#379,#380);
#379 = CARTESIAN_POINT('',(283.,8.991421,0.));
#380 = VECTOR('',#381,1.);
#381 = DIRECTION('',(0.,-1.,0.));
#382 = ORIENTED_EDGE('',*,*,#383,.F.);
#383 = EDGE_CURVE('',#384,#376,#386,.T.);
#384 = VERTEX_POINT('',#385);
#385 = CARTESIAN_POINT('',(275.,9.,0.));
#386 = LINE('',#387,#388);
#387 = CARTESIAN_POINT('',(275.,9.,0.));
#388 = VECTOR('',#389,1.);
#389 = DIRECTION('',(0.999999425006,-1.072374383391E-03,0.));
#390 = ORIENTED_EDGE('',*,*,#391,.F.);
#391 = EDGE_CURVE('',#392,#384,#394,.T.);
#392 = VERTEX_POINT('',#393);
#393 = CARTESIAN_POINT('',(245.,9.,0.));
#394 = LINE('',#395,#396);
#395 = CARTESIAN_POINT('',(245.,9.,0.));
#396 = VECTOR('',#397,1.);
#397 = DIRECTION('',(1.,0.,0.));
#398 = ORIENTED_EDGE('',*,*,#399,.F.);
#399 = EDGE_CURVE('',#120,#392,#400,.T.);
#400 = LINE('',#401,#402);
#401 = CARTESIAN_POINT('',(245.,-0.,0.));
#402 = VECTOR('',#403,1.);
#403 = DIRECTION('',(0.,1.,0.));
#404 = ORIENTED_EDGE('',*,*,#127,.F.);
#405 = FACE_BOUND('',#406,.F.);
#406 = EDGE_LOOP('',(#407));
#407 = ORIENTED_EDGE('',*,*,#408,.T.);
#408 = EDGE_CURVE('',#409,#409,#411,.T.);
#409 = VERTEX_POINT('',#410);
#410 = CARTESIAN_POINT('',(18.,-85.925,0.));
#411 = CIRCLE('',#412,0.425);
#412 = AXIS2_PLACEMENT_3D('',#413,#414,#415);
#413 = CARTESIAN_POINT('',(18.,-85.5,0.));
#414 = DIRECTION('',(-0.,0.,-1.));
#415 = DIRECTION('',(-0.,-1.,0.));
#416 = FACE_BOUND('',#417,.F.);
#417 = EDGE_LOOP('',(#418));
#418 = ORIENTED_EDGE('',*,*,#419,.T.);
#419 = EDGE_CURVE('',#420,#420,#422,.T.);
#420 = VERTEX_POINT('',#421);
#421 = CARTESIAN_POINT('',(6.,-84.2,0.));
#422 = CIRCLE('',#423,3.2);
#423 = AXIS2_PLACEMENT_3D('',#424,#425,#426);
#424 = CARTESIAN_POINT('',(6.,-81.,0.));
#425 = DIRECTION('',(-0.,0.,-1.));
#426 = DIRECTION('',(-0.,-1.,0.));
#427 = FACE_BOUND('',#428,.F.);
#428 = EDGE_LOOP('',(#429));
#429 = ORIENTED_EDGE('',*,*,#430,.T.);
#430 = EDGE_CURVE('',#431,#431,#433,.T.);
#431 = VERTEX_POINT('',#432);
#432 = CARTESIAN_POINT('',(24.,-85.925,0.));
#433 = CIRCLE('',#434,0.425);
#434 = AXIS2_PLACEMENT_3D('',#435,#436,#437);
#435 = CARTESIAN_POINT('',(24.,-85.5,0.));
#436 = DIRECTION('',(-0.,0.,-1.));
#437 = DIRECTION('',(-0.,-1.,0.));
#438 = FACE_BOUND('',#439,.F.);
#439 = EDGE_LOOP('',(#440));
#440 = ORIENTED_EDGE('',*,*,#441,.T.);
#441 = EDGE_CURVE('',#442,#442,#444,.T.);
#442 = VERTEX_POINT('',#443);
#443 = CARTESIAN_POINT('',(18.,-75.925,0.));
#444 = CIRCLE('',#445,0.425);
#445 = AXIS2_PLACEMENT_3D('',#446,#447,#448);
#446 = CARTESIAN_POINT('',(18.,-75.5,0.));
#447 = DIRECTION('',(-0.,0.,-1.));
#448 = DIRECTION('',(-0.,-1.,0.));
#449 = FACE_BOUND('',#450,.F.);
#450 = EDGE_LOOP('',(#451));
#451 = ORIENTED_EDGE('',*,*,#452,.T.);
#452 = EDGE_CURVE('',#453,#453,#455,.T.);
#453 = VERTEX_POINT('',#454);
#454 = CARTESIAN_POINT('',(24.,-75.925,0.));
#455 = CIRCLE('',#456,0.425);
#456 = AXIS2_PLACEMENT_3D('',#457,#458,#459);
#457 = CARTESIAN_POINT('',(24.,-75.5,0.));
#458 = DIRECTION('',(-0.,0.,-1.));
#459 = DIRECTION('',(-0.,-1.,0.));
#460 = FACE_BOUND('',#461,.F.);
#461 = EDGE_LOOP('',(#462));
#462 = ORIENTED_EDGE('',*,*,#463,.T.);
#463 = EDGE_CURVE('',#464,#464,#466,.T.);
#464 = VERTEX_POINT('',#465);
#465 = CARTESIAN_POINT('',(15.,-72.2,0.));
#466 = CIRCLE('',#467,0.7);
#467 = AXIS2_PLACEMENT_3D('',#468,#469,#470);
#468 = CARTESIAN_POINT('',(15.,-71.5,0.));
#469 = DIRECTION('',(-0.,0.,-1.));
#470 = DIRECTION('',(-0.,-1.,0.));
#471 = FACE_BOUND('',#472,.F.);
#472 = EDGE_LOOP('',(#473));
#473 = ORIENTED_EDGE('',*,*,#474,.T.);
#474 = EDGE_CURVE('',#475,#475,#477,.T.);
#475 = VERTEX_POINT('',#476);
#476 = CARTESIAN_POINT('',(35.3,-72.2,0.));
#477 = CIRCLE('',#478,0.7);
#478 = AXIS2_PLACEMENT_3D('',#479,#480,#481);
#479 = CARTESIAN_POINT('',(35.3,-71.5,0.));
#480 = DIRECTION('',(-0.,0.,-1.));
#481 = DIRECTION('',(-0.,-1.,0.));
#482 = FACE_BOUND('',#483,.F.);
#483 = EDGE_LOOP('',(#484));
#484 = ORIENTED_EDGE('',*,*,#485,.T.);
#485 = EDGE_CURVE('',#486,#486,#488,.T.);
#486 = VERTEX_POINT('',#487);
#487 = CARTESIAN_POINT('',(6.85,-66.85,0.));
#488 = CIRCLE('',#489,0.8);
#489 = AXIS2_PLACEMENT_3D('',#490,#491,#492);
#490 = CARTESIAN_POINT('',(6.85,-66.05,0.));
#491 = DIRECTION('',(-0.,0.,-1.));
#492 = DIRECTION('',(-0.,-1.,0.));
#493 = FACE_BOUND('',#494,.F.);
#494 = EDGE_LOOP('',(#495));
#495 = ORIENTED_EDGE('',*,*,#496,.T.);
#496 = EDGE_CURVE('',#497,#497,#499,.T.);
#497 = VERTEX_POINT('',#498);
#498 = CARTESIAN_POINT('',(64.,-72.2,0.));
#499 = CIRCLE('',#500,0.7);
#500 = AXIS2_PLACEMENT_3D('',#501,#502,#503);
#501 = CARTESIAN_POINT('',(64.,-71.5,0.));
#502 = DIRECTION('',(-0.,0.,-1.));
#503 = DIRECTION('',(-0.,-1.,0.));
#504 = FACE_BOUND('',#505,.F.);
#505 = EDGE_LOOP('',(#506));
#506 = ORIENTED_EDGE('',*,*,#507,.T.);
#507 = EDGE_CURVE('',#508,#508,#510,.T.);
#508 = VERTEX_POINT('',#509);
#509 = CARTESIAN_POINT('',(50.,-66.2,0.));
#510 = CIRCLE('',#511,3.2);
#511 = AXIS2_PLACEMENT_3D('',#512,#513,#514);
#512 = CARTESIAN_POINT('',(50.,-63.,0.));
#513 = DIRECTION('',(-0.,0.,-1.));
#514 = DIRECTION('',(-0.,-1.,0.));
#515 = FACE_BOUND('',#516,.F.);
#516 = EDGE_LOOP('',(#517));
#517 = ORIENTED_EDGE('',*,*,#518,.T.);
#518 = EDGE_CURVE('',#519,#519,#521,.T.);
#519 = VERTEX_POINT('',#520);
#520 = CARTESIAN_POINT('',(84.3,-72.2,0.));
#521 = CIRCLE('',#522,0.7);
#522 = AXIS2_PLACEMENT_3D('',#523,#524,#525);
#523 = CARTESIAN_POINT('',(84.3,-71.5,0.));
#524 = DIRECTION('',(-0.,0.,-1.));
#525 = DIRECTION('',(-0.,-1.,0.));
#526 = FACE_BOUND('',#527,.F.);
#527 = EDGE_LOOP('',(#528));
#528 = ORIENTED_EDGE('',*,*,#529,.T.);
#529 = EDGE_CURVE('',#530,#530,#532,.T.);
#530 = VERTEX_POINT('',#531);
#531 = CARTESIAN_POINT('',(105.,-72.2,0.));
#532 = CIRCLE('',#533,0.7);
#533 = AXIS2_PLACEMENT_3D('',#534,#535,#536);
#534 = CARTESIAN_POINT('',(105.,-71.5,0.));
#535 = DIRECTION('',(-0.,0.,-1.));
#536 = DIRECTION('',(-0.,-1.,0.));
#537 = FACE_BOUND('',#538,.F.);
#538 = EDGE_LOOP('',(#539));
#539 = ORIENTED_EDGE('',*,*,#540,.T.);
#540 = EDGE_CURVE('',#541,#541,#543,.T.);
#541 = VERTEX_POINT('',#542);
#542 = CARTESIAN_POINT('',(125.3,-72.2,0.));
#543 = CIRCLE('',#544,0.7);
#544 = AXIS2_PLACEMENT_3D('',#545,#546,#547);
#545 = CARTESIAN_POINT('',(125.3,-71.5,0.));
#546 = DIRECTION('',(-0.,0.,-1.));
#547 = DIRECTION('',(-0.,-1.,0.));
#548 = FACE_BOUND('',#549,.F.);
#549 = EDGE_LOOP('',(#550));
#550 = ORIENTED_EDGE('',*,*,#551,.T.);
#551 = EDGE_CURVE('',#552,#552,#554,.T.);
#552 = VERTEX_POINT('',#553);
#553 = CARTESIAN_POINT('',(140.,-66.2,0.));
#554 = CIRCLE('',#555,3.2);
#555 = AXIS2_PLACEMENT_3D('',#556,#557,#558);
#556 = CARTESIAN_POINT('',(140.,-63.,0.));
#557 = DIRECTION('',(-0.,0.,-1.));
#558 = DIRECTION('',(-0.,-1.,0.));
#559 = FACE_BOUND('',#560,.F.);
#560 = EDGE_LOOP('',(#561));
#561 = ORIENTED_EDGE('',*,*,#562,.T.);
#562 = EDGE_CURVE('',#563,#563,#565,.T.);
#563 = VERTEX_POINT('',#564);
#564 = CARTESIAN_POINT('',(166.4,-85.925,0.));
#565 = CIRCLE('',#566,0.425);
#566 = AXIS2_PLACEMENT_3D('',#567,#568,#569);
#567 = CARTESIAN_POINT('',(166.4,-85.5,0.));
#568 = DIRECTION('',(-0.,0.,-1.));
#569 = DIRECTION('',(6.687461042448E-14,-1.,-0.));
#570 = FACE_BOUND('',#571,.F.);
#571 = EDGE_LOOP('',(#572));
#572 = ORIENTED_EDGE('',*,*,#573,.T.);
#573 = EDGE_CURVE('',#574,#574,#576,.T.);
#574 = VERTEX_POINT('',#575);
#575 = CARTESIAN_POINT('',(172.5,-85.925,0.));
#576 = CIRCLE('',#577,0.425);
#577 = AXIS2_PLACEMENT_3D('',#578,#579,#580);
#578 = CARTESIAN_POINT('',(172.5,-85.5,0.));
#579 = DIRECTION('',(-0.,0.,-1.));
#580 = DIRECTION('',(-0.,-1.,0.));
#581 = FACE_BOUND('',#582,.F.);
#582 = EDGE_LOOP('',(#583));
#583 = ORIENTED_EDGE('',*,*,#584,.T.);
#584 = EDGE_CURVE('',#585,#585,#587,.T.);
#585 = VERTEX_POINT('',#586);
#586 = CARTESIAN_POINT('',(166.4,-75.925,0.));
#587 = CIRCLE('',#588,0.425);
#588 = AXIS2_PLACEMENT_3D('',#589,#590,#591);
#589 = CARTESIAN_POINT('',(166.4,-75.5,0.));
#590 = DIRECTION('',(-0.,0.,-1.));
#591 = DIRECTION('',(6.687461042448E-14,-1.,-0.));
#592 = FACE_BOUND('',#593,.F.);
#593 = EDGE_LOOP('',(#594));
#594 = ORIENTED_EDGE('',*,*,#595,.T.);
#595 = EDGE_CURVE('',#596,#596,#598,.T.);
#596 = VERTEX_POINT('',#597);
#597 = CARTESIAN_POINT('',(172.5,-75.925,0.));
#598 = CIRCLE('',#599,0.425);
#599 = AXIS2_PLACEMENT_3D('',#600,#601,#602);
#600 = CARTESIAN_POINT('',(172.5,-75.5,0.));
#601 = DIRECTION('',(-0.,0.,-1.));
#602 = DIRECTION('',(-0.,-1.,0.));
#603 = FACE_BOUND('',#604,.F.);
#604 = EDGE_LOOP('',(#605));
#605 = ORIENTED_EDGE('',*,*,#606,.T.);
#606 = EDGE_CURVE('',#607,#607,#609,.T.);
#607 = VERTEX_POINT('',#608);
#608 = CARTESIAN_POINT('',(185.,-84.2,0.));
#609 = CIRCLE('',#610,3.2);
#610 = AXIS2_PLACEMENT_3D('',#611,#612,#613);
#611 = CARTESIAN_POINT('',(185.,-81.,0.));
#612 = DIRECTION('',(-0.,0.,-1.));
#613 = DIRECTION('',(-0.,-1.,0.));
#614 = FACE_BOUND('',#615,.F.);
#615 = EDGE_LOOP('',(#616));
#616 = ORIENTED_EDGE('',*,*,#617,.T.);
#617 = EDGE_CURVE('',#618,#618,#620,.T.);
#618 = VERTEX_POINT('',#619);
#619 = CARTESIAN_POINT('',(154.,-72.2,0.));
#620 = CIRCLE('',#621,0.7);
#621 = AXIS2_PLACEMENT_3D('',#622,#623,#624);
#622 = CARTESIAN_POINT('',(154.,-71.5,0.));
#623 = DIRECTION('',(-0.,0.,-1.));
#624 = DIRECTION('',(-0.,-1.,0.));
#625 = FACE_BOUND('',#626,.F.);
#626 = EDGE_LOOP('',(#627));
#627 = ORIENTED_EDGE('',*,*,#628,.T.);
#628 = EDGE_CURVE('',#629,#629,#631,.T.);
#629 = VERTEX_POINT('',#630);
#630 = CARTESIAN_POINT('',(174.3,-72.2,0.));
#631 = CIRCLE('',#632,0.7);
#632 = AXIS2_PLACEMENT_3D('',#633,#634,#635);
#633 = CARTESIAN_POINT('',(174.3,-71.5,0.));
#634 = DIRECTION('',(-0.,0.,-1.));
#635 = DIRECTION('',(-0.,-1.,0.));
#636 = FACE_BOUND('',#637,.F.);
#637 = EDGE_LOOP('',(#638));
#638 = ORIENTED_EDGE('',*,*,#639,.T.);
#639 = EDGE_CURVE('',#640,#640,#642,.T.);
#640 = VERTEX_POINT('',#641);
#641 = CARTESIAN_POINT('',(195.,-72.2,0.));
#642 = CIRCLE('',#643,0.7);
#643 = AXIS2_PLACEMENT_3D('',#644,#645,#646);
#644 = CARTESIAN_POINT('',(195.,-71.5,0.));
#645 = DIRECTION('',(-0.,0.,-1.));
#646 = DIRECTION('',(-0.,-1.,0.));
#647 = FACE_BOUND('',#648,.F.);
#648 = EDGE_LOOP('',(#649));
#649 = ORIENTED_EDGE('',*,*,#650,.T.);
#650 = EDGE_CURVE('',#651,#651,#653,.T.);
#651 = VERTEX_POINT('',#652);
#652 = CARTESIAN_POINT('',(215.3,-72.2,0.));
#653 = CIRCLE('',#654,0.7);
#654 = AXIS2_PLACEMENT_3D('',#655,#656,#657);
#655 = CARTESIAN_POINT('',(215.3,-71.5,0.));
#656 = DIRECTION('',(-0.,0.,-1.));
#657 = DIRECTION('',(-0.,-1.,0.));
#658 = FACE_BOUND('',#659,.F.);
#659 = EDGE_LOOP('',(#660));
#660 = ORIENTED_EDGE('',*,*,#661,.T.);
#661 = EDGE_CURVE('',#662,#662,#664,.T.);
#662 = VERTEX_POINT('',#663);
#663 = CARTESIAN_POINT('',(262.,-85.925,0.));
#664 = CIRCLE('',#665,0.425);
#665 = AXIS2_PLACEMENT_3D('',#666,#667,#668);
#666 = CARTESIAN_POINT('',(262.,-85.5,0.));
#667 = DIRECTION('',(-0.,0.,-1.));
#668 = DIRECTION('',(-0.,-1.,0.));
#669 = FACE_BOUND('',#670,.F.);
#670 = EDGE_LOOP('',(#671));
#671 = ORIENTED_EDGE('',*,*,#672,.T.);
#672 = EDGE_CURVE('',#673,#673,#675,.T.);
#673 = VERTEX_POINT('',#674);
#674 = CARTESIAN_POINT('',(268.,-85.925,0.));
#675 = CIRCLE('',#676,0.425);
#676 = AXIS2_PLACEMENT_3D('',#677,#678,#679);
#677 = CARTESIAN_POINT('',(268.,-85.5,0.));
#678 = DIRECTION('',(-0.,0.,-1.));
#679 = DIRECTION('',(-0.,-1.,0.));
#680 = FACE_BOUND('',#681,.F.);
#681 = EDGE_LOOP('',(#682));
#682 = ORIENTED_EDGE('',*,*,#683,.T.);
#683 = EDGE_CURVE('',#684,#684,#686,.T.);
#684 = VERTEX_POINT('',#685);
#685 = CARTESIAN_POINT('',(285.,-84.2,0.));
#686 = CIRCLE('',#687,3.2);
#687 = AXIS2_PLACEMENT_3D('',#688,#689,#690);
#688 = CARTESIAN_POINT('',(285.,-81.,0.));
#689 = DIRECTION('',(-0.,0.,-1.));
#690 = DIRECTION('',(-0.,-1.,0.));
#691 = FACE_BOUND('',#692,.F.);
#692 = EDGE_LOOP('',(#693));
#693 = ORIENTED_EDGE('',*,*,#694,.T.);
#694 = EDGE_CURVE('',#695,#695,#697,.T.);
#695 = VERTEX_POINT('',#696);
#696 = CARTESIAN_POINT('',(262.,-75.925,0.));
#697 = CIRCLE('',#698,0.425);
#698 = AXIS2_PLACEMENT_3D('',#699,#700,#701);
#699 = CARTESIAN_POINT('',(262.,-75.5,0.));
#700 = DIRECTION('',(-0.,0.,-1.));
#701 = DIRECTION('',(-0.,-1.,0.));
#702 = FACE_BOUND('',#703,.F.);
#703 = EDGE_LOOP('',(#704));
#704 = ORIENTED_EDGE('',*,*,#705,.T.);
#705 = EDGE_CURVE('',#706,#706,#708,.T.);
#706 = VERTEX_POINT('',#707);
#707 = CARTESIAN_POINT('',(268.,-75.925,0.));
#708 = CIRCLE('',#709,0.425);
#709 = AXIS2_PLACEMENT_3D('',#710,#711,#712);
#710 = CARTESIAN_POINT('',(268.,-75.5,0.));
#711 = DIRECTION('',(-0.,0.,-1.));
#712 = DIRECTION('',(-0.,-1.,0.));
#713 = FACE_BOUND('',#714,.F.);
#714 = EDGE_LOOP('',(#715));
#715 = ORIENTED_EDGE('',*,*,#716,.T.);
#716 = EDGE_CURVE('',#717,#717,#719,.T.);
#717 = VERTEX_POINT('',#718);
#718 = CARTESIAN_POINT('',(244.,-72.2,0.));
#719 = CIRCLE('',#720,0.7);
#720 = AXIS2_PLACEMENT_3D('',#721,#722,#723);
#721 = CARTESIAN_POINT('',(244.,-71.5,0.));
#722 = DIRECTION('',(-0.,0.,-1.));
#723 = DIRECTION('',(-0.,-1.,0.));
#724 = FACE_BOUND('',#725,.F.);
#725 = EDGE_LOOP('',(#726));
#726 = ORIENTED_EDGE('',*,*,#727,.T.);
#727 = EDGE_CURVE('',#728,#728,#730,.T.);
#728 = VERTEX_POINT('',#729);
#729 = CARTESIAN_POINT('',(230.,-66.2,0.));
#730 = CIRCLE('',#731,3.2);
#731 = AXIS2_PLACEMENT_3D('',#732,#733,#734);
#732 = CARTESIAN_POINT('',(230.,-63.,0.));
#733 = DIRECTION('',(-0.,0.,-1.));
#734 = DIRECTION('',(-0.,-1.,0.));
#735 = FACE_BOUND('',#736,.F.);
#736 = EDGE_LOOP('',(#737));
#737 = ORIENTED_EDGE('',*,*,#738,.T.);
#738 = EDGE_CURVE('',#739,#739,#741,.T.);
#739 = VERTEX_POINT('',#740);
#740 = CARTESIAN_POINT('',(264.3,-72.2,0.));
#741 = CIRCLE('',#742,0.7);
#742 = AXIS2_PLACEMENT_3D('',#743,#744,#745);
#743 = CARTESIAN_POINT('',(264.3,-71.5,0.));
#744 = DIRECTION('',(-0.,0.,-1.));
#745 = DIRECTION('',(-0.,-1.,0.));
#746 = FACE_BOUND('',#747,.F.);
#747 = EDGE_LOOP('',(#748));
#748 = ORIENTED_EDGE('',*,*,#749,.T.);
#749 = EDGE_CURVE('',#750,#750,#752,.T.);
#750 = VERTEX_POINT('',#751);
#751 = CARTESIAN_POINT('',(50.,-38.2,0.));
#752 = CIRCLE('',#753,3.2);
#753 = AXIS2_PLACEMENT_3D('',#754,#755,#756);
#754 = CARTESIAN_POINT('',(50.,-35.,0.));
#755 = DIRECTION('',(-0.,0.,-1.));
#756 = DIRECTION('',(-0.,-1.,0.));
#757 = FACE_BOUND('',#758,.F.);
#758 = EDGE_LOOP('',(#759));
#759 = ORIENTED_EDGE('',*,*,#760,.T.);
#760 = EDGE_CURVE('',#761,#761,#763,.T.);
#761 = VERTEX_POINT('',#762);
#762 = CARTESIAN_POINT('',(6.85,-27.95,0.));
#763 = CIRCLE('',#764,0.8);
#764 = AXIS2_PLACEMENT_3D('',#765,#766,#767);
#765 = CARTESIAN_POINT('',(6.85,-27.15,0.));
#766 = DIRECTION('',(-0.,0.,-1.));
#767 = DIRECTION('',(-0.,-1.,0.));
#768 = FACE_BOUND('',#769,.F.);
#769 = EDGE_LOOP('',(#770));
#770 = ORIENTED_EDGE('',*,*,#771,.T.);
#771 = EDGE_CURVE('',#772,#772,#774,.T.);
#772 = VERTEX_POINT('',#773);
#773 = CARTESIAN_POINT('',(15.,-19.7,0.));
#774 = CIRCLE('',#775,0.7);
#775 = AXIS2_PLACEMENT_3D('',#776,#777,#778);
#776 = CARTESIAN_POINT('',(15.,-19.,0.));
#777 = DIRECTION('',(-0.,0.,-1.));
#778 = DIRECTION('',(-0.,-1.,0.));
#779 = FACE_BOUND('',#780,.F.);
#780 = EDGE_LOOP('',(#781));
#781 = ORIENTED_EDGE('',*,*,#782,.T.);
#782 = EDGE_CURVE('',#783,#783,#785,.T.);
#783 = VERTEX_POINT('',#784);
#784 = CARTESIAN_POINT('',(35.3,-19.7,0.));
#785 = CIRCLE('',#786,0.7);
#786 = AXIS2_PLACEMENT_3D('',#787,#788,#789);
#787 = CARTESIAN_POINT('',(35.3,-19.,0.));
#788 = DIRECTION('',(-0.,0.,-1.));
#789 = DIRECTION('',(-0.,-1.,0.));
#790 = FACE_BOUND('',#791,.F.);
#791 = EDGE_LOOP('',(#792));
#792 = ORIENTED_EDGE('',*,*,#793,.T.);
#793 = EDGE_CURVE('',#794,#794,#796,.T.);
#794 = VERTEX_POINT('',#795);
#795 = CARTESIAN_POINT('',(64.,-19.7,0.));
#796 = CIRCLE('',#797,0.7);
#797 = AXIS2_PLACEMENT_3D('',#798,#799,#800);
#798 = CARTESIAN_POINT('',(64.,-19.,0.));
#799 = DIRECTION('',(-0.,0.,-1.));
#800 = DIRECTION('',(-0.,-1.,0.));
#801 = FACE_BOUND('',#802,.F.);
#802 = EDGE_LOOP('',(#803));
#803 = ORIENTED_EDGE('',*,*,#804,.T.);
#804 = EDGE_CURVE('',#805,#805,#807,.T.);
#805 = VERTEX_POINT('',#806);
#806 = CARTESIAN_POINT('',(140.,-38.2,0.));
#807 = CIRCLE('',#808,3.2);
#808 = AXIS2_PLACEMENT_3D('',#809,#810,#811);
#809 = CARTESIAN_POINT('',(140.,-35.,0.));
#810 = DIRECTION('',(-0.,0.,-1.));
#811 = DIRECTION('',(-0.,-1.,0.));
#812 = FACE_BOUND('',#813,.F.);
#813 = EDGE_LOOP('',(#814));
#814 = ORIENTED_EDGE('',*,*,#815,.T.);
#815 = EDGE_CURVE('',#816,#816,#818,.T.);
#816 = VERTEX_POINT('',#817);
#817 = CARTESIAN_POINT('',(84.3,-19.7,0.));
#818 = CIRCLE('',#819,0.7);
#819 = AXIS2_PLACEMENT_3D('',#820,#821,#822);
#820 = CARTESIAN_POINT('',(84.3,-19.,0.));
#821 = DIRECTION('',(-0.,0.,-1.));
#822 = DIRECTION('',(-0.,-1.,0.));
#823 = FACE_BOUND('',#824,.F.);
#824 = EDGE_LOOP('',(#825));
#825 = ORIENTED_EDGE('',*,*,#826,.T.);
#826 = EDGE_CURVE('',#827,#827,#829,.T.);
#827 = VERTEX_POINT('',#828);
#828 = CARTESIAN_POINT('',(105.,-19.7,0.));
#829 = CIRCLE('',#830,0.7);
#830 = AXIS2_PLACEMENT_3D('',#831,#832,#833);
#831 = CARTESIAN_POINT('',(105.,-19.,0.));
#832 = DIRECTION('',(-0.,0.,-1.));
#833 = DIRECTION('',(-0.,-1.,0.));
#834 = FACE_BOUND('',#835,.F.);
#835 = EDGE_LOOP('',(#836));
#836 = ORIENTED_EDGE('',*,*,#837,.T.);
#837 = EDGE_CURVE('',#838,#838,#840,.T.);
#838 = VERTEX_POINT('',#839);
#839 = CARTESIAN_POINT('',(125.3,-19.7,0.));
#840 = CIRCLE('',#841,0.7);
#841 = AXIS2_PLACEMENT_3D('',#842,#843,#844);
#842 = CARTESIAN_POINT('',(125.3,-19.,0.));
#843 = DIRECTION('',(-0.,0.,-1.));
#844 = DIRECTION('',(-0.,-1.,0.));
#845 = FACE_BOUND('',#846,.F.);
#846 = EDGE_LOOP('',(#847));
#847 = ORIENTED_EDGE('',*,*,#848,.T.);
#848 = EDGE_CURVE('',#849,#849,#851,.T.);
#849 = VERTEX_POINT('',#850);
#850 = CARTESIAN_POINT('',(50.,-10.2,0.));
#851 = CIRCLE('',#852,3.2);
#852 = AXIS2_PLACEMENT_3D('',#853,#854,#855);
#853 = CARTESIAN_POINT('',(50.,-7.,0.));
#854 = DIRECTION('',(-0.,0.,-1.));
#855 = DIRECTION('',(-0.,-1.,0.));
#856 = FACE_BOUND('',#857,.F.);
#857 = EDGE_LOOP('',(#858));
#858 = ORIENTED_EDGE('',*,*,#859,.T.);
#859 = EDGE_CURVE('',#860,#860,#862,.T.);
#860 = VERTEX_POINT('',#861);
#861 = CARTESIAN_POINT('',(72.,-7.525,0.));
#862 = CIRCLE('',#863,0.425);
#863 = AXIS2_PLACEMENT_3D('',#864,#865,#866);
#864 = CARTESIAN_POINT('',(72.,-7.1,0.));
#865 = DIRECTION('',(-0.,0.,-1.));
#866 = DIRECTION('',(-0.,-1.,0.));
#867 = FACE_BOUND('',#868,.F.);
#868 = EDGE_LOOP('',(#869));
#869 = ORIENTED_EDGE('',*,*,#870,.T.);
#870 = EDGE_CURVE('',#871,#871,#873,.T.);
#871 = VERTEX_POINT('',#872);
#872 = CARTESIAN_POINT('',(72.,-1.425,0.));
#873 = CIRCLE('',#874,0.425);
#874 = AXIS2_PLACEMENT_3D('',#875,#876,#877);
#875 = CARTESIAN_POINT('',(72.,-1.,0.));
#876 = DIRECTION('',(-0.,0.,-1.));
#877 = DIRECTION('',(-0.,-1.,0.));
#878 = FACE_BOUND('',#879,.F.);
#879 = EDGE_LOOP('',(#880));
#880 = ORIENTED_EDGE('',*,*,#881,.T.);
#881 = EDGE_CURVE('',#882,#882,#884,.T.);
#882 = VERTEX_POINT('',#883);
#883 = CARTESIAN_POINT('',(108.,-14.425,0.));
#884 = CIRCLE('',#885,0.425);
#885 = AXIS2_PLACEMENT_3D('',#886,#887,#888);
#886 = CARTESIAN_POINT('',(108.,-14.,0.));
#887 = DIRECTION('',(-0.,0.,-1.));
#888 = DIRECTION('',(-0.,-1.,0.));
#889 = FACE_BOUND('',#890,.F.);
#890 = EDGE_LOOP('',(#891));
#891 = ORIENTED_EDGE('',*,*,#892,.T.);
#892 = EDGE_CURVE('',#893,#893,#895,.T.);
#893 = VERTEX_POINT('',#894);
#894 = CARTESIAN_POINT('',(82.,-7.525,0.));
#895 = CIRCLE('',#896,0.425);
#896 = AXIS2_PLACEMENT_3D('',#897,#898,#899);
#897 = CARTESIAN_POINT('',(82.,-7.1,0.));
#898 = DIRECTION('',(-0.,0.,-1.));
#899 = DIRECTION('',(-0.,-1.,0.));
#900 = FACE_BOUND('',#901,.F.);
#901 = EDGE_LOOP('',(#902));
#902 = ORIENTED_EDGE('',*,*,#903,.T.);
#903 = EDGE_CURVE('',#904,#904,#906,.T.);
#904 = VERTEX_POINT('',#905);
#905 = CARTESIAN_POINT('',(114.,-14.425,0.));
#906 = CIRCLE('',#907,0.425);
#907 = AXIS2_PLACEMENT_3D('',#908,#909,#910);
#908 = CARTESIAN_POINT('',(114.,-14.,0.));
#909 = DIRECTION('',(-0.,0.,-1.));
#910 = DIRECTION('',(-0.,-1.,0.));
#911 = FACE_BOUND('',#912,.F.);
#912 = EDGE_LOOP('',(#913));
#913 = ORIENTED_EDGE('',*,*,#914,.T.);
#914 = EDGE_CURVE('',#915,#915,#917,.T.);
#915 = VERTEX_POINT('',#916);
#916 = CARTESIAN_POINT('',(140.,-10.2,0.));
#917 = CIRCLE('',#918,3.2);
#918 = AXIS2_PLACEMENT_3D('',#919,#920,#921);
#919 = CARTESIAN_POINT('',(140.,-7.,0.));
#920 = DIRECTION('',(-0.,0.,-1.));
#921 = DIRECTION('',(-0.,-1.,0.));
#922 = FACE_BOUND('',#923,.F.);
#923 = EDGE_LOOP('',(#924));
#924 = ORIENTED_EDGE('',*,*,#925,.T.);
#925 = EDGE_CURVE('',#926,#926,#928,.T.);
#926 = VERTEX_POINT('',#927);
#927 = CARTESIAN_POINT('',(82.,-1.425,0.));
#928 = CIRCLE('',#929,0.425);
#929 = AXIS2_PLACEMENT_3D('',#930,#931,#932);
#930 = CARTESIAN_POINT('',(82.,-1.,0.));
#931 = DIRECTION('',(-0.,0.,-1.));
#932 = DIRECTION('',(-0.,-1.,0.));
#933 = FACE_BOUND('',#934,.F.);
#934 = EDGE_LOOP('',(#935));
#935 = ORIENTED_EDGE('',*,*,#936,.T.);
#936 = EDGE_CURVE('',#937,#937,#939,.T.);
#937 = VERTEX_POINT('',#938);
#938 = CARTESIAN_POINT('',(108.,-4.425,0.));
#939 = CIRCLE('',#940,0.425);
#940 = AXIS2_PLACEMENT_3D('',#941,#942,#943);
#941 = CARTESIAN_POINT('',(108.,-4.,0.));
#942 = DIRECTION('',(-0.,0.,-1.));
#943 = DIRECTION('',(-0.,-1.,0.));
#944 = FACE_BOUND('',#945,.F.);
#945 = EDGE_LOOP('',(#946));
#946 = ORIENTED_EDGE('',*,*,#947,.T.);
#947 = EDGE_CURVE('',#948,#948,#950,.T.);
#948 = VERTEX_POINT('',#949);
#949 = CARTESIAN_POINT('',(95.,-0.2,0.));
#950 = CIRCLE('',#951,3.2);
#951 = AXIS2_PLACEMENT_3D('',#952,#953,#954);
#952 = CARTESIAN_POINT('',(95.,3.,0.));
#953 = DIRECTION('',(-0.,0.,-1.));
#954 = DIRECTION('',(-0.,-1.,0.));
#955 = FACE_BOUND('',#956,.F.);
#956 = EDGE_LOOP('',(#957));
#957 = ORIENTED_EDGE('',*,*,#958,.T.);
#958 = EDGE_CURVE('',#959,#959,#961,.T.);
#959 = VERTEX_POINT('',#960);
#960 = CARTESIAN_POINT('',(114.,-4.425,0.));
#961 = CIRCLE('',#962,0.425);
#962 = AXIS2_PLACEMENT_3D('',#963,#964,#965);
#963 = CARTESIAN_POINT('',(114.,-4.,0.));
#964 = DIRECTION('',(-0.,0.,-1.));
#965 = DIRECTION('',(-0.,-1.,0.));
#966 = FACE_BOUND('',#967,.F.);
#967 = EDGE_LOOP('',(#968));
#968 = ORIENTED_EDGE('',*,*,#969,.T.);
#969 = EDGE_CURVE('',#970,#970,#972,.T.);
#970 = VERTEX_POINT('',#971);
#971 = CARTESIAN_POINT('',(154.,-19.7,0.));
#972 = CIRCLE('',#973,0.7);
#973 = AXIS2_PLACEMENT_3D('',#974,#975,#976);
#974 = CARTESIAN_POINT('',(154.,-19.,0.));
#975 = DIRECTION('',(-0.,0.,-1.));
#976 = DIRECTION('',(-0.,-1.,0.));
#977 = FACE_BOUND('',#978,.F.);
#978 = EDGE_LOOP('',(#979));
#979 = ORIENTED_EDGE('',*,*,#980,.T.);
#980 = EDGE_CURVE('',#981,#981,#983,.T.);
#981 = VERTEX_POINT('',#982);
#982 = CARTESIAN_POINT('',(174.3,-19.7,0.));
#983 = CIRCLE('',#984,0.7);
#984 = AXIS2_PLACEMENT_3D('',#985,#986,#987);
#985 = CARTESIAN_POINT('',(174.3,-19.,0.));
#986 = DIRECTION('',(-0.,0.,-1.));
#987 = DIRECTION('',(-0.,-1.,0.));
#988 = FACE_BOUND('',#989,.F.);
#989 = EDGE_LOOP('',(#990));
#990 = ORIENTED_EDGE('',*,*,#991,.T.);
#991 = EDGE_CURVE('',#992,#992,#994,.T.);
#992 = VERTEX_POINT('',#993);
#993 = CARTESIAN_POINT('',(195.,-19.7,0.));
#994 = CIRCLE('',#995,0.7);
#995 = AXIS2_PLACEMENT_3D('',#996,#997,#998);
#996 = CARTESIAN_POINT('',(195.,-19.,0.));
#997 = DIRECTION('',(-0.,0.,-1.));
#998 = DIRECTION('',(-0.,-1.,0.));
#999 = FACE_BOUND('',#1000,.F.);
#1000 = EDGE_LOOP('',(#1001));
#1001 = ORIENTED_EDGE('',*,*,#1002,.T.);
#1002 = EDGE_CURVE('',#1003,#1003,#1005,.T.);
#1003 = VERTEX_POINT('',#1004);
#1004 = CARTESIAN_POINT('',(215.3,-19.7,0.));
#1005 = CIRCLE('',#1006,0.7);
#1006 = AXIS2_PLACEMENT_3D('',#1007,#1008,#1009);
#1007 = CARTESIAN_POINT('',(215.3,-19.,0.));
#1008 = DIRECTION('',(-0.,0.,-1.));
#1009 = DIRECTION('',(-0.,-1.,0.));
#1010 = FACE_BOUND('',#1011,.F.);
#1011 = EDGE_LOOP('',(#1012));
#1012 = ORIENTED_EDGE('',*,*,#1013,.T.);
#1013 = EDGE_CURVE('',#1014,#1014,#1016,.T.);
#1014 = VERTEX_POINT('',#1015);
#1015 = CARTESIAN_POINT('',(230.,-38.2,0.));
#1016 = CIRCLE('',#1017,3.2);
#1017 = AXIS2_PLACEMENT_3D('',#1018,#1019,#1020);
#1018 = CARTESIAN_POINT('',(230.,-35.,0.));
#1019 = DIRECTION('',(-0.,0.,-1.));
#1020 = DIRECTION('',(-0.,-1.,0.));
#1021 = FACE_BOUND('',#1022,.F.);
#1022 = EDGE_LOOP('',(#1023));
#1023 = ORIENTED_EDGE('',*,*,#1024,.T.);
#1024 = EDGE_CURVE('',#1025,#1025,#1027,.T.);
#1025 = VERTEX_POINT('',#1026);
#1026 = CARTESIAN_POINT('',(244.,-19.7,0.));
#1027 = CIRCLE('',#1028,0.7);
#1028 = AXIS2_PLACEMENT_3D('',#1029,#1030,#1031);
#1029 = CARTESIAN_POINT('',(244.,-19.,0.));
#1030 = DIRECTION('',(-0.,0.,-1.));
#1031 = DIRECTION('',(-0.,-1.,0.));
#1032 = FACE_BOUND('',#1033,.F.);
#1033 = EDGE_LOOP('',(#1034));
#1034 = ORIENTED_EDGE('',*,*,#1035,.T.);
#1035 = EDGE_CURVE('',#1036,#1036,#1038,.T.);
#1036 = VERTEX_POINT('',#1037);
#1037 = CARTESIAN_POINT('',(264.3,-19.7,0.));
#1038 = CIRCLE('',#1039,0.7);
#1039 = AXIS2_PLACEMENT_3D('',#1040,#1041,#1042);
#1040 = CARTESIAN_POINT('',(264.3,-19.,0.));
#1041 = DIRECTION('',(-0.,0.,-1.));
#1042 = DIRECTION('',(-0.,-1.,0.));
#1043 = FACE_BOUND('',#1044,.F.);
#1044 = EDGE_LOOP('',(#1045));
#1045 = ORIENTED_EDGE('',*,*,#1046,.T.);
#1046 = EDGE_CURVE('',#1047,#1047,#1049,.T.);
#1047 = VERTEX_POINT('',#1048);
#1048 = CARTESIAN_POINT('',(162.,-7.425,0.));
#1049 = CIRCLE('',#1050,0.425);
#1050 = AXIS2_PLACEMENT_3D('',#1051,#1052,#1053);
#1051 = CARTESIAN_POINT('',(162.,-7.,0.));
#1052 = DIRECTION('',(-0.,0.,-1.));
#1053 = DIRECTION('',(-0.,-1.,0.));
#1054 = FACE_BOUND('',#1055,.F.);
#1055 = EDGE_LOOP('',(#1056));
#1056 = ORIENTED_EDGE('',*,*,#1057,.T.);
#1057 = EDGE_CURVE('',#1058,#1058,#1060,.T.);
#1058 = VERTEX_POINT('',#1059);
#1059 = CARTESIAN_POINT('',(172.,-7.425,0.));
#1060 = CIRCLE('',#1061,0.425);
#1061 = AXIS2_PLACEMENT_3D('',#1062,#1063,#1064);
#1062 = CARTESIAN_POINT('',(172.,-7.,0.));
#1063 = DIRECTION('',(-0.,0.,-1.));
#1064 = DIRECTION('',(-0.,-1.,0.));
#1065 = FACE_BOUND('',#1066,.F.);
#1066 = EDGE_LOOP('',(#1067));
#1067 = ORIENTED_EDGE('',*,*,#1068,.T.);
#1068 = EDGE_CURVE('',#1069,#1069,#1071,.T.);
#1069 = VERTEX_POINT('',#1070);
#1070 = CARTESIAN_POINT('',(198.,-14.425,0.));
#1071 = CIRCLE('',#1072,0.425);
#1072 = AXIS2_PLACEMENT_3D('',#1073,#1074,#1075);
#1073 = CARTESIAN_POINT('',(198.,-14.,0.));
#1074 = DIRECTION('',(-0.,0.,-1.));
#1075 = DIRECTION('',(-0.,-1.,0.));
#1076 = FACE_BOUND('',#1077,.F.);
#1077 = EDGE_LOOP('',(#1078));
#1078 = ORIENTED_EDGE('',*,*,#1079,.T.);
#1079 = EDGE_CURVE('',#1080,#1080,#1082,.T.);
#1080 = VERTEX_POINT('',#1081);
#1081 = CARTESIAN_POINT('',(204.,-14.425,0.));
#1082 = CIRCLE('',#1083,0.425);
#1083 = AXIS2_PLACEMENT_3D('',#1084,#1085,#1086);
#1084 = CARTESIAN_POINT('',(204.,-14.,0.));
#1085 = DIRECTION('',(-0.,0.,-1.));
#1086 = DIRECTION('',(-0.,-1.,0.));
#1087 = FACE_BOUND('',#1088,.F.);
#1088 = EDGE_LOOP('',(#1089));
#1089 = ORIENTED_EDGE('',*,*,#1090,.T.);
#1090 = EDGE_CURVE('',#1091,#1091,#1093,.T.);
#1091 = VERTEX_POINT('',#1092);
#1092 = CARTESIAN_POINT('',(162.,-1.325,0.));
#1093 = CIRCLE('',#1094,0.425);
#1094 = AXIS2_PLACEMENT_3D('',#1095,#1096,#1097);
#1095 = CARTESIAN_POINT('',(162.,-0.9,0.));
#1096 = DIRECTION('',(-0.,0.,-1.));
#1097 = DIRECTION('',(-0.,-1.,0.));
#1098 = FACE_BOUND('',#1099,.F.);
#1099 = EDGE_LOOP('',(#1100));
#1100 = ORIENTED_EDGE('',*,*,#1101,.T.);
#1101 = EDGE_CURVE('',#1102,#1102,#1104,.T.);
#1102 = VERTEX_POINT('',#1103);
#1103 = CARTESIAN_POINT('',(172.,-1.325,0.));
#1104 = CIRCLE('',#1105,0.425);
#1105 = AXIS2_PLACEMENT_3D('',#1106,#1107,#1108);
#1106 = CARTESIAN_POINT('',(172.,-0.9,0.));
#1107 = DIRECTION('',(-0.,0.,-1.));
#1108 = DIRECTION('',(-0.,-1.,0.));
#1109 = FACE_BOUND('',#1110,.F.);
#1110 = EDGE_LOOP('',(#1111));
#1111 = ORIENTED_EDGE('',*,*,#1112,.T.);
#1112 = EDGE_CURVE('',#1113,#1113,#1115,.T.);
#1113 = VERTEX_POINT('',#1114);
#1114 = CARTESIAN_POINT('',(198.,-4.425,0.));
#1115 = CIRCLE('',#1116,0.425);
#1116 = AXIS2_PLACEMENT_3D('',#1117,#1118,#1119);
#1117 = CARTESIAN_POINT('',(198.,-4.,0.));
#1118 = DIRECTION('',(-0.,0.,-1.));
#1119 = DIRECTION('',(-0.,-1.,0.));
#1120 = FACE_BOUND('',#1121,.F.);
#1121 = EDGE_LOOP('',(#1122));
#1122 = ORIENTED_EDGE('',*,*,#1123,.T.);
#1123 = EDGE_CURVE('',#1124,#1124,#1126,.T.);
#1124 = VERTEX_POINT('',#1125);
#1125 = CARTESIAN_POINT('',(204.,-4.425,0.));
#1126 = CIRCLE('',#1127,0.425);
#1127 = AXIS2_PLACEMENT_3D('',#1128,#1129,#1130);
#1128 = CARTESIAN_POINT('',(204.,-4.,0.));
#1129 = DIRECTION('',(-0.,0.,-1.));
#1130 = DIRECTION('',(-0.,-1.,0.));
#1131 = FACE_BOUND('',#1132,.F.);
#1132 = EDGE_LOOP('',(#1133));
#1133 = ORIENTED_EDGE('',*,*,#1134,.T.);
#1134 = EDGE_CURVE('',#1135,#1135,#1137,.T.);
#1135 = VERTEX_POINT('',#1136);
#1136 = CARTESIAN_POINT('',(185.,-0.2,0.));
#1137 = CIRCLE('',#1138,3.2);
#1138 = AXIS2_PLACEMENT_3D('',#1139,#1140,#1141);
#1139 = CARTESIAN_POINT('',(185.,3.,0.));
#1140 = DIRECTION('',(-0.,0.,-1.));
#1141 = DIRECTION('',(-0.,-1.,0.));
#1142 = FACE_BOUND('',#1143,.F.);
#1143 = EDGE_LOOP('',(#1144));
#1144 = ORIENTED_EDGE('',*,*,#1145,.T.);
#1145 = EDGE_CURVE('',#1146,#1146,#1148,.T.);
#1146 = VERTEX_POINT('',#1147);
#1147 = CARTESIAN_POINT('',(230.,-10.2,0.));
#1148 = CIRCLE('',#1149,3.2);
#1149 = AXIS2_PLACEMENT_3D('',#1150,#1151,#1152);
#1150 = CARTESIAN_POINT('',(230.,-7.,0.));
#1151 = DIRECTION('',(-0.,0.,-1.));
#1152 = DIRECTION('',(-0.,-1.,0.));
#1153 = FACE_BOUND('',#1154,.F.);
#1154 = EDGE_LOOP('',(#1155));
#1155 = ORIENTED_EDGE('',*,*,#1156,.T.);
#1156 = EDGE_CURVE('',#1157,#1157,#1159,.T.);
#1157 = VERTEX_POINT('',#1158);
#1158 = CARTESIAN_POINT('',(258.464466,-13.460535,0.));
#1159 = CIRCLE('',#1160,0.425);
#1160 = AXIS2_PLACEMENT_3D('',#1161,#1162,#1163);
#1161 = CARTESIAN_POINT('',(258.464466,-13.035535,0.));
#1162 = DIRECTION('',(-0.,0.,-1.));
#1163 = DIRECTION('',(-0.,-1.,0.));
#1164 = FACE_BOUND('',#1165,.F.);
#1165 = EDGE_LOOP('',(#1166));
#1166 = ORIENTED_EDGE('',*,*,#1167,.T.);
#1167 = EDGE_CURVE('',#1168,#1168,#1170,.T.);
#1168 = VERTEX_POINT('',#1169);
#1169 = CARTESIAN_POINT('',(266.964466,-13.460535,0.));
#1170 = CIRCLE('',#1171,0.425);
#1171 = AXIS2_PLACEMENT_3D('',#1172,#1173,#1174);
#1172 = CARTESIAN_POINT('',(266.964466,-13.035535,0.));
#1173 = DIRECTION('',(-0.,0.,-1.));
#1174 = DIRECTION('',(-0.,-1.,0.));
#1175 = FACE_BOUND('',#1176,.F.);
#1176 = EDGE_LOOP('',(#1177));
#1177 = ORIENTED_EDGE('',*,*,#1178,.T.);
#1178 = EDGE_CURVE('',#1179,#1179,#1181,.T.);
#1179 = VERTEX_POINT('',#1180);
#1180 = CARTESIAN_POINT('',(265.535534,-6.389467,0.));
#1181 = CIRCLE('',#1182,0.425);
#1182 = AXIS2_PLACEMENT_3D('',#1183,#1184,#1185);
#1183 = CARTESIAN_POINT('',(265.535534,-5.964467,0.));
#1184 = DIRECTION('',(-0.,0.,-1.));
#1185 = DIRECTION('',(-0.,-1.,0.));
#1186 = FACE_BOUND('',#1187,.F.);
#1187 = EDGE_LOOP('',(#1188));
#1188 = ORIENTED_EDGE('',*,*,#1189,.T.);
#1189 = EDGE_CURVE('',#1190,#1190,#1192,.T.);
#1190 = VERTEX_POINT('',#1191);
#1191 = CARTESIAN_POINT('',(274.035534,-6.389467,0.));
#1192 = CIRCLE('',#1193,0.425);
#1193 = AXIS2_PLACEMENT_3D('',#1194,#1195,#1196);
#1194 = CARTESIAN_POINT('',(274.035534,-5.964467,0.));
#1195 = DIRECTION('',(-0.,0.,-1.));
#1196 = DIRECTION('',(-0.,-1.,0.));
#1197 = FACE_BOUND('',#1198,.F.);
#1198 = EDGE_LOOP('',(#1199));
#1199 = ORIENTED_EDGE('',*,*,#1200,.T.);
#1200 = EDGE_CURVE('',#1201,#1201,#1203,.T.);
#1201 = VERTEX_POINT('',#1202);
#1202 = CARTESIAN_POINT('',(252.,-0.425,0.));
#1203 = CIRCLE('',#1204,0.425);
#1204 = AXIS2_PLACEMENT_3D('',#1205,#1206,#1207);
#1205 = CARTESIAN_POINT('',(252.,1.137978600241E-14,0.));
#1206 = DIRECTION('',(-0.,0.,-1.));
#1207 = DIRECTION('',(-0.,-1.,0.));
#1208 = FACE_BOUND('',#1209,.F.);
#1209 = EDGE_LOOP('',(#1210));
#1210 = ORIENTED_EDGE('',*,*,#1211,.T.);
#1211 = EDGE_CURVE('',#1212,#1212,#1214,.T.);
#1212 = VERTEX_POINT('',#1213);
#1213 = CARTESIAN_POINT('',(252.,5.575,0.));
#1214 = CIRCLE('',#1215,0.425);
#1215 = AXIS2_PLACEMENT_3D('',#1216,#1217,#1218);
#1216 = CARTESIAN_POINT('',(252.,6.,0.));
#1217 = DIRECTION('',(-0.,0.,-1.));
#1218 = DIRECTION('',(-0.,-1.,0.));
#1219 = FACE_BOUND('',#1220,.F.);
#1220 = EDGE_LOOP('',(#1221));
#1221 = ORIENTED_EDGE('',*,*,#1222,.T.);
#1222 = EDGE_CURVE('',#1223,#1223,#1225,.T.);
#1223 = VERTEX_POINT('',#1224);
#1224 = CARTESIAN_POINT('',(262.,-0.425,0.));
#1225 = CIRCLE('',#1226,0.425);
#1226 = AXIS2_PLACEMENT_3D('',#1227,#1228,#1229);
#1227 = CARTESIAN_POINT('',(262.,-1.7041923428E-14,0.));
#1228 = DIRECTION('',(-0.,0.,-1.));
#1229 = DIRECTION('',(-0.,-1.,0.));
#1230 = FACE_BOUND('',#1231,.F.);
#1231 = EDGE_LOOP('',(#1232));
#1232 = ORIENTED_EDGE('',*,*,#1233,.T.);
#1233 = EDGE_CURVE('',#1234,#1234,#1236,.T.);
#1234 = VERTEX_POINT('',#1235);
#1235 = CARTESIAN_POINT('',(262.,5.575,0.));
#1236 = CIRCLE('',#1237,0.425);
#1237 = AXIS2_PLACEMENT_3D('',#1238,#1239,#1240);
#1238 = CARTESIAN_POINT('',(262.,6.,0.));
#1239 = DIRECTION('',(-0.,0.,-1.));
#1240 = DIRECTION('',(-0.,-1.,0.));
#1241 = FACE_BOUND('',#1242,.F.);
#1242 = EDGE_LOOP('',(#1243));
#1243 = ORIENTED_EDGE('',*,*,#1244,.T.);
#1244 = EDGE_CURVE('',#1245,#1245,#1247,.T.);
#1245 = VERTEX_POINT('',#1246);
#1246 = CARTESIAN_POINT('',(275.,-0.2,0.));
#1247 = CIRCLE('',#1248,3.2);
#1248 = AXIS2_PLACEMENT_3D('',#1249,#1250,#1251);
#1249 = CARTESIAN_POINT('',(275.,3.,0.));
#1250 = DIRECTION('',(-0.,0.,-1.));
#1251 = DIRECTION('',(-0.,-1.,0.));
#1252 = PLANE('',#1253);
#1253 = AXIS2_PLACEMENT_3D('',#1254,#1255,#1256);
#1254 = CARTESIAN_POINT('',(0.,0.,0.));
#1255 = DIRECTION('',(0.,0.,1.));
#1256 = DIRECTION('',(1.,0.,-0.));
#1257 = ADVANCED_FACE('',(#1258,#1525,#1536,#1547,#1558,#1569,#1580,
    #1591,#1602,#1613,#1624,#1635,#1646,#1657,#1668,#1679,#1690,#1701,
    #1712,#1723,#1734,#1745,#1756,#1767,#1778,#1789,#1800,#1811,#1822,
    #1833,#1844,#1855,#1866,#1877,#1888,#1899,#1910,#1921,#1932,#1943,
    #1954,#1965,#1976,#1987,#1998,#2009,#2020,#2031,#2042,#2053,#2064,
    #2075,#2086,#2097,#2108,#2119,#2130,#2141,#2152,#2163,#2174,#2185,
    #2196,#2207,#2218,#2229,#2240,#2251,#2262,#2273,#2284,#2295,#2306,
    #2317,#2328,#2339,#2350,#2361),#2372,.T.);
#1258 = FACE_BOUND('',#1259,.T.);
#1259 = EDGE_LOOP('',(#1260,#1261,#1262,#1270,#1278,#1286,#1294,#1302,
    #1310,#1318,#1326,#1334,#1342,#1350,#1358,#1366,#1374,#1382,#1390,
    #1398,#1406,#1414,#1422,#1430,#1438,#1446,#1454,#1462,#1470,#1478,
    #1486,#1494,#1502,#1510,#1518,#1524));
#1260 = ORIENTED_EDGE('',*,*,#49,.F.);
#1261 = ORIENTED_EDGE('',*,*,#89,.F.);
#1262 = ORIENTED_EDGE('',*,*,#1263,.F.);
#1263 = EDGE_CURVE('',#1264,#82,#1266,.T.);
#1264 = VERTEX_POINT('',#1265);
#1265 = CARTESIAN_POINT('',(154.99829,-9.222E-03,1.51));
#1266 = LINE('',#1267,#1268);
#1267 = CARTESIAN_POINT('',(154.99829,-9.222E-03,1.51));
#1268 = VECTOR('',#1269,1.);
#1269 = DIRECTION('',(8.508313480031E-04,0.999999638043,0.));
#1270 = ORIENTED_EDGE('',*,*,#1271,.F.);
#1271 = EDGE_CURVE('',#1272,#1264,#1274,.T.);
#1272 = VERTEX_POINT('',#1273);
#1273 = CARTESIAN_POINT('',(124.998161,9.223E-03,1.51));
#1274 = LINE('',#1275,#1276);
#1275 = CARTESIAN_POINT('',(124.998161,9.223E-03,1.51));
#1276 = VECTOR('',#1277,1.);
#1277 = DIRECTION('',(0.999999810992,-6.148305733532E-04,0.));
#1278 = ORIENTED_EDGE('',*,*,#1279,.F.);
#1279 = EDGE_CURVE('',#1280,#1272,#1282,.T.);
#1280 = VERTEX_POINT('',#1281);
#1281 = CARTESIAN_POINT('',(125.003686,8.997882,1.51));
#1282 = LINE('',#1283,#1284);
#1283 = CARTESIAN_POINT('',(125.003686,8.997882,1.51));
#1284 = VECTOR('',#1285,1.);
#1285 = DIRECTION('',(-6.146633169979E-04,-0.999999811094,0.));
#1286 = ORIENTED_EDGE('',*,*,#1287,.F.);
#1287 = EDGE_CURVE('',#1288,#1280,#1290,.T.);
#1288 = VERTEX_POINT('',#1289);
#1289 = CARTESIAN_POINT('',(64.990525,8.934235,1.51));
#1290 = LINE('',#1291,#1292);
#1291 = CARTESIAN_POINT('',(64.990525,8.934235,1.51));
#1292 = VECTOR('',#1293,1.);
#1293 = DIRECTION('',(0.999999437617,1.060550105101E-03,0.));
#1294 = ORIENTED_EDGE('',*,*,#1295,.F.);
#1295 = EDGE_CURVE('',#1296,#1288,#1298,.T.);
#1296 = VERTEX_POINT('',#1297);
#1297 = CARTESIAN_POINT('',(65.,0.,1.51));
#1298 = LINE('',#1299,#1300);
#1299 = CARTESIAN_POINT('',(65.,0.,1.51));
#1300 = VECTOR('',#1301,1.);
#1301 = DIRECTION('',(-1.060526689935E-03,0.999999437641,0.));
#1302 = ORIENTED_EDGE('',*,*,#1303,.F.);
#1303 = EDGE_CURVE('',#1304,#1296,#1306,.T.);
#1304 = VERTEX_POINT('',#1305);
#1305 = CARTESIAN_POINT('',(34.989943,3.7748E-02,1.51));
#1306 = LINE('',#1307,#1308);
#1307 = CARTESIAN_POINT('',(34.989943,3.7748E-02,1.51));
#1308 = VECTOR('',#1309,1.);
#1309 = DIRECTION('',(0.999999208914,-1.257844000032E-03,0.));
#1310 = ORIENTED_EDGE('',*,*,#1311,.F.);
#1311 = EDGE_CURVE('',#1312,#1304,#1314,.T.);
#1312 = VERTEX_POINT('',#1313);
#1313 = CARTESIAN_POINT('',(35.,9.,1.51));
#1314 = LINE('',#1315,#1316);
#1315 = CARTESIAN_POINT('',(35.,9.,1.51));
#1316 = VECTOR('',#1317,1.);
#1317 = DIRECTION('',(-1.122150288567E-03,-0.999999370389,0.));
#1318 = ORIENTED_EDGE('',*,*,#1319,.F.);
#1319 = EDGE_CURVE('',#1320,#1312,#1322,.T.);
#1320 = VERTEX_POINT('',#1321);
#1321 = CARTESIAN_POINT('',(9.,9.,1.51));
#1322 = LINE('',#1323,#1324);
#1323 = CARTESIAN_POINT('',(9.,9.,1.51));
#1324 = VECTOR('',#1325,1.);
#1325 = DIRECTION('',(1.,0.,0.));
#1326 = ORIENTED_EDGE('',*,*,#1327,.F.);
#1327 = EDGE_CURVE('',#1328,#1320,#1330,.T.);
#1328 = VERTEX_POINT('',#1329);
#1329 = CARTESIAN_POINT('',(0.,0.,1.51));
#1330 = LINE('',#1331,#1332);
#1331 = CARTESIAN_POINT('',(0.,0.,1.51));
#1332 = VECTOR('',#1333,1.);
#1333 = DIRECTION('',(0.707106781187,0.707106781187,0.));
#1334 = ORIENTED_EDGE('',*,*,#1335,.F.);
#1335 = EDGE_CURVE('',#1336,#1328,#1338,.T.);
#1336 = VERTEX_POINT('',#1337);
#1337 = CARTESIAN_POINT('',(0.,-85.,1.51));
#1338 = LINE('',#1339,#1340);
#1339 = CARTESIAN_POINT('',(0.,-85.,1.51));
#1340 = VECTOR('',#1341,1.);
#1341 = DIRECTION('',(0.,1.,0.));
#1342 = ORIENTED_EDGE('',*,*,#1343,.F.);
#1343 = EDGE_CURVE('',#1344,#1336,#1346,.T.);
#1344 = VERTEX_POINT('',#1345);
#1345 = CARTESIAN_POINT('',(2.,-87.,1.51));
#1346 = LINE('',#1347,#1348);
#1347 = CARTESIAN_POINT('',(2.,-87.,1.51));
#1348 = VECTOR('',#1349,1.);
#1349 = DIRECTION('',(-0.707106781187,0.707106781187,0.));
#1350 = ORIENTED_EDGE('',*,*,#1351,.F.);
#1351 = EDGE_CURVE('',#1352,#1344,#1354,.T.);
#1352 = VERTEX_POINT('',#1353);
#1353 = CARTESIAN_POINT('',(33.,-87.,1.51));
#1354 = LINE('',#1355,#1356);
#1355 = CARTESIAN_POINT('',(33.,-87.,1.51));
#1356 = VECTOR('',#1357,1.);
#1357 = DIRECTION('',(-1.,0.,0.));
#1358 = ORIENTED_EDGE('',*,*,#1359,.F.);
#1359 = EDGE_CURVE('',#1360,#1352,#1362,.T.);
#1360 = VERTEX_POINT('',#1361);
#1361 = CARTESIAN_POINT('',(33.,-79.,1.51));
#1362 = LINE('',#1363,#1364);
#1363 = CARTESIAN_POINT('',(33.,-79.,1.51));
#1364 = VECTOR('',#1365,1.);
#1365 = DIRECTION('',(0.,-1.,0.));
#1366 = ORIENTED_EDGE('',*,*,#1367,.F.);
#1367 = EDGE_CURVE('',#1368,#1360,#1370,.T.);
#1368 = VERTEX_POINT('',#1369);
#1369 = CARTESIAN_POINT('',(67.002558,-79.,1.51));
#1370 = LINE('',#1371,#1372);
#1371 = CARTESIAN_POINT('',(67.002558,-79.,1.51));
#1372 = VECTOR('',#1373,1.);
#1373 = DIRECTION('',(-1.,0.,0.));
#1374 = ORIENTED_EDGE('',*,*,#1375,.F.);
#1375 = EDGE_CURVE('',#1376,#1368,#1378,.T.);
#1376 = VERTEX_POINT('',#1377);
#1377 = CARTESIAN_POINT('',(66.997529,-86.865746,1.51));
#1378 = LINE('',#1379,#1380);
#1379 = CARTESIAN_POINT('',(66.997529,-86.865746,1.51));
#1380 = VECTOR('',#1381,1.);
#1381 = DIRECTION('',(6.393543564884E-04,0.999999795613,0.));
#1382 = ORIENTED_EDGE('',*,*,#1383,.F.);
#1383 = EDGE_CURVE('',#1384,#1376,#1386,.T.);
#1384 = VERTEX_POINT('',#1385);
#1385 = CARTESIAN_POINT('',(123.00003,-86.901548,1.51));
#1386 = LINE('',#1387,#1388);
#1387 = CARTESIAN_POINT('',(123.00003,-86.901548,1.51));
#1388 = VECTOR('',#1389,1.);
#1389 = DIRECTION('',(-0.999999795652,6.39292746657E-04,0.));
#1390 = ORIENTED_EDGE('',*,*,#1391,.F.);
#1391 = EDGE_CURVE('',#1392,#1384,#1394,.T.);
#1392 = VERTEX_POINT('',#1393);
#1393 = CARTESIAN_POINT('',(122.999947,-79.,1.51));
#1394 = LINE('',#1395,#1396);
#1395 = CARTESIAN_POINT('',(122.999947,-79.,1.51));
#1396 = VECTOR('',#1397,1.);
#1397 = DIRECTION('',(1.050427080679E-05,-0.999999999945,0.));
#1398 = ORIENTED_EDGE('',*,*,#1399,.F.);
#1399 = EDGE_CURVE('',#1400,#1392,#1402,.T.);
#1400 = VERTEX_POINT('',#1401);
#1401 = CARTESIAN_POINT('',(156.999966,-79.,1.51));
#1402 = LINE('',#1403,#1404);
#1403 = CARTESIAN_POINT('',(156.999966,-79.,1.51));
#1404 = VECTOR('',#1405,1.);
#1405 = DIRECTION('',(-1.,0.,0.));
#1406 = ORIENTED_EDGE('',*,*,#1407,.F.);
#1407 = EDGE_CURVE('',#1408,#1400,#1410,.T.);
#1408 = VERTEX_POINT('',#1409);
#1409 = CARTESIAN_POINT('',(157.000034,-86.921066,1.51));
#1410 = LINE('',#1411,#1412);
#1411 = CARTESIAN_POINT('',(157.000034,-86.921066,1.51));
#1412 = VECTOR('',#1413,1.);
#1413 = DIRECTION('',(-8.584703119042E-06,0.999999999963,0.));
#1414 = ORIENTED_EDGE('',*,*,#1415,.F.);
#1415 = EDGE_CURVE('',#1416,#1408,#1418,.T.);
#1416 = VERTEX_POINT('',#1417);
#1417 = CARTESIAN_POINT('',(213.00136,-86.894785,1.51));
#1418 = LINE('',#1419,#1420);
#1419 = CARTESIAN_POINT('',(213.00136,-86.894785,1.51));
#1420 = VECTOR('',#1421,1.);
#1421 = DIRECTION('',(-0.999999889882,-4.692924075761E-04,0.));
#1422 = ORIENTED_EDGE('',*,*,#1423,.F.);
#1423 = EDGE_CURVE('',#1424,#1416,#1426,.T.);
#1424 = VERTEX_POINT('',#1425);
#1425 = CARTESIAN_POINT('',(212.997656,-79.,1.51));
#1426 = LINE('',#1427,#1428);
#1427 = CARTESIAN_POINT('',(212.997656,-79.,1.51));
#1428 = VECTOR('',#1429,1.);
#1429 = DIRECTION('',(4.691704197562E-04,-0.99999988994,0.));
#1430 = ORIENTED_EDGE('',*,*,#1431,.F.);
#1431 = EDGE_CURVE('',#1432,#1424,#1434,.T.);
#1432 = VERTEX_POINT('',#1433);
#1433 = CARTESIAN_POINT('',(247.000013,-79.,1.51));
#1434 = LINE('',#1435,#1436);
#1435 = CARTESIAN_POINT('',(247.000013,-79.,1.51));
#1436 = VECTOR('',#1437,1.);
#1437 = DIRECTION('',(-1.,0.,0.));
#1438 = ORIENTED_EDGE('',*,*,#1439,.F.);
#1439 = EDGE_CURVE('',#1440,#1432,#1442,.T.);
#1440 = VERTEX_POINT('',#1441);
#1441 = CARTESIAN_POINT('',(246.999994,-86.981025,1.51));
#1442 = LINE('',#1443,#1444);
#1443 = CARTESIAN_POINT('',(246.999994,-86.981025,1.51));
#1444 = VECTOR('',#1445,1.);
#1445 = DIRECTION('',(2.38064659725E-06,0.999999999997,0.));
#1446 = ORIENTED_EDGE('',*,*,#1447,.F.);
#1447 = EDGE_CURVE('',#1448,#1440,#1450,.T.);
#1448 = VERTEX_POINT('',#1449);
#1449 = CARTESIAN_POINT('',(292.,-87.,1.51));
#1450 = LINE('',#1451,#1452);
#1451 = CARTESIAN_POINT('',(292.,-87.,1.51));
#1452 = VECTOR('',#1453,1.);
#1453 = DIRECTION('',(-0.999999911099,4.216665729577E-04,0.));
#1454 = ORIENTED_EDGE('',*,*,#1455,.F.);
#1455 = EDGE_CURVE('',#1456,#1448,#1458,.T.);
#1456 = VERTEX_POINT('',#1457);
#1457 = CARTESIAN_POINT('',(292.,-80.,1.51));
#1458 = LINE('',#1459,#1460);
#1459 = CARTESIAN_POINT('',(292.,-80.,1.51));
#1460 = VECTOR('',#1461,1.);
#1461 = DIRECTION('',(0.,-1.,0.));
#1462 = ORIENTED_EDGE('',*,*,#1463,.F.);
#1463 = EDGE_CURVE('',#1464,#1456,#1466,.T.);
#1464 = VERTEX_POINT('',#1465);
#1465 = CARTESIAN_POINT('',(287.,-75.,1.51));
#1466 = LINE('',#1467,#1468);
#1467 = CARTESIAN_POINT('',(287.,-75.,1.51));
#1468 = VECTOR('',#1469,1.);
#1469 = DIRECTION('',(0.707106781187,-0.707106781187,0.));
#1470 = ORIENTED_EDGE('',*,*,#1471,.F.);
#1471 = EDGE_CURVE('',#1472,#1464,#1474,.T.);
#1472 = VERTEX_POINT('',#1473);
#1473 = CARTESIAN_POINT('',(277.,-75.,1.51));
#1474 = LINE('',#1475,#1476);
#1475 = CARTESIAN_POINT('',(277.,-75.,1.51));
#1476 = VECTOR('',#1477,1.);
#1477 = DIRECTION('',(1.,0.,0.));
#1478 = ORIENTED_EDGE('',*,*,#1479,.F.);
#1479 = EDGE_CURVE('',#1480,#1472,#1482,.T.);
#1480 = VERTEX_POINT('',#1481);
#1481 = CARTESIAN_POINT('',(277.,-18.,1.51));
#1482 = LINE('',#1483,#1484);
#1483 = CARTESIAN_POINT('',(277.,-18.,1.51));
#1484 = VECTOR('',#1485,1.);
#1485 = DIRECTION('',(0.,-1.,0.));
#1486 = ORIENTED_EDGE('',*,*,#1487,.F.);
#1487 = EDGE_CURVE('',#1488,#1480,#1490,.T.);
#1488 = VERTEX_POINT('',#1489);
#1489 = CARTESIAN_POINT('',(283.,-18.,1.51));
#1490 = LINE('',#1491,#1492);
#1491 = CARTESIAN_POINT('',(283.,-18.,1.51));
#1492 = VECTOR('',#1493,1.);
#1493 = DIRECTION('',(-1.,0.,0.));
#1494 = ORIENTED_EDGE('',*,*,#1495,.F.);
#1495 = EDGE_CURVE('',#1496,#1488,#1498,.T.);
#1496 = VERTEX_POINT('',#1497);
#1497 = CARTESIAN_POINT('',(283.,8.991421,1.51));
#1498 = LINE('',#1499,#1500);
#1499 = CARTESIAN_POINT('',(283.,8.991421,1.51));
#1500 = VECTOR('',#1501,1.);
#1501 = DIRECTION('',(0.,-1.,0.));
#1502 = ORIENTED_EDGE('',*,*,#1503,.F.);
#1503 = EDGE_CURVE('',#1504,#1496,#1506,.T.);
#1504 = VERTEX_POINT('',#1505);
#1505 = CARTESIAN_POINT('',(275.,9.,1.51));
#1506 = LINE('',#1507,#1508);
#1507 = CARTESIAN_POINT('',(275.,9.,1.51));
#1508 = VECTOR('',#1509,1.);
#1509 = DIRECTION('',(0.999999425006,-1.072374383391E-03,0.));
#1510 = ORIENTED_EDGE('',*,*,#1511,.F.);
#1511 = EDGE_CURVE('',#1512,#1504,#1514,.T.);
#1512 = VERTEX_POINT('',#1513);
#1513 = CARTESIAN_POINT('',(245.,9.,1.51));
#1514 = LINE('',#1515,#1516);
#1515 = CARTESIAN_POINT('',(245.,9.,1.51));
#1516 = VECTOR('',#1517,1.);
#1517 = DIRECTION('',(1.,0.,0.));
#1518 = ORIENTED_EDGE('',*,*,#1519,.F.);
#1519 = EDGE_CURVE('',#112,#1512,#1520,.T.);
#1520 = LINE('',#1521,#1522);
#1521 = CARTESIAN_POINT('',(245.,0.,1.51));
#1522 = VECTOR('',#1523,1.);
#1523 = DIRECTION('',(0.,1.,0.));
#1524 = ORIENTED_EDGE('',*,*,#111,.F.);
#1525 = FACE_BOUND('',#1526,.T.);
#1526 = EDGE_LOOP('',(#1527));
#1527 = ORIENTED_EDGE('',*,*,#1528,.T.);
#1528 = EDGE_CURVE('',#1529,#1529,#1531,.T.);
#1529 = VERTEX_POINT('',#1530);
#1530 = CARTESIAN_POINT('',(18.,-85.925,1.51));
#1531 = CIRCLE('',#1532,0.425);
#1532 = AXIS2_PLACEMENT_3D('',#1533,#1534,#1535);
#1533 = CARTESIAN_POINT('',(18.,-85.5,1.51));
#1534 = DIRECTION('',(-0.,0.,-1.));
#1535 = DIRECTION('',(-0.,-1.,0.));
#1536 = FACE_BOUND('',#1537,.T.);
#1537 = EDGE_LOOP('',(#1538));
#1538 = ORIENTED_EDGE('',*,*,#1539,.T.);
#1539 = EDGE_CURVE('',#1540,#1540,#1542,.T.);
#1540 = VERTEX_POINT('',#1541);
#1541 = CARTESIAN_POINT('',(6.,-84.2,1.51));
#1542 = CIRCLE('',#1543,3.2);
#1543 = AXIS2_PLACEMENT_3D('',#1544,#1545,#1546);
#1544 = CARTESIAN_POINT('',(6.,-81.,1.51));
#1545 = DIRECTION('',(-0.,0.,-1.));
#1546 = DIRECTION('',(-0.,-1.,0.));
#1547 = FACE_BOUND('',#1548,.T.);
#1548 = EDGE_LOOP('',(#1549));
#1549 = ORIENTED_EDGE('',*,*,#1550,.T.);
#1550 = EDGE_CURVE('',#1551,#1551,#1553,.T.);
#1551 = VERTEX_POINT('',#1552);
#1552 = CARTESIAN_POINT('',(24.,-85.925,1.51));
#1553 = CIRCLE('',#1554,0.425);
#1554 = AXIS2_PLACEMENT_3D('',#1555,#1556,#1557);
#1555 = CARTESIAN_POINT('',(24.,-85.5,1.51));
#1556 = DIRECTION('',(-0.,0.,-1.));
#1557 = DIRECTION('',(-0.,-1.,0.));
#1558 = FACE_BOUND('',#1559,.T.);
#1559 = EDGE_LOOP('',(#1560));
#1560 = ORIENTED_EDGE('',*,*,#1561,.T.);
#1561 = EDGE_CURVE('',#1562,#1562,#1564,.T.);
#1562 = VERTEX_POINT('',#1563);
#1563 = CARTESIAN_POINT('',(18.,-75.925,1.51));
#1564 = CIRCLE('',#1565,0.425);
#1565 = AXIS2_PLACEMENT_3D('',#1566,#1567,#1568);
#1566 = CARTESIAN_POINT('',(18.,-75.5,1.51));
#1567 = DIRECTION('',(-0.,0.,-1.));
#1568 = DIRECTION('',(-0.,-1.,0.));
#1569 = FACE_BOUND('',#1570,.T.);
#1570 = EDGE_LOOP('',(#1571));
#1571 = ORIENTED_EDGE('',*,*,#1572,.T.);
#1572 = EDGE_CURVE('',#1573,#1573,#1575,.T.);
#1573 = VERTEX_POINT('',#1574);
#1574 = CARTESIAN_POINT('',(24.,-75.925,1.51));
#1575 = CIRCLE('',#1576,0.425);
#1576 = AXIS2_PLACEMENT_3D('',#1577,#1578,#1579);
#1577 = CARTESIAN_POINT('',(24.,-75.5,1.51));
#1578 = DIRECTION('',(-0.,0.,-1.));
#1579 = DIRECTION('',(-0.,-1.,0.));
#1580 = FACE_BOUND('',#1581,.T.);
#1581 = EDGE_LOOP('',(#1582));
#1582 = ORIENTED_EDGE('',*,*,#1583,.T.);
#1583 = EDGE_CURVE('',#1584,#1584,#1586,.T.);
#1584 = VERTEX_POINT('',#1585);
#1585 = CARTESIAN_POINT('',(15.,-72.2,1.51));
#1586 = CIRCLE('',#1587,0.7);
#1587 = AXIS2_PLACEMENT_3D('',#1588,#1589,#1590);
#1588 = CARTESIAN_POINT('',(15.,-71.5,1.51));
#1589 = DIRECTION('',(-0.,0.,-1.));
#1590 = DIRECTION('',(-0.,-1.,0.));
#1591 = FACE_BOUND('',#1592,.T.);
#1592 = EDGE_LOOP('',(#1593));
#1593 = ORIENTED_EDGE('',*,*,#1594,.T.);
#1594 = EDGE_CURVE('',#1595,#1595,#1597,.T.);
#1595 = VERTEX_POINT('',#1596);
#1596 = CARTESIAN_POINT('',(35.3,-72.2,1.51));
#1597 = CIRCLE('',#1598,0.7);
#1598 = AXIS2_PLACEMENT_3D('',#1599,#1600,#1601);
#1599 = CARTESIAN_POINT('',(35.3,-71.5,1.51));
#1600 = DIRECTION('',(-0.,0.,-1.));
#1601 = DIRECTION('',(-0.,-1.,0.));
#1602 = FACE_BOUND('',#1603,.T.);
#1603 = EDGE_LOOP('',(#1604));
#1604 = ORIENTED_EDGE('',*,*,#1605,.T.);
#1605 = EDGE_CURVE('',#1606,#1606,#1608,.T.);
#1606 = VERTEX_POINT('',#1607);
#1607 = CARTESIAN_POINT('',(6.85,-66.85,1.51));
#1608 = CIRCLE('',#1609,0.8);
#1609 = AXIS2_PLACEMENT_3D('',#1610,#1611,#1612);
#1610 = CARTESIAN_POINT('',(6.85,-66.05,1.51));
#1611 = DIRECTION('',(-0.,0.,-1.));
#1612 = DIRECTION('',(-0.,-1.,0.));
#1613 = FACE_BOUND('',#1614,.T.);
#1614 = EDGE_LOOP('',(#1615));
#1615 = ORIENTED_EDGE('',*,*,#1616,.T.);
#1616 = EDGE_CURVE('',#1617,#1617,#1619,.T.);
#1617 = VERTEX_POINT('',#1618);
#1618 = CARTESIAN_POINT('',(64.,-72.2,1.51));
#1619 = CIRCLE('',#1620,0.7);
#1620 = AXIS2_PLACEMENT_3D('',#1621,#1622,#1623);
#1621 = CARTESIAN_POINT('',(64.,-71.5,1.51));
#1622 = DIRECTION('',(-0.,0.,-1.));
#1623 = DIRECTION('',(-0.,-1.,0.));
#1624 = FACE_BOUND('',#1625,.T.);
#1625 = EDGE_LOOP('',(#1626));
#1626 = ORIENTED_EDGE('',*,*,#1627,.T.);
#1627 = EDGE_CURVE('',#1628,#1628,#1630,.T.);
#1628 = VERTEX_POINT('',#1629);
#1629 = CARTESIAN_POINT('',(50.,-66.2,1.51));
#1630 = CIRCLE('',#1631,3.2);
#1631 = AXIS2_PLACEMENT_3D('',#1632,#1633,#1634);
#1632 = CARTESIAN_POINT('',(50.,-63.,1.51));
#1633 = DIRECTION('',(-0.,0.,-1.));
#1634 = DIRECTION('',(-0.,-1.,0.));
#1635 = FACE_BOUND('',#1636,.T.);
#1636 = EDGE_LOOP('',(#1637));
#1637 = ORIENTED_EDGE('',*,*,#1638,.T.);
#1638 = EDGE_CURVE('',#1639,#1639,#1641,.T.);
#1639 = VERTEX_POINT('',#1640);
#1640 = CARTESIAN_POINT('',(84.3,-72.2,1.51));
#1641 = CIRCLE('',#1642,0.7);
#1642 = AXIS2_PLACEMENT_3D('',#1643,#1644,#1645);
#1643 = CARTESIAN_POINT('',(84.3,-71.5,1.51));
#1644 = DIRECTION('',(-0.,0.,-1.));
#1645 = DIRECTION('',(-0.,-1.,0.));
#1646 = FACE_BOUND('',#1647,.T.);
#1647 = EDGE_LOOP('',(#1648));
#1648 = ORIENTED_EDGE('',*,*,#1649,.T.);
#1649 = EDGE_CURVE('',#1650,#1650,#1652,.T.);
#1650 = VERTEX_POINT('',#1651);
#1651 = CARTESIAN_POINT('',(105.,-72.2,1.51));
#1652 = CIRCLE('',#1653,0.7);
#1653 = AXIS2_PLACEMENT_3D('',#1654,#1655,#1656);
#1654 = CARTESIAN_POINT('',(105.,-71.5,1.51));
#1655 = DIRECTION('',(-0.,0.,-1.));
#1656 = DIRECTION('',(-0.,-1.,0.));
#1657 = FACE_BOUND('',#1658,.T.);
#1658 = EDGE_LOOP('',(#1659));
#1659 = ORIENTED_EDGE('',*,*,#1660,.T.);
#1660 = EDGE_CURVE('',#1661,#1661,#1663,.T.);
#1661 = VERTEX_POINT('',#1662);
#1662 = CARTESIAN_POINT('',(125.3,-72.2,1.51));
#1663 = CIRCLE('',#1664,0.7);
#1664 = AXIS2_PLACEMENT_3D('',#1665,#1666,#1667);
#1665 = CARTESIAN_POINT('',(125.3,-71.5,1.51));
#1666 = DIRECTION('',(-0.,0.,-1.));
#1667 = DIRECTION('',(-0.,-1.,0.));
#1668 = FACE_BOUND('',#1669,.T.);
#1669 = EDGE_LOOP('',(#1670));
#1670 = ORIENTED_EDGE('',*,*,#1671,.T.);
#1671 = EDGE_CURVE('',#1672,#1672,#1674,.T.);
#1672 = VERTEX_POINT('',#1673);
#1673 = CARTESIAN_POINT('',(140.,-66.2,1.51));
#1674 = CIRCLE('',#1675,3.2);
#1675 = AXIS2_PLACEMENT_3D('',#1676,#1677,#1678);
#1676 = CARTESIAN_POINT('',(140.,-63.,1.51));
#1677 = DIRECTION('',(-0.,0.,-1.));
#1678 = DIRECTION('',(-0.,-1.,0.));
#1679 = FACE_BOUND('',#1680,.T.);
#1680 = EDGE_LOOP('',(#1681));
#1681 = ORIENTED_EDGE('',*,*,#1682,.T.);
#1682 = EDGE_CURVE('',#1683,#1683,#1685,.T.);
#1683 = VERTEX_POINT('',#1684);
#1684 = CARTESIAN_POINT('',(166.4,-85.925,1.51));
#1685 = CIRCLE('',#1686,0.425);
#1686 = AXIS2_PLACEMENT_3D('',#1687,#1688,#1689);
#1687 = CARTESIAN_POINT('',(166.4,-85.5,1.51));
#1688 = DIRECTION('',(-0.,0.,-1.));
#1689 = DIRECTION('',(6.687461042448E-14,-1.,-0.));
#1690 = FACE_BOUND('',#1691,.T.);
#1691 = EDGE_LOOP('',(#1692));
#1692 = ORIENTED_EDGE('',*,*,#1693,.T.);
#1693 = EDGE_CURVE('',#1694,#1694,#1696,.T.);
#1694 = VERTEX_POINT('',#1695);
#1695 = CARTESIAN_POINT('',(172.5,-85.925,1.51));
#1696 = CIRCLE('',#1697,0.425);
#1697 = AXIS2_PLACEMENT_3D('',#1698,#1699,#1700);
#1698 = CARTESIAN_POINT('',(172.5,-85.5,1.51));
#1699 = DIRECTION('',(-0.,0.,-1.));
#1700 = DIRECTION('',(-0.,-1.,0.));
#1701 = FACE_BOUND('',#1702,.T.);
#1702 = EDGE_LOOP('',(#1703));
#1703 = ORIENTED_EDGE('',*,*,#1704,.T.);
#1704 = EDGE_CURVE('',#1705,#1705,#1707,.T.);
#1705 = VERTEX_POINT('',#1706);
#1706 = CARTESIAN_POINT('',(166.4,-75.925,1.51));
#1707 = CIRCLE('',#1708,0.425);
#1708 = AXIS2_PLACEMENT_3D('',#1709,#1710,#1711);
#1709 = CARTESIAN_POINT('',(166.4,-75.5,1.51));
#1710 = DIRECTION('',(-0.,0.,-1.));
#1711 = DIRECTION('',(6.687461042448E-14,-1.,-0.));
#1712 = FACE_BOUND('',#1713,.T.);
#1713 = EDGE_LOOP('',(#1714));
#1714 = ORIENTED_EDGE('',*,*,#1715,.T.);
#1715 = EDGE_CURVE('',#1716,#1716,#1718,.T.);
#1716 = VERTEX_POINT('',#1717);
#1717 = CARTESIAN_POINT('',(172.5,-75.925,1.51));
#1718 = CIRCLE('',#1719,0.425);
#1719 = AXIS2_PLACEMENT_3D('',#1720,#1721,#1722);
#1720 = CARTESIAN_POINT('',(172.5,-75.5,1.51));
#1721 = DIRECTION('',(-0.,0.,-1.));
#1722 = DIRECTION('',(-0.,-1.,0.));
#1723 = FACE_BOUND('',#1724,.T.);
#1724 = EDGE_LOOP('',(#1725));
#1725 = ORIENTED_EDGE('',*,*,#1726,.T.);
#1726 = EDGE_CURVE('',#1727,#1727,#1729,.T.);
#1727 = VERTEX_POINT('',#1728);
#1728 = CARTESIAN_POINT('',(185.,-84.2,1.51));
#1729 = CIRCLE('',#1730,3.2);
#1730 = AXIS2_PLACEMENT_3D('',#1731,#1732,#1733);
#1731 = CARTESIAN_POINT('',(185.,-81.,1.51));
#1732 = DIRECTION('',(-0.,0.,-1.));
#1733 = DIRECTION('',(-0.,-1.,0.));
#1734 = FACE_BOUND('',#1735,.T.);
#1735 = EDGE_LOOP('',(#1736));
#1736 = ORIENTED_EDGE('',*,*,#1737,.T.);
#1737 = EDGE_CURVE('',#1738,#1738,#1740,.T.);
#1738 = VERTEX_POINT('',#1739);
#1739 = CARTESIAN_POINT('',(154.,-72.2,1.51));
#1740 = CIRCLE('',#1741,0.7);
#1741 = AXIS2_PLACEMENT_3D('',#1742,#1743,#1744);
#1742 = CARTESIAN_POINT('',(154.,-71.5,1.51));
#1743 = DIRECTION('',(-0.,0.,-1.));
#1744 = DIRECTION('',(-0.,-1.,0.));
#1745 = FACE_BOUND('',#1746,.T.);
#1746 = EDGE_LOOP('',(#1747));
#1747 = ORIENTED_EDGE('',*,*,#1748,.T.);
#1748 = EDGE_CURVE('',#1749,#1749,#1751,.T.);
#1749 = VERTEX_POINT('',#1750);
#1750 = CARTESIAN_POINT('',(174.3,-72.2,1.51));
#1751 = CIRCLE('',#1752,0.7);
#1752 = AXIS2_PLACEMENT_3D('',#1753,#1754,#1755);
#1753 = CARTESIAN_POINT('',(174.3,-71.5,1.51));
#1754 = DIRECTION('',(-0.,0.,-1.));
#1755 = DIRECTION('',(-0.,-1.,0.));
#1756 = FACE_BOUND('',#1757,.T.);
#1757 = EDGE_LOOP('',(#1758));
#1758 = ORIENTED_EDGE('',*,*,#1759,.T.);
#1759 = EDGE_CURVE('',#1760,#1760,#1762,.T.);
#1760 = VERTEX_POINT('',#1761);
#1761 = CARTESIAN_POINT('',(195.,-72.2,1.51));
#1762 = CIRCLE('',#1763,0.7);
#1763 = AXIS2_PLACEMENT_3D('',#1764,#1765,#1766);
#1764 = CARTESIAN_POINT('',(195.,-71.5,1.51));
#1765 = DIRECTION('',(-0.,0.,-1.));
#1766 = DIRECTION('',(-0.,-1.,0.));
#1767 = FACE_BOUND('',#1768,.T.);
#1768 = EDGE_LOOP('',(#1769));
#1769 = ORIENTED_EDGE('',*,*,#1770,.T.);
#1770 = EDGE_CURVE('',#1771,#1771,#1773,.T.);
#1771 = VERTEX_POINT('',#1772);
#1772 = CARTESIAN_POINT('',(215.3,-72.2,1.51));
#1773 = CIRCLE('',#1774,0.7);
#1774 = AXIS2_PLACEMENT_3D('',#1775,#1776,#1777);
#1775 = CARTESIAN_POINT('',(215.3,-71.5,1.51));
#1776 = DIRECTION('',(-0.,0.,-1.));
#1777 = DIRECTION('',(-0.,-1.,0.));
#1778 = FACE_BOUND('',#1779,.T.);
#1779 = EDGE_LOOP('',(#1780));
#1780 = ORIENTED_EDGE('',*,*,#1781,.T.);
#1781 = EDGE_CURVE('',#1782,#1782,#1784,.T.);
#1782 = VERTEX_POINT('',#1783);
#1783 = CARTESIAN_POINT('',(262.,-85.925,1.51));
#1784 = CIRCLE('',#1785,0.425);
#1785 = AXIS2_PLACEMENT_3D('',#1786,#1787,#1788);
#1786 = CARTESIAN_POINT('',(262.,-85.5,1.51));
#1787 = DIRECTION('',(-0.,0.,-1.));
#1788 = DIRECTION('',(-0.,-1.,0.));
#1789 = FACE_BOUND('',#1790,.T.);
#1790 = EDGE_LOOP('',(#1791));
#1791 = ORIENTED_EDGE('',*,*,#1792,.T.);
#1792 = EDGE_CURVE('',#1793,#1793,#1795,.T.);
#1793 = VERTEX_POINT('',#1794);
#1794 = CARTESIAN_POINT('',(268.,-85.925,1.51));
#1795 = CIRCLE('',#1796,0.425);
#1796 = AXIS2_PLACEMENT_3D('',#1797,#1798,#1799);
#1797 = CARTESIAN_POINT('',(268.,-85.5,1.51));
#1798 = DIRECTION('',(-0.,0.,-1.));
#1799 = DIRECTION('',(-0.,-1.,0.));
#1800 = FACE_BOUND('',#1801,.T.);
#1801 = EDGE_LOOP('',(#1802));
#1802 = ORIENTED_EDGE('',*,*,#1803,.T.);
#1803 = EDGE_CURVE('',#1804,#1804,#1806,.T.);
#1804 = VERTEX_POINT('',#1805);
#1805 = CARTESIAN_POINT('',(285.,-84.2,1.51));
#1806 = CIRCLE('',#1807,3.2);
#1807 = AXIS2_PLACEMENT_3D('',#1808,#1809,#1810);
#1808 = CARTESIAN_POINT('',(285.,-81.,1.51));
#1809 = DIRECTION('',(-0.,0.,-1.));
#1810 = DIRECTION('',(-0.,-1.,0.));
#1811 = FACE_BOUND('',#1812,.T.);
#1812 = EDGE_LOOP('',(#1813));
#1813 = ORIENTED_EDGE('',*,*,#1814,.T.);
#1814 = EDGE_CURVE('',#1815,#1815,#1817,.T.);
#1815 = VERTEX_POINT('',#1816);
#1816 = CARTESIAN_POINT('',(262.,-75.925,1.51));
#1817 = CIRCLE('',#1818,0.425);
#1818 = AXIS2_PLACEMENT_3D('',#1819,#1820,#1821);
#1819 = CARTESIAN_POINT('',(262.,-75.5,1.51));
#1820 = DIRECTION('',(-0.,0.,-1.));
#1821 = DIRECTION('',(-0.,-1.,0.));
#1822 = FACE_BOUND('',#1823,.T.);
#1823 = EDGE_LOOP('',(#1824));
#1824 = ORIENTED_EDGE('',*,*,#1825,.T.);
#1825 = EDGE_CURVE('',#1826,#1826,#1828,.T.);
#1826 = VERTEX_POINT('',#1827);
#1827 = CARTESIAN_POINT('',(268.,-75.925,1.51));
#1828 = CIRCLE('',#1829,0.425);
#1829 = AXIS2_PLACEMENT_3D('',#1830,#1831,#1832);
#1830 = CARTESIAN_POINT('',(268.,-75.5,1.51));
#1831 = DIRECTION('',(-0.,0.,-1.));
#1832 = DIRECTION('',(-0.,-1.,0.));
#1833 = FACE_BOUND('',#1834,.T.);
#1834 = EDGE_LOOP('',(#1835));
#1835 = ORIENTED_EDGE('',*,*,#1836,.T.);
#1836 = EDGE_CURVE('',#1837,#1837,#1839,.T.);
#1837 = VERTEX_POINT('',#1838);
#1838 = CARTESIAN_POINT('',(244.,-72.2,1.51));
#1839 = CIRCLE('',#1840,0.7);
#1840 = AXIS2_PLACEMENT_3D('',#1841,#1842,#1843);
#1841 = CARTESIAN_POINT('',(244.,-71.5,1.51));
#1842 = DIRECTION('',(-0.,0.,-1.));
#1843 = DIRECTION('',(-0.,-1.,0.));
#1844 = FACE_BOUND('',#1845,.T.);
#1845 = EDGE_LOOP('',(#1846));
#1846 = ORIENTED_EDGE('',*,*,#1847,.T.);
#1847 = EDGE_CURVE('',#1848,#1848,#1850,.T.);
#1848 = VERTEX_POINT('',#1849);
#1849 = CARTESIAN_POINT('',(230.,-66.2,1.51));
#1850 = CIRCLE('',#1851,3.2);
#1851 = AXIS2_PLACEMENT_3D('',#1852,#1853,#1854);
#1852 = CARTESIAN_POINT('',(230.,-63.,1.51));
#1853 = DIRECTION('',(-0.,0.,-1.));
#1854 = DIRECTION('',(-0.,-1.,0.));
#1855 = FACE_BOUND('',#1856,.T.);
#1856 = EDGE_LOOP('',(#1857));
#1857 = ORIENTED_EDGE('',*,*,#1858,.T.);
#1858 = EDGE_CURVE('',#1859,#1859,#1861,.T.);
#1859 = VERTEX_POINT('',#1860);
#1860 = CARTESIAN_POINT('',(264.3,-72.2,1.51));
#1861 = CIRCLE('',#1862,0.7);
#1862 = AXIS2_PLACEMENT_3D('',#1863,#1864,#1865);
#1863 = CARTESIAN_POINT('',(264.3,-71.5,1.51));
#1864 = DIRECTION('',(-0.,0.,-1.));
#1865 = DIRECTION('',(-0.,-1.,0.));
#1866 = FACE_BOUND('',#1867,.T.);
#1867 = EDGE_LOOP('',(#1868));
#1868 = ORIENTED_EDGE('',*,*,#1869,.T.);
#1869 = EDGE_CURVE('',#1870,#1870,#1872,.T.);
#1870 = VERTEX_POINT('',#1871);
#1871 = CARTESIAN_POINT('',(50.,-38.2,1.51));
#1872 = CIRCLE('',#1873,3.2);
#1873 = AXIS2_PLACEMENT_3D('',#1874,#1875,#1876);
#1874 = CARTESIAN_POINT('',(50.,-35.,1.51));
#1875 = DIRECTION('',(-0.,0.,-1.));
#1876 = DIRECTION('',(-0.,-1.,0.));
#1877 = FACE_BOUND('',#1878,.T.);
#1878 = EDGE_LOOP('',(#1879));
#1879 = ORIENTED_EDGE('',*,*,#1880,.T.);
#1880 = EDGE_CURVE('',#1881,#1881,#1883,.T.);
#1881 = VERTEX_POINT('',#1882);
#1882 = CARTESIAN_POINT('',(6.85,-27.95,1.51));
#1883 = CIRCLE('',#1884,0.8);
#1884 = AXIS2_PLACEMENT_3D('',#1885,#1886,#1887);
#1885 = CARTESIAN_POINT('',(6.85,-27.15,1.51));
#1886 = DIRECTION('',(-0.,0.,-1.));
#1887 = DIRECTION('',(-0.,-1.,0.));
#1888 = FACE_BOUND('',#1889,.T.);
#1889 = EDGE_LOOP('',(#1890));
#1890 = ORIENTED_EDGE('',*,*,#1891,.T.);
#1891 = EDGE_CURVE('',#1892,#1892,#1894,.T.);
#1892 = VERTEX_POINT('',#1893);
#1893 = CARTESIAN_POINT('',(15.,-19.7,1.51));
#1894 = CIRCLE('',#1895,0.7);
#1895 = AXIS2_PLACEMENT_3D('',#1896,#1897,#1898);
#1896 = CARTESIAN_POINT('',(15.,-19.,1.51));
#1897 = DIRECTION('',(-0.,0.,-1.));
#1898 = DIRECTION('',(-0.,-1.,0.));
#1899 = FACE_BOUND('',#1900,.T.);
#1900 = EDGE_LOOP('',(#1901));
#1901 = ORIENTED_EDGE('',*,*,#1902,.T.);
#1902 = EDGE_CURVE('',#1903,#1903,#1905,.T.);
#1903 = VERTEX_POINT('',#1904);
#1904 = CARTESIAN_POINT('',(35.3,-19.7,1.51));
#1905 = CIRCLE('',#1906,0.7);
#1906 = AXIS2_PLACEMENT_3D('',#1907,#1908,#1909);
#1907 = CARTESIAN_POINT('',(35.3,-19.,1.51));
#1908 = DIRECTION('',(-0.,0.,-1.));
#1909 = DIRECTION('',(-0.,-1.,0.));
#1910 = FACE_BOUND('',#1911,.T.);
#1911 = EDGE_LOOP('',(#1912));
#1912 = ORIENTED_EDGE('',*,*,#1913,.T.);
#1913 = EDGE_CURVE('',#1914,#1914,#1916,.T.);
#1914 = VERTEX_POINT('',#1915);
#1915 = CARTESIAN_POINT('',(64.,-19.7,1.51));
#1916 = CIRCLE('',#1917,0.7);
#1917 = AXIS2_PLACEMENT_3D('',#1918,#1919,#1920);
#1918 = CARTESIAN_POINT('',(64.,-19.,1.51));
#1919 = DIRECTION('',(-0.,0.,-1.));
#1920 = DIRECTION('',(-0.,-1.,0.));
#1921 = FACE_BOUND('',#1922,.T.);
#1922 = EDGE_LOOP('',(#1923));
#1923 = ORIENTED_EDGE('',*,*,#1924,.T.);
#1924 = EDGE_CURVE('',#1925,#1925,#1927,.T.);
#1925 = VERTEX_POINT('',#1926);
#1926 = CARTESIAN_POINT('',(140.,-38.2,1.51));
#1927 = CIRCLE('',#1928,3.2);
#1928 = AXIS2_PLACEMENT_3D('',#1929,#1930,#1931);
#1929 = CARTESIAN_POINT('',(140.,-35.,1.51));
#1930 = DIRECTION('',(-0.,0.,-1.));
#1931 = DIRECTION('',(-0.,-1.,0.));
#1932 = FACE_BOUND('',#1933,.T.);
#1933 = EDGE_LOOP('',(#1934));
#1934 = ORIENTED_EDGE('',*,*,#1935,.T.);
#1935 = EDGE_CURVE('',#1936,#1936,#1938,.T.);
#1936 = VERTEX_POINT('',#1937);
#1937 = CARTESIAN_POINT('',(84.3,-19.7,1.51));
#1938 = CIRCLE('',#1939,0.7);
#1939 = AXIS2_PLACEMENT_3D('',#1940,#1941,#1942);
#1940 = CARTESIAN_POINT('',(84.3,-19.,1.51));
#1941 = DIRECTION('',(-0.,0.,-1.));
#1942 = DIRECTION('',(-0.,-1.,0.));
#1943 = FACE_BOUND('',#1944,.T.);
#1944 = EDGE_LOOP('',(#1945));
#1945 = ORIENTED_EDGE('',*,*,#1946,.T.);
#1946 = EDGE_CURVE('',#1947,#1947,#1949,.T.);
#1947 = VERTEX_POINT('',#1948);
#1948 = CARTESIAN_POINT('',(105.,-19.7,1.51));
#1949 = CIRCLE('',#1950,0.7);
#1950 = AXIS2_PLACEMENT_3D('',#1951,#1952,#1953);
#1951 = CARTESIAN_POINT('',(105.,-19.,1.51));
#1952 = DIRECTION('',(-0.,0.,-1.));
#1953 = DIRECTION('',(-0.,-1.,0.));
#1954 = FACE_BOUND('',#1955,.T.);
#1955 = EDGE_LOOP('',(#1956));
#1956 = ORIENTED_EDGE('',*,*,#1957,.T.);
#1957 = EDGE_CURVE('',#1958,#1958,#1960,.T.);
#1958 = VERTEX_POINT('',#1959);
#1959 = CARTESIAN_POINT('',(125.3,-19.7,1.51));
#1960 = CIRCLE('',#1961,0.7);
#1961 = AXIS2_PLACEMENT_3D('',#1962,#1963,#1964);
#1962 = CARTESIAN_POINT('',(125.3,-19.,1.51));
#1963 = DIRECTION('',(-0.,0.,-1.));
#1964 = DIRECTION('',(-0.,-1.,0.));
#1965 = FACE_BOUND('',#1966,.T.);
#1966 = EDGE_LOOP('',(#1967));
#1967 = ORIENTED_EDGE('',*,*,#1968,.T.);
#1968 = EDGE_CURVE('',#1969,#1969,#1971,.T.);
#1969 = VERTEX_POINT('',#1970);
#1970 = CARTESIAN_POINT('',(50.,-10.2,1.51));
#1971 = CIRCLE('',#1972,3.2);
#1972 = AXIS2_PLACEMENT_3D('',#1973,#1974,#1975);
#1973 = CARTESIAN_POINT('',(50.,-7.,1.51));
#1974 = DIRECTION('',(-0.,0.,-1.));
#1975 = DIRECTION('',(-0.,-1.,0.));
#1976 = FACE_BOUND('',#1977,.T.);
#1977 = EDGE_LOOP('',(#1978));
#1978 = ORIENTED_EDGE('',*,*,#1979,.T.);
#1979 = EDGE_CURVE('',#1980,#1980,#1982,.T.);
#1980 = VERTEX_POINT('',#1981);
#1981 = CARTESIAN_POINT('',(72.,-7.525,1.51));
#1982 = CIRCLE('',#1983,0.425);
#1983 = AXIS2_PLACEMENT_3D('',#1984,#1985,#1986);
#1984 = CARTESIAN_POINT('',(72.,-7.1,1.51));
#1985 = DIRECTION('',(-0.,0.,-1.));
#1986 = DIRECTION('',(-0.,-1.,0.));
#1987 = FACE_BOUND('',#1988,.T.);
#1988 = EDGE_LOOP('',(#1989));
#1989 = ORIENTED_EDGE('',*,*,#1990,.T.);
#1990 = EDGE_CURVE('',#1991,#1991,#1993,.T.);
#1991 = VERTEX_POINT('',#1992);
#1992 = CARTESIAN_POINT('',(72.,-1.425,1.51));
#1993 = CIRCLE('',#1994,0.425);
#1994 = AXIS2_PLACEMENT_3D('',#1995,#1996,#1997);
#1995 = CARTESIAN_POINT('',(72.,-1.,1.51));
#1996 = DIRECTION('',(-0.,0.,-1.));
#1997 = DIRECTION('',(-0.,-1.,0.));
#1998 = FACE_BOUND('',#1999,.T.);
#1999 = EDGE_LOOP('',(#2000));
#2000 = ORIENTED_EDGE('',*,*,#2001,.T.);
#2001 = EDGE_CURVE('',#2002,#2002,#2004,.T.);
#2002 = VERTEX_POINT('',#2003);
#2003 = CARTESIAN_POINT('',(108.,-14.425,1.51));
#2004 = CIRCLE('',#2005,0.425);
#2005 = AXIS2_PLACEMENT_3D('',#2006,#2007,#2008);
#2006 = CARTESIAN_POINT('',(108.,-14.,1.51));
#2007 = DIRECTION('',(-0.,0.,-1.));
#2008 = DIRECTION('',(-0.,-1.,0.));
#2009 = FACE_BOUND('',#2010,.T.);
#2010 = EDGE_LOOP('',(#2011));
#2011 = ORIENTED_EDGE('',*,*,#2012,.T.);
#2012 = EDGE_CURVE('',#2013,#2013,#2015,.T.);
#2013 = VERTEX_POINT('',#2014);
#2014 = CARTESIAN_POINT('',(82.,-7.525,1.51));
#2015 = CIRCLE('',#2016,0.425);
#2016 = AXIS2_PLACEMENT_3D('',#2017,#2018,#2019);
#2017 = CARTESIAN_POINT('',(82.,-7.1,1.51));
#2018 = DIRECTION('',(-0.,0.,-1.));
#2019 = DIRECTION('',(-0.,-1.,0.));
#2020 = FACE_BOUND('',#2021,.T.);
#2021 = EDGE_LOOP('',(#2022));
#2022 = ORIENTED_EDGE('',*,*,#2023,.T.);
#2023 = EDGE_CURVE('',#2024,#2024,#2026,.T.);
#2024 = VERTEX_POINT('',#2025);
#2025 = CARTESIAN_POINT('',(114.,-14.425,1.51));
#2026 = CIRCLE('',#2027,0.425);
#2027 = AXIS2_PLACEMENT_3D('',#2028,#2029,#2030);
#2028 = CARTESIAN_POINT('',(114.,-14.,1.51));
#2029 = DIRECTION('',(-0.,0.,-1.));
#2030 = DIRECTION('',(-0.,-1.,0.));
#2031 = FACE_BOUND('',#2032,.T.);
#2032 = EDGE_LOOP('',(#2033));
#2033 = ORIENTED_EDGE('',*,*,#2034,.T.);
#2034 = EDGE_CURVE('',#2035,#2035,#2037,.T.);
#2035 = VERTEX_POINT('',#2036);
#2036 = CARTESIAN_POINT('',(140.,-10.2,1.51));
#2037 = CIRCLE('',#2038,3.2);
#2038 = AXIS2_PLACEMENT_3D('',#2039,#2040,#2041);
#2039 = CARTESIAN_POINT('',(140.,-7.,1.51));
#2040 = DIRECTION('',(-0.,0.,-1.));
#2041 = DIRECTION('',(-0.,-1.,0.));
#2042 = FACE_BOUND('',#2043,.T.);
#2043 = EDGE_LOOP('',(#2044));
#2044 = ORIENTED_EDGE('',*,*,#2045,.T.);
#2045 = EDGE_CURVE('',#2046,#2046,#2048,.T.);
#2046 = VERTEX_POINT('',#2047);
#2047 = CARTESIAN_POINT('',(82.,-1.425,1.51));
#2048 = CIRCLE('',#2049,0.425);
#2049 = AXIS2_PLACEMENT_3D('',#2050,#2051,#2052);
#2050 = CARTESIAN_POINT('',(82.,-1.,1.51));
#2051 = DIRECTION('',(-0.,0.,-1.));
#2052 = DIRECTION('',(-0.,-1.,0.));
#2053 = FACE_BOUND('',#2054,.T.);
#2054 = EDGE_LOOP('',(#2055));
#2055 = ORIENTED_EDGE('',*,*,#2056,.T.);
#2056 = EDGE_CURVE('',#2057,#2057,#2059,.T.);
#2057 = VERTEX_POINT('',#2058);
#2058 = CARTESIAN_POINT('',(108.,-4.425,1.51));
#2059 = CIRCLE('',#2060,0.425);
#2060 = AXIS2_PLACEMENT_3D('',#2061,#2062,#2063);
#2061 = CARTESIAN_POINT('',(108.,-4.,1.51));
#2062 = DIRECTION('',(-0.,0.,-1.));
#2063 = DIRECTION('',(-0.,-1.,0.));
#2064 = FACE_BOUND('',#2065,.T.);
#2065 = EDGE_LOOP('',(#2066));
#2066 = ORIENTED_EDGE('',*,*,#2067,.T.);
#2067 = EDGE_CURVE('',#2068,#2068,#2070,.T.);
#2068 = VERTEX_POINT('',#2069);
#2069 = CARTESIAN_POINT('',(95.,-0.2,1.51));
#2070 = CIRCLE('',#2071,3.2);
#2071 = AXIS2_PLACEMENT_3D('',#2072,#2073,#2074);
#2072 = CARTESIAN_POINT('',(95.,3.,1.51));
#2073 = DIRECTION('',(-0.,0.,-1.));
#2074 = DIRECTION('',(-0.,-1.,0.));
#2075 = FACE_BOUND('',#2076,.T.);
#2076 = EDGE_LOOP('',(#2077));
#2077 = ORIENTED_EDGE('',*,*,#2078,.T.);
#2078 = EDGE_CURVE('',#2079,#2079,#2081,.T.);
#2079 = VERTEX_POINT('',#2080);
#2080 = CARTESIAN_POINT('',(114.,-4.425,1.51));
#2081 = CIRCLE('',#2082,0.425);
#2082 = AXIS2_PLACEMENT_3D('',#2083,#2084,#2085);
#2083 = CARTESIAN_POINT('',(114.,-4.,1.51));
#2084 = DIRECTION('',(-0.,0.,-1.));
#2085 = DIRECTION('',(-0.,-1.,0.));
#2086 = FACE_BOUND('',#2087,.T.);
#2087 = EDGE_LOOP('',(#2088));
#2088 = ORIENTED_EDGE('',*,*,#2089,.T.);
#2089 = EDGE_CURVE('',#2090,#2090,#2092,.T.);
#2090 = VERTEX_POINT('',#2091);
#2091 = CARTESIAN_POINT('',(154.,-19.7,1.51));
#2092 = CIRCLE('',#2093,0.7);
#2093 = AXIS2_PLACEMENT_3D('',#2094,#2095,#2096);
#2094 = CARTESIAN_POINT('',(154.,-19.,1.51));
#2095 = DIRECTION('',(-0.,0.,-1.));
#2096 = DIRECTION('',(-0.,-1.,0.));
#2097 = FACE_BOUND('',#2098,.T.);
#2098 = EDGE_LOOP('',(#2099));
#2099 = ORIENTED_EDGE('',*,*,#2100,.T.);
#2100 = EDGE_CURVE('',#2101,#2101,#2103,.T.);
#2101 = VERTEX_POINT('',#2102);
#2102 = CARTESIAN_POINT('',(174.3,-19.7,1.51));
#2103 = CIRCLE('',#2104,0.7);
#2104 = AXIS2_PLACEMENT_3D('',#2105,#2106,#2107);
#2105 = CARTESIAN_POINT('',(174.3,-19.,1.51));
#2106 = DIRECTION('',(-0.,0.,-1.));
#2107 = DIRECTION('',(-0.,-1.,0.));
#2108 = FACE_BOUND('',#2109,.T.);
#2109 = EDGE_LOOP('',(#2110));
#2110 = ORIENTED_EDGE('',*,*,#2111,.T.);
#2111 = EDGE_CURVE('',#2112,#2112,#2114,.T.);
#2112 = VERTEX_POINT('',#2113);
#2113 = CARTESIAN_POINT('',(195.,-19.7,1.51));
#2114 = CIRCLE('',#2115,0.7);
#2115 = AXIS2_PLACEMENT_3D('',#2116,#2117,#2118);
#2116 = CARTESIAN_POINT('',(195.,-19.,1.51));
#2117 = DIRECTION('',(-0.,0.,-1.));
#2118 = DIRECTION('',(-0.,-1.,0.));
#2119 = FACE_BOUND('',#2120,.T.);
#2120 = EDGE_LOOP('',(#2121));
#2121 = ORIENTED_EDGE('',*,*,#2122,.T.);
#2122 = EDGE_CURVE('',#2123,#2123,#2125,.T.);
#2123 = VERTEX_POINT('',#2124);
#2124 = CARTESIAN_POINT('',(215.3,-19.7,1.51));
#2125 = CIRCLE('',#2126,0.7);
#2126 = AXIS2_PLACEMENT_3D('',#2127,#2128,#2129);
#2127 = CARTESIAN_POINT('',(215.3,-19.,1.51));
#2128 = DIRECTION('',(-0.,0.,-1.));
#2129 = DIRECTION('',(-0.,-1.,0.));
#2130 = FACE_BOUND('',#2131,.T.);
#2131 = EDGE_LOOP('',(#2132));
#2132 = ORIENTED_EDGE('',*,*,#2133,.T.);
#2133 = EDGE_CURVE('',#2134,#2134,#2136,.T.);
#2134 = VERTEX_POINT('',#2135);
#2135 = CARTESIAN_POINT('',(230.,-38.2,1.51));
#2136 = CIRCLE('',#2137,3.2);
#2137 = AXIS2_PLACEMENT_3D('',#2138,#2139,#2140);
#2138 = CARTESIAN_POINT('',(230.,-35.,1.51));
#2139 = DIRECTION('',(-0.,0.,-1.));
#2140 = DIRECTION('',(-0.,-1.,0.));
#2141 = FACE_BOUND('',#2142,.T.);
#2142 = EDGE_LOOP('',(#2143));
#2143 = ORIENTED_EDGE('',*,*,#2144,.T.);
#2144 = EDGE_CURVE('',#2145,#2145,#2147,.T.);
#2145 = VERTEX_POINT('',#2146);
#2146 = CARTESIAN_POINT('',(244.,-19.7,1.51));
#2147 = CIRCLE('',#2148,0.7);
#2148 = AXIS2_PLACEMENT_3D('',#2149,#2150,#2151);
#2149 = CARTESIAN_POINT('',(244.,-19.,1.51));
#2150 = DIRECTION('',(-0.,0.,-1.));
#2151 = DIRECTION('',(-0.,-1.,0.));
#2152 = FACE_BOUND('',#2153,.T.);
#2153 = EDGE_LOOP('',(#2154));
#2154 = ORIENTED_EDGE('',*,*,#2155,.T.);
#2155 = EDGE_CURVE('',#2156,#2156,#2158,.T.);
#2156 = VERTEX_POINT('',#2157);
#2157 = CARTESIAN_POINT('',(264.3,-19.7,1.51));
#2158 = CIRCLE('',#2159,0.7);
#2159 = AXIS2_PLACEMENT_3D('',#2160,#2161,#2162);
#2160 = CARTESIAN_POINT('',(264.3,-19.,1.51));
#2161 = DIRECTION('',(-0.,0.,-1.));
#2162 = DIRECTION('',(-0.,-1.,0.));
#2163 = FACE_BOUND('',#2164,.T.);
#2164 = EDGE_LOOP('',(#2165));
#2165 = ORIENTED_EDGE('',*,*,#2166,.T.);
#2166 = EDGE_CURVE('',#2167,#2167,#2169,.T.);
#2167 = VERTEX_POINT('',#2168);
#2168 = CARTESIAN_POINT('',(162.,-7.425,1.51));
#2169 = CIRCLE('',#2170,0.425);
#2170 = AXIS2_PLACEMENT_3D('',#2171,#2172,#2173);
#2171 = CARTESIAN_POINT('',(162.,-7.,1.51));
#2172 = DIRECTION('',(-0.,0.,-1.));
#2173 = DIRECTION('',(-0.,-1.,0.));
#2174 = FACE_BOUND('',#2175,.T.);
#2175 = EDGE_LOOP('',(#2176));
#2176 = ORIENTED_EDGE('',*,*,#2177,.T.);
#2177 = EDGE_CURVE('',#2178,#2178,#2180,.T.);
#2178 = VERTEX_POINT('',#2179);
#2179 = CARTESIAN_POINT('',(172.,-7.425,1.51));
#2180 = CIRCLE('',#2181,0.425);
#2181 = AXIS2_PLACEMENT_3D('',#2182,#2183,#2184);
#2182 = CARTESIAN_POINT('',(172.,-7.,1.51));
#2183 = DIRECTION('',(-0.,0.,-1.));
#2184 = DIRECTION('',(-0.,-1.,0.));
#2185 = FACE_BOUND('',#2186,.T.);
#2186 = EDGE_LOOP('',(#2187));
#2187 = ORIENTED_EDGE('',*,*,#2188,.T.);
#2188 = EDGE_CURVE('',#2189,#2189,#2191,.T.);
#2189 = VERTEX_POINT('',#2190);
#2190 = CARTESIAN_POINT('',(198.,-14.425,1.51));
#2191 = CIRCLE('',#2192,0.425);
#2192 = AXIS2_PLACEMENT_3D('',#2193,#2194,#2195);
#2193 = CARTESIAN_POINT('',(198.,-14.,1.51));
#2194 = DIRECTION('',(-0.,0.,-1.));
#2195 = DIRECTION('',(-0.,-1.,0.));
#2196 = FACE_BOUND('',#2197,.T.);
#2197 = EDGE_LOOP('',(#2198));
#2198 = ORIENTED_EDGE('',*,*,#2199,.T.);
#2199 = EDGE_CURVE('',#2200,#2200,#2202,.T.);
#2200 = VERTEX_POINT('',#2201);
#2201 = CARTESIAN_POINT('',(204.,-14.425,1.51));
#2202 = CIRCLE('',#2203,0.425);
#2203 = AXIS2_PLACEMENT_3D('',#2204,#2205,#2206);
#2204 = CARTESIAN_POINT('',(204.,-14.,1.51));
#2205 = DIRECTION('',(-0.,0.,-1.));
#2206 = DIRECTION('',(-0.,-1.,0.));
#2207 = FACE_BOUND('',#2208,.T.);
#2208 = EDGE_LOOP('',(#2209));
#2209 = ORIENTED_EDGE('',*,*,#2210,.T.);
#2210 = EDGE_CURVE('',#2211,#2211,#2213,.T.);
#2211 = VERTEX_POINT('',#2212);
#2212 = CARTESIAN_POINT('',(162.,-1.325,1.51));
#2213 = CIRCLE('',#2214,0.425);
#2214 = AXIS2_PLACEMENT_3D('',#2215,#2216,#2217);
#2215 = CARTESIAN_POINT('',(162.,-0.9,1.51));
#2216 = DIRECTION('',(-0.,0.,-1.));
#2217 = DIRECTION('',(-0.,-1.,0.));
#2218 = FACE_BOUND('',#2219,.T.);
#2219 = EDGE_LOOP('',(#2220));
#2220 = ORIENTED_EDGE('',*,*,#2221,.T.);
#2221 = EDGE_CURVE('',#2222,#2222,#2224,.T.);
#2222 = VERTEX_POINT('',#2223);
#2223 = CARTESIAN_POINT('',(172.,-1.325,1.51));
#2224 = CIRCLE('',#2225,0.425);
#2225 = AXIS2_PLACEMENT_3D('',#2226,#2227,#2228);
#2226 = CARTESIAN_POINT('',(172.,-0.9,1.51));
#2227 = DIRECTION('',(-0.,0.,-1.));
#2228 = DIRECTION('',(-0.,-1.,0.));
#2229 = FACE_BOUND('',#2230,.T.);
#2230 = EDGE_LOOP('',(#2231));
#2231 = ORIENTED_EDGE('',*,*,#2232,.T.);
#2232 = EDGE_CURVE('',#2233,#2233,#2235,.T.);
#2233 = VERTEX_POINT('',#2234);
#2234 = CARTESIAN_POINT('',(198.,-4.425,1.51));
#2235 = CIRCLE('',#2236,0.425);
#2236 = AXIS2_PLACEMENT_3D('',#2237,#2238,#2239);
#2237 = CARTESIAN_POINT('',(198.,-4.,1.51));
#2238 = DIRECTION('',(-0.,0.,-1.));
#2239 = DIRECTION('',(-0.,-1.,0.));
#2240 = FACE_BOUND('',#2241,.T.);
#2241 = EDGE_LOOP('',(#2242));
#2242 = ORIENTED_EDGE('',*,*,#2243,.T.);
#2243 = EDGE_CURVE('',#2244,#2244,#2246,.T.);
#2244 = VERTEX_POINT('',#2245);
#2245 = CARTESIAN_POINT('',(204.,-4.425,1.51));
#2246 = CIRCLE('',#2247,0.425);
#2247 = AXIS2_PLACEMENT_3D('',#2248,#2249,#2250);
#2248 = CARTESIAN_POINT('',(204.,-4.,1.51));
#2249 = DIRECTION('',(-0.,0.,-1.));
#2250 = DIRECTION('',(-0.,-1.,0.));
#2251 = FACE_BOUND('',#2252,.T.);
#2252 = EDGE_LOOP('',(#2253));
#2253 = ORIENTED_EDGE('',*,*,#2254,.T.);
#2254 = EDGE_CURVE('',#2255,#2255,#2257,.T.);
#2255 = VERTEX_POINT('',#2256);
#2256 = CARTESIAN_POINT('',(185.,-0.2,1.51));
#2257 = CIRCLE('',#2258,3.2);
#2258 = AXIS2_PLACEMENT_3D('',#2259,#2260,#2261);
#2259 = CARTESIAN_POINT('',(185.,3.,1.51));
#2260 = DIRECTION('',(-0.,0.,-1.));
#2261 = DIRECTION('',(-0.,-1.,0.));
#2262 = FACE_BOUND('',#2263,.T.);
#2263 = EDGE_LOOP('',(#2264));
#2264 = ORIENTED_EDGE('',*,*,#2265,.T.);
#2265 = EDGE_CURVE('',#2266,#2266,#2268,.T.);
#2266 = VERTEX_POINT('',#2267);
#2267 = CARTESIAN_POINT('',(230.,-10.2,1.51));
#2268 = CIRCLE('',#2269,3.2);
#2269 = AXIS2_PLACEMENT_3D('',#2270,#2271,#2272);
#2270 = CARTESIAN_POINT('',(230.,-7.,1.51));
#2271 = DIRECTION('',(-0.,0.,-1.));
#2272 = DIRECTION('',(-0.,-1.,0.));
#2273 = FACE_BOUND('',#2274,.T.);
#2274 = EDGE_LOOP('',(#2275));
#2275 = ORIENTED_EDGE('',*,*,#2276,.T.);
#2276 = EDGE_CURVE('',#2277,#2277,#2279,.T.);
#2277 = VERTEX_POINT('',#2278);
#2278 = CARTESIAN_POINT('',(258.464466,-13.460535,1.51));
#2279 = CIRCLE('',#2280,0.425);
#2280 = AXIS2_PLACEMENT_3D('',#2281,#2282,#2283);
#2281 = CARTESIAN_POINT('',(258.464466,-13.035535,1.51));
#2282 = DIRECTION('',(-0.,0.,-1.));
#2283 = DIRECTION('',(-0.,-1.,0.));
#2284 = FACE_BOUND('',#2285,.T.);
#2285 = EDGE_LOOP('',(#2286));
#2286 = ORIENTED_EDGE('',*,*,#2287,.T.);
#2287 = EDGE_CURVE('',#2288,#2288,#2290,.T.);
#2288 = VERTEX_POINT('',#2289);
#2289 = CARTESIAN_POINT('',(266.964466,-13.460535,1.51));
#2290 = CIRCLE('',#2291,0.425);
#2291 = AXIS2_PLACEMENT_3D('',#2292,#2293,#2294);
#2292 = CARTESIAN_POINT('',(266.964466,-13.035535,1.51));
#2293 = DIRECTION('',(-0.,0.,-1.));
#2294 = DIRECTION('',(-0.,-1.,0.));
#2295 = FACE_BOUND('',#2296,.T.);
#2296 = EDGE_LOOP('',(#2297));
#2297 = ORIENTED_EDGE('',*,*,#2298,.T.);
#2298 = EDGE_CURVE('',#2299,#2299,#2301,.T.);
#2299 = VERTEX_POINT('',#2300);
#2300 = CARTESIAN_POINT('',(265.535534,-6.389467,1.51));
#2301 = CIRCLE('',#2302,0.425);
#2302 = AXIS2_PLACEMENT_3D('',#2303,#2304,#2305);
#2303 = CARTESIAN_POINT('',(265.535534,-5.964467,1.51));
#2304 = DIRECTION('',(-0.,0.,-1.));
#2305 = DIRECTION('',(-0.,-1.,0.));
#2306 = FACE_BOUND('',#2307,.T.);
#2307 = EDGE_LOOP('',(#2308));
#2308 = ORIENTED_EDGE('',*,*,#2309,.T.);
#2309 = EDGE_CURVE('',#2310,#2310,#2312,.T.);
#2310 = VERTEX_POINT('',#2311);
#2311 = CARTESIAN_POINT('',(274.035534,-6.389467,1.51));
#2312 = CIRCLE('',#2313,0.425);
#2313 = AXIS2_PLACEMENT_3D('',#2314,#2315,#2316);
#2314 = CARTESIAN_POINT('',(274.035534,-5.964467,1.51));
#2315 = DIRECTION('',(-0.,0.,-1.));
#2316 = DIRECTION('',(-0.,-1.,0.));
#2317 = FACE_BOUND('',#2318,.T.);
#2318 = EDGE_LOOP('',(#2319));
#2319 = ORIENTED_EDGE('',*,*,#2320,.T.);
#2320 = EDGE_CURVE('',#2321,#2321,#2323,.T.);
#2321 = VERTEX_POINT('',#2322);
#2322 = CARTESIAN_POINT('',(252.,-0.425,1.51));
#2323 = CIRCLE('',#2324,0.425);
#2324 = AXIS2_PLACEMENT_3D('',#2325,#2326,#2327);
#2325 = CARTESIAN_POINT('',(252.,1.137978600241E-14,1.51));
#2326 = DIRECTION('',(-0.,0.,-1.));
#2327 = DIRECTION('',(-0.,-1.,0.));
#2328 = FACE_BOUND('',#2329,.T.);
#2329 = EDGE_LOOP('',(#2330));
#2330 = ORIENTED_EDGE('',*,*,#2331,.T.);
#2331 = EDGE_CURVE('',#2332,#2332,#2334,.T.);
#2332 = VERTEX_POINT('',#2333);
#2333 = CARTESIAN_POINT('',(252.,5.575,1.51));
#2334 = CIRCLE('',#2335,0.425);
#2335 = AXIS2_PLACEMENT_3D('',#2336,#2337,#2338);
#2336 = CARTESIAN_POINT('',(252.,6.,1.51));
#2337 = DIRECTION('',(-0.,0.,-1.));
#2338 = DIRECTION('',(-0.,-1.,0.));
#2339 = FACE_BOUND('',#2340,.T.);
#2340 = EDGE_LOOP('',(#2341));
#2341 = ORIENTED_EDGE('',*,*,#2342,.T.);
#2342 = EDGE_CURVE('',#2343,#2343,#2345,.T.);
#2343 = VERTEX_POINT('',#2344);
#2344 = CARTESIAN_POINT('',(262.,-0.425,1.51));
#2345 = CIRCLE('',#2346,0.425);
#2346 = AXIS2_PLACEMENT_3D('',#2347,#2348,#2349);
#2347 = CARTESIAN_POINT('',(262.,-1.7041923428E-14,1.51));
#2348 = DIRECTION('',(-0.,0.,-1.));
#2349 = DIRECTION('',(-0.,-1.,0.));
#2350 = FACE_BOUND('',#2351,.T.);
#2351 = EDGE_LOOP('',(#2352));
#2352 = ORIENTED_EDGE('',*,*,#2353,.T.);
#2353 = EDGE_CURVE('',#2354,#2354,#2356,.T.);
#2354 = VERTEX_POINT('',#2355);
#2355 = CARTESIAN_POINT('',(262.,5.575,1.51));
#2356 = CIRCLE('',#2357,0.425);
#2357 = AXIS2_PLACEMENT_3D('',#2358,#2359,#2360);
#2358 = CARTESIAN_POINT('',(262.,6.,1.51));
#2359 = DIRECTION('',(-0.,0.,-1.));
#2360 = DIRECTION('',(-0.,-1.,0.));
#2361 = FACE_BOUND('',#2362,.T.);
#2362 = EDGE_LOOP('',(#2363));
#2363 = ORIENTED_EDGE('',*,*,#2364,.T.);
#2364 = EDGE_CURVE('',#2365,#2365,#2367,.T.);
#2365 = VERTEX_POINT('',#2366);
#2366 = CARTESIAN_POINT('',(275.,-0.2,1.51));
#2367 = CIRCLE('',#2368,3.2);
#2368 = AXIS2_PLACEMENT_3D('',#2369,#2370,#2371);
#2369 = CARTESIAN_POINT('',(275.,3.,1.51));
#2370 = DIRECTION('',(-0.,0.,-1.));
#2371 = DIRECTION('',(-0.,-1.,0.));
#2372 = PLANE('',#2373);
#2373 = AXIS2_PLACEMENT_3D('',#2374,#2375,#2376);
#2374 = CARTESIAN_POINT('',(0.,0.,1.51));
#2375 = DIRECTION('',(0.,0.,1.));
#2376 = DIRECTION('',(1.,0.,-0.));
#2377 = ADVANCED_FACE('',(#2378),#2389,.T.);
#2378 = FACE_BOUND('',#2379,.T.);
#2379 = EDGE_LOOP('',(#2380,#2386,#2387,#2388));
#2380 = ORIENTED_EDGE('',*,*,#2381,.T.);
#2381 = EDGE_CURVE('',#144,#1264,#2382,.T.);
#2382 = LINE('',#2383,#2384);
#2383 = CARTESIAN_POINT('',(154.99829,-9.222E-03,0.));
#2384 = VECTOR('',#2385,1.);
#2385 = DIRECTION('',(0.,0.,1.));
#2386 = ORIENTED_EDGE('',*,*,#1263,.T.);
#2387 = ORIENTED_EDGE('',*,*,#79,.F.);
#2388 = ORIENTED_EDGE('',*,*,#143,.F.);
#2389 = PLANE('',#2390);
#2390 = AXIS2_PLACEMENT_3D('',#2391,#2392,#2393);
#2391 = CARTESIAN_POINT('',(154.99829,-9.222E-03,0.));
#2392 = DIRECTION('',(-0.999999638043,8.508313480031E-04,0.));
#2393 = DIRECTION('',(8.508313480031E-04,0.999999638043,0.));
#2394 = ADVANCED_FACE('',(#2395),#2406,.T.);
#2395 = FACE_BOUND('',#2396,.T.);
#2396 = EDGE_LOOP('',(#2397,#2398,#2399,#2405));
#2397 = ORIENTED_EDGE('',*,*,#119,.T.);
#2398 = ORIENTED_EDGE('',*,*,#1519,.T.);
#2399 = ORIENTED_EDGE('',*,*,#2400,.F.);
#2400 = EDGE_CURVE('',#392,#1512,#2401,.T.);
#2401 = LINE('',#2402,#2403);
#2402 = CARTESIAN_POINT('',(245.,9.,0.));
#2403 = VECTOR('',#2404,1.);
#2404 = DIRECTION('',(0.,0.,1.));
#2405 = ORIENTED_EDGE('',*,*,#399,.F.);
#2406 = PLANE('',#2407);
#2407 = AXIS2_PLACEMENT_3D('',#2408,#2409,#2410);
#2408 = CARTESIAN_POINT('',(245.,0.,0.));
#2409 = DIRECTION('',(-1.,0.,0.));
#2410 = DIRECTION('',(0.,1.,0.));
#2411 = ADVANCED_FACE('',(#2412),#2423,.T.);
#2412 = FACE_BOUND('',#2413,.T.);
#2413 = EDGE_LOOP('',(#2414,#2420,#2421,#2422));
#2414 = ORIENTED_EDGE('',*,*,#2415,.T.);
#2415 = EDGE_CURVE('',#152,#1272,#2416,.T.);
#2416 = LINE('',#2417,#2418);
#2417 = CARTESIAN_POINT('',(124.998161,9.223E-03,0.));
#2418 = VECTOR('',#2419,1.);
#2419 = DIRECTION('',(0.,0.,1.));
#2420 = ORIENTED_EDGE('',*,*,#1271,.T.);
#2421 = ORIENTED_EDGE('',*,*,#2381,.F.);
#2422 = ORIENTED_EDGE('',*,*,#151,.F.);
#2423 = PLANE('',#2424);
#2424 = AXIS2_PLACEMENT_3D('',#2425,#2426,#2427);
#2425 = CARTESIAN_POINT('',(124.998161,9.223E-03,0.));
#2426 = DIRECTION('',(6.148305733532E-04,0.999999810992,-0.));
#2427 = DIRECTION('',(0.999999810992,-6.148305733532E-04,0.));
#2428 = ADVANCED_FACE('',(#2429),#2440,.T.);
#2429 = FACE_BOUND('',#2430,.T.);
#2430 = EDGE_LOOP('',(#2431,#2432,#2433,#2439));
#2431 = ORIENTED_EDGE('',*,*,#2400,.T.);
#2432 = ORIENTED_EDGE('',*,*,#1511,.T.);
#2433 = ORIENTED_EDGE('',*,*,#2434,.F.);
#2434 = EDGE_CURVE('',#384,#1504,#2435,.T.);
#2435 = LINE('',#2436,#2437);
#2436 = CARTESIAN_POINT('',(275.,9.,0.));
#2437 = VECTOR('',#2438,1.);
#2438 = DIRECTION('',(0.,0.,1.));
#2439 = ORIENTED_EDGE('',*,*,#391,.F.);
#2440 = PLANE('',#2441);
#2441 = AXIS2_PLACEMENT_3D('',#2442,#2443,#2444);
#2442 = CARTESIAN_POINT('',(245.,9.,0.));
#2443 = DIRECTION('',(0.,1.,0.));
#2444 = DIRECTION('',(1.,0.,0.));
#2445 = ADVANCED_FACE('',(#2446),#2457,.T.);
#2446 = FACE_BOUND('',#2447,.T.);
#2447 = EDGE_LOOP('',(#2448,#2454,#2455,#2456));
#2448 = ORIENTED_EDGE('',*,*,#2449,.T.);
#2449 = EDGE_CURVE('',#160,#1280,#2450,.T.);
#2450 = LINE('',#2451,#2452);
#2451 = CARTESIAN_POINT('',(125.003686,8.997882,0.));
#2452 = VECTOR('',#2453,1.);
#2453 = DIRECTION('',(0.,0.,1.));
#2454 = ORIENTED_EDGE('',*,*,#1279,.T.);
#2455 = ORIENTED_EDGE('',*,*,#2415,.F.);
#2456 = ORIENTED_EDGE('',*,*,#159,.F.);
#2457 = PLANE('',#2458);
#2458 = AXIS2_PLACEMENT_3D('',#2459,#2460,#2461);
#2459 = CARTESIAN_POINT('',(125.003686,8.997882,0.));
#2460 = DIRECTION('',(0.999999811094,-6.146633169979E-04,0.));
#2461 = DIRECTION('',(-6.146633169979E-04,-0.999999811094,0.));
#2462 = ADVANCED_FACE('',(#2463),#2474,.T.);
#2463 = FACE_BOUND('',#2464,.T.);
#2464 = EDGE_LOOP('',(#2465,#2466,#2467,#2473));
#2465 = ORIENTED_EDGE('',*,*,#2434,.T.);
#2466 = ORIENTED_EDGE('',*,*,#1503,.T.);
#2467 = ORIENTED_EDGE('',*,*,#2468,.F.);
#2468 = EDGE_CURVE('',#376,#1496,#2469,.T.);
#2469 = LINE('',#2470,#2471);
#2470 = CARTESIAN_POINT('',(283.,8.991421,0.));
#2471 = VECTOR('',#2472,1.);
#2472 = DIRECTION('',(0.,0.,1.));
#2473 = ORIENTED_EDGE('',*,*,#383,.F.);
#2474 = PLANE('',#2475);
#2475 = AXIS2_PLACEMENT_3D('',#2476,#2477,#2478);
#2476 = CARTESIAN_POINT('',(275.,9.,0.));
#2477 = DIRECTION('',(1.072374383391E-03,0.999999425006,-0.));
#2478 = DIRECTION('',(0.999999425006,-1.072374383391E-03,0.));
#2479 = ADVANCED_FACE('',(#2480),#2491,.T.);
#2480 = FACE_BOUND('',#2481,.T.);
#2481 = EDGE_LOOP('',(#2482,#2488,#2489,#2490));
#2482 = ORIENTED_EDGE('',*,*,#2483,.T.);
#2483 = EDGE_CURVE('',#168,#1288,#2484,.T.);
#2484 = LINE('',#2485,#2486);
#2485 = CARTESIAN_POINT('',(64.990525,8.934235,0.));
#2486 = VECTOR('',#2487,1.);
#2487 = DIRECTION('',(0.,0.,1.));
#2488 = ORIENTED_EDGE('',*,*,#1287,.T.);
#2489 = ORIENTED_EDGE('',*,*,#2449,.F.);
#2490 = ORIENTED_EDGE('',*,*,#167,.F.);
#2491 = PLANE('',#2492);
#2492 = AXIS2_PLACEMENT_3D('',#2493,#2494,#2495);
#2493 = CARTESIAN_POINT('',(64.990525,8.934235,0.));
#2494 = DIRECTION('',(-1.060550105101E-03,0.999999437617,0.));
#2495 = DIRECTION('',(0.999999437617,1.060550105101E-03,0.));
#2496 = ADVANCED_FACE('',(#2497),#2508,.T.);
#2497 = FACE_BOUND('',#2498,.T.);
#2498 = EDGE_LOOP('',(#2499,#2500,#2501,#2507));
#2499 = ORIENTED_EDGE('',*,*,#2468,.T.);
#2500 = ORIENTED_EDGE('',*,*,#1495,.T.);
#2501 = ORIENTED_EDGE('',*,*,#2502,.F.);
#2502 = EDGE_CURVE('',#368,#1488,#2503,.T.);
#2503 = LINE('',#2504,#2505);
#2504 = CARTESIAN_POINT('',(283.,-18.,0.));
#2505 = VECTOR('',#2506,1.);
#2506 = DIRECTION('',(0.,0.,1.));
#2507 = ORIENTED_EDGE('',*,*,#375,.F.);
#2508 = PLANE('',#2509);
#2509 = AXIS2_PLACEMENT_3D('',#2510,#2511,#2512);
#2510 = CARTESIAN_POINT('',(283.,8.991421,0.));
#2511 = DIRECTION('',(1.,0.,-0.));
#2512 = DIRECTION('',(0.,-1.,0.));
#2513 = ADVANCED_FACE('',(#2514),#2525,.T.);
#2514 = FACE_BOUND('',#2515,.T.);
#2515 = EDGE_LOOP('',(#2516,#2522,#2523,#2524));
#2516 = ORIENTED_EDGE('',*,*,#2517,.T.);
#2517 = EDGE_CURVE('',#176,#1296,#2518,.T.);
#2518 = LINE('',#2519,#2520);
#2519 = CARTESIAN_POINT('',(65.,-0.,0.));
#2520 = VECTOR('',#2521,1.);
#2521 = DIRECTION('',(0.,0.,1.));
#2522 = ORIENTED_EDGE('',*,*,#1295,.T.);
#2523 = ORIENTED_EDGE('',*,*,#2483,.F.);
#2524 = ORIENTED_EDGE('',*,*,#175,.F.);
#2525 = PLANE('',#2526);
#2526 = AXIS2_PLACEMENT_3D('',#2527,#2528,#2529);
#2527 = CARTESIAN_POINT('',(65.,0.,0.));
#2528 = DIRECTION('',(-0.999999437641,-1.060526689935E-03,0.));
#2529 = DIRECTION('',(-1.060526689935E-03,0.999999437641,0.));
#2530 = ADVANCED_FACE('',(#2531),#2542,.T.);
#2531 = FACE_BOUND('',#2532,.T.);
#2532 = EDGE_LOOP('',(#2533,#2534,#2535,#2541));
#2533 = ORIENTED_EDGE('',*,*,#2502,.T.);
#2534 = ORIENTED_EDGE('',*,*,#1487,.T.);
#2535 = ORIENTED_EDGE('',*,*,#2536,.F.);
#2536 = EDGE_CURVE('',#360,#1480,#2537,.T.);
#2537 = LINE('',#2538,#2539);
#2538 = CARTESIAN_POINT('',(277.,-18.,0.));
#2539 = VECTOR('',#2540,1.);
#2540 = DIRECTION('',(0.,0.,1.));
#2541 = ORIENTED_EDGE('',*,*,#367,.F.);
#2542 = PLANE('',#2543);
#2543 = AXIS2_PLACEMENT_3D('',#2544,#2545,#2546);
#2544 = CARTESIAN_POINT('',(283.,-18.,0.));
#2545 = DIRECTION('',(0.,-1.,0.));
#2546 = DIRECTION('',(-1.,0.,0.));
#2547 = ADVANCED_FACE('',(#2548),#2559,.T.);
#2548 = FACE_BOUND('',#2549,.T.);
#2549 = EDGE_LOOP('',(#2550,#2556,#2557,#2558));
#2550 = ORIENTED_EDGE('',*,*,#2551,.T.);
#2551 = EDGE_CURVE('',#184,#1304,#2552,.T.);
#2552 = LINE('',#2553,#2554);
#2553 = CARTESIAN_POINT('',(34.989943,3.7748E-02,0.));
#2554 = VECTOR('',#2555,1.);
#2555 = DIRECTION('',(0.,0.,1.));
#2556 = ORIENTED_EDGE('',*,*,#1303,.T.);
#2557 = ORIENTED_EDGE('',*,*,#2517,.F.);
#2558 = ORIENTED_EDGE('',*,*,#183,.F.);
#2559 = PLANE('',#2560);
#2560 = AXIS2_PLACEMENT_3D('',#2561,#2562,#2563);
#2561 = CARTESIAN_POINT('',(34.989943,3.7748E-02,0.));
#2562 = DIRECTION('',(1.257844000032E-03,0.999999208914,-0.));
#2563 = DIRECTION('',(0.999999208914,-1.257844000032E-03,0.));
#2564 = ADVANCED_FACE('',(#2565),#2576,.T.);
#2565 = FACE_BOUND('',#2566,.T.);
#2566 = EDGE_LOOP('',(#2567,#2568,#2569,#2575));
#2567 = ORIENTED_EDGE('',*,*,#2536,.T.);
#2568 = ORIENTED_EDGE('',*,*,#1479,.T.);
#2569 = ORIENTED_EDGE('',*,*,#2570,.F.);
#2570 = EDGE_CURVE('',#352,#1472,#2571,.T.);
#2571 = LINE('',#2572,#2573);
#2572 = CARTESIAN_POINT('',(277.,-75.,0.));
#2573 = VECTOR('',#2574,1.);
#2574 = DIRECTION('',(0.,0.,1.));
#2575 = ORIENTED_EDGE('',*,*,#359,.F.);
#2576 = PLANE('',#2577);
#2577 = AXIS2_PLACEMENT_3D('',#2578,#2579,#2580);
#2578 = CARTESIAN_POINT('',(277.,-18.,0.));
#2579 = DIRECTION('',(1.,0.,-0.));
#2580 = DIRECTION('',(0.,-1.,0.));
#2581 = ADVANCED_FACE('',(#2582),#2593,.T.);
#2582 = FACE_BOUND('',#2583,.T.);
#2583 = EDGE_LOOP('',(#2584,#2590,#2591,#2592));
#2584 = ORIENTED_EDGE('',*,*,#2585,.T.);
#2585 = EDGE_CURVE('',#192,#1312,#2586,.T.);
#2586 = LINE('',#2587,#2588);
#2587 = CARTESIAN_POINT('',(35.,9.,0.));
#2588 = VECTOR('',#2589,1.);
#2589 = DIRECTION('',(0.,0.,1.));
#2590 = ORIENTED_EDGE('',*,*,#1311,.T.);
#2591 = ORIENTED_EDGE('',*,*,#2551,.F.);
#2592 = ORIENTED_EDGE('',*,*,#191,.F.);
#2593 = PLANE('',#2594);
#2594 = AXIS2_PLACEMENT_3D('',#2595,#2596,#2597);
#2595 = CARTESIAN_POINT('',(35.,9.,0.));
#2596 = DIRECTION('',(0.999999370389,-1.122150288567E-03,0.));
#2597 = DIRECTION('',(-1.122150288567E-03,-0.999999370389,0.));
#2598 = ADVANCED_FACE('',(#2599),#2610,.T.);
#2599 = FACE_BOUND('',#2600,.T.);
#2600 = EDGE_LOOP('',(#2601,#2602,#2603,#2609));
#2601 = ORIENTED_EDGE('',*,*,#2570,.T.);
#2602 = ORIENTED_EDGE('',*,*,#1471,.T.);
#2603 = ORIENTED_EDGE('',*,*,#2604,.F.);
#2604 = EDGE_CURVE('',#344,#1464,#2605,.T.);
#2605 = LINE('',#2606,#2607);
#2606 = CARTESIAN_POINT('',(287.,-75.,0.));
#2607 = VECTOR('',#2608,1.);
#2608 = DIRECTION('',(0.,0.,1.));
#2609 = ORIENTED_EDGE('',*,*,#351,.F.);
#2610 = PLANE('',#2611);
#2611 = AXIS2_PLACEMENT_3D('',#2612,#2613,#2614);
#2612 = CARTESIAN_POINT('',(277.,-75.,0.));
#2613 = DIRECTION('',(0.,1.,0.));
#2614 = DIRECTION('',(1.,0.,0.));
#2615 = ADVANCED_FACE('',(#2616),#2627,.T.);
#2616 = FACE_BOUND('',#2617,.T.);
#2617 = EDGE_LOOP('',(#2618,#2624,#2625,#2626));
#2618 = ORIENTED_EDGE('',*,*,#2619,.T.);
#2619 = EDGE_CURVE('',#200,#1320,#2620,.T.);
#2620 = LINE('',#2621,#2622);
#2621 = CARTESIAN_POINT('',(9.,9.,0.));
#2622 = VECTOR('',#2623,1.);
#2623 = DIRECTION('',(0.,0.,1.));
#2624 = ORIENTED_EDGE('',*,*,#1319,.T.);
#2625 = ORIENTED_EDGE('',*,*,#2585,.F.);
#2626 = ORIENTED_EDGE('',*,*,#199,.F.);
#2627 = PLANE('',#2628);
#2628 = AXIS2_PLACEMENT_3D('',#2629,#2630,#2631);
#2629 = CARTESIAN_POINT('',(9.,9.,0.));
#2630 = DIRECTION('',(0.,1.,0.));
#2631 = DIRECTION('',(1.,0.,0.));
#2632 = ADVANCED_FACE('',(#2633),#2644,.T.);
#2633 = FACE_BOUND('',#2634,.T.);
#2634 = EDGE_LOOP('',(#2635,#2636,#2637,#2643));
#2635 = ORIENTED_EDGE('',*,*,#2604,.T.);
#2636 = ORIENTED_EDGE('',*,*,#1463,.T.);
#2637 = ORIENTED_EDGE('',*,*,#2638,.F.);
#2638 = EDGE_CURVE('',#336,#1456,#2639,.T.);
#2639 = LINE('',#2640,#2641);
#2640 = CARTESIAN_POINT('',(292.,-80.,0.));
#2641 = VECTOR('',#2642,1.);
#2642 = DIRECTION('',(0.,0.,1.));
#2643 = ORIENTED_EDGE('',*,*,#343,.F.);
#2644 = PLANE('',#2645);
#2645 = AXIS2_PLACEMENT_3D('',#2646,#2647,#2648);
#2646 = CARTESIAN_POINT('',(287.,-75.,0.));
#2647 = DIRECTION('',(0.707106781187,0.707106781187,-0.));
#2648 = DIRECTION('',(0.707106781187,-0.707106781187,0.));
#2649 = ADVANCED_FACE('',(#2650),#2661,.T.);
#2650 = FACE_BOUND('',#2651,.T.);
#2651 = EDGE_LOOP('',(#2652,#2658,#2659,#2660));
#2652 = ORIENTED_EDGE('',*,*,#2653,.T.);
#2653 = EDGE_CURVE('',#208,#1328,#2654,.T.);
#2654 = LINE('',#2655,#2656);
#2655 = CARTESIAN_POINT('',(0.,-0.,0.));
#2656 = VECTOR('',#2657,1.);
#2657 = DIRECTION('',(0.,0.,1.));
#2658 = ORIENTED_EDGE('',*,*,#1327,.T.);
#2659 = ORIENTED_EDGE('',*,*,#2619,.F.);
#2660 = ORIENTED_EDGE('',*,*,#207,.F.);
#2661 = PLANE('',#2662);
#2662 = AXIS2_PLACEMENT_3D('',#2663,#2664,#2665);
#2663 = CARTESIAN_POINT('',(0.,0.,0.));
#2664 = DIRECTION('',(-0.707106781187,0.707106781187,0.));
#2665 = DIRECTION('',(0.707106781187,0.707106781187,0.));
#2666 = ADVANCED_FACE('',(#2667),#2678,.T.);
#2667 = FACE_BOUND('',#2668,.T.);
#2668 = EDGE_LOOP('',(#2669,#2670,#2671,#2677));
#2669 = ORIENTED_EDGE('',*,*,#2638,.T.);
#2670 = ORIENTED_EDGE('',*,*,#1455,.T.);
#2671 = ORIENTED_EDGE('',*,*,#2672,.F.);
#2672 = EDGE_CURVE('',#328,#1448,#2673,.T.);
#2673 = LINE('',#2674,#2675);
#2674 = CARTESIAN_POINT('',(292.,-87.,0.));
#2675 = VECTOR('',#2676,1.);
#2676 = DIRECTION('',(0.,0.,1.));
#2677 = ORIENTED_EDGE('',*,*,#335,.F.);
#2678 = PLANE('',#2679);
#2679 = AXIS2_PLACEMENT_3D('',#2680,#2681,#2682);
#2680 = CARTESIAN_POINT('',(292.,-80.,0.));
#2681 = DIRECTION('',(1.,0.,-0.));
#2682 = DIRECTION('',(0.,-1.,0.));
#2683 = ADVANCED_FACE('',(#2684),#2695,.T.);
#2684 = FACE_BOUND('',#2685,.T.);
#2685 = EDGE_LOOP('',(#2686,#2692,#2693,#2694));
#2686 = ORIENTED_EDGE('',*,*,#2687,.T.);
#2687 = EDGE_CURVE('',#216,#1336,#2688,.T.);
#2688 = LINE('',#2689,#2690);
#2689 = CARTESIAN_POINT('',(0.,-85.,0.));
#2690 = VECTOR('',#2691,1.);
#2691 = DIRECTION('',(0.,0.,1.));
#2692 = ORIENTED_EDGE('',*,*,#1335,.T.);
#2693 = ORIENTED_EDGE('',*,*,#2653,.F.);
#2694 = ORIENTED_EDGE('',*,*,#215,.F.);
#2695 = PLANE('',#2696);
#2696 = AXIS2_PLACEMENT_3D('',#2697,#2698,#2699);
#2697 = CARTESIAN_POINT('',(0.,-85.,0.));
#2698 = DIRECTION('',(-1.,0.,0.));
#2699 = DIRECTION('',(0.,1.,0.));
#2700 = ADVANCED_FACE('',(#2701),#2712,.T.);
#2701 = FACE_BOUND('',#2702,.T.);
#2702 = EDGE_LOOP('',(#2703,#2704,#2705,#2711));
#2703 = ORIENTED_EDGE('',*,*,#2672,.T.);
#2704 = ORIENTED_EDGE('',*,*,#1447,.T.);
#2705 = ORIENTED_EDGE('',*,*,#2706,.F.);
#2706 = EDGE_CURVE('',#320,#1440,#2707,.T.);
#2707 = LINE('',#2708,#2709);
#2708 = CARTESIAN_POINT('',(246.999994,-86.981025,0.));
#2709 = VECTOR('',#2710,1.);
#2710 = DIRECTION('',(0.,0.,1.));
#2711 = ORIENTED_EDGE('',*,*,#327,.F.);
#2712 = PLANE('',#2713);
#2713 = AXIS2_PLACEMENT_3D('',#2714,#2715,#2716);
#2714 = CARTESIAN_POINT('',(292.,-87.,0.));
#2715 = DIRECTION('',(-4.216665729577E-04,-0.999999911099,0.));
#2716 = DIRECTION('',(-0.999999911099,4.216665729577E-04,0.));
#2717 = ADVANCED_FACE('',(#2718),#2729,.T.);
#2718 = FACE_BOUND('',#2719,.T.);
#2719 = EDGE_LOOP('',(#2720,#2726,#2727,#2728));
#2720 = ORIENTED_EDGE('',*,*,#2721,.T.);
#2721 = EDGE_CURVE('',#224,#1344,#2722,.T.);
#2722 = LINE('',#2723,#2724);
#2723 = CARTESIAN_POINT('',(2.,-87.,0.));
#2724 = VECTOR('',#2725,1.);
#2725 = DIRECTION('',(0.,0.,1.));
#2726 = ORIENTED_EDGE('',*,*,#1343,.T.);
#2727 = ORIENTED_EDGE('',*,*,#2687,.F.);
#2728 = ORIENTED_EDGE('',*,*,#223,.F.);
#2729 = PLANE('',#2730);
#2730 = AXIS2_PLACEMENT_3D('',#2731,#2732,#2733);
#2731 = CARTESIAN_POINT('',(2.,-87.,0.));
#2732 = DIRECTION('',(-0.707106781187,-0.707106781187,0.));
#2733 = DIRECTION('',(-0.707106781187,0.707106781187,0.));
#2734 = ADVANCED_FACE('',(#2735),#2746,.T.);
#2735 = FACE_BOUND('',#2736,.T.);
#2736 = EDGE_LOOP('',(#2737,#2738,#2739,#2745));
#2737 = ORIENTED_EDGE('',*,*,#2706,.T.);
#2738 = ORIENTED_EDGE('',*,*,#1439,.T.);
#2739 = ORIENTED_EDGE('',*,*,#2740,.F.);
#2740 = EDGE_CURVE('',#312,#1432,#2741,.T.);
#2741 = LINE('',#2742,#2743);
#2742 = CARTESIAN_POINT('',(247.000013,-79.,0.));
#2743 = VECTOR('',#2744,1.);
#2744 = DIRECTION('',(0.,0.,1.));
#2745 = ORIENTED_EDGE('',*,*,#319,.F.);
#2746 = PLANE('',#2747);
#2747 = AXIS2_PLACEMENT_3D('',#2748,#2749,#2750);
#2748 = CARTESIAN_POINT('',(246.999994,-86.981025,0.));
#2749 = DIRECTION('',(-0.999999999997,2.38064659725E-06,0.));
#2750 = DIRECTION('',(2.38064659725E-06,0.999999999997,0.));
#2751 = ADVANCED_FACE('',(#2752),#2763,.T.);
#2752 = FACE_BOUND('',#2753,.T.);
#2753 = EDGE_LOOP('',(#2754,#2760,#2761,#2762));
#2754 = ORIENTED_EDGE('',*,*,#2755,.T.);
#2755 = EDGE_CURVE('',#232,#1352,#2756,.T.);
#2756 = LINE('',#2757,#2758);
#2757 = CARTESIAN_POINT('',(33.,-87.,0.));
#2758 = VECTOR('',#2759,1.);
#2759 = DIRECTION('',(0.,0.,1.));
#2760 = ORIENTED_EDGE('',*,*,#1351,.T.);
#2761 = ORIENTED_EDGE('',*,*,#2721,.F.);
#2762 = ORIENTED_EDGE('',*,*,#231,.F.);
#2763 = PLANE('',#2764);
#2764 = AXIS2_PLACEMENT_3D('',#2765,#2766,#2767);
#2765 = CARTESIAN_POINT('',(33.,-87.,0.));
#2766 = DIRECTION('',(0.,-1.,0.));
#2767 = DIRECTION('',(-1.,0.,0.));
#2768 = ADVANCED_FACE('',(#2769),#2780,.T.);
#2769 = FACE_BOUND('',#2770,.T.);
#2770 = EDGE_LOOP('',(#2771,#2772,#2773,#2779));
#2771 = ORIENTED_EDGE('',*,*,#2740,.T.);
#2772 = ORIENTED_EDGE('',*,*,#1431,.T.);
#2773 = ORIENTED_EDGE('',*,*,#2774,.F.);
#2774 = EDGE_CURVE('',#304,#1424,#2775,.T.);
#2775 = LINE('',#2776,#2777);
#2776 = CARTESIAN_POINT('',(212.997656,-79.,0.));
#2777 = VECTOR('',#2778,1.);
#2778 = DIRECTION('',(0.,0.,1.));
#2779 = ORIENTED_EDGE('',*,*,#311,.F.);
#2780 = PLANE('',#2781);
#2781 = AXIS2_PLACEMENT_3D('',#2782,#2783,#2784);
#2782 = CARTESIAN_POINT('',(247.000013,-79.,0.));
#2783 = DIRECTION('',(0.,-1.,0.));
#2784 = DIRECTION('',(-1.,0.,0.));
#2785 = ADVANCED_FACE('',(#2786),#2797,.T.);
#2786 = FACE_BOUND('',#2787,.T.);
#2787 = EDGE_LOOP('',(#2788,#2794,#2795,#2796));
#2788 = ORIENTED_EDGE('',*,*,#2789,.T.);
#2789 = EDGE_CURVE('',#240,#1360,#2790,.T.);
#2790 = LINE('',#2791,#2792);
#2791 = CARTESIAN_POINT('',(33.,-79.,0.));
#2792 = VECTOR('',#2793,1.);
#2793 = DIRECTION('',(0.,0.,1.));
#2794 = ORIENTED_EDGE('',*,*,#1359,.T.);
#2795 = ORIENTED_EDGE('',*,*,#2755,.F.);
#2796 = ORIENTED_EDGE('',*,*,#239,.F.);
#2797 = PLANE('',#2798);
#2798 = AXIS2_PLACEMENT_3D('',#2799,#2800,#2801);
#2799 = CARTESIAN_POINT('',(33.,-79.,0.));
#2800 = DIRECTION('',(1.,0.,-0.));
#2801 = DIRECTION('',(0.,-1.,0.));
#2802 = ADVANCED_FACE('',(#2803),#2814,.T.);
#2803 = FACE_BOUND('',#2804,.T.);
#2804 = EDGE_LOOP('',(#2805,#2806,#2807,#2813));
#2805 = ORIENTED_EDGE('',*,*,#2774,.T.);
#2806 = ORIENTED_EDGE('',*,*,#1423,.T.);
#2807 = ORIENTED_EDGE('',*,*,#2808,.F.);
#2808 = EDGE_CURVE('',#296,#1416,#2809,.T.);
#2809 = LINE('',#2810,#2811);
#2810 = CARTESIAN_POINT('',(213.00136,-86.894785,0.));
#2811 = VECTOR('',#2812,1.);
#2812 = DIRECTION('',(0.,0.,1.));
#2813 = ORIENTED_EDGE('',*,*,#303,.F.);
#2814 = PLANE('',#2815);
#2815 = AXIS2_PLACEMENT_3D('',#2816,#2817,#2818);
#2816 = CARTESIAN_POINT('',(212.997656,-79.,0.));
#2817 = DIRECTION('',(0.99999988994,4.691704197562E-04,-0.));
#2818 = DIRECTION('',(4.691704197562E-04,-0.99999988994,0.));
#2819 = ADVANCED_FACE('',(#2820),#2831,.T.);
#2820 = FACE_BOUND('',#2821,.T.);
#2821 = EDGE_LOOP('',(#2822,#2828,#2829,#2830));
#2822 = ORIENTED_EDGE('',*,*,#2823,.T.);
#2823 = EDGE_CURVE('',#248,#1368,#2824,.T.);
#2824 = LINE('',#2825,#2826);
#2825 = CARTESIAN_POINT('',(67.002558,-79.,0.));
#2826 = VECTOR('',#2827,1.);
#2827 = DIRECTION('',(0.,0.,1.));
#2828 = ORIENTED_EDGE('',*,*,#1367,.T.);
#2829 = ORIENTED_EDGE('',*,*,#2789,.F.);
#2830 = ORIENTED_EDGE('',*,*,#247,.F.);
#2831 = PLANE('',#2832);
#2832 = AXIS2_PLACEMENT_3D('',#2833,#2834,#2835);
#2833 = CARTESIAN_POINT('',(67.002558,-79.,0.));
#2834 = DIRECTION('',(0.,-1.,0.));
#2835 = DIRECTION('',(-1.,0.,0.));
#2836 = ADVANCED_FACE('',(#2837),#2848,.T.);
#2837 = FACE_BOUND('',#2838,.T.);
#2838 = EDGE_LOOP('',(#2839,#2840,#2841,#2847));
#2839 = ORIENTED_EDGE('',*,*,#2808,.T.);
#2840 = ORIENTED_EDGE('',*,*,#1415,.T.);
#2841 = ORIENTED_EDGE('',*,*,#2842,.F.);
#2842 = EDGE_CURVE('',#288,#1408,#2843,.T.);
#2843 = LINE('',#2844,#2845);
#2844 = CARTESIAN_POINT('',(157.000034,-86.921066,0.));
#2845 = VECTOR('',#2846,1.);
#2846 = DIRECTION('',(0.,0.,1.));
#2847 = ORIENTED_EDGE('',*,*,#295,.F.);
#2848 = PLANE('',#2849);
#2849 = AXIS2_PLACEMENT_3D('',#2850,#2851,#2852);
#2850 = CARTESIAN_POINT('',(213.00136,-86.894785,0.));
#2851 = DIRECTION('',(4.692924075761E-04,-0.999999889882,0.));
#2852 = DIRECTION('',(-0.999999889882,-4.692924075761E-04,0.));
#2853 = ADVANCED_FACE('',(#2854),#2865,.T.);
#2854 = FACE_BOUND('',#2855,.T.);
#2855 = EDGE_LOOP('',(#2856,#2862,#2863,#2864));
#2856 = ORIENTED_EDGE('',*,*,#2857,.T.);
#2857 = EDGE_CURVE('',#256,#1376,#2858,.T.);
#2858 = LINE('',#2859,#2860);
#2859 = CARTESIAN_POINT('',(66.997529,-86.865746,0.));
#2860 = VECTOR('',#2861,1.);
#2861 = DIRECTION('',(0.,0.,1.));
#2862 = ORIENTED_EDGE('',*,*,#1375,.T.);
#2863 = ORIENTED_EDGE('',*,*,#2823,.F.);
#2864 = ORIENTED_EDGE('',*,*,#255,.F.);
#2865 = PLANE('',#2866);
#2866 = AXIS2_PLACEMENT_3D('',#2867,#2868,#2869);
#2867 = CARTESIAN_POINT('',(66.997529,-86.865746,0.));
#2868 = DIRECTION('',(-0.999999795613,6.393543564884E-04,0.));
#2869 = DIRECTION('',(6.393543564884E-04,0.999999795613,0.));
#2870 = ADVANCED_FACE('',(#2871),#2882,.T.);
#2871 = FACE_BOUND('',#2872,.T.);
#2872 = EDGE_LOOP('',(#2873,#2874,#2875,#2881));
#2873 = ORIENTED_EDGE('',*,*,#2842,.T.);
#2874 = ORIENTED_EDGE('',*,*,#1407,.T.);
#2875 = ORIENTED_EDGE('',*,*,#2876,.F.);
#2876 = EDGE_CURVE('',#280,#1400,#2877,.T.);
#2877 = LINE('',#2878,#2879);
#2878 = CARTESIAN_POINT('',(156.999966,-79.,0.));
#2879 = VECTOR('',#2880,1.);
#2880 = DIRECTION('',(0.,0.,1.));
#2881 = ORIENTED_EDGE('',*,*,#287,.F.);
#2882 = PLANE('',#2883);
#2883 = AXIS2_PLACEMENT_3D('',#2884,#2885,#2886);
#2884 = CARTESIAN_POINT('',(157.000034,-86.921066,0.));
#2885 = DIRECTION('',(-0.999999999963,-8.584703119042E-06,0.));
#2886 = DIRECTION('',(-8.584703119042E-06,0.999999999963,0.));
#2887 = ADVANCED_FACE('',(#2888),#2899,.T.);
#2888 = FACE_BOUND('',#2889,.T.);
#2889 = EDGE_LOOP('',(#2890,#2896,#2897,#2898));
#2890 = ORIENTED_EDGE('',*,*,#2891,.T.);
#2891 = EDGE_CURVE('',#264,#1384,#2892,.T.);
#2892 = LINE('',#2893,#2894);
#2893 = CARTESIAN_POINT('',(123.00003,-86.901548,0.));
#2894 = VECTOR('',#2895,1.);
#2895 = DIRECTION('',(0.,0.,1.));
#2896 = ORIENTED_EDGE('',*,*,#1383,.T.);
#2897 = ORIENTED_EDGE('',*,*,#2857,.F.);
#2898 = ORIENTED_EDGE('',*,*,#263,.F.);
#2899 = PLANE('',#2900);
#2900 = AXIS2_PLACEMENT_3D('',#2901,#2902,#2903);
#2901 = CARTESIAN_POINT('',(123.00003,-86.901548,0.));
#2902 = DIRECTION('',(-6.39292746657E-04,-0.999999795652,0.));
#2903 = DIRECTION('',(-0.999999795652,6.39292746657E-04,0.));
#2904 = ADVANCED_FACE('',(#2905),#2916,.T.);
#2905 = FACE_BOUND('',#2906,.T.);
#2906 = EDGE_LOOP('',(#2907,#2908,#2909,#2915));
#2907 = ORIENTED_EDGE('',*,*,#2876,.T.);
#2908 = ORIENTED_EDGE('',*,*,#1399,.T.);
#2909 = ORIENTED_EDGE('',*,*,#2910,.F.);
#2910 = EDGE_CURVE('',#272,#1392,#2911,.T.);
#2911 = LINE('',#2912,#2913);
#2912 = CARTESIAN_POINT('',(122.999947,-79.,0.));
#2913 = VECTOR('',#2914,1.);
#2914 = DIRECTION('',(0.,0.,1.));
#2915 = ORIENTED_EDGE('',*,*,#279,.F.);
#2916 = PLANE('',#2917);
#2917 = AXIS2_PLACEMENT_3D('',#2918,#2919,#2920);
#2918 = CARTESIAN_POINT('',(156.999966,-79.,0.));
#2919 = DIRECTION('',(0.,-1.,0.));
#2920 = DIRECTION('',(-1.,0.,0.));
#2921 = ADVANCED_FACE('',(#2922),#2928,.T.);
#2922 = FACE_BOUND('',#2923,.T.);
#2923 = EDGE_LOOP('',(#2924,#2925,#2926,#2927));
#2924 = ORIENTED_EDGE('',*,*,#2910,.T.);
#2925 = ORIENTED_EDGE('',*,*,#1391,.T.);
#2926 = ORIENTED_EDGE('',*,*,#2891,.F.);
#2927 = ORIENTED_EDGE('',*,*,#271,.F.);
#2928 = PLANE('',#2929);
#2929 = AXIS2_PLACEMENT_3D('',#2930,#2931,#2932);
#2930 = CARTESIAN_POINT('',(122.999947,-79.,0.));
#2931 = DIRECTION('',(0.999999999945,1.050427080679E-05,-0.));
#2932 = DIRECTION('',(1.050427080679E-05,-0.999999999945,0.));
#2933 = ADVANCED_FACE('',(#2934),#2945,.F.);
#2934 = FACE_BOUND('',#2935,.T.);
#2935 = EDGE_LOOP('',(#2936,#2937,#2943,#2944));
#2936 = ORIENTED_EDGE('',*,*,#408,.T.);
#2937 = ORIENTED_EDGE('',*,*,#2938,.T.);
#2938 = EDGE_CURVE('',#409,#1529,#2939,.T.);
#2939 = LINE('',#2940,#2941);
#2940 = CARTESIAN_POINT('',(18.,-85.925,-4.6E-02));
#2941 = VECTOR('',#2942,1.);
#2942 = DIRECTION('',(0.,0.,1.));
#2943 = ORIENTED_EDGE('',*,*,#1528,.F.);
#2944 = ORIENTED_EDGE('',*,*,#2938,.F.);
#2945 = CYLINDRICAL_SURFACE('',#2946,0.425);
#2946 = AXIS2_PLACEMENT_3D('',#2947,#2948,#2949);
#2947 = CARTESIAN_POINT('',(18.,-85.5,-4.6E-02));
#2948 = DIRECTION('',(-0.,-0.,-1.));
#2949 = DIRECTION('',(-0.,-1.,0.));
#2950 = ADVANCED_FACE('',(#2951),#2962,.F.);
#2951 = FACE_BOUND('',#2952,.T.);
#2952 = EDGE_LOOP('',(#2953,#2954,#2960,#2961));
#2953 = ORIENTED_EDGE('',*,*,#419,.T.);
#2954 = ORIENTED_EDGE('',*,*,#2955,.T.);
#2955 = EDGE_CURVE('',#420,#1540,#2956,.T.);
#2956 = LINE('',#2957,#2958);
#2957 = CARTESIAN_POINT('',(6.,-84.2,-4.6E-02));
#2958 = VECTOR('',#2959,1.);
#2959 = DIRECTION('',(0.,0.,1.));
#2960 = ORIENTED_EDGE('',*,*,#1539,.F.);
#2961 = ORIENTED_EDGE('',*,*,#2955,.F.);
#2962 = CYLINDRICAL_SURFACE('',#2963,3.2);
#2963 = AXIS2_PLACEMENT_3D('',#2964,#2965,#2966);
#2964 = CARTESIAN_POINT('',(6.,-81.,-4.6E-02));
#2965 = DIRECTION('',(-0.,-0.,-1.));
#2966 = DIRECTION('',(-0.,-1.,0.));
#2967 = ADVANCED_FACE('',(#2968),#2979,.F.);
#2968 = FACE_BOUND('',#2969,.T.);
#2969 = EDGE_LOOP('',(#2970,#2971,#2977,#2978));
#2970 = ORIENTED_EDGE('',*,*,#430,.T.);
#2971 = ORIENTED_EDGE('',*,*,#2972,.T.);
#2972 = EDGE_CURVE('',#431,#1551,#2973,.T.);
#2973 = LINE('',#2974,#2975);
#2974 = CARTESIAN_POINT('',(24.,-85.925,-4.6E-02));
#2975 = VECTOR('',#2976,1.);
#2976 = DIRECTION('',(0.,0.,1.));
#2977 = ORIENTED_EDGE('',*,*,#1550,.F.);
#2978 = ORIENTED_EDGE('',*,*,#2972,.F.);
#2979 = CYLINDRICAL_SURFACE('',#2980,0.425);
#2980 = AXIS2_PLACEMENT_3D('',#2981,#2982,#2983);
#2981 = CARTESIAN_POINT('',(24.,-85.5,-4.6E-02));
#2982 = DIRECTION('',(-0.,-0.,-1.));
#2983 = DIRECTION('',(-0.,-1.,0.));
#2984 = ADVANCED_FACE('',(#2985),#2996,.F.);
#2985 = FACE_BOUND('',#2986,.T.);
#2986 = EDGE_LOOP('',(#2987,#2988,#2994,#2995));
#2987 = ORIENTED_EDGE('',*,*,#441,.T.);
#2988 = ORIENTED_EDGE('',*,*,#2989,.T.);
#2989 = EDGE_CURVE('',#442,#1562,#2990,.T.);
#2990 = LINE('',#2991,#2992);
#2991 = CARTESIAN_POINT('',(18.,-75.925,-4.6E-02));
#2992 = VECTOR('',#2993,1.);
#2993 = DIRECTION('',(0.,0.,1.));
#2994 = ORIENTED_EDGE('',*,*,#1561,.F.);
#2995 = ORIENTED_EDGE('',*,*,#2989,.F.);
#2996 = CYLINDRICAL_SURFACE('',#2997,0.425);
#2997 = AXIS2_PLACEMENT_3D('',#2998,#2999,#3000);
#2998 = CARTESIAN_POINT('',(18.,-75.5,-4.6E-02));
#2999 = DIRECTION('',(-0.,-0.,-1.));
#3000 = DIRECTION('',(-0.,-1.,0.));
#3001 = ADVANCED_FACE('',(#3002),#3013,.F.);
#3002 = FACE_BOUND('',#3003,.T.);
#3003 = EDGE_LOOP('',(#3004,#3005,#3011,#3012));
#3004 = ORIENTED_EDGE('',*,*,#452,.T.);
#3005 = ORIENTED_EDGE('',*,*,#3006,.T.);
#3006 = EDGE_CURVE('',#453,#1573,#3007,.T.);
#3007 = LINE('',#3008,#3009);
#3008 = CARTESIAN_POINT('',(24.,-75.925,-4.6E-02));
#3009 = VECTOR('',#3010,1.);
#3010 = DIRECTION('',(0.,0.,1.));
#3011 = ORIENTED_EDGE('',*,*,#1572,.F.);
#3012 = ORIENTED_EDGE('',*,*,#3006,.F.);
#3013 = CYLINDRICAL_SURFACE('',#3014,0.425);
#3014 = AXIS2_PLACEMENT_3D('',#3015,#3016,#3017);
#3015 = CARTESIAN_POINT('',(24.,-75.5,-4.6E-02));
#3016 = DIRECTION('',(-0.,-0.,-1.));
#3017 = DIRECTION('',(-0.,-1.,0.));
#3018 = ADVANCED_FACE('',(#3019),#3030,.F.);
#3019 = FACE_BOUND('',#3020,.T.);
#3020 = EDGE_LOOP('',(#3021,#3022,#3028,#3029));
#3021 = ORIENTED_EDGE('',*,*,#463,.T.);
#3022 = ORIENTED_EDGE('',*,*,#3023,.T.);
#3023 = EDGE_CURVE('',#464,#1584,#3024,.T.);
#3024 = LINE('',#3025,#3026);
#3025 = CARTESIAN_POINT('',(15.,-72.2,-4.6E-02));
#3026 = VECTOR('',#3027,1.);
#3027 = DIRECTION('',(0.,0.,1.));
#3028 = ORIENTED_EDGE('',*,*,#1583,.F.);
#3029 = ORIENTED_EDGE('',*,*,#3023,.F.);
#3030 = CYLINDRICAL_SURFACE('',#3031,0.7);
#3031 = AXIS2_PLACEMENT_3D('',#3032,#3033,#3034);
#3032 = CARTESIAN_POINT('',(15.,-71.5,-4.6E-02));
#3033 = DIRECTION('',(-0.,-0.,-1.));
#3034 = DIRECTION('',(-0.,-1.,0.));
#3035 = ADVANCED_FACE('',(#3036),#3047,.F.);
#3036 = FACE_BOUND('',#3037,.T.);
#3037 = EDGE_LOOP('',(#3038,#3039,#3045,#3046));
#3038 = ORIENTED_EDGE('',*,*,#474,.T.);
#3039 = ORIENTED_EDGE('',*,*,#3040,.T.);
#3040 = EDGE_CURVE('',#475,#1595,#3041,.T.);
#3041 = LINE('',#3042,#3043);
#3042 = CARTESIAN_POINT('',(35.3,-72.2,-4.6E-02));
#3043 = VECTOR('',#3044,1.);
#3044 = DIRECTION('',(0.,0.,1.));
#3045 = ORIENTED_EDGE('',*,*,#1594,.F.);
#3046 = ORIENTED_EDGE('',*,*,#3040,.F.);
#3047 = CYLINDRICAL_SURFACE('',#3048,0.7);
#3048 = AXIS2_PLACEMENT_3D('',#3049,#3050,#3051);
#3049 = CARTESIAN_POINT('',(35.3,-71.5,-4.6E-02));
#3050 = DIRECTION('',(-0.,-0.,-1.));
#3051 = DIRECTION('',(-0.,-1.,0.));
#3052 = ADVANCED_FACE('',(#3053),#3064,.F.);
#3053 = FACE_BOUND('',#3054,.T.);
#3054 = EDGE_LOOP('',(#3055,#3056,#3062,#3063));
#3055 = ORIENTED_EDGE('',*,*,#485,.T.);
#3056 = ORIENTED_EDGE('',*,*,#3057,.T.);
#3057 = EDGE_CURVE('',#486,#1606,#3058,.T.);
#3058 = LINE('',#3059,#3060);
#3059 = CARTESIAN_POINT('',(6.85,-66.85,-4.6E-02));
#3060 = VECTOR('',#3061,1.);
#3061 = DIRECTION('',(0.,0.,1.));
#3062 = ORIENTED_EDGE('',*,*,#1605,.F.);
#3063 = ORIENTED_EDGE('',*,*,#3057,.F.);
#3064 = CYLINDRICAL_SURFACE('',#3065,0.8);
#3065 = AXIS2_PLACEMENT_3D('',#3066,#3067,#3068);
#3066 = CARTESIAN_POINT('',(6.85,-66.05,-4.6E-02));
#3067 = DIRECTION('',(-0.,-0.,-1.));
#3068 = DIRECTION('',(-0.,-1.,0.));
#3069 = ADVANCED_FACE('',(#3070),#3081,.F.);
#3070 = FACE_BOUND('',#3071,.T.);
#3071 = EDGE_LOOP('',(#3072,#3073,#3079,#3080));
#3072 = ORIENTED_EDGE('',*,*,#496,.T.);
#3073 = ORIENTED_EDGE('',*,*,#3074,.T.);
#3074 = EDGE_CURVE('',#497,#1617,#3075,.T.);
#3075 = LINE('',#3076,#3077);
#3076 = CARTESIAN_POINT('',(64.,-72.2,-4.6E-02));
#3077 = VECTOR('',#3078,1.);
#3078 = DIRECTION('',(0.,0.,1.));
#3079 = ORIENTED_EDGE('',*,*,#1616,.F.);
#3080 = ORIENTED_EDGE('',*,*,#3074,.F.);
#3081 = CYLINDRICAL_SURFACE('',#3082,0.7);
#3082 = AXIS2_PLACEMENT_3D('',#3083,#3084,#3085);
#3083 = CARTESIAN_POINT('',(64.,-71.5,-4.6E-02));
#3084 = DIRECTION('',(-0.,-0.,-1.));
#3085 = DIRECTION('',(-0.,-1.,0.));
#3086 = ADVANCED_FACE('',(#3087),#3098,.F.);
#3087 = FACE_BOUND('',#3088,.T.);
#3088 = EDGE_LOOP('',(#3089,#3090,#3096,#3097));
#3089 = ORIENTED_EDGE('',*,*,#507,.T.);
#3090 = ORIENTED_EDGE('',*,*,#3091,.T.);
#3091 = EDGE_CURVE('',#508,#1628,#3092,.T.);
#3092 = LINE('',#3093,#3094);
#3093 = CARTESIAN_POINT('',(50.,-66.2,-4.6E-02));
#3094 = VECTOR('',#3095,1.);
#3095 = DIRECTION('',(0.,0.,1.));
#3096 = ORIENTED_EDGE('',*,*,#1627,.F.);
#3097 = ORIENTED_EDGE('',*,*,#3091,.F.);
#3098 = CYLINDRICAL_SURFACE('',#3099,3.2);
#3099 = AXIS2_PLACEMENT_3D('',#3100,#3101,#3102);
#3100 = CARTESIAN_POINT('',(50.,-63.,-4.6E-02));
#3101 = DIRECTION('',(-0.,-0.,-1.));
#3102 = DIRECTION('',(-0.,-1.,0.));
#3103 = ADVANCED_FACE('',(#3104),#3115,.F.);
#3104 = FACE_BOUND('',#3105,.T.);
#3105 = EDGE_LOOP('',(#3106,#3107,#3113,#3114));
#3106 = ORIENTED_EDGE('',*,*,#518,.T.);
#3107 = ORIENTED_EDGE('',*,*,#3108,.T.);
#3108 = EDGE_CURVE('',#519,#1639,#3109,.T.);
#3109 = LINE('',#3110,#3111);
#3110 = CARTESIAN_POINT('',(84.3,-72.2,-4.6E-02));
#3111 = VECTOR('',#3112,1.);
#3112 = DIRECTION('',(0.,0.,1.));
#3113 = ORIENTED_EDGE('',*,*,#1638,.F.);
#3114 = ORIENTED_EDGE('',*,*,#3108,.F.);
#3115 = CYLINDRICAL_SURFACE('',#3116,0.7);
#3116 = AXIS2_PLACEMENT_3D('',#3117,#3118,#3119);
#3117 = CARTESIAN_POINT('',(84.3,-71.5,-4.6E-02));
#3118 = DIRECTION('',(-0.,-0.,-1.));
#3119 = DIRECTION('',(-0.,-1.,0.));
#3120 = ADVANCED_FACE('',(#3121),#3132,.F.);
#3121 = FACE_BOUND('',#3122,.T.);
#3122 = EDGE_LOOP('',(#3123,#3124,#3130,#3131));
#3123 = ORIENTED_EDGE('',*,*,#529,.T.);
#3124 = ORIENTED_EDGE('',*,*,#3125,.T.);
#3125 = EDGE_CURVE('',#530,#1650,#3126,.T.);
#3126 = LINE('',#3127,#3128);
#3127 = CARTESIAN_POINT('',(105.,-72.2,-4.6E-02));
#3128 = VECTOR('',#3129,1.);
#3129 = DIRECTION('',(0.,0.,1.));
#3130 = ORIENTED_EDGE('',*,*,#1649,.F.);
#3131 = ORIENTED_EDGE('',*,*,#3125,.F.);
#3132 = CYLINDRICAL_SURFACE('',#3133,0.7);
#3133 = AXIS2_PLACEMENT_3D('',#3134,#3135,#3136);
#3134 = CARTESIAN_POINT('',(105.,-71.5,-4.6E-02));
#3135 = DIRECTION('',(-0.,-0.,-1.));
#3136 = DIRECTION('',(-0.,-1.,0.));
#3137 = ADVANCED_FACE('',(#3138),#3149,.F.);
#3138 = FACE_BOUND('',#3139,.T.);
#3139 = EDGE_LOOP('',(#3140,#3141,#3147,#3148));
#3140 = ORIENTED_EDGE('',*,*,#540,.T.);
#3141 = ORIENTED_EDGE('',*,*,#3142,.T.);
#3142 = EDGE_CURVE('',#541,#1661,#3143,.T.);
#3143 = LINE('',#3144,#3145);
#3144 = CARTESIAN_POINT('',(125.3,-72.2,-4.6E-02));
#3145 = VECTOR('',#3146,1.);
#3146 = DIRECTION('',(0.,0.,1.));
#3147 = ORIENTED_EDGE('',*,*,#1660,.F.);
#3148 = ORIENTED_EDGE('',*,*,#3142,.F.);
#3149 = CYLINDRICAL_SURFACE('',#3150,0.7);
#3150 = AXIS2_PLACEMENT_3D('',#3151,#3152,#3153);
#3151 = CARTESIAN_POINT('',(125.3,-71.5,-4.6E-02));
#3152 = DIRECTION('',(-0.,-0.,-1.));
#3153 = DIRECTION('',(-0.,-1.,0.));
#3154 = ADVANCED_FACE('',(#3155),#3166,.F.);
#3155 = FACE_BOUND('',#3156,.T.);
#3156 = EDGE_LOOP('',(#3157,#3158,#3164,#3165));
#3157 = ORIENTED_EDGE('',*,*,#551,.T.);
#3158 = ORIENTED_EDGE('',*,*,#3159,.T.);
#3159 = EDGE_CURVE('',#552,#1672,#3160,.T.);
#3160 = LINE('',#3161,#3162);
#3161 = CARTESIAN_POINT('',(140.,-66.2,-4.6E-02));
#3162 = VECTOR('',#3163,1.);
#3163 = DIRECTION('',(0.,0.,1.));
#3164 = ORIENTED_EDGE('',*,*,#1671,.F.);
#3165 = ORIENTED_EDGE('',*,*,#3159,.F.);
#3166 = CYLINDRICAL_SURFACE('',#3167,3.2);
#3167 = AXIS2_PLACEMENT_3D('',#3168,#3169,#3170);
#3168 = CARTESIAN_POINT('',(140.,-63.,-4.6E-02));
#3169 = DIRECTION('',(-0.,-0.,-1.));
#3170 = DIRECTION('',(-0.,-1.,0.));
#3171 = ADVANCED_FACE('',(#3172),#3183,.F.);
#3172 = FACE_BOUND('',#3173,.T.);
#3173 = EDGE_LOOP('',(#3174,#3175,#3181,#3182));
#3174 = ORIENTED_EDGE('',*,*,#562,.T.);
#3175 = ORIENTED_EDGE('',*,*,#3176,.T.);
#3176 = EDGE_CURVE('',#563,#1683,#3177,.T.);
#3177 = LINE('',#3178,#3179);
#3178 = CARTESIAN_POINT('',(166.4,-85.925,-4.6E-02));
#3179 = VECTOR('',#3180,1.);
#3180 = DIRECTION('',(0.,0.,1.));
#3181 = ORIENTED_EDGE('',*,*,#1682,.F.);
#3182 = ORIENTED_EDGE('',*,*,#3176,.F.);
#3183 = CYLINDRICAL_SURFACE('',#3184,0.425);
#3184 = AXIS2_PLACEMENT_3D('',#3185,#3186,#3187);
#3185 = CARTESIAN_POINT('',(166.4,-85.5,-4.6E-02));
#3186 = DIRECTION('',(-0.,0.,-1.));
#3187 = DIRECTION('',(6.687461042448E-14,-1.,-0.));
#3188 = ADVANCED_FACE('',(#3189),#3200,.F.);
#3189 = FACE_BOUND('',#3190,.T.);
#3190 = EDGE_LOOP('',(#3191,#3192,#3198,#3199));
#3191 = ORIENTED_EDGE('',*,*,#573,.T.);
#3192 = ORIENTED_EDGE('',*,*,#3193,.T.);
#3193 = EDGE_CURVE('',#574,#1694,#3194,.T.);
#3194 = LINE('',#3195,#3196);
#3195 = CARTESIAN_POINT('',(172.5,-85.925,-4.6E-02));
#3196 = VECTOR('',#3197,1.);
#3197 = DIRECTION('',(0.,0.,1.));
#3198 = ORIENTED_EDGE('',*,*,#1693,.F.);
#3199 = ORIENTED_EDGE('',*,*,#3193,.F.);
#3200 = CYLINDRICAL_SURFACE('',#3201,0.425);
#3201 = AXIS2_PLACEMENT_3D('',#3202,#3203,#3204);
#3202 = CARTESIAN_POINT('',(172.5,-85.5,-4.6E-02));
#3203 = DIRECTION('',(-0.,-0.,-1.));
#3204 = DIRECTION('',(-0.,-1.,0.));
#3205 = ADVANCED_FACE('',(#3206),#3217,.F.);
#3206 = FACE_BOUND('',#3207,.T.);
#3207 = EDGE_LOOP('',(#3208,#3209,#3215,#3216));
#3208 = ORIENTED_EDGE('',*,*,#584,.T.);
#3209 = ORIENTED_EDGE('',*,*,#3210,.T.);
#3210 = EDGE_CURVE('',#585,#1705,#3211,.T.);
#3211 = LINE('',#3212,#3213);
#3212 = CARTESIAN_POINT('',(166.4,-75.925,-4.6E-02));
#3213 = VECTOR('',#3214,1.);
#3214 = DIRECTION('',(0.,0.,1.));
#3215 = ORIENTED_EDGE('',*,*,#1704,.F.);
#3216 = ORIENTED_EDGE('',*,*,#3210,.F.);
#3217 = CYLINDRICAL_SURFACE('',#3218,0.425);
#3218 = AXIS2_PLACEMENT_3D('',#3219,#3220,#3221);
#3219 = CARTESIAN_POINT('',(166.4,-75.5,-4.6E-02));
#3220 = DIRECTION('',(-0.,0.,-1.));
#3221 = DIRECTION('',(6.687461042448E-14,-1.,-0.));
#3222 = ADVANCED_FACE('',(#3223),#3234,.F.);
#3223 = FACE_BOUND('',#3224,.T.);
#3224 = EDGE_LOOP('',(#3225,#3226,#3232,#3233));
#3225 = ORIENTED_EDGE('',*,*,#595,.T.);
#3226 = ORIENTED_EDGE('',*,*,#3227,.T.);
#3227 = EDGE_CURVE('',#596,#1716,#3228,.T.);
#3228 = LINE('',#3229,#3230);
#3229 = CARTESIAN_POINT('',(172.5,-75.925,-4.6E-02));
#3230 = VECTOR('',#3231,1.);
#3231 = DIRECTION('',(0.,0.,1.));
#3232 = ORIENTED_EDGE('',*,*,#1715,.F.);
#3233 = ORIENTED_EDGE('',*,*,#3227,.F.);
#3234 = CYLINDRICAL_SURFACE('',#3235,0.425);
#3235 = AXIS2_PLACEMENT_3D('',#3236,#3237,#3238);
#3236 = CARTESIAN_POINT('',(172.5,-75.5,-4.6E-02));
#3237 = DIRECTION('',(-0.,-0.,-1.));
#3238 = DIRECTION('',(-0.,-1.,0.));
#3239 = ADVANCED_FACE('',(#3240),#3251,.F.);
#3240 = FACE_BOUND('',#3241,.T.);
#3241 = EDGE_LOOP('',(#3242,#3243,#3249,#3250));
#3242 = ORIENTED_EDGE('',*,*,#606,.T.);
#3243 = ORIENTED_EDGE('',*,*,#3244,.T.);
#3244 = EDGE_CURVE('',#607,#1727,#3245,.T.);
#3245 = LINE('',#3246,#3247);
#3246 = CARTESIAN_POINT('',(185.,-84.2,-4.6E-02));
#3247 = VECTOR('',#3248,1.);
#3248 = DIRECTION('',(0.,0.,1.));
#3249 = ORIENTED_EDGE('',*,*,#1726,.F.);
#3250 = ORIENTED_EDGE('',*,*,#3244,.F.);
#3251 = CYLINDRICAL_SURFACE('',#3252,3.2);
#3252 = AXIS2_PLACEMENT_3D('',#3253,#3254,#3255);
#3253 = CARTESIAN_POINT('',(185.,-81.,-4.6E-02));
#3254 = DIRECTION('',(-0.,-0.,-1.));
#3255 = DIRECTION('',(-0.,-1.,0.));
#3256 = ADVANCED_FACE('',(#3257),#3268,.F.);
#3257 = FACE_BOUND('',#3258,.T.);
#3258 = EDGE_LOOP('',(#3259,#3260,#3266,#3267));
#3259 = ORIENTED_EDGE('',*,*,#617,.T.);
#3260 = ORIENTED_EDGE('',*,*,#3261,.T.);
#3261 = EDGE_CURVE('',#618,#1738,#3262,.T.);
#3262 = LINE('',#3263,#3264);
#3263 = CARTESIAN_POINT('',(154.,-72.2,-4.6E-02));
#3264 = VECTOR('',#3265,1.);
#3265 = DIRECTION('',(0.,0.,1.));
#3266 = ORIENTED_EDGE('',*,*,#1737,.F.);
#3267 = ORIENTED_EDGE('',*,*,#3261,.F.);
#3268 = CYLINDRICAL_SURFACE('',#3269,0.7);
#3269 = AXIS2_PLACEMENT_3D('',#3270,#3271,#3272);
#3270 = CARTESIAN_POINT('',(154.,-71.5,-4.6E-02));
#3271 = DIRECTION('',(-0.,-0.,-1.));
#3272 = DIRECTION('',(-0.,-1.,0.));
#3273 = ADVANCED_FACE('',(#3274),#3285,.F.);
#3274 = FACE_BOUND('',#3275,.T.);
#3275 = EDGE_LOOP('',(#3276,#3277,#3283,#3284));
#3276 = ORIENTED_EDGE('',*,*,#628,.T.);
#3277 = ORIENTED_EDGE('',*,*,#3278,.T.);
#3278 = EDGE_CURVE('',#629,#1749,#3279,.T.);
#3279 = LINE('',#3280,#3281);
#3280 = CARTESIAN_POINT('',(174.3,-72.2,-4.6E-02));
#3281 = VECTOR('',#3282,1.);
#3282 = DIRECTION('',(0.,0.,1.));
#3283 = ORIENTED_EDGE('',*,*,#1748,.F.);
#3284 = ORIENTED_EDGE('',*,*,#3278,.F.);
#3285 = CYLINDRICAL_SURFACE('',#3286,0.7);
#3286 = AXIS2_PLACEMENT_3D('',#3287,#3288,#3289);
#3287 = CARTESIAN_POINT('',(174.3,-71.5,-4.6E-02));
#3288 = DIRECTION('',(-0.,-0.,-1.));
#3289 = DIRECTION('',(-0.,-1.,0.));
#3290 = ADVANCED_FACE('',(#3291),#3302,.F.);
#3291 = FACE_BOUND('',#3292,.T.);
#3292 = EDGE_LOOP('',(#3293,#3294,#3300,#3301));
#3293 = ORIENTED_EDGE('',*,*,#639,.T.);
#3294 = ORIENTED_EDGE('',*,*,#3295,.T.);
#3295 = EDGE_CURVE('',#640,#1760,#3296,.T.);
#3296 = LINE('',#3297,#3298);
#3297 = CARTESIAN_POINT('',(195.,-72.2,-4.6E-02));
#3298 = VECTOR('',#3299,1.);
#3299 = DIRECTION('',(0.,0.,1.));
#3300 = ORIENTED_EDGE('',*,*,#1759,.F.);
#3301 = ORIENTED_EDGE('',*,*,#3295,.F.);
#3302 = CYLINDRICAL_SURFACE('',#3303,0.7);
#3303 = AXIS2_PLACEMENT_3D('',#3304,#3305,#3306);
#3304 = CARTESIAN_POINT('',(195.,-71.5,-4.6E-02));
#3305 = DIRECTION('',(-0.,-0.,-1.));
#3306 = DIRECTION('',(-0.,-1.,0.));
#3307 = ADVANCED_FACE('',(#3308),#3319,.F.);
#3308 = FACE_BOUND('',#3309,.T.);
#3309 = EDGE_LOOP('',(#3310,#3311,#3317,#3318));
#3310 = ORIENTED_EDGE('',*,*,#650,.T.);
#3311 = ORIENTED_EDGE('',*,*,#3312,.T.);
#3312 = EDGE_CURVE('',#651,#1771,#3313,.T.);
#3313 = LINE('',#3314,#3315);
#3314 = CARTESIAN_POINT('',(215.3,-72.2,-4.6E-02));
#3315 = VECTOR('',#3316,1.);
#3316 = DIRECTION('',(0.,0.,1.));
#3317 = ORIENTED_EDGE('',*,*,#1770,.F.);
#3318 = ORIENTED_EDGE('',*,*,#3312,.F.);
#3319 = CYLINDRICAL_SURFACE('',#3320,0.7);
#3320 = AXIS2_PLACEMENT_3D('',#3321,#3322,#3323);
#3321 = CARTESIAN_POINT('',(215.3,-71.5,-4.6E-02));
#3322 = DIRECTION('',(-0.,-0.,-1.));
#3323 = DIRECTION('',(-0.,-1.,0.));
#3324 = ADVANCED_FACE('',(#3325),#3336,.F.);
#3325 = FACE_BOUND('',#3326,.T.);
#3326 = EDGE_LOOP('',(#3327,#3328,#3334,#3335));
#3327 = ORIENTED_EDGE('',*,*,#661,.T.);
#3328 = ORIENTED_EDGE('',*,*,#3329,.T.);
#3329 = EDGE_CURVE('',#662,#1782,#3330,.T.);
#3330 = LINE('',#3331,#3332);
#3331 = CARTESIAN_POINT('',(262.,-85.925,-4.6E-02));
#3332 = VECTOR('',#3333,1.);
#3333 = DIRECTION('',(0.,0.,1.));
#3334 = ORIENTED_EDGE('',*,*,#1781,.F.);
#3335 = ORIENTED_EDGE('',*,*,#3329,.F.);
#3336 = CYLINDRICAL_SURFACE('',#3337,0.425);
#3337 = AXIS2_PLACEMENT_3D('',#3338,#3339,#3340);
#3338 = CARTESIAN_POINT('',(262.,-85.5,-4.6E-02));
#3339 = DIRECTION('',(-0.,-0.,-1.));
#3340 = DIRECTION('',(-0.,-1.,0.));
#3341 = ADVANCED_FACE('',(#3342),#3353,.F.);
#3342 = FACE_BOUND('',#3343,.T.);
#3343 = EDGE_LOOP('',(#3344,#3345,#3351,#3352));
#3344 = ORIENTED_EDGE('',*,*,#672,.T.);
#3345 = ORIENTED_EDGE('',*,*,#3346,.T.);
#3346 = EDGE_CURVE('',#673,#1793,#3347,.T.);
#3347 = LINE('',#3348,#3349);
#3348 = CARTESIAN_POINT('',(268.,-85.925,-4.6E-02));
#3349 = VECTOR('',#3350,1.);
#3350 = DIRECTION('',(0.,0.,1.));
#3351 = ORIENTED_EDGE('',*,*,#1792,.F.);
#3352 = ORIENTED_EDGE('',*,*,#3346,.F.);
#3353 = CYLINDRICAL_SURFACE('',#3354,0.425);
#3354 = AXIS2_PLACEMENT_3D('',#3355,#3356,#3357);
#3355 = CARTESIAN_POINT('',(268.,-85.5,-4.6E-02));
#3356 = DIRECTION('',(-0.,-0.,-1.));
#3357 = DIRECTION('',(-0.,-1.,0.));
#3358 = ADVANCED_FACE('',(#3359),#3370,.F.);
#3359 = FACE_BOUND('',#3360,.T.);
#3360 = EDGE_LOOP('',(#3361,#3362,#3368,#3369));
#3361 = ORIENTED_EDGE('',*,*,#683,.T.);
#3362 = ORIENTED_EDGE('',*,*,#3363,.T.);
#3363 = EDGE_CURVE('',#684,#1804,#3364,.T.);
#3364 = LINE('',#3365,#3366);
#3365 = CARTESIAN_POINT('',(285.,-84.2,-4.6E-02));
#3366 = VECTOR('',#3367,1.);
#3367 = DIRECTION('',(0.,0.,1.));
#3368 = ORIENTED_EDGE('',*,*,#1803,.F.);
#3369 = ORIENTED_EDGE('',*,*,#3363,.F.);
#3370 = CYLINDRICAL_SURFACE('',#3371,3.2);
#3371 = AXIS2_PLACEMENT_3D('',#3372,#3373,#3374);
#3372 = CARTESIAN_POINT('',(285.,-81.,-4.6E-02));
#3373 = DIRECTION('',(-0.,-0.,-1.));
#3374 = DIRECTION('',(-0.,-1.,0.));
#3375 = ADVANCED_FACE('',(#3376),#3387,.F.);
#3376 = FACE_BOUND('',#3377,.T.);
#3377 = EDGE_LOOP('',(#3378,#3379,#3385,#3386));
#3378 = ORIENTED_EDGE('',*,*,#694,.T.);
#3379 = ORIENTED_EDGE('',*,*,#3380,.T.);
#3380 = EDGE_CURVE('',#695,#1815,#3381,.T.);
#3381 = LINE('',#3382,#3383);
#3382 = CARTESIAN_POINT('',(262.,-75.925,-4.6E-02));
#3383 = VECTOR('',#3384,1.);
#3384 = DIRECTION('',(0.,0.,1.));
#3385 = ORIENTED_EDGE('',*,*,#1814,.F.);
#3386 = ORIENTED_EDGE('',*,*,#3380,.F.);
#3387 = CYLINDRICAL_SURFACE('',#3388,0.425);
#3388 = AXIS2_PLACEMENT_3D('',#3389,#3390,#3391);
#3389 = CARTESIAN_POINT('',(262.,-75.5,-4.6E-02));
#3390 = DIRECTION('',(-0.,-0.,-1.));
#3391 = DIRECTION('',(-0.,-1.,0.));
#3392 = ADVANCED_FACE('',(#3393),#3404,.F.);
#3393 = FACE_BOUND('',#3394,.T.);
#3394 = EDGE_LOOP('',(#3395,#3396,#3402,#3403));
#3395 = ORIENTED_EDGE('',*,*,#705,.T.);
#3396 = ORIENTED_EDGE('',*,*,#3397,.T.);
#3397 = EDGE_CURVE('',#706,#1826,#3398,.T.);
#3398 = LINE('',#3399,#3400);
#3399 = CARTESIAN_POINT('',(268.,-75.925,-4.6E-02));
#3400 = VECTOR('',#3401,1.);
#3401 = DIRECTION('',(0.,0.,1.));
#3402 = ORIENTED_EDGE('',*,*,#1825,.F.);
#3403 = ORIENTED_EDGE('',*,*,#3397,.F.);
#3404 = CYLINDRICAL_SURFACE('',#3405,0.425);
#3405 = AXIS2_PLACEMENT_3D('',#3406,#3407,#3408);
#3406 = CARTESIAN_POINT('',(268.,-75.5,-4.6E-02));
#3407 = DIRECTION('',(-0.,-0.,-1.));
#3408 = DIRECTION('',(-0.,-1.,0.));
#3409 = ADVANCED_FACE('',(#3410),#3421,.F.);
#3410 = FACE_BOUND('',#3411,.T.);
#3411 = EDGE_LOOP('',(#3412,#3413,#3419,#3420));
#3412 = ORIENTED_EDGE('',*,*,#716,.T.);
#3413 = ORIENTED_EDGE('',*,*,#3414,.T.);
#3414 = EDGE_CURVE('',#717,#1837,#3415,.T.);
#3415 = LINE('',#3416,#3417);
#3416 = CARTESIAN_POINT('',(244.,-72.2,-4.6E-02));
#3417 = VECTOR('',#3418,1.);
#3418 = DIRECTION('',(0.,0.,1.));
#3419 = ORIENTED_EDGE('',*,*,#1836,.F.);
#3420 = ORIENTED_EDGE('',*,*,#3414,.F.);
#3421 = CYLINDRICAL_SURFACE('',#3422,0.7);
#3422 = AXIS2_PLACEMENT_3D('',#3423,#3424,#3425);
#3423 = CARTESIAN_POINT('',(244.,-71.5,-4.6E-02));
#3424 = DIRECTION('',(-0.,-0.,-1.));
#3425 = DIRECTION('',(-0.,-1.,0.));
#3426 = ADVANCED_FACE('',(#3427),#3438,.F.);
#3427 = FACE_BOUND('',#3428,.T.);
#3428 = EDGE_LOOP('',(#3429,#3430,#3436,#3437));
#3429 = ORIENTED_EDGE('',*,*,#727,.T.);
#3430 = ORIENTED_EDGE('',*,*,#3431,.T.);
#3431 = EDGE_CURVE('',#728,#1848,#3432,.T.);
#3432 = LINE('',#3433,#3434);
#3433 = CARTESIAN_POINT('',(230.,-66.2,-4.6E-02));
#3434 = VECTOR('',#3435,1.);
#3435 = DIRECTION('',(0.,0.,1.));
#3436 = ORIENTED_EDGE('',*,*,#1847,.F.);
#3437 = ORIENTED_EDGE('',*,*,#3431,.F.);
#3438 = CYLINDRICAL_SURFACE('',#3439,3.2);
#3439 = AXIS2_PLACEMENT_3D('',#3440,#3441,#3442);
#3440 = CARTESIAN_POINT('',(230.,-63.,-4.6E-02));
#3441 = DIRECTION('',(-0.,-0.,-1.));
#3442 = DIRECTION('',(-0.,-1.,0.));
#3443 = ADVANCED_FACE('',(#3444),#3455,.F.);
#3444 = FACE_BOUND('',#3445,.T.);
#3445 = EDGE_LOOP('',(#3446,#3447,#3453,#3454));
#3446 = ORIENTED_EDGE('',*,*,#738,.T.);
#3447 = ORIENTED_EDGE('',*,*,#3448,.T.);
#3448 = EDGE_CURVE('',#739,#1859,#3449,.T.);
#3449 = LINE('',#3450,#3451);
#3450 = CARTESIAN_POINT('',(264.3,-72.2,-4.6E-02));
#3451 = VECTOR('',#3452,1.);
#3452 = DIRECTION('',(0.,0.,1.));
#3453 = ORIENTED_EDGE('',*,*,#1858,.F.);
#3454 = ORIENTED_EDGE('',*,*,#3448,.F.);
#3455 = CYLINDRICAL_SURFACE('',#3456,0.7);
#3456 = AXIS2_PLACEMENT_3D('',#3457,#3458,#3459);
#3457 = CARTESIAN_POINT('',(264.3,-71.5,-4.6E-02));
#3458 = DIRECTION('',(-0.,-0.,-1.));
#3459 = DIRECTION('',(-0.,-1.,0.));
#3460 = ADVANCED_FACE('',(#3461),#3472,.F.);
#3461 = FACE_BOUND('',#3462,.T.);
#3462 = EDGE_LOOP('',(#3463,#3464,#3470,#3471));
#3463 = ORIENTED_EDGE('',*,*,#749,.T.);
#3464 = ORIENTED_EDGE('',*,*,#3465,.T.);
#3465 = EDGE_CURVE('',#750,#1870,#3466,.T.);
#3466 = LINE('',#3467,#3468);
#3467 = CARTESIAN_POINT('',(50.,-38.2,-4.6E-02));
#3468 = VECTOR('',#3469,1.);
#3469 = DIRECTION('',(0.,0.,1.));
#3470 = ORIENTED_EDGE('',*,*,#1869,.F.);
#3471 = ORIENTED_EDGE('',*,*,#3465,.F.);
#3472 = CYLINDRICAL_SURFACE('',#3473,3.2);
#3473 = AXIS2_PLACEMENT_3D('',#3474,#3475,#3476);
#3474 = CARTESIAN_POINT('',(50.,-35.,-4.6E-02));
#3475 = DIRECTION('',(-0.,-0.,-1.));
#3476 = DIRECTION('',(-0.,-1.,0.));
#3477 = ADVANCED_FACE('',(#3478),#3489,.F.);
#3478 = FACE_BOUND('',#3479,.T.);
#3479 = EDGE_LOOP('',(#3480,#3481,#3487,#3488));
#3480 = ORIENTED_EDGE('',*,*,#760,.T.);
#3481 = ORIENTED_EDGE('',*,*,#3482,.T.);
#3482 = EDGE_CURVE('',#761,#1881,#3483,.T.);
#3483 = LINE('',#3484,#3485);
#3484 = CARTESIAN_POINT('',(6.85,-27.95,-4.6E-02));
#3485 = VECTOR('',#3486,1.);
#3486 = DIRECTION('',(0.,0.,1.));
#3487 = ORIENTED_EDGE('',*,*,#1880,.F.);
#3488 = ORIENTED_EDGE('',*,*,#3482,.F.);
#3489 = CYLINDRICAL_SURFACE('',#3490,0.8);
#3490 = AXIS2_PLACEMENT_3D('',#3491,#3492,#3493);
#3491 = CARTESIAN_POINT('',(6.85,-27.15,-4.6E-02));
#3492 = DIRECTION('',(-0.,-0.,-1.));
#3493 = DIRECTION('',(-0.,-1.,0.));
#3494 = ADVANCED_FACE('',(#3495),#3506,.F.);
#3495 = FACE_BOUND('',#3496,.T.);
#3496 = EDGE_LOOP('',(#3497,#3498,#3504,#3505));
#3497 = ORIENTED_EDGE('',*,*,#771,.T.);
#3498 = ORIENTED_EDGE('',*,*,#3499,.T.);
#3499 = EDGE_CURVE('',#772,#1892,#3500,.T.);
#3500 = LINE('',#3501,#3502);
#3501 = CARTESIAN_POINT('',(15.,-19.7,-4.6E-02));
#3502 = VECTOR('',#3503,1.);
#3503 = DIRECTION('',(0.,0.,1.));
#3504 = ORIENTED_EDGE('',*,*,#1891,.F.);
#3505 = ORIENTED_EDGE('',*,*,#3499,.F.);
#3506 = CYLINDRICAL_SURFACE('',#3507,0.7);
#3507 = AXIS2_PLACEMENT_3D('',#3508,#3509,#3510);
#3508 = CARTESIAN_POINT('',(15.,-19.,-4.6E-02));
#3509 = DIRECTION('',(-0.,-0.,-1.));
#3510 = DIRECTION('',(-0.,-1.,0.));
#3511 = ADVANCED_FACE('',(#3512),#3523,.F.);
#3512 = FACE_BOUND('',#3513,.T.);
#3513 = EDGE_LOOP('',(#3514,#3515,#3521,#3522));
#3514 = ORIENTED_EDGE('',*,*,#782,.T.);
#3515 = ORIENTED_EDGE('',*,*,#3516,.T.);
#3516 = EDGE_CURVE('',#783,#1903,#3517,.T.);
#3517 = LINE('',#3518,#3519);
#3518 = CARTESIAN_POINT('',(35.3,-19.7,-4.6E-02));
#3519 = VECTOR('',#3520,1.);
#3520 = DIRECTION('',(0.,0.,1.));
#3521 = ORIENTED_EDGE('',*,*,#1902,.F.);
#3522 = ORIENTED_EDGE('',*,*,#3516,.F.);
#3523 = CYLINDRICAL_SURFACE('',#3524,0.7);
#3524 = AXIS2_PLACEMENT_3D('',#3525,#3526,#3527);
#3525 = CARTESIAN_POINT('',(35.3,-19.,-4.6E-02));
#3526 = DIRECTION('',(-0.,-0.,-1.));
#3527 = DIRECTION('',(-0.,-1.,0.));
#3528 = ADVANCED_FACE('',(#3529),#3540,.F.);
#3529 = FACE_BOUND('',#3530,.T.);
#3530 = EDGE_LOOP('',(#3531,#3532,#3538,#3539));
#3531 = ORIENTED_EDGE('',*,*,#793,.T.);
#3532 = ORIENTED_EDGE('',*,*,#3533,.T.);
#3533 = EDGE_CURVE('',#794,#1914,#3534,.T.);
#3534 = LINE('',#3535,#3536);
#3535 = CARTESIAN_POINT('',(64.,-19.7,-4.6E-02));
#3536 = VECTOR('',#3537,1.);
#3537 = DIRECTION('',(0.,0.,1.));
#3538 = ORIENTED_EDGE('',*,*,#1913,.F.);
#3539 = ORIENTED_EDGE('',*,*,#3533,.F.);
#3540 = CYLINDRICAL_SURFACE('',#3541,0.7);
#3541 = AXIS2_PLACEMENT_3D('',#3542,#3543,#3544);
#3542 = CARTESIAN_POINT('',(64.,-19.,-4.6E-02));
#3543 = DIRECTION('',(-0.,-0.,-1.));
#3544 = DIRECTION('',(-0.,-1.,0.));
#3545 = ADVANCED_FACE('',(#3546),#3557,.F.);
#3546 = FACE_BOUND('',#3547,.T.);
#3547 = EDGE_LOOP('',(#3548,#3549,#3555,#3556));
#3548 = ORIENTED_EDGE('',*,*,#804,.T.);
#3549 = ORIENTED_EDGE('',*,*,#3550,.T.);
#3550 = EDGE_CURVE('',#805,#1925,#3551,.T.);
#3551 = LINE('',#3552,#3553);
#3552 = CARTESIAN_POINT('',(140.,-38.2,-4.6E-02));
#3553 = VECTOR('',#3554,1.);
#3554 = DIRECTION('',(0.,0.,1.));
#3555 = ORIENTED_EDGE('',*,*,#1924,.F.);
#3556 = ORIENTED_EDGE('',*,*,#3550,.F.);
#3557 = CYLINDRICAL_SURFACE('',#3558,3.2);
#3558 = AXIS2_PLACEMENT_3D('',#3559,#3560,#3561);
#3559 = CARTESIAN_POINT('',(140.,-35.,-4.6E-02));
#3560 = DIRECTION('',(-0.,-0.,-1.));
#3561 = DIRECTION('',(-0.,-1.,0.));
#3562 = ADVANCED_FACE('',(#3563),#3574,.F.);
#3563 = FACE_BOUND('',#3564,.T.);
#3564 = EDGE_LOOP('',(#3565,#3566,#3572,#3573));
#3565 = ORIENTED_EDGE('',*,*,#815,.T.);
#3566 = ORIENTED_EDGE('',*,*,#3567,.T.);
#3567 = EDGE_CURVE('',#816,#1936,#3568,.T.);
#3568 = LINE('',#3569,#3570);
#3569 = CARTESIAN_POINT('',(84.3,-19.7,-4.6E-02));
#3570 = VECTOR('',#3571,1.);
#3571 = DIRECTION('',(0.,0.,1.));
#3572 = ORIENTED_EDGE('',*,*,#1935,.F.);
#3573 = ORIENTED_EDGE('',*,*,#3567,.F.);
#3574 = CYLINDRICAL_SURFACE('',#3575,0.7);
#3575 = AXIS2_PLACEMENT_3D('',#3576,#3577,#3578);
#3576 = CARTESIAN_POINT('',(84.3,-19.,-4.6E-02));
#3577 = DIRECTION('',(-0.,-0.,-1.));
#3578 = DIRECTION('',(-0.,-1.,0.));
#3579 = ADVANCED_FACE('',(#3580),#3591,.F.);
#3580 = FACE_BOUND('',#3581,.T.);
#3581 = EDGE_LOOP('',(#3582,#3583,#3589,#3590));
#3582 = ORIENTED_EDGE('',*,*,#826,.T.);
#3583 = ORIENTED_EDGE('',*,*,#3584,.T.);
#3584 = EDGE_CURVE('',#827,#1947,#3585,.T.);
#3585 = LINE('',#3586,#3587);
#3586 = CARTESIAN_POINT('',(105.,-19.7,-4.6E-02));
#3587 = VECTOR('',#3588,1.);
#3588 = DIRECTION('',(0.,0.,1.));
#3589 = ORIENTED_EDGE('',*,*,#1946,.F.);
#3590 = ORIENTED_EDGE('',*,*,#3584,.F.);
#3591 = CYLINDRICAL_SURFACE('',#3592,0.7);
#3592 = AXIS2_PLACEMENT_3D('',#3593,#3594,#3595);
#3593 = CARTESIAN_POINT('',(105.,-19.,-4.6E-02));
#3594 = DIRECTION('',(-0.,-0.,-1.));
#3595 = DIRECTION('',(-0.,-1.,0.));
#3596 = ADVANCED_FACE('',(#3597),#3608,.F.);
#3597 = FACE_BOUND('',#3598,.T.);
#3598 = EDGE_LOOP('',(#3599,#3600,#3606,#3607));
#3599 = ORIENTED_EDGE('',*,*,#837,.T.);
#3600 = ORIENTED_EDGE('',*,*,#3601,.T.);
#3601 = EDGE_CURVE('',#838,#1958,#3602,.T.);
#3602 = LINE('',#3603,#3604);
#3603 = CARTESIAN_POINT('',(125.3,-19.7,-4.6E-02));
#3604 = VECTOR('',#3605,1.);
#3605 = DIRECTION('',(0.,0.,1.));
#3606 = ORIENTED_EDGE('',*,*,#1957,.F.);
#3607 = ORIENTED_EDGE('',*,*,#3601,.F.);
#3608 = CYLINDRICAL_SURFACE('',#3609,0.7);
#3609 = AXIS2_PLACEMENT_3D('',#3610,#3611,#3612);
#3610 = CARTESIAN_POINT('',(125.3,-19.,-4.6E-02));
#3611 = DIRECTION('',(-0.,-0.,-1.));
#3612 = DIRECTION('',(-0.,-1.,0.));
#3613 = ADVANCED_FACE('',(#3614),#3625,.F.);
#3614 = FACE_BOUND('',#3615,.T.);
#3615 = EDGE_LOOP('',(#3616,#3617,#3623,#3624));
#3616 = ORIENTED_EDGE('',*,*,#848,.T.);
#3617 = ORIENTED_EDGE('',*,*,#3618,.T.);
#3618 = EDGE_CURVE('',#849,#1969,#3619,.T.);
#3619 = LINE('',#3620,#3621);
#3620 = CARTESIAN_POINT('',(50.,-10.2,-4.6E-02));
#3621 = VECTOR('',#3622,1.);
#3622 = DIRECTION('',(0.,0.,1.));
#3623 = ORIENTED_EDGE('',*,*,#1968,.F.);
#3624 = ORIENTED_EDGE('',*,*,#3618,.F.);
#3625 = CYLINDRICAL_SURFACE('',#3626,3.2);
#3626 = AXIS2_PLACEMENT_3D('',#3627,#3628,#3629);
#3627 = CARTESIAN_POINT('',(50.,-7.,-4.6E-02));
#3628 = DIRECTION('',(-0.,-0.,-1.));
#3629 = DIRECTION('',(-0.,-1.,0.));
#3630 = ADVANCED_FACE('',(#3631),#3642,.F.);
#3631 = FACE_BOUND('',#3632,.T.);
#3632 = EDGE_LOOP('',(#3633,#3634,#3640,#3641));
#3633 = ORIENTED_EDGE('',*,*,#859,.T.);
#3634 = ORIENTED_EDGE('',*,*,#3635,.T.);
#3635 = EDGE_CURVE('',#860,#1980,#3636,.T.);
#3636 = LINE('',#3637,#3638);
#3637 = CARTESIAN_POINT('',(72.,-7.525,-4.6E-02));
#3638 = VECTOR('',#3639,1.);
#3639 = DIRECTION('',(0.,0.,1.));
#3640 = ORIENTED_EDGE('',*,*,#1979,.F.);
#3641 = ORIENTED_EDGE('',*,*,#3635,.F.);
#3642 = CYLINDRICAL_SURFACE('',#3643,0.425);
#3643 = AXIS2_PLACEMENT_3D('',#3644,#3645,#3646);
#3644 = CARTESIAN_POINT('',(72.,-7.1,-4.6E-02));
#3645 = DIRECTION('',(-0.,-0.,-1.));
#3646 = DIRECTION('',(-0.,-1.,0.));
#3647 = ADVANCED_FACE('',(#3648),#3659,.F.);
#3648 = FACE_BOUND('',#3649,.T.);
#3649 = EDGE_LOOP('',(#3650,#3651,#3657,#3658));
#3650 = ORIENTED_EDGE('',*,*,#870,.T.);
#3651 = ORIENTED_EDGE('',*,*,#3652,.T.);
#3652 = EDGE_CURVE('',#871,#1991,#3653,.T.);
#3653 = LINE('',#3654,#3655);
#3654 = CARTESIAN_POINT('',(72.,-1.425,-4.6E-02));
#3655 = VECTOR('',#3656,1.);
#3656 = DIRECTION('',(0.,0.,1.));
#3657 = ORIENTED_EDGE('',*,*,#1990,.F.);
#3658 = ORIENTED_EDGE('',*,*,#3652,.F.);
#3659 = CYLINDRICAL_SURFACE('',#3660,0.425);
#3660 = AXIS2_PLACEMENT_3D('',#3661,#3662,#3663);
#3661 = CARTESIAN_POINT('',(72.,-1.,-4.6E-02));
#3662 = DIRECTION('',(-0.,-0.,-1.));
#3663 = DIRECTION('',(-0.,-1.,0.));
#3664 = ADVANCED_FACE('',(#3665),#3676,.F.);
#3665 = FACE_BOUND('',#3666,.T.);
#3666 = EDGE_LOOP('',(#3667,#3668,#3674,#3675));
#3667 = ORIENTED_EDGE('',*,*,#881,.T.);
#3668 = ORIENTED_EDGE('',*,*,#3669,.T.);
#3669 = EDGE_CURVE('',#882,#2002,#3670,.T.);
#3670 = LINE('',#3671,#3672);
#3671 = CARTESIAN_POINT('',(108.,-14.425,-4.6E-02));
#3672 = VECTOR('',#3673,1.);
#3673 = DIRECTION('',(0.,0.,1.));
#3674 = ORIENTED_EDGE('',*,*,#2001,.F.);
#3675 = ORIENTED_EDGE('',*,*,#3669,.F.);
#3676 = CYLINDRICAL_SURFACE('',#3677,0.425);
#3677 = AXIS2_PLACEMENT_3D('',#3678,#3679,#3680);
#3678 = CARTESIAN_POINT('',(108.,-14.,-4.6E-02));
#3679 = DIRECTION('',(-0.,-0.,-1.));
#3680 = DIRECTION('',(-0.,-1.,0.));
#3681 = ADVANCED_FACE('',(#3682),#3693,.F.);
#3682 = FACE_BOUND('',#3683,.T.);
#3683 = EDGE_LOOP('',(#3684,#3685,#3691,#3692));
#3684 = ORIENTED_EDGE('',*,*,#892,.T.);
#3685 = ORIENTED_EDGE('',*,*,#3686,.T.);
#3686 = EDGE_CURVE('',#893,#2013,#3687,.T.);
#3687 = LINE('',#3688,#3689);
#3688 = CARTESIAN_POINT('',(82.,-7.525,-4.6E-02));
#3689 = VECTOR('',#3690,1.);
#3690 = DIRECTION('',(0.,0.,1.));
#3691 = ORIENTED_EDGE('',*,*,#2012,.F.);
#3692 = ORIENTED_EDGE('',*,*,#3686,.F.);
#3693 = CYLINDRICAL_SURFACE('',#3694,0.425);
#3694 = AXIS2_PLACEMENT_3D('',#3695,#3696,#3697);
#3695 = CARTESIAN_POINT('',(82.,-7.1,-4.6E-02));
#3696 = DIRECTION('',(-0.,-0.,-1.));
#3697 = DIRECTION('',(-0.,-1.,0.));
#3698 = ADVANCED_FACE('',(#3699),#3710,.F.);
#3699 = FACE_BOUND('',#3700,.T.);
#3700 = EDGE_LOOP('',(#3701,#3702,#3708,#3709));
#3701 = ORIENTED_EDGE('',*,*,#903,.T.);
#3702 = ORIENTED_EDGE('',*,*,#3703,.T.);
#3703 = EDGE_CURVE('',#904,#2024,#3704,.T.);
#3704 = LINE('',#3705,#3706);
#3705 = CARTESIAN_POINT('',(114.,-14.425,-4.6E-02));
#3706 = VECTOR('',#3707,1.);
#3707 = DIRECTION('',(0.,0.,1.));
#3708 = ORIENTED_EDGE('',*,*,#2023,.F.);
#3709 = ORIENTED_EDGE('',*,*,#3703,.F.);
#3710 = CYLINDRICAL_SURFACE('',#3711,0.425);
#3711 = AXIS2_PLACEMENT_3D('',#3712,#3713,#3714);
#3712 = CARTESIAN_POINT('',(114.,-14.,-4.6E-02));
#3713 = DIRECTION('',(-0.,-0.,-1.));
#3714 = DIRECTION('',(-0.,-1.,0.));
#3715 = ADVANCED_FACE('',(#3716),#3727,.F.);
#3716 = FACE_BOUND('',#3717,.T.);
#3717 = EDGE_LOOP('',(#3718,#3719,#3725,#3726));
#3718 = ORIENTED_EDGE('',*,*,#914,.T.);
#3719 = ORIENTED_EDGE('',*,*,#3720,.T.);
#3720 = EDGE_CURVE('',#915,#2035,#3721,.T.);
#3721 = LINE('',#3722,#3723);
#3722 = CARTESIAN_POINT('',(140.,-10.2,-4.6E-02));
#3723 = VECTOR('',#3724,1.);
#3724 = DIRECTION('',(0.,0.,1.));
#3725 = ORIENTED_EDGE('',*,*,#2034,.F.);
#3726 = ORIENTED_EDGE('',*,*,#3720,.F.);
#3727 = CYLINDRICAL_SURFACE('',#3728,3.2);
#3728 = AXIS2_PLACEMENT_3D('',#3729,#3730,#3731);
#3729 = CARTESIAN_POINT('',(140.,-7.,-4.6E-02));
#3730 = DIRECTION('',(-0.,-0.,-1.));
#3731 = DIRECTION('',(-0.,-1.,0.));
#3732 = ADVANCED_FACE('',(#3733),#3744,.F.);
#3733 = FACE_BOUND('',#3734,.T.);
#3734 = EDGE_LOOP('',(#3735,#3736,#3742,#3743));
#3735 = ORIENTED_EDGE('',*,*,#925,.T.);
#3736 = ORIENTED_EDGE('',*,*,#3737,.T.);
#3737 = EDGE_CURVE('',#926,#2046,#3738,.T.);
#3738 = LINE('',#3739,#3740);
#3739 = CARTESIAN_POINT('',(82.,-1.425,-4.6E-02));
#3740 = VECTOR('',#3741,1.);
#3741 = DIRECTION('',(0.,0.,1.));
#3742 = ORIENTED_EDGE('',*,*,#2045,.F.);
#3743 = ORIENTED_EDGE('',*,*,#3737,.F.);
#3744 = CYLINDRICAL_SURFACE('',#3745,0.425);
#3745 = AXIS2_PLACEMENT_3D('',#3746,#3747,#3748);
#3746 = CARTESIAN_POINT('',(82.,-1.,-4.6E-02));
#3747 = DIRECTION('',(-0.,-0.,-1.));
#3748 = DIRECTION('',(-0.,-1.,0.));
#3749 = ADVANCED_FACE('',(#3750),#3761,.F.);
#3750 = FACE_BOUND('',#3751,.T.);
#3751 = EDGE_LOOP('',(#3752,#3753,#3759,#3760));
#3752 = ORIENTED_EDGE('',*,*,#936,.T.);
#3753 = ORIENTED_EDGE('',*,*,#3754,.T.);
#3754 = EDGE_CURVE('',#937,#2057,#3755,.T.);
#3755 = LINE('',#3756,#3757);
#3756 = CARTESIAN_POINT('',(108.,-4.425,-4.6E-02));
#3757 = VECTOR('',#3758,1.);
#3758 = DIRECTION('',(0.,0.,1.));
#3759 = ORIENTED_EDGE('',*,*,#2056,.F.);
#3760 = ORIENTED_EDGE('',*,*,#3754,.F.);
#3761 = CYLINDRICAL_SURFACE('',#3762,0.425);
#3762 = AXIS2_PLACEMENT_3D('',#3763,#3764,#3765);
#3763 = CARTESIAN_POINT('',(108.,-4.,-4.6E-02));
#3764 = DIRECTION('',(-0.,-0.,-1.));
#3765 = DIRECTION('',(-0.,-1.,0.));
#3766 = ADVANCED_FACE('',(#3767),#3778,.F.);
#3767 = FACE_BOUND('',#3768,.T.);
#3768 = EDGE_LOOP('',(#3769,#3770,#3776,#3777));
#3769 = ORIENTED_EDGE('',*,*,#947,.T.);
#3770 = ORIENTED_EDGE('',*,*,#3771,.T.);
#3771 = EDGE_CURVE('',#948,#2068,#3772,.T.);
#3772 = LINE('',#3773,#3774);
#3773 = CARTESIAN_POINT('',(95.,-0.2,-4.6E-02));
#3774 = VECTOR('',#3775,1.);
#3775 = DIRECTION('',(0.,0.,1.));
#3776 = ORIENTED_EDGE('',*,*,#2067,.F.);
#3777 = ORIENTED_EDGE('',*,*,#3771,.F.);
#3778 = CYLINDRICAL_SURFACE('',#3779,3.2);
#3779 = AXIS2_PLACEMENT_3D('',#3780,#3781,#3782);
#3780 = CARTESIAN_POINT('',(95.,3.,-4.6E-02));
#3781 = DIRECTION('',(-0.,-0.,-1.));
#3782 = DIRECTION('',(-0.,-1.,0.));
#3783 = ADVANCED_FACE('',(#3784),#3795,.F.);
#3784 = FACE_BOUND('',#3785,.T.);
#3785 = EDGE_LOOP('',(#3786,#3787,#3793,#3794));
#3786 = ORIENTED_EDGE('',*,*,#958,.T.);
#3787 = ORIENTED_EDGE('',*,*,#3788,.T.);
#3788 = EDGE_CURVE('',#959,#2079,#3789,.T.);
#3789 = LINE('',#3790,#3791);
#3790 = CARTESIAN_POINT('',(114.,-4.425,-4.6E-02));
#3791 = VECTOR('',#3792,1.);
#3792 = DIRECTION('',(0.,0.,1.));
#3793 = ORIENTED_EDGE('',*,*,#2078,.F.);
#3794 = ORIENTED_EDGE('',*,*,#3788,.F.);
#3795 = CYLINDRICAL_SURFACE('',#3796,0.425);
#3796 = AXIS2_PLACEMENT_3D('',#3797,#3798,#3799);
#3797 = CARTESIAN_POINT('',(114.,-4.,-4.6E-02));
#3798 = DIRECTION('',(-0.,-0.,-1.));
#3799 = DIRECTION('',(-0.,-1.,0.));
#3800 = ADVANCED_FACE('',(#3801),#3812,.F.);
#3801 = FACE_BOUND('',#3802,.T.);
#3802 = EDGE_LOOP('',(#3803,#3804,#3810,#3811));
#3803 = ORIENTED_EDGE('',*,*,#969,.T.);
#3804 = ORIENTED_EDGE('',*,*,#3805,.T.);
#3805 = EDGE_CURVE('',#970,#2090,#3806,.T.);
#3806 = LINE('',#3807,#3808);
#3807 = CARTESIAN_POINT('',(154.,-19.7,-4.6E-02));
#3808 = VECTOR('',#3809,1.);
#3809 = DIRECTION('',(0.,0.,1.));
#3810 = ORIENTED_EDGE('',*,*,#2089,.F.);
#3811 = ORIENTED_EDGE('',*,*,#3805,.F.);
#3812 = CYLINDRICAL_SURFACE('',#3813,0.7);
#3813 = AXIS2_PLACEMENT_3D('',#3814,#3815,#3816);
#3814 = CARTESIAN_POINT('',(154.,-19.,-4.6E-02));
#3815 = DIRECTION('',(-0.,-0.,-1.));
#3816 = DIRECTION('',(-0.,-1.,0.));
#3817 = ADVANCED_FACE('',(#3818),#3829,.F.);
#3818 = FACE_BOUND('',#3819,.T.);
#3819 = EDGE_LOOP('',(#3820,#3821,#3827,#3828));
#3820 = ORIENTED_EDGE('',*,*,#980,.T.);
#3821 = ORIENTED_EDGE('',*,*,#3822,.T.);
#3822 = EDGE_CURVE('',#981,#2101,#3823,.T.);
#3823 = LINE('',#3824,#3825);
#3824 = CARTESIAN_POINT('',(174.3,-19.7,-4.6E-02));
#3825 = VECTOR('',#3826,1.);
#3826 = DIRECTION('',(0.,0.,1.));
#3827 = ORIENTED_EDGE('',*,*,#2100,.F.);
#3828 = ORIENTED_EDGE('',*,*,#3822,.F.);
#3829 = CYLINDRICAL_SURFACE('',#3830,0.7);
#3830 = AXIS2_PLACEMENT_3D('',#3831,#3832,#3833);
#3831 = CARTESIAN_POINT('',(174.3,-19.,-4.6E-02));
#3832 = DIRECTION('',(-0.,-0.,-1.));
#3833 = DIRECTION('',(-0.,-1.,0.));
#3834 = ADVANCED_FACE('',(#3835),#3846,.F.);
#3835 = FACE_BOUND('',#3836,.T.);
#3836 = EDGE_LOOP('',(#3837,#3838,#3844,#3845));
#3837 = ORIENTED_EDGE('',*,*,#991,.T.);
#3838 = ORIENTED_EDGE('',*,*,#3839,.T.);
#3839 = EDGE_CURVE('',#992,#2112,#3840,.T.);
#3840 = LINE('',#3841,#3842);
#3841 = CARTESIAN_POINT('',(195.,-19.7,-4.6E-02));
#3842 = VECTOR('',#3843,1.);
#3843 = DIRECTION('',(0.,0.,1.));
#3844 = ORIENTED_EDGE('',*,*,#2111,.F.);
#3845 = ORIENTED_EDGE('',*,*,#3839,.F.);
#3846 = CYLINDRICAL_SURFACE('',#3847,0.7);
#3847 = AXIS2_PLACEMENT_3D('',#3848,#3849,#3850);
#3848 = CARTESIAN_POINT('',(195.,-19.,-4.6E-02));
#3849 = DIRECTION('',(-0.,-0.,-1.));
#3850 = DIRECTION('',(-0.,-1.,0.));
#3851 = ADVANCED_FACE('',(#3852),#3863,.F.);
#3852 = FACE_BOUND('',#3853,.T.);
#3853 = EDGE_LOOP('',(#3854,#3855,#3861,#3862));
#3854 = ORIENTED_EDGE('',*,*,#1002,.T.);
#3855 = ORIENTED_EDGE('',*,*,#3856,.T.);
#3856 = EDGE_CURVE('',#1003,#2123,#3857,.T.);
#3857 = LINE('',#3858,#3859);
#3858 = CARTESIAN_POINT('',(215.3,-19.7,-4.6E-02));
#3859 = VECTOR('',#3860,1.);
#3860 = DIRECTION('',(0.,0.,1.));
#3861 = ORIENTED_EDGE('',*,*,#2122,.F.);
#3862 = ORIENTED_EDGE('',*,*,#3856,.F.);
#3863 = CYLINDRICAL_SURFACE('',#3864,0.7);
#3864 = AXIS2_PLACEMENT_3D('',#3865,#3866,#3867);
#3865 = CARTESIAN_POINT('',(215.3,-19.,-4.6E-02));
#3866 = DIRECTION('',(-0.,-0.,-1.));
#3867 = DIRECTION('',(-0.,-1.,0.));
#3868 = ADVANCED_FACE('',(#3869),#3880,.F.);
#3869 = FACE_BOUND('',#3870,.T.);
#3870 = EDGE_LOOP('',(#3871,#3872,#3878,#3879));
#3871 = ORIENTED_EDGE('',*,*,#1013,.T.);
#3872 = ORIENTED_EDGE('',*,*,#3873,.T.);
#3873 = EDGE_CURVE('',#1014,#2134,#3874,.T.);
#3874 = LINE('',#3875,#3876);
#3875 = CARTESIAN_POINT('',(230.,-38.2,-4.6E-02));
#3876 = VECTOR('',#3877,1.);
#3877 = DIRECTION('',(0.,0.,1.));
#3878 = ORIENTED_EDGE('',*,*,#2133,.F.);
#3879 = ORIENTED_EDGE('',*,*,#3873,.F.);
#3880 = CYLINDRICAL_SURFACE('',#3881,3.2);
#3881 = AXIS2_PLACEMENT_3D('',#3882,#3883,#3884);
#3882 = CARTESIAN_POINT('',(230.,-35.,-4.6E-02));
#3883 = DIRECTION('',(-0.,-0.,-1.));
#3884 = DIRECTION('',(-0.,-1.,0.));
#3885 = ADVANCED_FACE('',(#3886),#3897,.F.);
#3886 = FACE_BOUND('',#3887,.T.);
#3887 = EDGE_LOOP('',(#3888,#3889,#3895,#3896));
#3888 = ORIENTED_EDGE('',*,*,#1024,.T.);
#3889 = ORIENTED_EDGE('',*,*,#3890,.T.);
#3890 = EDGE_CURVE('',#1025,#2145,#3891,.T.);
#3891 = LINE('',#3892,#3893);
#3892 = CARTESIAN_POINT('',(244.,-19.7,-4.6E-02));
#3893 = VECTOR('',#3894,1.);
#3894 = DIRECTION('',(0.,0.,1.));
#3895 = ORIENTED_EDGE('',*,*,#2144,.F.);
#3896 = ORIENTED_EDGE('',*,*,#3890,.F.);
#3897 = CYLINDRICAL_SURFACE('',#3898,0.7);
#3898 = AXIS2_PLACEMENT_3D('',#3899,#3900,#3901);
#3899 = CARTESIAN_POINT('',(244.,-19.,-4.6E-02));
#3900 = DIRECTION('',(-0.,-0.,-1.));
#3901 = DIRECTION('',(-0.,-1.,0.));
#3902 = ADVANCED_FACE('',(#3903),#3914,.F.);
#3903 = FACE_BOUND('',#3904,.T.);
#3904 = EDGE_LOOP('',(#3905,#3906,#3912,#3913));
#3905 = ORIENTED_EDGE('',*,*,#1035,.T.);
#3906 = ORIENTED_EDGE('',*,*,#3907,.T.);
#3907 = EDGE_CURVE('',#1036,#2156,#3908,.T.);
#3908 = LINE('',#3909,#3910);
#3909 = CARTESIAN_POINT('',(264.3,-19.7,-4.6E-02));
#3910 = VECTOR('',#3911,1.);
#3911 = DIRECTION('',(0.,0.,1.));
#3912 = ORIENTED_EDGE('',*,*,#2155,.F.);
#3913 = ORIENTED_EDGE('',*,*,#3907,.F.);
#3914 = CYLINDRICAL_SURFACE('',#3915,0.7);
#3915 = AXIS2_PLACEMENT_3D('',#3916,#3917,#3918);
#3916 = CARTESIAN_POINT('',(264.3,-19.,-4.6E-02));
#3917 = DIRECTION('',(-0.,-0.,-1.));
#3918 = DIRECTION('',(-0.,-1.,0.));
#3919 = ADVANCED_FACE('',(#3920),#3931,.F.);
#3920 = FACE_BOUND('',#3921,.T.);
#3921 = EDGE_LOOP('',(#3922,#3923,#3929,#3930));
#3922 = ORIENTED_EDGE('',*,*,#1046,.T.);
#3923 = ORIENTED_EDGE('',*,*,#3924,.T.);
#3924 = EDGE_CURVE('',#1047,#2167,#3925,.T.);
#3925 = LINE('',#3926,#3927);
#3926 = CARTESIAN_POINT('',(162.,-7.425,-4.6E-02));
#3927 = VECTOR('',#3928,1.);
#3928 = DIRECTION('',(0.,0.,1.));
#3929 = ORIENTED_EDGE('',*,*,#2166,.F.);
#3930 = ORIENTED_EDGE('',*,*,#3924,.F.);
#3931 = CYLINDRICAL_SURFACE('',#3932,0.425);
#3932 = AXIS2_PLACEMENT_3D('',#3933,#3934,#3935);
#3933 = CARTESIAN_POINT('',(162.,-7.,-4.6E-02));
#3934 = DIRECTION('',(-0.,-0.,-1.));
#3935 = DIRECTION('',(-0.,-1.,0.));
#3936 = ADVANCED_FACE('',(#3937),#3948,.F.);
#3937 = FACE_BOUND('',#3938,.T.);
#3938 = EDGE_LOOP('',(#3939,#3940,#3946,#3947));
#3939 = ORIENTED_EDGE('',*,*,#1057,.T.);
#3940 = ORIENTED_EDGE('',*,*,#3941,.T.);
#3941 = EDGE_CURVE('',#1058,#2178,#3942,.T.);
#3942 = LINE('',#3943,#3944);
#3943 = CARTESIAN_POINT('',(172.,-7.425,-4.6E-02));
#3944 = VECTOR('',#3945,1.);
#3945 = DIRECTION('',(0.,0.,1.));
#3946 = ORIENTED_EDGE('',*,*,#2177,.F.);
#3947 = ORIENTED_EDGE('',*,*,#3941,.F.);
#3948 = CYLINDRICAL_SURFACE('',#3949,0.425);
#3949 = AXIS2_PLACEMENT_3D('',#3950,#3951,#3952);
#3950 = CARTESIAN_POINT('',(172.,-7.,-4.6E-02));
#3951 = DIRECTION('',(-0.,-0.,-1.));
#3952 = DIRECTION('',(-0.,-1.,0.));
#3953 = ADVANCED_FACE('',(#3954),#3965,.F.);
#3954 = FACE_BOUND('',#3955,.T.);
#3955 = EDGE_LOOP('',(#3956,#3957,#3963,#3964));
#3956 = ORIENTED_EDGE('',*,*,#1068,.T.);
#3957 = ORIENTED_EDGE('',*,*,#3958,.T.);
#3958 = EDGE_CURVE('',#1069,#2189,#3959,.T.);
#3959 = LINE('',#3960,#3961);
#3960 = CARTESIAN_POINT('',(198.,-14.425,-4.6E-02));
#3961 = VECTOR('',#3962,1.);
#3962 = DIRECTION('',(0.,0.,1.));
#3963 = ORIENTED_EDGE('',*,*,#2188,.F.);
#3964 = ORIENTED_EDGE('',*,*,#3958,.F.);
#3965 = CYLINDRICAL_SURFACE('',#3966,0.425);
#3966 = AXIS2_PLACEMENT_3D('',#3967,#3968,#3969);
#3967 = CARTESIAN_POINT('',(198.,-14.,-4.6E-02));
#3968 = DIRECTION('',(-0.,-0.,-1.));
#3969 = DIRECTION('',(-0.,-1.,0.));
#3970 = ADVANCED_FACE('',(#3971),#3982,.F.);
#3971 = FACE_BOUND('',#3972,.T.);
#3972 = EDGE_LOOP('',(#3973,#3974,#3980,#3981));
#3973 = ORIENTED_EDGE('',*,*,#1079,.T.);
#3974 = ORIENTED_EDGE('',*,*,#3975,.T.);
#3975 = EDGE_CURVE('',#1080,#2200,#3976,.T.);
#3976 = LINE('',#3977,#3978);
#3977 = CARTESIAN_POINT('',(204.,-14.425,-4.6E-02));
#3978 = VECTOR('',#3979,1.);
#3979 = DIRECTION('',(0.,0.,1.));
#3980 = ORIENTED_EDGE('',*,*,#2199,.F.);
#3981 = ORIENTED_EDGE('',*,*,#3975,.F.);
#3982 = CYLINDRICAL_SURFACE('',#3983,0.425);
#3983 = AXIS2_PLACEMENT_3D('',#3984,#3985,#3986);
#3984 = CARTESIAN_POINT('',(204.,-14.,-4.6E-02));
#3985 = DIRECTION('',(-0.,-0.,-1.));
#3986 = DIRECTION('',(-0.,-1.,0.));
#3987 = ADVANCED_FACE('',(#3988),#3999,.F.);
#3988 = FACE_BOUND('',#3989,.T.);
#3989 = EDGE_LOOP('',(#3990,#3991,#3997,#3998));
#3990 = ORIENTED_EDGE('',*,*,#1090,.T.);
#3991 = ORIENTED_EDGE('',*,*,#3992,.T.);
#3992 = EDGE_CURVE('',#1091,#2211,#3993,.T.);
#3993 = LINE('',#3994,#3995);
#3994 = CARTESIAN_POINT('',(162.,-1.325,-4.6E-02));
#3995 = VECTOR('',#3996,1.);
#3996 = DIRECTION('',(0.,0.,1.));
#3997 = ORIENTED_EDGE('',*,*,#2210,.F.);
#3998 = ORIENTED_EDGE('',*,*,#3992,.F.);
#3999 = CYLINDRICAL_SURFACE('',#4000,0.425);
#4000 = AXIS2_PLACEMENT_3D('',#4001,#4002,#4003);
#4001 = CARTESIAN_POINT('',(162.,-0.9,-4.6E-02));
#4002 = DIRECTION('',(-0.,-0.,-1.));
#4003 = DIRECTION('',(-0.,-1.,0.));
#4004 = ADVANCED_FACE('',(#4005),#4016,.F.);
#4005 = FACE_BOUND('',#4006,.T.);
#4006 = EDGE_LOOP('',(#4007,#4008,#4014,#4015));
#4007 = ORIENTED_EDGE('',*,*,#1101,.T.);
#4008 = ORIENTED_EDGE('',*,*,#4009,.T.);
#4009 = EDGE_CURVE('',#1102,#2222,#4010,.T.);
#4010 = LINE('',#4011,#4012);
#4011 = CARTESIAN_POINT('',(172.,-1.325,-4.6E-02));
#4012 = VECTOR('',#4013,1.);
#4013 = DIRECTION('',(0.,0.,1.));
#4014 = ORIENTED_EDGE('',*,*,#2221,.F.);
#4015 = ORIENTED_EDGE('',*,*,#4009,.F.);
#4016 = CYLINDRICAL_SURFACE('',#4017,0.425);
#4017 = AXIS2_PLACEMENT_3D('',#4018,#4019,#4020);
#4018 = CARTESIAN_POINT('',(172.,-0.9,-4.6E-02));
#4019 = DIRECTION('',(-0.,-0.,-1.));
#4020 = DIRECTION('',(-0.,-1.,0.));
#4021 = ADVANCED_FACE('',(#4022),#4033,.F.);
#4022 = FACE_BOUND('',#4023,.T.);
#4023 = EDGE_LOOP('',(#4024,#4025,#4031,#4032));
#4024 = ORIENTED_EDGE('',*,*,#1112,.T.);
#4025 = ORIENTED_EDGE('',*,*,#4026,.T.);
#4026 = EDGE_CURVE('',#1113,#2233,#4027,.T.);
#4027 = LINE('',#4028,#4029);
#4028 = CARTESIAN_POINT('',(198.,-4.425,-4.6E-02));
#4029 = VECTOR('',#4030,1.);
#4030 = DIRECTION('',(0.,0.,1.));
#4031 = ORIENTED_EDGE('',*,*,#2232,.F.);
#4032 = ORIENTED_EDGE('',*,*,#4026,.F.);
#4033 = CYLINDRICAL_SURFACE('',#4034,0.425);
#4034 = AXIS2_PLACEMENT_3D('',#4035,#4036,#4037);
#4035 = CARTESIAN_POINT('',(198.,-4.,-4.6E-02));
#4036 = DIRECTION('',(-0.,-0.,-1.));
#4037 = DIRECTION('',(-0.,-1.,0.));
#4038 = ADVANCED_FACE('',(#4039),#4050,.F.);
#4039 = FACE_BOUND('',#4040,.T.);
#4040 = EDGE_LOOP('',(#4041,#4042,#4048,#4049));
#4041 = ORIENTED_EDGE('',*,*,#1123,.T.);
#4042 = ORIENTED_EDGE('',*,*,#4043,.T.);
#4043 = EDGE_CURVE('',#1124,#2244,#4044,.T.);
#4044 = LINE('',#4045,#4046);
#4045 = CARTESIAN_POINT('',(204.,-4.425,-4.6E-02));
#4046 = VECTOR('',#4047,1.);
#4047 = DIRECTION('',(0.,0.,1.));
#4048 = ORIENTED_EDGE('',*,*,#2243,.F.);
#4049 = ORIENTED_EDGE('',*,*,#4043,.F.);
#4050 = CYLINDRICAL_SURFACE('',#4051,0.425);
#4051 = AXIS2_PLACEMENT_3D('',#4052,#4053,#4054);
#4052 = CARTESIAN_POINT('',(204.,-4.,-4.6E-02));
#4053 = DIRECTION('',(-0.,-0.,-1.));
#4054 = DIRECTION('',(-0.,-1.,0.));
#4055 = ADVANCED_FACE('',(#4056),#4067,.F.);
#4056 = FACE_BOUND('',#4057,.T.);
#4057 = EDGE_LOOP('',(#4058,#4059,#4065,#4066));
#4058 = ORIENTED_EDGE('',*,*,#1134,.T.);
#4059 = ORIENTED_EDGE('',*,*,#4060,.T.);
#4060 = EDGE_CURVE('',#1135,#2255,#4061,.T.);
#4061 = LINE('',#4062,#4063);
#4062 = CARTESIAN_POINT('',(185.,-0.2,-4.6E-02));
#4063 = VECTOR('',#4064,1.);
#4064 = DIRECTION('',(0.,0.,1.));
#4065 = ORIENTED_EDGE('',*,*,#2254,.F.);
#4066 = ORIENTED_EDGE('',*,*,#4060,.F.);
#4067 = CYLINDRICAL_SURFACE('',#4068,3.2);
#4068 = AXIS2_PLACEMENT_3D('',#4069,#4070,#4071);
#4069 = CARTESIAN_POINT('',(185.,3.,-4.6E-02));
#4070 = DIRECTION('',(-0.,-0.,-1.));
#4071 = DIRECTION('',(-0.,-1.,0.));
#4072 = ADVANCED_FACE('',(#4073),#4084,.F.);
#4073 = FACE_BOUND('',#4074,.T.);
#4074 = EDGE_LOOP('',(#4075,#4076,#4082,#4083));
#4075 = ORIENTED_EDGE('',*,*,#1145,.T.);
#4076 = ORIENTED_EDGE('',*,*,#4077,.T.);
#4077 = EDGE_CURVE('',#1146,#2266,#4078,.T.);
#4078 = LINE('',#4079,#4080);
#4079 = CARTESIAN_POINT('',(230.,-10.2,-4.6E-02));
#4080 = VECTOR('',#4081,1.);
#4081 = DIRECTION('',(0.,0.,1.));
#4082 = ORIENTED_EDGE('',*,*,#2265,.F.);
#4083 = ORIENTED_EDGE('',*,*,#4077,.F.);
#4084 = CYLINDRICAL_SURFACE('',#4085,3.2);
#4085 = AXIS2_PLACEMENT_3D('',#4086,#4087,#4088);
#4086 = CARTESIAN_POINT('',(230.,-7.,-4.6E-02));
#4087 = DIRECTION('',(-0.,-0.,-1.));
#4088 = DIRECTION('',(-0.,-1.,0.));
#4089 = ADVANCED_FACE('',(#4090),#4101,.F.);
#4090 = FACE_BOUND('',#4091,.T.);
#4091 = EDGE_LOOP('',(#4092,#4093,#4099,#4100));
#4092 = ORIENTED_EDGE('',*,*,#1156,.T.);
#4093 = ORIENTED_EDGE('',*,*,#4094,.T.);
#4094 = EDGE_CURVE('',#1157,#2277,#4095,.T.);
#4095 = LINE('',#4096,#4097);
#4096 = CARTESIAN_POINT('',(258.464466,-13.460535,-4.6E-02));
#4097 = VECTOR('',#4098,1.);
#4098 = DIRECTION('',(0.,0.,1.));
#4099 = ORIENTED_EDGE('',*,*,#2276,.F.);
#4100 = ORIENTED_EDGE('',*,*,#4094,.F.);
#4101 = CYLINDRICAL_SURFACE('',#4102,0.425);
#4102 = AXIS2_PLACEMENT_3D('',#4103,#4104,#4105);
#4103 = CARTESIAN_POINT('',(258.464466,-13.035535,-4.6E-02));
#4104 = DIRECTION('',(-0.,-0.,-1.));
#4105 = DIRECTION('',(-0.,-1.,0.));
#4106 = ADVANCED_FACE('',(#4107),#4118,.F.);
#4107 = FACE_BOUND('',#4108,.T.);
#4108 = EDGE_LOOP('',(#4109,#4110,#4116,#4117));
#4109 = ORIENTED_EDGE('',*,*,#1167,.T.);
#4110 = ORIENTED_EDGE('',*,*,#4111,.T.);
#4111 = EDGE_CURVE('',#1168,#2288,#4112,.T.);
#4112 = LINE('',#4113,#4114);
#4113 = CARTESIAN_POINT('',(266.964466,-13.460535,-4.6E-02));
#4114 = VECTOR('',#4115,1.);
#4115 = DIRECTION('',(0.,0.,1.));
#4116 = ORIENTED_EDGE('',*,*,#2287,.F.);
#4117 = ORIENTED_EDGE('',*,*,#4111,.F.);
#4118 = CYLINDRICAL_SURFACE('',#4119,0.425);
#4119 = AXIS2_PLACEMENT_3D('',#4120,#4121,#4122);
#4120 = CARTESIAN_POINT('',(266.964466,-13.035535,-4.6E-02));
#4121 = DIRECTION('',(-0.,-0.,-1.));
#4122 = DIRECTION('',(-0.,-1.,0.));
#4123 = ADVANCED_FACE('',(#4124),#4135,.F.);
#4124 = FACE_BOUND('',#4125,.T.);
#4125 = EDGE_LOOP('',(#4126,#4127,#4133,#4134));
#4126 = ORIENTED_EDGE('',*,*,#1178,.T.);
#4127 = ORIENTED_EDGE('',*,*,#4128,.T.);
#4128 = EDGE_CURVE('',#1179,#2299,#4129,.T.);
#4129 = LINE('',#4130,#4131);
#4130 = CARTESIAN_POINT('',(265.535534,-6.389467,-4.6E-02));
#4131 = VECTOR('',#4132,1.);
#4132 = DIRECTION('',(0.,0.,1.));
#4133 = ORIENTED_EDGE('',*,*,#2298,.F.);
#4134 = ORIENTED_EDGE('',*,*,#4128,.F.);
#4135 = CYLINDRICAL_SURFACE('',#4136,0.425);
#4136 = AXIS2_PLACEMENT_3D('',#4137,#4138,#4139);
#4137 = CARTESIAN_POINT('',(265.535534,-5.964467,-4.6E-02));
#4138 = DIRECTION('',(-0.,-0.,-1.));
#4139 = DIRECTION('',(-0.,-1.,0.));
#4140 = ADVANCED_FACE('',(#4141),#4152,.F.);
#4141 = FACE_BOUND('',#4142,.T.);
#4142 = EDGE_LOOP('',(#4143,#4144,#4150,#4151));
#4143 = ORIENTED_EDGE('',*,*,#1189,.T.);
#4144 = ORIENTED_EDGE('',*,*,#4145,.T.);
#4145 = EDGE_CURVE('',#1190,#2310,#4146,.T.);
#4146 = LINE('',#4147,#4148);
#4147 = CARTESIAN_POINT('',(274.035534,-6.389467,-4.6E-02));
#4148 = VECTOR('',#4149,1.);
#4149 = DIRECTION('',(0.,0.,1.));
#4150 = ORIENTED_EDGE('',*,*,#2309,.F.);
#4151 = ORIENTED_EDGE('',*,*,#4145,.F.);
#4152 = CYLINDRICAL_SURFACE('',#4153,0.425);
#4153 = AXIS2_PLACEMENT_3D('',#4154,#4155,#4156);
#4154 = CARTESIAN_POINT('',(274.035534,-5.964467,-4.6E-02));
#4155 = DIRECTION('',(-0.,-0.,-1.));
#4156 = DIRECTION('',(-0.,-1.,0.));
#4157 = ADVANCED_FACE('',(#4158),#4169,.F.);
#4158 = FACE_BOUND('',#4159,.T.);
#4159 = EDGE_LOOP('',(#4160,#4161,#4167,#4168));
#4160 = ORIENTED_EDGE('',*,*,#1200,.T.);
#4161 = ORIENTED_EDGE('',*,*,#4162,.T.);
#4162 = EDGE_CURVE('',#1201,#2321,#4163,.T.);
#4163 = LINE('',#4164,#4165);
#4164 = CARTESIAN_POINT('',(252.,-0.425,-4.6E-02));
#4165 = VECTOR('',#4166,1.);
#4166 = DIRECTION('',(0.,0.,1.));
#4167 = ORIENTED_EDGE('',*,*,#2320,.F.);
#4168 = ORIENTED_EDGE('',*,*,#4162,.F.);
#4169 = CYLINDRICAL_SURFACE('',#4170,0.425);
#4170 = AXIS2_PLACEMENT_3D('',#4171,#4172,#4173);
#4171 = CARTESIAN_POINT('',(252.,1.137978600241E-14,-4.6E-02));
#4172 = DIRECTION('',(-0.,-0.,-1.));
#4173 = DIRECTION('',(-0.,-1.,0.));
#4174 = ADVANCED_FACE('',(#4175),#4186,.F.);
#4175 = FACE_BOUND('',#4176,.T.);
#4176 = EDGE_LOOP('',(#4177,#4178,#4184,#4185));
#4177 = ORIENTED_EDGE('',*,*,#1211,.T.);
#4178 = ORIENTED_EDGE('',*,*,#4179,.T.);
#4179 = EDGE_CURVE('',#1212,#2332,#4180,.T.);
#4180 = LINE('',#4181,#4182);
#4181 = CARTESIAN_POINT('',(252.,5.575,-4.6E-02));
#4182 = VECTOR('',#4183,1.);
#4183 = DIRECTION('',(0.,0.,1.));
#4184 = ORIENTED_EDGE('',*,*,#2331,.F.);
#4185 = ORIENTED_EDGE('',*,*,#4179,.F.);
#4186 = CYLINDRICAL_SURFACE('',#4187,0.425);
#4187 = AXIS2_PLACEMENT_3D('',#4188,#4189,#4190);
#4188 = CARTESIAN_POINT('',(252.,6.,-4.6E-02));
#4189 = DIRECTION('',(-0.,-0.,-1.));
#4190 = DIRECTION('',(-0.,-1.,0.));
#4191 = ADVANCED_FACE('',(#4192),#4203,.F.);
#4192 = FACE_BOUND('',#4193,.T.);
#4193 = EDGE_LOOP('',(#4194,#4195,#4201,#4202));
#4194 = ORIENTED_EDGE('',*,*,#1222,.T.);
#4195 = ORIENTED_EDGE('',*,*,#4196,.T.);
#4196 = EDGE_CURVE('',#1223,#2343,#4197,.T.);
#4197 = LINE('',#4198,#4199);
#4198 = CARTESIAN_POINT('',(262.,-0.425,-4.6E-02));
#4199 = VECTOR('',#4200,1.);
#4200 = DIRECTION('',(0.,0.,1.));
#4201 = ORIENTED_EDGE('',*,*,#2342,.F.);
#4202 = ORIENTED_EDGE('',*,*,#4196,.F.);
#4203 = CYLINDRICAL_SURFACE('',#4204,0.425);
#4204 = AXIS2_PLACEMENT_3D('',#4205,#4206,#4207);
#4205 = CARTESIAN_POINT('',(262.,-1.7041923428E-14,-4.6E-02));
#4206 = DIRECTION('',(-0.,-0.,-1.));
#4207 = DIRECTION('',(-0.,-1.,0.));
#4208 = ADVANCED_FACE('',(#4209),#4220,.F.);
#4209 = FACE_BOUND('',#4210,.T.);
#4210 = EDGE_LOOP('',(#4211,#4212,#4218,#4219));
#4211 = ORIENTED_EDGE('',*,*,#1233,.T.);
#4212 = ORIENTED_EDGE('',*,*,#4213,.T.);
#4213 = EDGE_CURVE('',#1234,#2354,#4214,.T.);
#4214 = LINE('',#4215,#4216);
#4215 = CARTESIAN_POINT('',(262.,5.575,-4.6E-02));
#4216 = VECTOR('',#4217,1.);
#4217 = DIRECTION('',(0.,0.,1.));
#4218 = ORIENTED_EDGE('',*,*,#2353,.F.);
#4219 = ORIENTED_EDGE('',*,*,#4213,.F.);
#4220 = CYLINDRICAL_SURFACE('',#4221,0.425);
#4221 = AXIS2_PLACEMENT_3D('',#4222,#4223,#4224);
#4222 = CARTESIAN_POINT('',(262.,6.,-4.6E-02));
#4223 = DIRECTION('',(-0.,-0.,-1.));
#4224 = DIRECTION('',(-0.,-1.,0.));
#4225 = ADVANCED_FACE('',(#4226),#4237,.F.);
#4226 = FACE_BOUND('',#4227,.T.);
#4227 = EDGE_LOOP('',(#4228,#4229,#4235,#4236));
#4228 = ORIENTED_EDGE('',*,*,#1244,.T.);
#4229 = ORIENTED_EDGE('',*,*,#4230,.T.);
#4230 = EDGE_CURVE('',#1245,#2365,#4231,.T.);
#4231 = LINE('',#4232,#4233);
#4232 = CARTESIAN_POINT('',(275.,-0.2,-4.6E-02));
#4233 = VECTOR('',#4234,1.);
#4234 = DIRECTION('',(0.,0.,1.));
#4235 = ORIENTED_EDGE('',*,*,#2364,.F.);
#4236 = ORIENTED_EDGE('',*,*,#4230,.F.);
#4237 = CYLINDRICAL_SURFACE('',#4238,3.2);
#4238 = AXIS2_PLACEMENT_3D('',#4239,#4240,#4241);
#4239 = CARTESIAN_POINT('',(275.,3.,-4.6E-02));
#4240 = DIRECTION('',(-0.,-0.,-1.));
#4241 = DIRECTION('',(-0.,-1.,0.));
#4242 = ( GEOMETRIC_REPRESENTATION_CONTEXT(3) 
GLOBAL_UNCERTAINTY_ASSIGNED_CONTEXT((#4246)) 
GLOBAL_UNIT_ASSIGNED_CONTEXT((#4243,#4244,#4245)) REPRESENTATION_CONTEXT
('Context #1','3D Context with UNIT and UNCERTAINTY') );
#4243 = ( LENGTH_UNIT() NAMED_UNIT(*) SI_UNIT(.MILLI.,.METRE.) );
#4244 = ( NAMED_UNIT(*) PLANE_ANGLE_UNIT() SI_UNIT($,.RADIAN.) );
#4245 = ( NAMED_UNIT(*) SI_UNIT($,.STERADIAN.) SOLID_ANGLE_UNIT() );
#4246 = UNCERTAINTY_MEASURE_WITH_UNIT(LENGTH_MEASURE(1.E-07),#4243,
  'distance_accuracy_value','confusion accuracy');
#4247 = CONTEXT_DEPENDENT_SHAPE_REPRESENTATION(#4248,#4250);
#4248 = ( REPRESENTATION_RELATIONSHIP('','',#32,#10) 
REPRESENTATION_RELATIONSHIP_WITH_TRANSFORMATION(#4249) 
SHAPE_REPRESENTATION_RELATIONSHIP() );
#4249 = ITEM_DEFINED_TRANSFORMATION('','',#11,#15);
#4250 = PRODUCT_DEFINITION_SHAPE('Placement','Placement of an item',
  #4251);
#4251 = NEXT_ASSEMBLY_USAGE_OCCURRENCE('1','=>[0:1:1:2]','',#5,#27,$);
#4252 = PRODUCT_RELATED_PRODUCT_CATEGORY('part',$,(#29));
#4253 = MECHANICAL_DESIGN_GEOMETRIC_PRESENTATION_REPRESENTATION('',(
    #4254),#4242);
#4254 = STYLED_ITEM('color',(#4255),#33);
#4255 = PRESENTATION_STYLE_ASSIGNMENT((#4256));
#4256 = SURFACE_STYLE_USAGE(.BOTH.,#4257);
#4257 = SURFACE_SIDE_STYLE('',(#4258));
#4258 = SURFACE_STYLE_FILL_AREA(#4259);
#4259 = FILL_AREA_STYLE('',(#4260));
#4260 = FILL_AREA_STYLE_COLOUR('',#4261);
#4261 = COLOUR_RGB('',0.313304153717,0.484529207832,0.410020903123);
ENDSEC;
END-ISO-10303-21;
