ISO-10303-21;
HEADER;
FILE_DESCRIPTION(('FreeCAD Model'),'2;1');
FILE_NAME('Open CASCADE Shape Model','2026-08-28T21:19:36',(''),(''),
  'Open CASCADE STEP processor 7.8','FreeCAD','Unknown');
FILE_SCHEMA(('AUTOMOTIVE_DESIGN { 1 0 10303 214 1 1 1 1 }'));
ENDSEC;
DATA;
#1 = APPLICATION_PROTOCOL_DEFINITION('international standard',
  'automotive_design',2000,#2);
#2 = APPLICATION_CONTEXT(
  'core data for automotive mechanical design processes');
#3 = SHAPE_DEFINITION_REPRESENTATION(#4,#10);
#4 = PRODUCT_DEFINITION_SHAPE('','',#5);
#5 = PRODUCT_DEFINITION('design','',#6,#9);
#6 = PRODUCT_DEFINITION_FORMATION('','',#7);
#7 = PRODUCT('HW-C2-DCLMH-200-PRINTED-B','HW-C2-DCLMH-200-PRINTED-B','',
  (#8));
#8 = PRODUCT_CONTEXT('',#2,'mechanical');
#9 = PRODUCT_DEFINITION_CONTEXT('part definition',#2,'design');
#10 = ADVANCED_BREP_SHAPE_REPRESENTATION('',(#11,#15),#7418);
#11 = AXIS2_PLACEMENT_3D('',#12,#13,#14);
#12 = CARTESIAN_POINT('',(0.,0.,0.));
#13 = DIRECTION('',(0.,0.,1.));
#14 = DIRECTION('',(1.,0.,-0.));
#15 = MANIFOLD_SOLID_BREP('',#16);
#16 = CLOSED_SHELL('',(#17,#56,#85,#131,#187,#226,#281,#304,#327,#384,
    #1367,#1384,#1415,#1433,#1450,#1507,#1545,#1576,#1612,#1866,#1883,
    #1895,#1926,#1985,#2010,#2027,#2074,#2098,#2122,#2146,#2170,#2202,
    #2226,#2258,#2282,#2306,#2330,#2354,#2378,#2402,#2426,#2450,#2474,
    #2498,#2522,#2546,#2602,#2626,#2650,#2674,#2698,#2722,#2746,#2770,
    #2794,#2818,#2842,#2866,#2890,#2914,#2961,#2978,#2995,#3012,#3029,
    #3046,#3063,#3080,#3097,#3114,#3131,#3148,#3165,#3182,#3199,#3216,
    #3233,#3245,#3257,#3269,#3293,#3317,#3354,#3413,#3450,#3482,#3522,
    #3584,#3614,#3631,#3871,#3895,#3956,#3979,#4038,#4061,#4122,#4139,
    #4163,#4224,#4247,#4306,#4329,#4390,#4407,#4431,#4492,#4515,#4574,
    #4597,#4658,#4675,#4717,#4741,#4765,#4782,#4864,#4888,#4912,#4929,
    #4960,#4984,#5008,#5076,#5107,#5131,#5155,#5223,#5254,#5278,#5302,
    #5370,#5387,#5404,#5429,#5454,#5484,#5521,#5562,#5578,#5590,#5606,
    #5618,#5642,#5899,#5916,#5937,#5947,#5968,#5985,#6002,#6053,#6070,
    #6103,#6142,#6159,#6210,#6222,#6273,#6285,#6307,#6348,#6365,#6377,
    #6394,#6405,#6417,#6434,#6451,#6483,#6515,#6547,#6564,#6581,#6598,
    #6615,#6632,#6649,#6666,#6683,#6700,#6712,#6729,#6746,#6763,#6780,
    #6797,#6814,#6836,#6852,#6874,#6891,#6908,#6944,#6962,#6984,#7000,
    #7022,#7039,#7056,#7092,#7110,#7132,#7148,#7170,#7187,#7204,#7240,
    #7258,#7279,#7300,#7321,#7342,#7354,#7366,#7378,#7388,#7398,#7408));
#17 = ADVANCED_FACE('',(#18),#51,.T.);
#18 = FACE_BOUND('',#19,.T.);
#19 = EDGE_LOOP('',(#20,#29,#37,#45));
#20 = ORIENTED_EDGE('',*,*,#21,.T.);
#21 = EDGE_CURVE('',#22,#24,#26,.T.);
#22 = VERTEX_POINT('',#23);
#23 = CARTESIAN_POINT('',(-26.09999975,64.900000749996,4.972731051224));
#24 = VERTEX_POINT('',#25);
#25 = CARTESIAN_POINT('',(-26.10000025003,79.100000750033,4.972728303588
    ));
#26 = B_SPLINE_CURVE_WITH_KNOTS('',1,(#27,#28),.UNSPECIFIED.,.F.,.F.,(2,
    2),(0.,1.),.PIECEWISE_BEZIER_KNOTS.);
#27 = CARTESIAN_POINT('',(-26.1,64.900001,4.972729677509));
#28 = CARTESIAN_POINT('',(-26.1,79.1,4.972729677509));
#29 = ORIENTED_EDGE('',*,*,#30,.T.);
#30 = EDGE_CURVE('',#24,#31,#33,.T.);
#31 = VERTEX_POINT('',#32);
#32 = CARTESIAN_POINT('',(-26.1,79.100001,17.));
#33 = LINE('',#34,#35);
#34 = CARTESIAN_POINT('',(-26.1,79.100001,2.5));
#35 = VECTOR('',#36,1.);
#36 = DIRECTION('',(0.,0.,1.));
#37 = ORIENTED_EDGE('',*,*,#38,.F.);
#38 = EDGE_CURVE('',#39,#31,#41,.T.);
#39 = VERTEX_POINT('',#40);
#40 = CARTESIAN_POINT('',(-26.1,64.900001,17.));
#41 = LINE('',#42,#43);
#42 = CARTESIAN_POINT('',(-26.1,79.5500005,17.));
#43 = VECTOR('',#44,1.);
#44 = DIRECTION('',(0.,1.,0.));
#45 = ORIENTED_EDGE('',*,*,#46,.F.);
#46 = EDGE_CURVE('',#22,#39,#47,.T.);
#47 = LINE('',#48,#49);
#48 = CARTESIAN_POINT('',(-26.1,64.900001,2.5));
#49 = VECTOR('',#50,1.);
#50 = DIRECTION('',(0.,0.,1.));
#51 = PLANE('',#52);
#52 = AXIS2_PLACEMENT_3D('',#53,#54,#55);
#53 = CARTESIAN_POINT('',(-26.1,79.100001,2.5));
#54 = DIRECTION('',(1.,0.,0.));
#55 = DIRECTION('',(0.,-1.,0.));
#56 = ADVANCED_FACE('',(#57),#80,.F.);
#57 = FACE_BOUND('',#58,.F.);
#58 = EDGE_LOOP('',(#59,#69,#74,#75));
#59 = ORIENTED_EDGE('',*,*,#60,.F.);
#60 = EDGE_CURVE('',#61,#63,#65,.T.);
#61 = VERTEX_POINT('',#62);
#62 = CARTESIAN_POINT('',(-27.,64.,2.5));
#63 = VERTEX_POINT('',#64);
#64 = CARTESIAN_POINT('',(-27.,80.,2.5));
#65 = LINE('',#66,#67);
#66 = CARTESIAN_POINT('',(-27.,44.48369534275,2.5));
#67 = VECTOR('',#68,1.);
#68 = DIRECTION('',(0.,1.,0.));
#69 = ORIENTED_EDGE('',*,*,#70,.T.);
#70 = EDGE_CURVE('',#61,#22,#71,.T.);
#71 = B_SPLINE_CURVE_WITH_KNOTS('',1,(#72,#73),.UNSPECIFIED.,.F.,.F.,(2,
    2),(0.,1.),.PIECEWISE_BEZIER_KNOTS.);
#72 = CARTESIAN_POINT('',(-27.,64.,2.5));
#73 = CARTESIAN_POINT('',(-25.9080892972,65.091910702799,5.5));
#74 = ORIENTED_EDGE('',*,*,#21,.T.);
#75 = ORIENTED_EDGE('',*,*,#76,.F.);
#76 = EDGE_CURVE('',#63,#24,#77,.T.);
#77 = B_SPLINE_CURVE_WITH_KNOTS('',1,(#78,#79),.UNSPECIFIED.,.F.,.F.,(2,
    2),(0.,1.),.PIECEWISE_BEZIER_KNOTS.);
#78 = CARTESIAN_POINT('',(-27.,80.,2.5));
#79 = CARTESIAN_POINT('',(-25.9080892972,78.908089297201,5.5));
#80 = B_SPLINE_SURFACE_WITH_KNOTS('',1,1,(
    (#81,#82)
    ,(#83,#84)),.UNSPECIFIED.,.F.,.F.,.F.,(2,2),(2,2),(0.,16.),(0.,1.),
  .PIECEWISE_BEZIER_KNOTS.);
#81 = CARTESIAN_POINT('',(-27.,80.,2.5));
#82 = CARTESIAN_POINT('',(-25.9080892972,78.908089297201,5.5));
#83 = CARTESIAN_POINT('',(-27.,64.,2.5));
#84 = CARTESIAN_POINT('',(-25.9080892972,65.091910702799,5.5));
#85 = ADVANCED_FACE('',(#86),#126,.T.);
#86 = FACE_BOUND('',#87,.T.);
#87 = EDGE_LOOP('',(#88,#95,#96,#104,#112,#120));
#88 = ORIENTED_EDGE('',*,*,#89,.T.);
#89 = EDGE_CURVE('',#90,#22,#92,.T.);
#90 = VERTEX_POINT('',#91);
#91 = CARTESIAN_POINT('',(-20.90000024999,64.900000749996,4.972731051224
    ));
#92 = B_SPLINE_CURVE_WITH_KNOTS('',1,(#93,#94),.UNSPECIFIED.,.F.,.F.,(2,
    2),(0.,1.),.PIECEWISE_BEZIER_KNOTS.);
#93 = CARTESIAN_POINT('',(-20.900001,64.900001,4.972732424987));
#94 = CARTESIAN_POINT('',(-26.099999,64.900001,4.972732424987));
#95 = ORIENTED_EDGE('',*,*,#46,.T.);
#96 = ORIENTED_EDGE('',*,*,#97,.F.);
#97 = EDGE_CURVE('',#98,#39,#100,.T.);
#98 = VERTEX_POINT('',#99);
#99 = CARTESIAN_POINT('',(-25.9,64.900001,17.));
#100 = LINE('',#101,#102);
#101 = CARTESIAN_POINT('',(-32.05,64.900001,17.));
#102 = VECTOR('',#103,1.);
#103 = DIRECTION('',(-1.,0.,0.));
#104 = ORIENTED_EDGE('',*,*,#105,.F.);
#105 = EDGE_CURVE('',#106,#98,#108,.T.);
#106 = VERTEX_POINT('',#107);
#107 = CARTESIAN_POINT('',(-25.9,64.900001,39.));
#108 = LINE('',#109,#110);
#109 = CARTESIAN_POINT('',(-25.9,64.900001,17.36976049063));
#110 = VECTOR('',#111,1.);
#111 = DIRECTION('',(0.,0.,-1.));
#112 = ORIENTED_EDGE('',*,*,#113,.T.);
#113 = EDGE_CURVE('',#106,#114,#116,.T.);
#114 = VERTEX_POINT('',#115);
#115 = CARTESIAN_POINT('',(-20.9,64.900001,39.));
#116 = LINE('',#117,#118);
#117 = CARTESIAN_POINT('',(-26.1,64.900001,39.));
#118 = VECTOR('',#119,1.);
#119 = DIRECTION('',(1.,0.,0.));
#120 = ORIENTED_EDGE('',*,*,#121,.F.);
#121 = EDGE_CURVE('',#90,#114,#122,.T.);
#122 = LINE('',#123,#124);
#123 = CARTESIAN_POINT('',(-20.9,64.900001,2.5));
#124 = VECTOR('',#125,1.);
#125 = DIRECTION('',(0.,0.,1.));
#126 = PLANE('',#127);
#127 = AXIS2_PLACEMENT_3D('',#128,#129,#130);
#128 = CARTESIAN_POINT('',(-26.1,64.900001,2.5));
#129 = DIRECTION('',(0.,1.,0.));
#130 = DIRECTION('',(1.,0.,0.));
#131 = ADVANCED_FACE('',(#132),#182,.T.);
#132 = FACE_BOUND('',#133,.T.);
#133 = EDGE_LOOP('',(#134,#144,#152,#160,#166,#167,#168,#176));
#134 = ORIENTED_EDGE('',*,*,#135,.F.);
#135 = EDGE_CURVE('',#136,#138,#140,.T.);
#136 = VERTEX_POINT('',#137);
#137 = CARTESIAN_POINT('',(-37.,80.,17.));
#138 = VERTEX_POINT('',#139);
#139 = CARTESIAN_POINT('',(-25.9,80.,17.));
#140 = LINE('',#141,#142);
#141 = CARTESIAN_POINT('',(-38.,80.,17.));
#142 = VECTOR('',#143,1.);
#143 = DIRECTION('',(1.,0.,0.));
#144 = ORIENTED_EDGE('',*,*,#145,.T.);
#145 = EDGE_CURVE('',#136,#146,#148,.T.);
#146 = VERTEX_POINT('',#147);
#147 = CARTESIAN_POINT('',(-37.,60.,17.));
#148 = LINE('',#149,#150);
#149 = CARTESIAN_POINT('',(-37.,57.,17.));
#150 = VECTOR('',#151,1.);
#151 = DIRECTION('',(-0.,-1.,-0.));
#152 = ORIENTED_EDGE('',*,*,#153,.F.);
#153 = EDGE_CURVE('',#154,#146,#156,.T.);
#154 = VERTEX_POINT('',#155);
#155 = CARTESIAN_POINT('',(-25.9,60.,17.));
#156 = LINE('',#157,#158);
#157 = CARTESIAN_POINT('',(-21.,60.,17.));
#158 = VECTOR('',#159,1.);
#159 = DIRECTION('',(-1.,-0.,-0.));
#160 = ORIENTED_EDGE('',*,*,#161,.F.);
#161 = EDGE_CURVE('',#98,#154,#162,.T.);
#162 = LINE('',#163,#164);
#163 = CARTESIAN_POINT('',(-25.9,80.,17.));
#164 = VECTOR('',#165,1.);
#165 = DIRECTION('',(0.,-1.,0.));
#166 = ORIENTED_EDGE('',*,*,#97,.T.);
#167 = ORIENTED_EDGE('',*,*,#38,.T.);
#168 = ORIENTED_EDGE('',*,*,#169,.T.);
#169 = EDGE_CURVE('',#31,#170,#172,.T.);
#170 = VERTEX_POINT('',#171);
#171 = CARTESIAN_POINT('',(-25.9,79.100001,17.));
#172 = LINE('',#173,#174);
#173 = CARTESIAN_POINT('',(-29.45,79.100001,17.));
#174 = VECTOR('',#175,1.);
#175 = DIRECTION('',(1.,0.,0.));
#176 = ORIENTED_EDGE('',*,*,#177,.F.);
#177 = EDGE_CURVE('',#138,#170,#178,.T.);
#178 = LINE('',#179,#180);
#179 = CARTESIAN_POINT('',(-25.9,80.,17.));
#180 = VECTOR('',#181,1.);
#181 = DIRECTION('',(0.,-1.,0.));
#182 = PLANE('',#183);
#183 = AXIS2_PLACEMENT_3D('',#184,#185,#186);
#184 = CARTESIAN_POINT('',(-32.82577313687,56.153027215879,17.));
#185 = DIRECTION('',(0.,0.,1.));
#186 = DIRECTION('',(1.,0.,0.));
#187 = ADVANCED_FACE('',(#188),#221,.T.);
#188 = FACE_BOUND('',#189,.T.);
#189 = EDGE_LOOP('',(#190,#197,#205,#213,#219,#220));
#190 = ORIENTED_EDGE('',*,*,#191,.T.);
#191 = EDGE_CURVE('',#24,#192,#194,.T.);
#192 = VERTEX_POINT('',#193);
#193 = CARTESIAN_POINT('',(-20.89999974996,79.100000750033,
    4.972728303588));
#194 = B_SPLINE_CURVE_WITH_KNOTS('',1,(#195,#196),.UNSPECIFIED.,.F.,.F.,
  (2,2),(0.,1.),.PIECEWISE_BEZIER_KNOTS.);
#195 = CARTESIAN_POINT('',(-26.1,79.100001,4.972726930032));
#196 = CARTESIAN_POINT('',(-20.9,79.100001,4.972726930032));
#197 = ORIENTED_EDGE('',*,*,#198,.T.);
#198 = EDGE_CURVE('',#192,#199,#201,.T.);
#199 = VERTEX_POINT('',#200);
#200 = CARTESIAN_POINT('',(-20.9,79.100001,39.));
#201 = LINE('',#202,#203);
#202 = CARTESIAN_POINT('',(-20.9,79.100001,2.5));
#203 = VECTOR('',#204,1.);
#204 = DIRECTION('',(0.,0.,1.));
#205 = ORIENTED_EDGE('',*,*,#206,.T.);
#206 = EDGE_CURVE('',#199,#207,#209,.T.);
#207 = VERTEX_POINT('',#208);
#208 = CARTESIAN_POINT('',(-25.9,79.100001,39.));
#209 = LINE('',#210,#211);
#210 = CARTESIAN_POINT('',(-20.9,79.100001,39.));
#211 = VECTOR('',#212,1.);
#212 = DIRECTION('',(-1.,0.,0.));
#213 = ORIENTED_EDGE('',*,*,#214,.F.);
#214 = EDGE_CURVE('',#170,#207,#215,.T.);
#215 = LINE('',#216,#217);
#216 = CARTESIAN_POINT('',(-25.9,79.100001,17.36976049063));
#217 = VECTOR('',#218,1.);
#218 = DIRECTION('',(0.,0.,1.));
#219 = ORIENTED_EDGE('',*,*,#169,.F.);
#220 = ORIENTED_EDGE('',*,*,#30,.F.);
#221 = PLANE('',#222);
#222 = AXIS2_PLACEMENT_3D('',#223,#224,#225);
#223 = CARTESIAN_POINT('',(-20.9,79.100001,2.5));
#224 = DIRECTION('',(0.,-1.,0.));
#225 = DIRECTION('',(-1.,0.,0.));
#226 = ADVANCED_FACE('',(#227),#276,.F.);
#227 = FACE_BOUND('',#228,.F.);
#228 = EDGE_LOOP('',(#229,#239,#247,#255,#261,#262,#270));
#229 = ORIENTED_EDGE('',*,*,#230,.F.);
#230 = EDGE_CURVE('',#231,#233,#235,.T.);
#231 = VERTEX_POINT('',#232);
#232 = CARTESIAN_POINT('',(-27.,49.,13.));
#233 = VERTEX_POINT('',#234);
#234 = CARTESIAN_POINT('',(-27.,98.,13.));
#235 = LINE('',#236,#237);
#236 = CARTESIAN_POINT('',(-27.,49.,13.));
#237 = VECTOR('',#238,1.);
#238 = DIRECTION('',(0.,1.,0.));
#239 = ORIENTED_EDGE('',*,*,#240,.T.);
#240 = EDGE_CURVE('',#231,#241,#243,.T.);
#241 = VERTEX_POINT('',#242);
#242 = CARTESIAN_POINT('',(-27.,49.,2.5));
#243 = LINE('',#244,#245);
#244 = CARTESIAN_POINT('',(-27.,49.,13.));
#245 = VECTOR('',#246,1.);
#246 = DIRECTION('',(0.,0.,-1.));
#247 = ORIENTED_EDGE('',*,*,#248,.T.);
#248 = EDGE_CURVE('',#241,#249,#251,.T.);
#249 = VERTEX_POINT('',#250);
#250 = CARTESIAN_POINT('',(-27.,52.,2.5));
#251 = LINE('',#252,#253);
#252 = CARTESIAN_POINT('',(-27.,44.48369534275,2.5));
#253 = VECTOR('',#254,1.);
#254 = DIRECTION('',(0.,1.,0.));
#255 = ORIENTED_EDGE('',*,*,#256,.T.);
#256 = EDGE_CURVE('',#249,#61,#257,.T.);
#257 = LINE('',#258,#259);
#258 = CARTESIAN_POINT('',(-27.,44.48369534275,2.5));
#259 = VECTOR('',#260,1.);
#260 = DIRECTION('',(0.,1.,0.));
#261 = ORIENTED_EDGE('',*,*,#60,.T.);
#262 = ORIENTED_EDGE('',*,*,#263,.T.);
#263 = EDGE_CURVE('',#63,#264,#266,.T.);
#264 = VERTEX_POINT('',#265);
#265 = CARTESIAN_POINT('',(-27.,98.,2.5));
#266 = LINE('',#267,#268);
#267 = CARTESIAN_POINT('',(-27.,44.48369534275,2.5));
#268 = VECTOR('',#269,1.);
#269 = DIRECTION('',(0.,1.,0.));
#270 = ORIENTED_EDGE('',*,*,#271,.T.);
#271 = EDGE_CURVE('',#264,#233,#272,.T.);
#272 = LINE('',#273,#274);
#273 = CARTESIAN_POINT('',(-27.,98.,3.647058823529));
#274 = VECTOR('',#275,1.);
#275 = DIRECTION('',(0.,0.,1.));
#276 = PLANE('',#277);
#277 = AXIS2_PLACEMENT_3D('',#278,#279,#280);
#278 = CARTESIAN_POINT('',(-27.,73.205882352941,4.794117647059));
#279 = DIRECTION('',(1.,0.,0.));
#280 = DIRECTION('',(0.,0.,1.));
#281 = ADVANCED_FACE('',(#282),#299,.F.);
#282 = FACE_BOUND('',#283,.F.);
#283 = EDGE_LOOP('',(#284,#291,#297,#298));
#284 = ORIENTED_EDGE('',*,*,#285,.F.);
#285 = EDGE_CURVE('',#286,#192,#288,.T.);
#286 = VERTEX_POINT('',#287);
#287 = CARTESIAN_POINT('',(-20.,80.,2.5));
#288 = B_SPLINE_CURVE_WITH_KNOTS('',1,(#289,#290),.UNSPECIFIED.,.F.,.F.,
  (2,2),(0.,1.),.PIECEWISE_BEZIER_KNOTS.);
#289 = CARTESIAN_POINT('',(-20.,80.,2.5));
#290 = CARTESIAN_POINT('',(-21.09191070279,78.908089297201,5.5));
#291 = ORIENTED_EDGE('',*,*,#292,.T.);
#292 = EDGE_CURVE('',#286,#63,#293,.T.);
#293 = LINE('',#294,#295);
#294 = CARTESIAN_POINT('',(-20.,80.,2.5));
#295 = VECTOR('',#296,1.);
#296 = DIRECTION('',(-1.,0.,0.));
#297 = ORIENTED_EDGE('',*,*,#76,.T.);
#298 = ORIENTED_EDGE('',*,*,#191,.T.);
#299 = B_SPLINE_SURFACE_WITH_KNOTS('',1,1,(
    (#300,#301)
    ,(#302,#303)),.UNSPECIFIED.,.F.,.F.,.F.,(2,2),(2,2),(0.,7.),(0.,1.),
  .PIECEWISE_BEZIER_KNOTS.);
#300 = CARTESIAN_POINT('',(-20.,80.,2.5));
#301 = CARTESIAN_POINT('',(-21.09191070279,78.908089297201,5.5));
#302 = CARTESIAN_POINT('',(-27.,80.,2.5));
#303 = CARTESIAN_POINT('',(-25.9080892972,78.908089297201,5.5));
#304 = ADVANCED_FACE('',(#305),#322,.F.);
#305 = FACE_BOUND('',#306,.F.);
#306 = EDGE_LOOP('',(#307,#308,#316,#321));
#307 = ORIENTED_EDGE('',*,*,#70,.F.);
#308 = ORIENTED_EDGE('',*,*,#309,.T.);
#309 = EDGE_CURVE('',#61,#310,#312,.T.);
#310 = VERTEX_POINT('',#311);
#311 = CARTESIAN_POINT('',(-20.,64.,2.5));
#312 = LINE('',#313,#314);
#313 = CARTESIAN_POINT('',(-27.,64.,2.5));
#314 = VECTOR('',#315,1.);
#315 = DIRECTION('',(1.,0.,0.));
#316 = ORIENTED_EDGE('',*,*,#317,.T.);
#317 = EDGE_CURVE('',#310,#90,#318,.T.);
#318 = B_SPLINE_CURVE_WITH_KNOTS('',1,(#319,#320),.UNSPECIFIED.,.F.,.F.,
  (2,2),(0.,1.),.PIECEWISE_BEZIER_KNOTS.);
#319 = CARTESIAN_POINT('',(-20.,64.,2.5));
#320 = CARTESIAN_POINT('',(-21.09191070279,65.091910702799,5.5));
#321 = ORIENTED_EDGE('',*,*,#89,.T.);
#322 = B_SPLINE_SURFACE_WITH_KNOTS('',1,1,(
    (#323,#324)
    ,(#325,#326)),.UNSPECIFIED.,.F.,.F.,.F.,(2,2),(2,2),(0.,7.),(0.,1.),
  .PIECEWISE_BEZIER_KNOTS.);
#323 = CARTESIAN_POINT('',(-27.,64.,2.5));
#324 = CARTESIAN_POINT('',(-25.9080892972,65.091910702799,5.5));
#325 = CARTESIAN_POINT('',(-20.,64.,2.5));
#326 = CARTESIAN_POINT('',(-21.09191070279,65.091910702799,5.5));
#327 = ADVANCED_FACE('',(#328,#343),#379,.T.);
#328 = FACE_BOUND('',#329,.T.);
#329 = EDGE_LOOP('',(#330,#335,#336,#342));
#330 = ORIENTED_EDGE('',*,*,#331,.T.);
#331 = EDGE_CURVE('',#192,#90,#332,.T.);
#332 = B_SPLINE_CURVE_WITH_KNOTS('',1,(#333,#334),.UNSPECIFIED.,.F.,.F.,
  (2,2),(0.,1.),.PIECEWISE_BEZIER_KNOTS.);
#333 = CARTESIAN_POINT('',(-20.9,79.1,4.972729677509));
#334 = CARTESIAN_POINT('',(-20.9,64.900001,4.972729677509));
#335 = ORIENTED_EDGE('',*,*,#121,.T.);
#336 = ORIENTED_EDGE('',*,*,#337,.T.);
#337 = EDGE_CURVE('',#114,#199,#338,.T.);
#338 = LINE('',#339,#340);
#339 = CARTESIAN_POINT('',(-20.9,64.900001,39.));
#340 = VECTOR('',#341,1.);
#341 = DIRECTION('',(0.,1.,0.));
#342 = ORIENTED_EDGE('',*,*,#198,.F.);
#343 = FACE_BOUND('',#344,.T.);
#344 = EDGE_LOOP('',(#345,#355,#364,#372));
#345 = ORIENTED_EDGE('',*,*,#346,.T.);
#346 = EDGE_CURVE('',#347,#349,#351,.T.);
#347 = VERTEX_POINT('',#348);
#348 = CARTESIAN_POINT('',(-20.9,75.5,26.999998787564));
#349 = VERTEX_POINT('',#350);
#350 = CARTESIAN_POINT('',(-20.9,75.5,32.));
#351 = LINE('',#352,#353);
#352 = CARTESIAN_POINT('',(-20.9,75.5,17.25));
#353 = VECTOR('',#354,1.);
#354 = DIRECTION('',(0.,0.,1.));
#355 = ORIENTED_EDGE('',*,*,#356,.T.);
#356 = EDGE_CURVE('',#349,#357,#359,.T.);
#357 = VERTEX_POINT('',#358);
#358 = CARTESIAN_POINT('',(-20.9,68.5,32.));
#359 = CIRCLE('',#360,3.5);
#360 = AXIS2_PLACEMENT_3D('',#361,#362,#363);
#361 = CARTESIAN_POINT('',(-20.9,72.,32.));
#362 = DIRECTION('',(1.,0.,0.));
#363 = DIRECTION('',(0.,1.,0.));
#364 = ORIENTED_EDGE('',*,*,#365,.F.);
#365 = EDGE_CURVE('',#366,#357,#368,.T.);
#366 = VERTEX_POINT('',#367);
#367 = CARTESIAN_POINT('',(-20.9,68.5,26.999998787564));
#368 = LINE('',#369,#370);
#369 = CARTESIAN_POINT('',(-20.9,68.5,17.25));
#370 = VECTOR('',#371,1.);
#371 = DIRECTION('',(0.,1.705E-14,1.));
#372 = ORIENTED_EDGE('',*,*,#373,.T.);
#373 = EDGE_CURVE('',#366,#347,#374,.T.);
#374 = CIRCLE('',#375,3.5);
#375 = AXIS2_PLACEMENT_3D('',#376,#377,#378);
#376 = CARTESIAN_POINT('',(-20.9,72.,26.999998787564));
#377 = DIRECTION('',(1.,0.,0.));
#378 = DIRECTION('',(0.,1.,0.));
#379 = PLANE('',#380);
#380 = AXIS2_PLACEMENT_3D('',#381,#382,#383);
#381 = CARTESIAN_POINT('',(-20.9,64.900001,2.5));
#382 = DIRECTION('',(-1.,0.,0.));
#383 = DIRECTION('',(0.,1.,0.));
#384 = ADVANCED_FACE('',(#385,#1148,#1182,#1216,#1250,#1284,#1318,#1329,
    #1340,#1351),#1362,.T.);
#385 = FACE_BOUND('',#386,.T.);
#386 = EDGE_LOOP('',(#387,#397,#405,#413,#421,#429,#437,#445,#453,#461,
    #469,#477,#485,#493,#501,#509,#517,#525,#533,#541,#549,#557,#565,
    #573,#581,#589,#597,#605,#613,#621,#629,#637,#645,#653,#661,#669,
    #677,#685,#693,#701,#709,#717,#725,#733,#741,#749,#757,#765,#773,
    #781,#789,#797,#805,#813,#821,#829,#837,#843,#844,#845,#846,#854,
    #862,#870,#878,#886,#894,#902,#910,#918,#926,#934,#942,#950,#958,
    #966,#974,#982,#990,#998,#1006,#1014,#1022,#1030,#1038,#1046,#1054,
    #1062,#1070,#1078,#1086,#1094,#1102,#1110,#1118,#1126,#1134,#1142));
#387 = ORIENTED_EDGE('',*,*,#388,.F.);
#388 = EDGE_CURVE('',#389,#391,#393,.T.);
#389 = VERTEX_POINT('',#390);
#390 = CARTESIAN_POINT('',(235.,-1.,39.));
#391 = VERTEX_POINT('',#392);
#392 = CARTESIAN_POINT('',(235.,-16.,39.));
#393 = LINE('',#394,#395);
#394 = CARTESIAN_POINT('',(235.,-1.,39.));
#395 = VECTOR('',#396,1.);
#396 = DIRECTION('',(0.,-1.,0.));
#397 = ORIENTED_EDGE('',*,*,#398,.T.);
#398 = EDGE_CURVE('',#389,#399,#401,.T.);
#399 = VERTEX_POINT('',#400);
#400 = CARTESIAN_POINT('',(234.,0.,39.));
#401 = LINE('',#402,#403);
#402 = CARTESIAN_POINT('',(235.,-1.,39.));
#403 = VECTOR('',#404,1.);
#404 = DIRECTION('',(-0.707106781187,0.707106781187,0.));
#405 = ORIENTED_EDGE('',*,*,#406,.T.);
#406 = EDGE_CURVE('',#399,#407,#409,.T.);
#407 = VERTEX_POINT('',#408);
#408 = CARTESIAN_POINT('',(229.,0.,39.));
#409 = LINE('',#410,#411);
#410 = CARTESIAN_POINT('',(234.,0.,39.));
#411 = VECTOR('',#412,1.);
#412 = DIRECTION('',(-1.,0.,0.));
#413 = ORIENTED_EDGE('',*,*,#414,.T.);
#414 = EDGE_CURVE('',#407,#415,#417,.T.);
#415 = VERTEX_POINT('',#416);
#416 = CARTESIAN_POINT('',(228.,1.,39.));
#417 = LINE('',#418,#419);
#418 = CARTESIAN_POINT('',(229.,0.,39.));
#419 = VECTOR('',#420,1.);
#420 = DIRECTION('',(-0.707106781187,0.707106781187,0.));
#421 = ORIENTED_EDGE('',*,*,#422,.F.);
#422 = EDGE_CURVE('',#423,#415,#425,.T.);
#423 = VERTEX_POINT('',#424);
#424 = CARTESIAN_POINT('',(228.,10.,39.));
#425 = LINE('',#426,#427);
#426 = CARTESIAN_POINT('',(228.,10.,39.));
#427 = VECTOR('',#428,1.);
#428 = DIRECTION('',(0.,-1.,0.));
#429 = ORIENTED_EDGE('',*,*,#430,.F.);
#430 = EDGE_CURVE('',#431,#423,#433,.T.);
#431 = VERTEX_POINT('',#432);
#432 = CARTESIAN_POINT('',(226.,14.,39.));
#433 = LINE('',#434,#435);
#434 = CARTESIAN_POINT('',(226.,14.,39.));
#435 = VECTOR('',#436,1.);
#436 = DIRECTION('',(0.4472135955,-0.894427191,0.));
#437 = ORIENTED_EDGE('',*,*,#438,.F.);
#438 = EDGE_CURVE('',#439,#431,#441,.T.);
#439 = VERTEX_POINT('',#440);
#440 = CARTESIAN_POINT('',(204.,14.,39.));
#441 = LINE('',#442,#443);
#442 = CARTESIAN_POINT('',(204.,14.,39.));
#443 = VECTOR('',#444,1.);
#444 = DIRECTION('',(1.,0.,0.));
#445 = ORIENTED_EDGE('',*,*,#446,.F.);
#446 = EDGE_CURVE('',#447,#439,#449,.T.);
#447 = VERTEX_POINT('',#448);
#448 = CARTESIAN_POINT('',(202.,12.,39.));
#449 = LINE('',#450,#451);
#450 = CARTESIAN_POINT('',(202.,12.,39.));
#451 = VECTOR('',#452,1.);
#452 = DIRECTION('',(0.707106781187,0.707106781187,0.));
#453 = ORIENTED_EDGE('',*,*,#454,.F.);
#454 = EDGE_CURVE('',#455,#447,#457,.T.);
#455 = VERTEX_POINT('',#456);
#456 = CARTESIAN_POINT('',(202.,2.,39.));
#457 = LINE('',#458,#459);
#458 = CARTESIAN_POINT('',(202.,2.,39.));
#459 = VECTOR('',#460,1.);
#460 = DIRECTION('',(0.,1.,0.));
#461 = ORIENTED_EDGE('',*,*,#462,.F.);
#462 = EDGE_CURVE('',#463,#455,#465,.T.);
#463 = VERTEX_POINT('',#464);
#464 = CARTESIAN_POINT('',(200.,0.,39.));
#465 = LINE('',#466,#467);
#466 = CARTESIAN_POINT('',(200.,0.,39.));
#467 = VECTOR('',#468,1.);
#468 = DIRECTION('',(0.707106781187,0.707106781187,0.));
#469 = ORIENTED_EDGE('',*,*,#470,.F.);
#470 = EDGE_CURVE('',#471,#463,#473,.T.);
#471 = VERTEX_POINT('',#472);
#472 = CARTESIAN_POINT('',(185.,0.,39.));
#473 = LINE('',#474,#475);
#474 = CARTESIAN_POINT('',(185.,0.,39.));
#475 = VECTOR('',#476,1.);
#476 = DIRECTION('',(1.,0.,0.));
#477 = ORIENTED_EDGE('',*,*,#478,.F.);
#478 = EDGE_CURVE('',#479,#471,#481,.T.);
#479 = VERTEX_POINT('',#480);
#480 = CARTESIAN_POINT('',(172.,13.,39.));
#481 = LINE('',#482,#483);
#482 = CARTESIAN_POINT('',(172.,13.,39.));
#483 = VECTOR('',#484,1.);
#484 = DIRECTION('',(0.707106781187,-0.707106781187,0.));
#485 = ORIENTED_EDGE('',*,*,#486,.F.);
#486 = EDGE_CURVE('',#487,#479,#489,.T.);
#487 = VERTEX_POINT('',#488);
#488 = CARTESIAN_POINT('',(164.,13.,39.));
#489 = LINE('',#490,#491);
#490 = CARTESIAN_POINT('',(164.,13.,39.));
#491 = VECTOR('',#492,1.);
#492 = DIRECTION('',(1.,0.,0.));
#493 = ORIENTED_EDGE('',*,*,#494,.F.);
#494 = EDGE_CURVE('',#495,#487,#497,.T.);
#495 = VERTEX_POINT('',#496);
#496 = CARTESIAN_POINT('',(162.,11.,39.));
#497 = LINE('',#498,#499);
#498 = CARTESIAN_POINT('',(162.,11.,39.));
#499 = VECTOR('',#500,1.);
#500 = DIRECTION('',(0.707106781187,0.707106781187,0.));
#501 = ORIENTED_EDGE('',*,*,#502,.F.);
#502 = EDGE_CURVE('',#503,#495,#505,.T.);
#503 = VERTEX_POINT('',#504);
#504 = CARTESIAN_POINT('',(162.,3.,39.));
#505 = LINE('',#506,#507);
#506 = CARTESIAN_POINT('',(162.,3.,39.));
#507 = VECTOR('',#508,1.);
#508 = DIRECTION('',(0.,1.,0.));
#509 = ORIENTED_EDGE('',*,*,#510,.F.);
#510 = EDGE_CURVE('',#511,#503,#513,.T.);
#511 = VERTEX_POINT('',#512);
#512 = CARTESIAN_POINT('',(159.,0.,39.));
#513 = LINE('',#514,#515);
#514 = CARTESIAN_POINT('',(159.,0.,39.));
#515 = VECTOR('',#516,1.);
#516 = DIRECTION('',(0.707106781187,0.707106781187,0.));
#517 = ORIENTED_EDGE('',*,*,#518,.F.);
#518 = EDGE_CURVE('',#519,#511,#521,.T.);
#519 = VERTEX_POINT('',#520);
#520 = CARTESIAN_POINT('',(144.,0.,39.));
#521 = LINE('',#522,#523);
#522 = CARTESIAN_POINT('',(144.,0.,39.));
#523 = VECTOR('',#524,1.);
#524 = DIRECTION('',(1.,0.,0.));
#525 = ORIENTED_EDGE('',*,*,#526,.F.);
#526 = EDGE_CURVE('',#527,#519,#529,.T.);
#527 = VERTEX_POINT('',#528);
#528 = CARTESIAN_POINT('',(142.,2.,39.));
#529 = LINE('',#530,#531);
#530 = CARTESIAN_POINT('',(142.,2.,39.));
#531 = VECTOR('',#532,1.);
#532 = DIRECTION('',(0.707106781187,-0.707106781187,0.));
#533 = ORIENTED_EDGE('',*,*,#534,.F.);
#534 = EDGE_CURVE('',#535,#527,#537,.T.);
#535 = VERTEX_POINT('',#536);
#536 = CARTESIAN_POINT('',(142.,15.,39.));
#537 = LINE('',#538,#539);
#538 = CARTESIAN_POINT('',(142.,15.,39.));
#539 = VECTOR('',#540,1.);
#540 = DIRECTION('',(0.,-1.,0.));
#541 = ORIENTED_EDGE('',*,*,#542,.F.);
#542 = EDGE_CURVE('',#543,#535,#545,.T.);
#543 = VERTEX_POINT('',#544);
#544 = CARTESIAN_POINT('',(140.,17.,39.));
#545 = LINE('',#546,#547);
#546 = CARTESIAN_POINT('',(140.,17.,39.));
#547 = VECTOR('',#548,1.);
#548 = DIRECTION('',(0.707106781187,-0.707106781187,0.));
#549 = ORIENTED_EDGE('',*,*,#550,.F.);
#550 = EDGE_CURVE('',#551,#543,#553,.T.);
#551 = VERTEX_POINT('',#552);
#552 = CARTESIAN_POINT('',(113.,17.,39.));
#553 = LINE('',#554,#555);
#554 = CARTESIAN_POINT('',(113.,17.,39.));
#555 = VECTOR('',#556,1.);
#556 = DIRECTION('',(1.,0.,0.));
#557 = ORIENTED_EDGE('',*,*,#558,.F.);
#558 = EDGE_CURVE('',#559,#551,#561,.T.);
#559 = VERTEX_POINT('',#560);
#560 = CARTESIAN_POINT('',(111.,15.,39.));
#561 = LINE('',#562,#563);
#562 = CARTESIAN_POINT('',(111.,15.,39.));
#563 = VECTOR('',#564,1.);
#564 = DIRECTION('',(0.707106781187,0.707106781187,0.));
#565 = ORIENTED_EDGE('',*,*,#566,.F.);
#566 = EDGE_CURVE('',#567,#559,#569,.T.);
#567 = VERTEX_POINT('',#568);
#568 = CARTESIAN_POINT('',(111.,3.,39.));
#569 = LINE('',#570,#571);
#570 = CARTESIAN_POINT('',(111.,3.,39.));
#571 = VECTOR('',#572,1.);
#572 = DIRECTION('',(0.,1.,0.));
#573 = ORIENTED_EDGE('',*,*,#574,.F.);
#574 = EDGE_CURVE('',#575,#567,#577,.T.);
#575 = VERTEX_POINT('',#576);
#576 = CARTESIAN_POINT('',(108.,0.,39.));
#577 = LINE('',#578,#579);
#578 = CARTESIAN_POINT('',(108.,0.,39.));
#579 = VECTOR('',#580,1.);
#580 = DIRECTION('',(0.707106781187,0.707106781187,0.));
#581 = ORIENTED_EDGE('',*,*,#582,.F.);
#582 = EDGE_CURVE('',#583,#575,#585,.T.);
#583 = VERTEX_POINT('',#584);
#584 = CARTESIAN_POINT('',(97.,0.,39.));
#585 = LINE('',#586,#587);
#586 = CARTESIAN_POINT('',(97.,0.,39.));
#587 = VECTOR('',#588,1.);
#588 = DIRECTION('',(1.,0.,0.));
#589 = ORIENTED_EDGE('',*,*,#590,.F.);
#590 = EDGE_CURVE('',#591,#583,#593,.T.);
#591 = VERTEX_POINT('',#592);
#592 = CARTESIAN_POINT('',(84.,13.,39.));
#593 = LINE('',#594,#595);
#594 = CARTESIAN_POINT('',(84.,13.,39.));
#595 = VECTOR('',#596,1.);
#596 = DIRECTION('',(0.707106781187,-0.707106781187,0.));
#597 = ORIENTED_EDGE('',*,*,#598,.F.);
#598 = EDGE_CURVE('',#599,#591,#601,.T.);
#599 = VERTEX_POINT('',#600);
#600 = CARTESIAN_POINT('',(75.,13.,39.));
#601 = LINE('',#602,#603);
#602 = CARTESIAN_POINT('',(75.,13.,39.));
#603 = VECTOR('',#604,1.);
#604 = DIRECTION('',(1.,0.,0.));
#605 = ORIENTED_EDGE('',*,*,#606,.F.);
#606 = EDGE_CURVE('',#607,#599,#609,.T.);
#607 = VERTEX_POINT('',#608);
#608 = CARTESIAN_POINT('',(73.,11.,39.));
#609 = LINE('',#610,#611);
#610 = CARTESIAN_POINT('',(73.,11.,39.));
#611 = VECTOR('',#612,1.);
#612 = DIRECTION('',(0.707106781187,0.707106781187,0.));
#613 = ORIENTED_EDGE('',*,*,#614,.F.);
#614 = EDGE_CURVE('',#615,#607,#617,.T.);
#615 = VERTEX_POINT('',#616);
#616 = CARTESIAN_POINT('',(73.,3.,39.));
#617 = LINE('',#618,#619);
#618 = CARTESIAN_POINT('',(73.,3.,39.));
#619 = VECTOR('',#620,1.);
#620 = DIRECTION('',(0.,1.,0.));
#621 = ORIENTED_EDGE('',*,*,#622,.F.);
#622 = EDGE_CURVE('',#623,#615,#625,.T.);
#623 = VERTEX_POINT('',#624);
#624 = CARTESIAN_POINT('',(70.,0.,39.));
#625 = LINE('',#626,#627);
#626 = CARTESIAN_POINT('',(70.,0.,39.));
#627 = VECTOR('',#628,1.);
#628 = DIRECTION('',(0.707106781187,0.707106781187,0.));
#629 = ORIENTED_EDGE('',*,*,#630,.F.);
#630 = EDGE_CURVE('',#631,#623,#633,.T.);
#631 = VERTEX_POINT('',#632);
#632 = CARTESIAN_POINT('',(54.,0.,39.));
#633 = LINE('',#634,#635);
#634 = CARTESIAN_POINT('',(54.,0.,39.));
#635 = VECTOR('',#636,1.);
#636 = DIRECTION('',(1.,0.,0.));
#637 = ORIENTED_EDGE('',*,*,#638,.F.);
#638 = EDGE_CURVE('',#639,#631,#641,.T.);
#639 = VERTEX_POINT('',#640);
#640 = CARTESIAN_POINT('',(52.,2.,39.));
#641 = LINE('',#642,#643);
#642 = CARTESIAN_POINT('',(52.,2.,39.));
#643 = VECTOR('',#644,1.);
#644 = DIRECTION('',(0.707106781187,-0.707106781187,0.));
#645 = ORIENTED_EDGE('',*,*,#646,.F.);
#646 = EDGE_CURVE('',#647,#639,#649,.T.);
#647 = VERTEX_POINT('',#648);
#648 = CARTESIAN_POINT('',(52.,10.,39.));
#649 = LINE('',#650,#651);
#650 = CARTESIAN_POINT('',(52.,10.,39.));
#651 = VECTOR('',#652,1.);
#652 = DIRECTION('',(0.,-1.,0.));
#653 = ORIENTED_EDGE('',*,*,#654,.F.);
#654 = EDGE_CURVE('',#655,#647,#657,.T.);
#655 = VERTEX_POINT('',#656);
#656 = CARTESIAN_POINT('',(47.,15.,39.));
#657 = LINE('',#658,#659);
#658 = CARTESIAN_POINT('',(47.,15.,39.));
#659 = VECTOR('',#660,1.);
#660 = DIRECTION('',(0.707106781187,-0.707106781187,0.));
#661 = ORIENTED_EDGE('',*,*,#662,.F.);
#662 = EDGE_CURVE('',#663,#655,#665,.T.);
#663 = VERTEX_POINT('',#664);
#664 = CARTESIAN_POINT('',(23.,15.,39.));
#665 = LINE('',#666,#667);
#666 = CARTESIAN_POINT('',(23.,15.,39.));
#667 = VECTOR('',#668,1.);
#668 = DIRECTION('',(1.,0.,0.));
#669 = ORIENTED_EDGE('',*,*,#670,.F.);
#670 = EDGE_CURVE('',#671,#663,#673,.T.);
#671 = VERTEX_POINT('',#672);
#672 = CARTESIAN_POINT('',(18.,10.,39.));
#673 = LINE('',#674,#675);
#674 = CARTESIAN_POINT('',(18.,10.,39.));
#675 = VECTOR('',#676,1.);
#676 = DIRECTION('',(0.707106781187,0.707106781187,0.));
#677 = ORIENTED_EDGE('',*,*,#678,.F.);
#678 = EDGE_CURVE('',#679,#671,#681,.T.);
#679 = VERTEX_POINT('',#680);
#680 = CARTESIAN_POINT('',(0.,10.,39.));
#681 = LINE('',#682,#683);
#682 = CARTESIAN_POINT('',(0.,10.,39.));
#683 = VECTOR('',#684,1.);
#684 = DIRECTION('',(1.,0.,0.));
#685 = ORIENTED_EDGE('',*,*,#686,.T.);
#686 = EDGE_CURVE('',#679,#687,#689,.T.);
#687 = VERTEX_POINT('',#688);
#688 = CARTESIAN_POINT('',(-7.,13.,39.));
#689 = LINE('',#690,#691);
#690 = CARTESIAN_POINT('',(0.,10.,39.));
#691 = VECTOR('',#692,1.);
#692 = DIRECTION('',(-0.919145030018,0.393919298579,0.));
#693 = ORIENTED_EDGE('',*,*,#694,.T.);
#694 = EDGE_CURVE('',#687,#695,#697,.T.);
#695 = VERTEX_POINT('',#696);
#696 = CARTESIAN_POINT('',(-15.,13.,39.));
#697 = LINE('',#698,#699);
#698 = CARTESIAN_POINT('',(-7.,13.,39.));
#699 = VECTOR('',#700,1.);
#700 = DIRECTION('',(-1.,0.,0.));
#701 = ORIENTED_EDGE('',*,*,#702,.T.);
#702 = EDGE_CURVE('',#695,#703,#705,.T.);
#703 = VERTEX_POINT('',#704);
#704 = CARTESIAN_POINT('',(-21.,10.,39.));
#705 = LINE('',#706,#707);
#706 = CARTESIAN_POINT('',(-15.,13.,39.));
#707 = VECTOR('',#708,1.);
#708 = DIRECTION('',(-0.894427191,-0.4472135955,0.));
#709 = ORIENTED_EDGE('',*,*,#710,.T.);
#710 = EDGE_CURVE('',#703,#711,#713,.T.);
#711 = VERTEX_POINT('',#712);
#712 = CARTESIAN_POINT('',(-25.,10.,39.));
#713 = LINE('',#714,#715);
#714 = CARTESIAN_POINT('',(-21.,10.,39.));
#715 = VECTOR('',#716,1.);
#716 = DIRECTION('',(-1.,0.,0.));
#717 = ORIENTED_EDGE('',*,*,#718,.T.);
#718 = EDGE_CURVE('',#711,#719,#721,.T.);
#719 = VERTEX_POINT('',#720);
#720 = CARTESIAN_POINT('',(-29.,12.,39.));
#721 = LINE('',#722,#723);
#722 = CARTESIAN_POINT('',(-25.,10.,39.));
#723 = VECTOR('',#724,1.);
#724 = DIRECTION('',(-0.894427191,0.4472135955,0.));
#725 = ORIENTED_EDGE('',*,*,#726,.T.);
#726 = EDGE_CURVE('',#719,#727,#729,.T.);
#727 = VERTEX_POINT('',#728);
#728 = CARTESIAN_POINT('',(-32.,16.,39.));
#729 = LINE('',#730,#731);
#730 = CARTESIAN_POINT('',(-29.,12.,39.));
#731 = VECTOR('',#732,1.);
#732 = DIRECTION('',(-0.6,0.8,0.));
#733 = ORIENTED_EDGE('',*,*,#734,.T.);
#734 = EDGE_CURVE('',#727,#735,#737,.T.);
#735 = VERTEX_POINT('',#736);
#736 = CARTESIAN_POINT('',(-32.5,20.,39.));
#737 = LINE('',#738,#739);
#738 = CARTESIAN_POINT('',(-32.,16.,39.));
#739 = VECTOR('',#740,1.);
#740 = DIRECTION('',(-0.124034734589,0.992277876714,0.));
#741 = ORIENTED_EDGE('',*,*,#742,.T.);
#742 = EDGE_CURVE('',#735,#743,#745,.T.);
#743 = VERTEX_POINT('',#744);
#744 = CARTESIAN_POINT('',(-31.,26.,39.));
#745 = LINE('',#746,#747);
#746 = CARTESIAN_POINT('',(-32.5,20.,39.));
#747 = VECTOR('',#748,1.);
#748 = DIRECTION('',(0.242535625036,0.970142500145,0.));
#749 = ORIENTED_EDGE('',*,*,#750,.T.);
#750 = EDGE_CURVE('',#743,#751,#753,.T.);
#751 = VERTEX_POINT('',#752);
#752 = CARTESIAN_POINT('',(-26.,29.,39.));
#753 = LINE('',#754,#755);
#754 = CARTESIAN_POINT('',(-31.,26.,39.));
#755 = VECTOR('',#756,1.);
#756 = DIRECTION('',(0.857492925713,0.514495755428,0.));
#757 = ORIENTED_EDGE('',*,*,#758,.T.);
#758 = EDGE_CURVE('',#751,#759,#761,.T.);
#759 = VERTEX_POINT('',#760);
#760 = CARTESIAN_POINT('',(-12.,30.,39.));
#761 = LINE('',#762,#763);
#762 = CARTESIAN_POINT('',(-26.,29.,39.));
#763 = VECTOR('',#764,1.);
#764 = DIRECTION('',(0.997458699831,7.124704998791E-02,0.));
#765 = ORIENTED_EDGE('',*,*,#766,.T.);
#766 = EDGE_CURVE('',#759,#767,#769,.T.);
#767 = VERTEX_POINT('',#768);
#768 = CARTESIAN_POINT('',(-12.,83.,39.));
#769 = LINE('',#770,#771);
#770 = CARTESIAN_POINT('',(-12.,30.,39.));
#771 = VECTOR('',#772,1.);
#772 = DIRECTION('',(0.,1.,0.));
#773 = ORIENTED_EDGE('',*,*,#774,.T.);
#774 = EDGE_CURVE('',#767,#775,#777,.T.);
#775 = VERTEX_POINT('',#776);
#776 = CARTESIAN_POINT('',(-13.,86.,39.));
#777 = LINE('',#778,#779);
#778 = CARTESIAN_POINT('',(-12.,83.,39.));
#779 = VECTOR('',#780,1.);
#780 = DIRECTION('',(-0.316227766017,0.948683298051,0.));
#781 = ORIENTED_EDGE('',*,*,#782,.T.);
#782 = EDGE_CURVE('',#775,#783,#785,.T.);
#783 = VERTEX_POINT('',#784);
#784 = CARTESIAN_POINT('',(-12.,92.,39.));
#785 = LINE('',#786,#787);
#786 = CARTESIAN_POINT('',(-13.,86.,39.));
#787 = VECTOR('',#788,1.);
#788 = DIRECTION('',(0.164398987305,0.986393923832,0.));
#789 = ORIENTED_EDGE('',*,*,#790,.T.);
#790 = EDGE_CURVE('',#783,#791,#793,.T.);
#791 = VERTEX_POINT('',#792);
#792 = CARTESIAN_POINT('',(-12.,93.,39.));
#793 = LINE('',#794,#795);
#794 = CARTESIAN_POINT('',(-12.,92.,39.));
#795 = VECTOR('',#796,1.);
#796 = DIRECTION('',(0.,1.,0.));
#797 = ORIENTED_EDGE('',*,*,#798,.T.);
#798 = EDGE_CURVE('',#791,#799,#801,.T.);
#799 = VERTEX_POINT('',#800);
#800 = CARTESIAN_POINT('',(-18.,98.,39.));
#801 = LINE('',#802,#803);
#802 = CARTESIAN_POINT('',(-12.,93.,39.));
#803 = VECTOR('',#804,1.);
#804 = DIRECTION('',(-0.768221279597,0.640184399664,0.));
#805 = ORIENTED_EDGE('',*,*,#806,.T.);
#806 = EDGE_CURVE('',#799,#807,#809,.T.);
#807 = VERTEX_POINT('',#808);
#808 = CARTESIAN_POINT('',(-34.,98.,39.));
#809 = LINE('',#810,#811);
#810 = CARTESIAN_POINT('',(-18.,98.,39.));
#811 = VECTOR('',#812,1.);
#812 = DIRECTION('',(-1.,0.,0.));
#813 = ORIENTED_EDGE('',*,*,#814,.F.);
#814 = EDGE_CURVE('',#815,#807,#817,.T.);
#815 = VERTEX_POINT('',#816);
#816 = CARTESIAN_POINT('',(-37.,95.,39.));
#817 = LINE('',#818,#819);
#818 = CARTESIAN_POINT('',(-37.,95.,39.));
#819 = VECTOR('',#820,1.);
#820 = DIRECTION('',(0.707106781187,0.707106781187,0.));
#821 = ORIENTED_EDGE('',*,*,#822,.F.);
#822 = EDGE_CURVE('',#823,#815,#825,.T.);
#823 = VERTEX_POINT('',#824);
#824 = CARTESIAN_POINT('',(-37.,82.,39.));
#825 = LINE('',#826,#827);
#826 = CARTESIAN_POINT('',(-37.,34.,39.));
#827 = VECTOR('',#828,1.);
#828 = DIRECTION('',(0.,1.,0.));
#829 = ORIENTED_EDGE('',*,*,#830,.F.);
#830 = EDGE_CURVE('',#831,#823,#833,.T.);
#831 = VERTEX_POINT('',#832);
#832 = CARTESIAN_POINT('',(-25.9,82.,39.));
#833 = LINE('',#834,#835);
#834 = CARTESIAN_POINT('',(16.359622143813,82.,39.));
#835 = VECTOR('',#836,1.);
#836 = DIRECTION('',(-1.,0.,0.));
#837 = ORIENTED_EDGE('',*,*,#838,.F.);
#838 = EDGE_CURVE('',#207,#831,#839,.T.);
#839 = LINE('',#840,#841);
#840 = CARTESIAN_POINT('',(-25.9,36.880754166279,39.));
#841 = VECTOR('',#842,1.);
#842 = DIRECTION('',(0.,1.,0.));
#843 = ORIENTED_EDGE('',*,*,#206,.F.);
#844 = ORIENTED_EDGE('',*,*,#337,.F.);
#845 = ORIENTED_EDGE('',*,*,#113,.F.);
#846 = ORIENTED_EDGE('',*,*,#847,.F.);
#847 = EDGE_CURVE('',#848,#106,#850,.T.);
#848 = VERTEX_POINT('',#849);
#849 = CARTESIAN_POINT('',(-25.9,60.,39.));
#850 = LINE('',#851,#852);
#851 = CARTESIAN_POINT('',(-25.9,36.880754166279,39.));
#852 = VECTOR('',#853,1.);
#853 = DIRECTION('',(0.,1.,0.));
#854 = ORIENTED_EDGE('',*,*,#855,.T.);
#855 = EDGE_CURVE('',#848,#856,#858,.T.);
#856 = VERTEX_POINT('',#857);
#857 = CARTESIAN_POINT('',(-37.,60.,39.));
#858 = LINE('',#859,#860);
#859 = CARTESIAN_POINT('',(-21.,60.,39.));
#860 = VECTOR('',#861,1.);
#861 = DIRECTION('',(-1.,-0.,-0.));
#862 = ORIENTED_EDGE('',*,*,#863,.T.);
#863 = EDGE_CURVE('',#856,#864,#866,.T.);
#864 = VERTEX_POINT('',#865);
#865 = CARTESIAN_POINT('',(-37.,56.,39.));
#866 = LINE('',#867,#868);
#867 = CARTESIAN_POINT('',(-37.,60.,39.));
#868 = VECTOR('',#869,1.);
#869 = DIRECTION('',(0.,-1.,0.));
#870 = ORIENTED_EDGE('',*,*,#871,.F.);
#871 = EDGE_CURVE('',#872,#864,#874,.T.);
#872 = VERTEX_POINT('',#873);
#873 = CARTESIAN_POINT('',(-25.9,56.,39.));
#874 = LINE('',#875,#876);
#875 = CARTESIAN_POINT('',(-21.,56.,39.));
#876 = VECTOR('',#877,1.);
#877 = DIRECTION('',(-1.,-0.,-0.));
#878 = ORIENTED_EDGE('',*,*,#879,.F.);
#879 = EDGE_CURVE('',#880,#872,#882,.T.);
#880 = VERTEX_POINT('',#881);
#881 = CARTESIAN_POINT('',(-25.9,51.100001,39.));
#882 = LINE('',#883,#884);
#883 = CARTESIAN_POINT('',(-25.9,36.880754166279,39.));
#884 = VECTOR('',#885,1.);
#885 = DIRECTION('',(0.,1.,0.));
#886 = ORIENTED_EDGE('',*,*,#887,.F.);
#887 = EDGE_CURVE('',#888,#880,#890,.T.);
#888 = VERTEX_POINT('',#889);
#889 = CARTESIAN_POINT('',(-20.9,51.100001,39.));
#890 = LINE('',#891,#892);
#891 = CARTESIAN_POINT('',(-20.9,51.100001,39.));
#892 = VECTOR('',#893,1.);
#893 = DIRECTION('',(-1.,0.,0.));
#894 = ORIENTED_EDGE('',*,*,#895,.F.);
#895 = EDGE_CURVE('',#896,#888,#898,.T.);
#896 = VERTEX_POINT('',#897);
#897 = CARTESIAN_POINT('',(-20.9,36.900001,39.));
#898 = LINE('',#899,#900);
#899 = CARTESIAN_POINT('',(-20.9,36.900001,39.));
#900 = VECTOR('',#901,1.);
#901 = DIRECTION('',(0.,1.,0.));
#902 = ORIENTED_EDGE('',*,*,#903,.F.);
#903 = EDGE_CURVE('',#904,#896,#906,.T.);
#904 = VERTEX_POINT('',#905);
#905 = CARTESIAN_POINT('',(-25.9,36.900001,39.));
#906 = LINE('',#907,#908);
#907 = CARTESIAN_POINT('',(-26.1,36.900001,39.));
#908 = VECTOR('',#909,1.);
#909 = DIRECTION('',(1.,0.,0.));
#910 = ORIENTED_EDGE('',*,*,#911,.F.);
#911 = EDGE_CURVE('',#912,#904,#914,.T.);
#912 = VERTEX_POINT('',#913);
#913 = CARTESIAN_POINT('',(-25.9,34.,39.));
#914 = LINE('',#915,#916);
#915 = CARTESIAN_POINT('',(-25.9,36.880754166279,39.));
#916 = VECTOR('',#917,1.);
#917 = DIRECTION('',(0.,1.,0.));
#918 = ORIENTED_EDGE('',*,*,#919,.F.);
#919 = EDGE_CURVE('',#920,#912,#922,.T.);
#920 = VERTEX_POINT('',#921);
#921 = CARTESIAN_POINT('',(-42.,34.,39.));
#922 = LINE('',#923,#924);
#923 = CARTESIAN_POINT('',(16.359622143813,34.,39.));
#924 = VECTOR('',#925,1.);
#925 = DIRECTION('',(1.,0.,0.));
#926 = ORIENTED_EDGE('',*,*,#927,.F.);
#927 = EDGE_CURVE('',#928,#920,#930,.T.);
#928 = VERTEX_POINT('',#929);
#929 = CARTESIAN_POINT('',(-42.,14.,39.));
#930 = LINE('',#931,#932);
#931 = CARTESIAN_POINT('',(-42.,14.,39.));
#932 = VECTOR('',#933,1.);
#933 = DIRECTION('',(0.,1.,0.));
#934 = ORIENTED_EDGE('',*,*,#935,.F.);
#935 = EDGE_CURVE('',#936,#928,#938,.T.);
#936 = VERTEX_POINT('',#937);
#937 = CARTESIAN_POINT('',(-37.,14.,39.));
#938 = LINE('',#939,#940);
#939 = CARTESIAN_POINT('',(-37.,14.,39.));
#940 = VECTOR('',#941,1.);
#941 = DIRECTION('',(-1.,0.,0.));
#942 = ORIENTED_EDGE('',*,*,#943,.F.);
#943 = EDGE_CURVE('',#944,#936,#946,.T.);
#944 = VERTEX_POINT('',#945);
#945 = CARTESIAN_POINT('',(-7.,-16.,39.));
#946 = LINE('',#947,#948);
#947 = CARTESIAN_POINT('',(-7.,-16.,39.));
#948 = VECTOR('',#949,1.);
#949 = DIRECTION('',(-0.707106781187,0.707106781187,0.));
#950 = ORIENTED_EDGE('',*,*,#951,.T.);
#951 = EDGE_CURVE('',#944,#952,#954,.T.);
#952 = VERTEX_POINT('',#953);
#953 = CARTESIAN_POINT('',(23.,-16.,39.));
#954 = LINE('',#955,#956);
#955 = CARTESIAN_POINT('',(-7.,-16.,39.));
#956 = VECTOR('',#957,1.);
#957 = DIRECTION('',(1.,0.,0.));
#958 = ORIENTED_EDGE('',*,*,#959,.T.);
#959 = EDGE_CURVE('',#952,#960,#962,.T.);
#960 = VERTEX_POINT('',#961);
#961 = CARTESIAN_POINT('',(23.,9.E-15,39.));
#962 = LINE('',#963,#964);
#963 = CARTESIAN_POINT('',(23.,7.880754166279,39.));
#964 = VECTOR('',#965,1.);
#965 = DIRECTION('',(0.,1.,0.));
#966 = ORIENTED_EDGE('',*,*,#967,.F.);
#967 = EDGE_CURVE('',#968,#960,#970,.T.);
#968 = VERTEX_POINT('',#969);
#969 = CARTESIAN_POINT('',(27.4,6.E-15,39.));
#970 = LINE('',#971,#972);
#971 = CARTESIAN_POINT('',(97.859622143813,5.66E-15,39.));
#972 = VECTOR('',#973,1.);
#973 = DIRECTION('',(-1.,0.,0.));
#974 = ORIENTED_EDGE('',*,*,#975,.F.);
#975 = EDGE_CURVE('',#976,#968,#978,.T.);
#976 = VERTEX_POINT('',#977);
#977 = CARTESIAN_POINT('',(27.4,5.1,39.));
#978 = LINE('',#979,#980);
#979 = CARTESIAN_POINT('',(27.4,5.1,39.));
#980 = VECTOR('',#981,1.);
#981 = DIRECTION('',(0.,-1.,0.));
#982 = ORIENTED_EDGE('',*,*,#983,.F.);
#983 = EDGE_CURVE('',#984,#976,#986,.T.);
#984 = VERTEX_POINT('',#985);
#985 = CARTESIAN_POINT('',(42.600001,5.1,39.));
#986 = LINE('',#987,#988);
#987 = CARTESIAN_POINT('',(42.600001,5.1,39.));
#988 = VECTOR('',#989,1.);
#989 = DIRECTION('',(-1.,0.,0.));
#990 = ORIENTED_EDGE('',*,*,#991,.F.);
#991 = EDGE_CURVE('',#992,#984,#994,.T.);
#992 = VERTEX_POINT('',#993);
#993 = CARTESIAN_POINT('',(42.600001,6.E-15,39.));
#994 = LINE('',#995,#996);
#995 = CARTESIAN_POINT('',(42.600001,-1.E-01,39.));
#996 = VECTOR('',#997,1.);
#997 = DIRECTION('',(0.,1.,0.));
#998 = ORIENTED_EDGE('',*,*,#999,.F.);
#999 = EDGE_CURVE('',#1000,#992,#1002,.T.);
#1000 = VERTEX_POINT('',#1001);
#1001 = CARTESIAN_POINT('',(47.,9.E-15,39.));
#1002 = LINE('',#1003,#1004);
#1003 = CARTESIAN_POINT('',(97.859622143813,5.66E-15,39.));
#1004 = VECTOR('',#1005,1.);
#1005 = DIRECTION('',(-1.,0.,0.));
#1006 = ORIENTED_EDGE('',*,*,#1007,.T.);
#1007 = EDGE_CURVE('',#1000,#1008,#1010,.T.);
#1008 = VERTEX_POINT('',#1009);
#1009 = CARTESIAN_POINT('',(47.,-16.,39.));
#1010 = LINE('',#1011,#1012);
#1011 = CARTESIAN_POINT('',(47.,7.880754166279,39.));
#1012 = VECTOR('',#1013,1.);
#1013 = DIRECTION('',(0.,-1.,0.));
#1014 = ORIENTED_EDGE('',*,*,#1015,.T.);
#1015 = EDGE_CURVE('',#1008,#1016,#1018,.T.);
#1016 = VERTEX_POINT('',#1017);
#1017 = CARTESIAN_POINT('',(113.,-16.,39.));
#1018 = LINE('',#1019,#1020);
#1019 = CARTESIAN_POINT('',(-7.,-16.,39.));
#1020 = VECTOR('',#1021,1.);
#1021 = DIRECTION('',(1.,0.,0.));
#1022 = ORIENTED_EDGE('',*,*,#1023,.T.);
#1023 = EDGE_CURVE('',#1016,#1024,#1026,.T.);
#1024 = VERTEX_POINT('',#1025);
#1025 = CARTESIAN_POINT('',(113.,9.E-15,39.));
#1026 = LINE('',#1027,#1028);
#1027 = CARTESIAN_POINT('',(113.,7.880754166279,39.));
#1028 = VECTOR('',#1029,1.);
#1029 = DIRECTION('',(0.,1.,0.));
#1030 = ORIENTED_EDGE('',*,*,#1031,.F.);
#1031 = EDGE_CURVE('',#1032,#1024,#1034,.T.);
#1032 = VERTEX_POINT('',#1033);
#1033 = CARTESIAN_POINT('',(117.400002,6.E-15,39.));
#1034 = LINE('',#1035,#1036);
#1035 = CARTESIAN_POINT('',(97.859622143813,5.66E-15,39.));
#1036 = VECTOR('',#1037,1.);
#1037 = DIRECTION('',(-1.,0.,0.));
#1038 = ORIENTED_EDGE('',*,*,#1039,.F.);
#1039 = EDGE_CURVE('',#1040,#1032,#1042,.T.);
#1040 = VERTEX_POINT('',#1041);
#1041 = CARTESIAN_POINT('',(117.400002,5.1,39.));
#1042 = LINE('',#1043,#1044);
#1043 = CARTESIAN_POINT('',(117.400002,5.1,39.));
#1044 = VECTOR('',#1045,1.);
#1045 = DIRECTION('',(0.,-1.,0.));
#1046 = ORIENTED_EDGE('',*,*,#1047,.F.);
#1047 = EDGE_CURVE('',#1048,#1040,#1050,.T.);
#1048 = VERTEX_POINT('',#1049);
#1049 = CARTESIAN_POINT('',(132.600002,5.1,39.));
#1050 = LINE('',#1051,#1052);
#1051 = CARTESIAN_POINT('',(132.600002,5.1,39.));
#1052 = VECTOR('',#1053,1.);
#1053 = DIRECTION('',(-1.,0.,0.));
#1054 = ORIENTED_EDGE('',*,*,#1055,.F.);
#1055 = EDGE_CURVE('',#1056,#1048,#1058,.T.);
#1056 = VERTEX_POINT('',#1057);
#1057 = CARTESIAN_POINT('',(132.600002,6.E-15,39.));
#1058 = LINE('',#1059,#1060);
#1059 = CARTESIAN_POINT('',(132.600002,-1.E-01,39.));
#1060 = VECTOR('',#1061,1.);
#1061 = DIRECTION('',(0.,1.,0.));
#1062 = ORIENTED_EDGE('',*,*,#1063,.F.);
#1063 = EDGE_CURVE('',#1064,#1056,#1066,.T.);
#1064 = VERTEX_POINT('',#1065);
#1065 = CARTESIAN_POINT('',(137.,9.E-15,39.));
#1066 = LINE('',#1067,#1068);
#1067 = CARTESIAN_POINT('',(97.859622143813,5.66E-15,39.));
#1068 = VECTOR('',#1069,1.);
#1069 = DIRECTION('',(-1.,0.,0.));
#1070 = ORIENTED_EDGE('',*,*,#1071,.T.);
#1071 = EDGE_CURVE('',#1064,#1072,#1074,.T.);
#1072 = VERTEX_POINT('',#1073);
#1073 = CARTESIAN_POINT('',(137.,-16.,39.));
#1074 = LINE('',#1075,#1076);
#1075 = CARTESIAN_POINT('',(137.,7.880754166279,39.));
#1076 = VECTOR('',#1077,1.);
#1077 = DIRECTION('',(0.,-1.,0.));
#1078 = ORIENTED_EDGE('',*,*,#1079,.T.);
#1079 = EDGE_CURVE('',#1072,#1080,#1082,.T.);
#1080 = VERTEX_POINT('',#1081);
#1081 = CARTESIAN_POINT('',(203.,-16.,39.));
#1082 = LINE('',#1083,#1084);
#1083 = CARTESIAN_POINT('',(-7.,-16.,39.));
#1084 = VECTOR('',#1085,1.);
#1085 = DIRECTION('',(1.,0.,0.));
#1086 = ORIENTED_EDGE('',*,*,#1087,.T.);
#1087 = EDGE_CURVE('',#1080,#1088,#1090,.T.);
#1088 = VERTEX_POINT('',#1089);
#1089 = CARTESIAN_POINT('',(203.,9.E-15,39.));
#1090 = LINE('',#1091,#1092);
#1091 = CARTESIAN_POINT('',(203.,7.880754166279,39.));
#1092 = VECTOR('',#1093,1.);
#1093 = DIRECTION('',(0.,1.,0.));
#1094 = ORIENTED_EDGE('',*,*,#1095,.F.);
#1095 = EDGE_CURVE('',#1096,#1088,#1098,.T.);
#1096 = VERTEX_POINT('',#1097);
#1097 = CARTESIAN_POINT('',(207.400003,6.E-15,39.));
#1098 = LINE('',#1099,#1100);
#1099 = CARTESIAN_POINT('',(97.859622143813,5.66E-15,39.));
#1100 = VECTOR('',#1101,1.);
#1101 = DIRECTION('',(-1.,0.,0.));
#1102 = ORIENTED_EDGE('',*,*,#1103,.F.);
#1103 = EDGE_CURVE('',#1104,#1096,#1106,.T.);
#1104 = VERTEX_POINT('',#1105);
#1105 = CARTESIAN_POINT('',(207.400003,5.1,39.));
#1106 = LINE('',#1107,#1108);
#1107 = CARTESIAN_POINT('',(207.400003,5.1,39.));
#1108 = VECTOR('',#1109,1.);
#1109 = DIRECTION('',(0.,-1.,0.));
#1110 = ORIENTED_EDGE('',*,*,#1111,.F.);
#1111 = EDGE_CURVE('',#1112,#1104,#1114,.T.);
#1112 = VERTEX_POINT('',#1113);
#1113 = CARTESIAN_POINT('',(222.600003,5.1,39.));
#1114 = LINE('',#1115,#1116);
#1115 = CARTESIAN_POINT('',(222.600003,5.1,39.));
#1116 = VECTOR('',#1117,1.);
#1117 = DIRECTION('',(-1.,0.,0.));
#1118 = ORIENTED_EDGE('',*,*,#1119,.F.);
#1119 = EDGE_CURVE('',#1120,#1112,#1122,.T.);
#1120 = VERTEX_POINT('',#1121);
#1121 = CARTESIAN_POINT('',(222.600003,6.E-15,39.));
#1122 = LINE('',#1123,#1124);
#1123 = CARTESIAN_POINT('',(222.600003,-1.E-01,39.));
#1124 = VECTOR('',#1125,1.);
#1125 = DIRECTION('',(0.,1.,0.));
#1126 = ORIENTED_EDGE('',*,*,#1127,.F.);
#1127 = EDGE_CURVE('',#1128,#1120,#1130,.T.);
#1128 = VERTEX_POINT('',#1129);
#1129 = CARTESIAN_POINT('',(227.,9.E-15,39.));
#1130 = LINE('',#1131,#1132);
#1131 = CARTESIAN_POINT('',(97.859622143813,5.66E-15,39.));
#1132 = VECTOR('',#1133,1.);
#1133 = DIRECTION('',(-1.,0.,0.));
#1134 = ORIENTED_EDGE('',*,*,#1135,.T.);
#1135 = EDGE_CURVE('',#1128,#1136,#1138,.T.);
#1136 = VERTEX_POINT('',#1137);
#1137 = CARTESIAN_POINT('',(227.,-16.,39.));
#1138 = LINE('',#1139,#1140);
#1139 = CARTESIAN_POINT('',(227.,7.880754166279,39.));
#1140 = VECTOR('',#1141,1.);
#1141 = DIRECTION('',(0.,-1.,0.));
#1142 = ORIENTED_EDGE('',*,*,#1143,.T.);
#1143 = EDGE_CURVE('',#1136,#391,#1144,.T.);
#1144 = LINE('',#1145,#1146);
#1145 = CARTESIAN_POINT('',(-7.,-16.,39.));
#1146 = VECTOR('',#1147,1.);
#1147 = DIRECTION('',(1.,0.,0.));
#1148 = FACE_BOUND('',#1149,.T.);
#1149 = EDGE_LOOP('',(#1150,#1160,#1168,#1176));
#1150 = ORIENTED_EDGE('',*,*,#1151,.F.);
#1151 = EDGE_CURVE('',#1152,#1154,#1156,.T.);
#1152 = VERTEX_POINT('',#1153);
#1153 = CARTESIAN_POINT('',(-18.6,77.100001,39.));
#1154 = VERTEX_POINT('',#1155);
#1155 = CARTESIAN_POINT('',(-18.6,66.900001,39.));
#1156 = LINE('',#1157,#1158);
#1157 = CARTESIAN_POINT('',(-18.6,46.430754666279,39.));
#1158 = VECTOR('',#1159,1.);
#1159 = DIRECTION('',(0.,-1.,0.));
#1160 = ORIENTED_EDGE('',*,*,#1161,.F.);
#1161 = EDGE_CURVE('',#1162,#1152,#1164,.T.);
#1162 = VERTEX_POINT('',#1163);
#1163 = CARTESIAN_POINT('',(-13.4,77.100001,39.));
#1164 = LINE('',#1165,#1166);
#1165 = CARTESIAN_POINT('',(28.659622143813,77.100001,39.));
#1166 = VECTOR('',#1167,1.);
#1167 = DIRECTION('',(-1.,0.,0.));
#1168 = ORIENTED_EDGE('',*,*,#1169,.F.);
#1169 = EDGE_CURVE('',#1170,#1162,#1172,.T.);
#1170 = VERTEX_POINT('',#1171);
#1171 = CARTESIAN_POINT('',(-13.4,66.900001,39.));
#1172 = LINE('',#1173,#1174);
#1173 = CARTESIAN_POINT('',(-13.4,41.330754666279,39.));
#1174 = VECTOR('',#1175,1.);
#1175 = DIRECTION('',(0.,1.,0.));
#1176 = ORIENTED_EDGE('',*,*,#1177,.F.);
#1177 = EDGE_CURVE('',#1154,#1170,#1178,.T.);
#1178 = LINE('',#1179,#1180);
#1179 = CARTESIAN_POINT('',(26.059622143813,66.900001,39.));
#1180 = VECTOR('',#1181,1.);
#1181 = DIRECTION('',(1.,0.,0.));
#1182 = FACE_BOUND('',#1183,.T.);
#1183 = EDGE_LOOP('',(#1184,#1194,#1202,#1210));
#1184 = ORIENTED_EDGE('',*,*,#1185,.F.);
#1185 = EDGE_CURVE('',#1186,#1188,#1190,.T.);
#1186 = VERTEX_POINT('',#1187);
#1187 = CARTESIAN_POINT('',(-18.6,49.100001,39.));
#1188 = VERTEX_POINT('',#1189);
#1189 = CARTESIAN_POINT('',(-18.6,38.900001,39.));
#1190 = LINE('',#1191,#1192);
#1191 = CARTESIAN_POINT('',(-18.6,32.430754666279,39.));
#1192 = VECTOR('',#1193,1.);
#1193 = DIRECTION('',(0.,-1.,0.));
#1194 = ORIENTED_EDGE('',*,*,#1195,.F.);
#1195 = EDGE_CURVE('',#1196,#1186,#1198,.T.);
#1196 = VERTEX_POINT('',#1197);
#1197 = CARTESIAN_POINT('',(-13.4,49.100001,39.));
#1198 = LINE('',#1199,#1200);
#1199 = CARTESIAN_POINT('',(28.659622143813,49.100001,39.));
#1200 = VECTOR('',#1201,1.);
#1201 = DIRECTION('',(-1.,0.,0.));
#1202 = ORIENTED_EDGE('',*,*,#1203,.F.);
#1203 = EDGE_CURVE('',#1204,#1196,#1206,.T.);
#1204 = VERTEX_POINT('',#1205);
#1205 = CARTESIAN_POINT('',(-13.4,38.900001,39.));
#1206 = LINE('',#1207,#1208);
#1207 = CARTESIAN_POINT('',(-13.4,27.330754666279,39.));
#1208 = VECTOR('',#1209,1.);
#1209 = DIRECTION('',(0.,1.,0.));
#1210 = ORIENTED_EDGE('',*,*,#1211,.F.);
#1211 = EDGE_CURVE('',#1188,#1204,#1212,.T.);
#1212 = LINE('',#1213,#1214);
#1213 = CARTESIAN_POINT('',(26.059622143813,38.900001,39.));
#1214 = VECTOR('',#1215,1.);
#1215 = DIRECTION('',(1.,0.,0.));
#1216 = FACE_BOUND('',#1217,.T.);
#1217 = EDGE_LOOP('',(#1218,#1228,#1236,#1244));
#1218 = ORIENTED_EDGE('',*,*,#1219,.F.);
#1219 = EDGE_CURVE('',#1220,#1222,#1224,.T.);
#1220 = VERTEX_POINT('',#1221);
#1221 = CARTESIAN_POINT('',(29.9,12.6,39.));
#1222 = VERTEX_POINT('',#1223);
#1223 = CARTESIAN_POINT('',(29.9,7.4,39.));
#1224 = LINE('',#1225,#1226);
#1225 = CARTESIAN_POINT('',(29.9,12.6,39.));
#1226 = VECTOR('',#1227,1.);
#1227 = DIRECTION('',(0.,-1.,0.));
#1228 = ORIENTED_EDGE('',*,*,#1229,.F.);
#1229 = EDGE_CURVE('',#1230,#1220,#1232,.T.);
#1230 = VERTEX_POINT('',#1231);
#1231 = CARTESIAN_POINT('',(40.100001,12.6,39.));
#1232 = LINE('',#1233,#1234);
#1233 = CARTESIAN_POINT('',(40.100001,12.6,39.));
#1234 = VECTOR('',#1235,1.);
#1235 = DIRECTION('',(-1.,0.,0.));
#1236 = ORIENTED_EDGE('',*,*,#1237,.F.);
#1237 = EDGE_CURVE('',#1238,#1230,#1240,.T.);
#1238 = VERTEX_POINT('',#1239);
#1239 = CARTESIAN_POINT('',(40.100001,7.4,39.));
#1240 = LINE('',#1241,#1242);
#1241 = CARTESIAN_POINT('',(40.100001,7.4,39.));
#1242 = VECTOR('',#1243,1.);
#1243 = DIRECTION('',(0.,1.,0.));
#1244 = ORIENTED_EDGE('',*,*,#1245,.F.);
#1245 = EDGE_CURVE('',#1222,#1238,#1246,.T.);
#1246 = LINE('',#1247,#1248);
#1247 = CARTESIAN_POINT('',(29.9,7.4,39.));
#1248 = VECTOR('',#1249,1.);
#1249 = DIRECTION('',(1.,0.,0.));
#1250 = FACE_BOUND('',#1251,.T.);
#1251 = EDGE_LOOP('',(#1252,#1262,#1270,#1278));
#1252 = ORIENTED_EDGE('',*,*,#1253,.F.);
#1253 = EDGE_CURVE('',#1254,#1256,#1258,.T.);
#1254 = VERTEX_POINT('',#1255);
#1255 = CARTESIAN_POINT('',(119.900002,12.1,39.));
#1256 = VERTEX_POINT('',#1257);
#1257 = CARTESIAN_POINT('',(119.900002,6.9,39.));
#1258 = LINE('',#1259,#1260);
#1259 = CARTESIAN_POINT('',(119.900002,12.1,39.));
#1260 = VECTOR('',#1261,1.);
#1261 = DIRECTION('',(0.,-1.,0.));
#1262 = ORIENTED_EDGE('',*,*,#1263,.F.);
#1263 = EDGE_CURVE('',#1264,#1254,#1266,.T.);
#1264 = VERTEX_POINT('',#1265);
#1265 = CARTESIAN_POINT('',(130.100002,12.1,39.));
#1266 = LINE('',#1267,#1268);
#1267 = CARTESIAN_POINT('',(130.100002,12.1,39.));
#1268 = VECTOR('',#1269,1.);
#1269 = DIRECTION('',(-1.,0.,0.));
#1270 = ORIENTED_EDGE('',*,*,#1271,.F.);
#1271 = EDGE_CURVE('',#1272,#1264,#1274,.T.);
#1272 = VERTEX_POINT('',#1273);
#1273 = CARTESIAN_POINT('',(130.100002,6.9,39.));
#1274 = LINE('',#1275,#1276);
#1275 = CARTESIAN_POINT('',(130.100002,6.9,39.));
#1276 = VECTOR('',#1277,1.);
#1277 = DIRECTION('',(0.,1.,0.));
#1278 = ORIENTED_EDGE('',*,*,#1279,.F.);
#1279 = EDGE_CURVE('',#1256,#1272,#1280,.T.);
#1280 = LINE('',#1281,#1282);
#1281 = CARTESIAN_POINT('',(119.900002,6.9,39.));
#1282 = VECTOR('',#1283,1.);
#1283 = DIRECTION('',(1.,0.,0.));
#1284 = FACE_BOUND('',#1285,.T.);
#1285 = EDGE_LOOP('',(#1286,#1296,#1304,#1312));
#1286 = ORIENTED_EDGE('',*,*,#1287,.F.);
#1287 = EDGE_CURVE('',#1288,#1290,#1292,.T.);
#1288 = VERTEX_POINT('',#1289);
#1289 = CARTESIAN_POINT('',(209.900003,12.1,39.));
#1290 = VERTEX_POINT('',#1291);
#1291 = CARTESIAN_POINT('',(209.900003,6.9,39.));
#1292 = LINE('',#1293,#1294);
#1293 = CARTESIAN_POINT('',(209.900003,12.1,39.));
#1294 = VECTOR('',#1295,1.);
#1295 = DIRECTION('',(0.,-1.,0.));
#1296 = ORIENTED_EDGE('',*,*,#1297,.F.);
#1297 = EDGE_CURVE('',#1298,#1288,#1300,.T.);
#1298 = VERTEX_POINT('',#1299);
#1299 = CARTESIAN_POINT('',(220.100003,12.1,39.));
#1300 = LINE('',#1301,#1302);
#1301 = CARTESIAN_POINT('',(220.100003,12.1,39.));
#1302 = VECTOR('',#1303,1.);
#1303 = DIRECTION('',(-1.,0.,0.));
#1304 = ORIENTED_EDGE('',*,*,#1305,.F.);
#1305 = EDGE_CURVE('',#1306,#1298,#1308,.T.);
#1306 = VERTEX_POINT('',#1307);
#1307 = CARTESIAN_POINT('',(220.100003,6.9,39.));
#1308 = LINE('',#1309,#1310);
#1309 = CARTESIAN_POINT('',(220.100003,6.9,39.));
#1310 = VECTOR('',#1311,1.);
#1311 = DIRECTION('',(0.,1.,0.));
#1312 = ORIENTED_EDGE('',*,*,#1313,.F.);
#1313 = EDGE_CURVE('',#1290,#1306,#1314,.T.);
#1314 = LINE('',#1315,#1316);
#1315 = CARTESIAN_POINT('',(209.900003,6.9,39.));
#1316 = VECTOR('',#1317,1.);
#1317 = DIRECTION('',(1.,0.,0.));
#1318 = FACE_BOUND('',#1319,.T.);
#1319 = EDGE_LOOP('',(#1320));
#1320 = ORIENTED_EDGE('',*,*,#1321,.F.);
#1321 = EDGE_CURVE('',#1322,#1322,#1324,.T.);
#1322 = VERTEX_POINT('',#1323);
#1323 = CARTESIAN_POINT('',(-6.,6.,39.));
#1324 = CIRCLE('',#1325,4.);
#1325 = AXIS2_PLACEMENT_3D('',#1326,#1327,#1328);
#1326 = CARTESIAN_POINT('',(-10.,6.,39.));
#1327 = DIRECTION('',(0.,0.,1.));
#1328 = DIRECTION('',(1.,0.,0.));
#1329 = FACE_BOUND('',#1330,.T.);
#1330 = EDGE_LOOP('',(#1331));
#1331 = ORIENTED_EDGE('',*,*,#1332,.F.);
#1332 = EDGE_CURVE('',#1333,#1333,#1335,.T.);
#1333 = VERTEX_POINT('',#1334);
#1334 = CARTESIAN_POINT('',(-16.,90.,39.));
#1335 = CIRCLE('',#1336,4.);
#1336 = AXIS2_PLACEMENT_3D('',#1337,#1338,#1339);
#1337 = CARTESIAN_POINT('',(-20.,90.,39.));
#1338 = DIRECTION('',(0.,0.,1.));
#1339 = DIRECTION('',(1.,0.,0.));
#1340 = FACE_BOUND('',#1341,.T.);
#1341 = EDGE_LOOP('',(#1342));
#1342 = ORIENTED_EDGE('',*,*,#1343,.F.);
#1343 = EDGE_CURVE('',#1344,#1344,#1346,.T.);
#1344 = VERTEX_POINT('',#1345);
#1345 = CARTESIAN_POINT('',(83.,6.,39.));
#1346 = CIRCLE('',#1347,3.);
#1347 = AXIS2_PLACEMENT_3D('',#1348,#1349,#1350);
#1348 = CARTESIAN_POINT('',(80.,6.,39.));
#1349 = DIRECTION('',(0.,0.,1.));
#1350 = DIRECTION('',(1.,0.,0.));
#1351 = FACE_BOUND('',#1352,.T.);
#1352 = EDGE_LOOP('',(#1353));
#1353 = ORIENTED_EDGE('',*,*,#1354,.F.);
#1354 = EDGE_CURVE('',#1355,#1355,#1357,.T.);
#1355 = VERTEX_POINT('',#1356);
#1356 = CARTESIAN_POINT('',(173.,6.,39.));
#1357 = CIRCLE('',#1358,3.);
#1358 = AXIS2_PLACEMENT_3D('',#1359,#1360,#1361);
#1359 = CARTESIAN_POINT('',(170.,6.,39.));
#1360 = DIRECTION('',(0.,0.,1.));
#1361 = DIRECTION('',(1.,0.,0.));
#1362 = PLANE('',#1363);
#1363 = AXIS2_PLACEMENT_3D('',#1364,#1365,#1366);
#1364 = CARTESIAN_POINT('',(74.103816058233,14.573892215921,39.));
#1365 = DIRECTION('',(0.,0.,1.));
#1366 = DIRECTION('',(1.,0.,0.));
#1367 = ADVANCED_FACE('',(#1368),#1379,.F.);
#1368 = FACE_BOUND('',#1369,.F.);
#1369 = EDGE_LOOP('',(#1370,#1371,#1372,#1373));
#1370 = ORIENTED_EDGE('',*,*,#161,.F.);
#1371 = ORIENTED_EDGE('',*,*,#105,.F.);
#1372 = ORIENTED_EDGE('',*,*,#847,.F.);
#1373 = ORIENTED_EDGE('',*,*,#1374,.F.);
#1374 = EDGE_CURVE('',#154,#848,#1375,.T.);
#1375 = LINE('',#1376,#1377);
#1376 = CARTESIAN_POINT('',(-25.9,60.,24.61976049063));
#1377 = VECTOR('',#1378,1.);
#1378 = DIRECTION('',(0.,0.,1.));
#1379 = PLANE('',#1380);
#1380 = AXIS2_PLACEMENT_3D('',#1381,#1382,#1383);
#1381 = CARTESIAN_POINT('',(-25.9,58.,32.23952098126));
#1382 = DIRECTION('',(1.,0.,0.));
#1383 = DIRECTION('',(0.,0.,1.));
#1384 = ADVANCED_FACE('',(#1385),#1410,.F.);
#1385 = FACE_BOUND('',#1386,.F.);
#1386 = EDGE_LOOP('',(#1387,#1395,#1403,#1409));
#1387 = ORIENTED_EDGE('',*,*,#1388,.F.);
#1388 = EDGE_CURVE('',#1389,#136,#1391,.T.);
#1389 = VERTEX_POINT('',#1390);
#1390 = CARTESIAN_POINT('',(-37.,82.,19.));
#1391 = LINE('',#1392,#1393);
#1392 = CARTESIAN_POINT('',(-37.,65.875,2.875));
#1393 = VECTOR('',#1394,1.);
#1394 = DIRECTION('',(-0.,-0.707106781187,-0.707106781187));
#1395 = ORIENTED_EDGE('',*,*,#1396,.T.);
#1396 = EDGE_CURVE('',#1389,#1397,#1399,.T.);
#1397 = VERTEX_POINT('',#1398);
#1398 = CARTESIAN_POINT('',(-25.9,82.,19.));
#1399 = LINE('',#1400,#1401);
#1400 = CARTESIAN_POINT('',(-38.,82.,19.));
#1401 = VECTOR('',#1402,1.);
#1402 = DIRECTION('',(1.,0.,0.));
#1403 = ORIENTED_EDGE('',*,*,#1404,.T.);
#1404 = EDGE_CURVE('',#1397,#138,#1405,.T.);
#1405 = LINE('',#1406,#1407);
#1406 = CARTESIAN_POINT('',(-25.9,82.,19.));
#1407 = VECTOR('',#1408,1.);
#1408 = DIRECTION('',(0.,-0.707106781187,-0.707106781187));
#1409 = ORIENTED_EDGE('',*,*,#135,.F.);
#1410 = PLANE('',#1411);
#1411 = AXIS2_PLACEMENT_3D('',#1412,#1413,#1414);
#1412 = CARTESIAN_POINT('',(-38.,82.,19.));
#1413 = DIRECTION('',(0.,0.707106781187,-0.707106781187));
#1414 = DIRECTION('',(0.,-0.707106781187,-0.707106781187));
#1415 = ADVANCED_FACE('',(#1416),#1428,.F.);
#1416 = FACE_BOUND('',#1417,.F.);
#1417 = EDGE_LOOP('',(#1418,#1424,#1425,#1426,#1427));
#1418 = ORIENTED_EDGE('',*,*,#1419,.F.);
#1419 = EDGE_CURVE('',#831,#1397,#1420,.T.);
#1420 = LINE('',#1421,#1422);
#1421 = CARTESIAN_POINT('',(-25.9,82.,47.));
#1422 = VECTOR('',#1423,1.);
#1423 = DIRECTION('',(0.,0.,-1.));
#1424 = ORIENTED_EDGE('',*,*,#838,.F.);
#1425 = ORIENTED_EDGE('',*,*,#214,.F.);
#1426 = ORIENTED_EDGE('',*,*,#177,.F.);
#1427 = ORIENTED_EDGE('',*,*,#1404,.F.);
#1428 = PLANE('',#1429);
#1429 = AXIS2_PLACEMENT_3D('',#1430,#1431,#1432);
#1430 = CARTESIAN_POINT('',(-25.9,58.,32.23952098126));
#1431 = DIRECTION('',(1.,0.,0.));
#1432 = DIRECTION('',(0.,0.,1.));
#1433 = ADVANCED_FACE('',(#1434),#1445,.T.);
#1434 = FACE_BOUND('',#1435,.T.);
#1435 = EDGE_LOOP('',(#1436,#1437,#1438,#1444));
#1436 = ORIENTED_EDGE('',*,*,#1374,.F.);
#1437 = ORIENTED_EDGE('',*,*,#153,.T.);
#1438 = ORIENTED_EDGE('',*,*,#1439,.T.);
#1439 = EDGE_CURVE('',#146,#856,#1440,.T.);
#1440 = LINE('',#1441,#1442);
#1441 = CARTESIAN_POINT('',(-37.,60.,17.));
#1442 = VECTOR('',#1443,1.);
#1443 = DIRECTION('',(0.,0.,1.));
#1444 = ORIENTED_EDGE('',*,*,#855,.F.);
#1445 = PLANE('',#1446);
#1446 = AXIS2_PLACEMENT_3D('',#1447,#1448,#1449);
#1447 = CARTESIAN_POINT('',(-21.,60.,17.));
#1448 = DIRECTION('',(0.,1.,0.));
#1449 = DIRECTION('',(0.,0.,1.));
#1450 = ADVANCED_FACE('',(#1451),#1502,.T.);
#1451 = FACE_BOUND('',#1452,.T.);
#1452 = EDGE_LOOP('',(#1453,#1463,#1471,#1479,#1485,#1486,#1487,#1488,
    #1489,#1495,#1496));
#1453 = ORIENTED_EDGE('',*,*,#1454,.F.);
#1454 = EDGE_CURVE('',#1455,#1457,#1459,.T.);
#1455 = VERTEX_POINT('',#1456);
#1456 = CARTESIAN_POINT('',(-37.,54.,13.));
#1457 = VERTEX_POINT('',#1458);
#1458 = CARTESIAN_POINT('',(-37.,95.,13.));
#1459 = LINE('',#1460,#1461);
#1460 = CARTESIAN_POINT('',(-37.,41.5,13.));
#1461 = VECTOR('',#1462,1.);
#1462 = DIRECTION('',(0.,1.,0.));
#1463 = ORIENTED_EDGE('',*,*,#1464,.F.);
#1464 = EDGE_CURVE('',#1465,#1455,#1467,.T.);
#1465 = VERTEX_POINT('',#1466);
#1466 = CARTESIAN_POINT('',(-37.,54.,17.));
#1467 = LINE('',#1468,#1469);
#1468 = CARTESIAN_POINT('',(-37.,54.,17.));
#1469 = VECTOR('',#1470,1.);
#1470 = DIRECTION('',(-0.,-0.,-1.));
#1471 = ORIENTED_EDGE('',*,*,#1472,.F.);
#1472 = EDGE_CURVE('',#1473,#1465,#1475,.T.);
#1473 = VERTEX_POINT('',#1474);
#1474 = CARTESIAN_POINT('',(-37.,56.,17.));
#1475 = LINE('',#1476,#1477);
#1476 = CARTESIAN_POINT('',(-37.,57.,17.));
#1477 = VECTOR('',#1478,1.);
#1478 = DIRECTION('',(-0.,-1.,-0.));
#1479 = ORIENTED_EDGE('',*,*,#1480,.F.);
#1480 = EDGE_CURVE('',#864,#1473,#1481,.T.);
#1481 = LINE('',#1482,#1483);
#1482 = CARTESIAN_POINT('',(-37.,56.,39.));
#1483 = VECTOR('',#1484,1.);
#1484 = DIRECTION('',(0.,0.,-1.));
#1485 = ORIENTED_EDGE('',*,*,#863,.F.);
#1486 = ORIENTED_EDGE('',*,*,#1439,.F.);
#1487 = ORIENTED_EDGE('',*,*,#145,.F.);
#1488 = ORIENTED_EDGE('',*,*,#1388,.F.);
#1489 = ORIENTED_EDGE('',*,*,#1490,.F.);
#1490 = EDGE_CURVE('',#823,#1389,#1491,.T.);
#1491 = LINE('',#1492,#1493);
#1492 = CARTESIAN_POINT('',(-37.,82.,24.75));
#1493 = VECTOR('',#1494,1.);
#1494 = DIRECTION('',(0.,0.,-1.));
#1495 = ORIENTED_EDGE('',*,*,#822,.T.);
#1496 = ORIENTED_EDGE('',*,*,#1497,.F.);
#1497 = EDGE_CURVE('',#1457,#815,#1498,.T.);
#1498 = LINE('',#1499,#1500);
#1499 = CARTESIAN_POINT('',(-37.,95.,2.5));
#1500 = VECTOR('',#1501,1.);
#1501 = DIRECTION('',(0.,0.,1.));
#1502 = PLANE('',#1503);
#1503 = AXIS2_PLACEMENT_3D('',#1504,#1505,#1506);
#1504 = CARTESIAN_POINT('',(-37.,73.823552068895,23.576026524878));
#1505 = DIRECTION('',(-1.,-0.,-0.));
#1506 = DIRECTION('',(0.,0.,-1.));
#1507 = ADVANCED_FACE('',(#1508),#1540,.F.);
#1508 = FACE_BOUND('',#1509,.F.);
#1509 = EDGE_LOOP('',(#1510,#1518,#1524,#1525,#1533,#1539));
#1510 = ORIENTED_EDGE('',*,*,#1511,.F.);
#1511 = EDGE_CURVE('',#1512,#1455,#1514,.T.);
#1512 = VERTEX_POINT('',#1513);
#1513 = CARTESIAN_POINT('',(-37.,49.,13.));
#1514 = LINE('',#1515,#1516);
#1515 = CARTESIAN_POINT('',(-37.,41.5,13.));
#1516 = VECTOR('',#1517,1.);
#1517 = DIRECTION('',(0.,1.,0.));
#1518 = ORIENTED_EDGE('',*,*,#1519,.T.);
#1519 = EDGE_CURVE('',#1512,#231,#1520,.T.);
#1520 = LINE('',#1521,#1522);
#1521 = CARTESIAN_POINT('',(-38.,49.,13.));
#1522 = VECTOR('',#1523,1.);
#1523 = DIRECTION('',(1.,0.,0.));
#1524 = ORIENTED_EDGE('',*,*,#230,.T.);
#1525 = ORIENTED_EDGE('',*,*,#1526,.T.);
#1526 = EDGE_CURVE('',#233,#1527,#1529,.T.);
#1527 = VERTEX_POINT('',#1528);
#1528 = CARTESIAN_POINT('',(-34.,98.,13.));
#1529 = LINE('',#1530,#1531);
#1530 = CARTESIAN_POINT('',(-28.,98.,13.));
#1531 = VECTOR('',#1532,1.);
#1532 = DIRECTION('',(-1.,0.,0.));
#1533 = ORIENTED_EDGE('',*,*,#1534,.F.);
#1534 = EDGE_CURVE('',#1457,#1527,#1535,.T.);
#1535 = LINE('',#1536,#1537);
#1536 = CARTESIAN_POINT('',(-48.75,83.25,13.));
#1537 = VECTOR('',#1538,1.);
#1538 = DIRECTION('',(0.707106781187,0.707106781187,0.));
#1539 = ORIENTED_EDGE('',*,*,#1454,.F.);
#1540 = PLANE('',#1541);
#1541 = AXIS2_PLACEMENT_3D('',#1542,#1543,#1544);
#1542 = CARTESIAN_POINT('',(-38.,49.,13.));
#1543 = DIRECTION('',(0.,0.,1.));
#1544 = DIRECTION('',(0.,1.,0.));
#1545 = ADVANCED_FACE('',(#1546),#1571,.F.);
#1546 = FACE_BOUND('',#1547,.F.);
#1547 = EDGE_LOOP('',(#1548,#1556,#1562,#1563,#1569,#1570));
#1548 = ORIENTED_EDGE('',*,*,#1549,.F.);
#1549 = EDGE_CURVE('',#1550,#264,#1552,.T.);
#1550 = VERTEX_POINT('',#1551);
#1551 = CARTESIAN_POINT('',(-18.,98.,2.5));
#1552 = LINE('',#1553,#1554);
#1553 = CARTESIAN_POINT('',(-18.,98.,2.5));
#1554 = VECTOR('',#1555,1.);
#1555 = DIRECTION('',(-1.,0.,0.));
#1556 = ORIENTED_EDGE('',*,*,#1557,.T.);
#1557 = EDGE_CURVE('',#1550,#799,#1558,.T.);
#1558 = LINE('',#1559,#1560);
#1559 = CARTESIAN_POINT('',(-18.,98.,2.5));
#1560 = VECTOR('',#1561,1.);
#1561 = DIRECTION('',(0.,0.,1.));
#1562 = ORIENTED_EDGE('',*,*,#806,.T.);
#1563 = ORIENTED_EDGE('',*,*,#1564,.F.);
#1564 = EDGE_CURVE('',#1527,#807,#1565,.T.);
#1565 = LINE('',#1566,#1567);
#1566 = CARTESIAN_POINT('',(-34.,98.,2.5));
#1567 = VECTOR('',#1568,1.);
#1568 = DIRECTION('',(0.,0.,1.));
#1569 = ORIENTED_EDGE('',*,*,#1526,.F.);
#1570 = ORIENTED_EDGE('',*,*,#271,.F.);
#1571 = PLANE('',#1572);
#1572 = AXIS2_PLACEMENT_3D('',#1573,#1574,#1575);
#1573 = CARTESIAN_POINT('',(-18.,98.,2.5));
#1574 = DIRECTION('',(0.,-1.,0.));
#1575 = DIRECTION('',(-1.,0.,0.));
#1576 = ADVANCED_FACE('',(#1577),#1607,.F.);
#1577 = FACE_BOUND('',#1578,.F.);
#1578 = EDGE_LOOP('',(#1579,#1580,#1588,#1595,#1602));
#1579 = ORIENTED_EDGE('',*,*,#248,.F.);
#1580 = ORIENTED_EDGE('',*,*,#1581,.T.);
#1581 = EDGE_CURVE('',#241,#1582,#1584,.T.);
#1582 = VERTEX_POINT('',#1583);
#1583 = CARTESIAN_POINT('',(-27.,36.,2.5));
#1584 = LINE('',#1585,#1586);
#1585 = CARTESIAN_POINT('',(-27.,52.,2.5));
#1586 = VECTOR('',#1587,1.);
#1587 = DIRECTION('',(0.,-1.,0.));
#1588 = ORIENTED_EDGE('',*,*,#1589,.T.);
#1589 = EDGE_CURVE('',#1582,#1590,#1592,.T.);
#1590 = VERTEX_POINT('',#1591);
#1591 = CARTESIAN_POINT('',(-26.09999975,36.900000749998,4.972731051238)
  );
#1592 = B_SPLINE_CURVE_WITH_KNOTS('',1,(#1593,#1594),.UNSPECIFIED.,.F.,
  .F.,(2,2),(0.,1.),.PIECEWISE_BEZIER_KNOTS.);
#1593 = CARTESIAN_POINT('',(-27.,36.,2.5));
#1594 = CARTESIAN_POINT('',(-25.9080892972,37.091910702799,5.5));
#1595 = ORIENTED_EDGE('',*,*,#1596,.T.);
#1596 = EDGE_CURVE('',#1590,#1597,#1599,.T.);
#1597 = VERTEX_POINT('',#1598);
#1598 = CARTESIAN_POINT('',(-26.10000024999,51.100000749994,
    4.972728303802));
#1599 = B_SPLINE_CURVE_WITH_KNOTS('',1,(#1600,#1601),.UNSPECIFIED.,.F.,
  .F.,(2,2),(0.,1.),.PIECEWISE_BEZIER_KNOTS.);
#1600 = CARTESIAN_POINT('',(-26.1,36.900001,4.972729677509));
#1601 = CARTESIAN_POINT('',(-26.1,51.1,4.972729677509));
#1602 = ORIENTED_EDGE('',*,*,#1603,.F.);
#1603 = EDGE_CURVE('',#249,#1597,#1604,.T.);
#1604 = B_SPLINE_CURVE_WITH_KNOTS('',1,(#1605,#1606),.UNSPECIFIED.,.F.,
  .F.,(2,2),(0.,1.),.PIECEWISE_BEZIER_KNOTS.);
#1605 = CARTESIAN_POINT('',(-27.,52.,2.5));
#1606 = CARTESIAN_POINT('',(-25.9080892972,50.908089297201,5.5));
#1607 = B_SPLINE_SURFACE_WITH_KNOTS('',1,1,(
    (#1608,#1609)
    ,(#1610,#1611
    )),.UNSPECIFIED.,.F.,.F.,.F.,(2,2),(2,2),(0.,16.),(0.,1.),
  .PIECEWISE_BEZIER_KNOTS.);
#1608 = CARTESIAN_POINT('',(-27.,52.,2.5));
#1609 = CARTESIAN_POINT('',(-25.9080892972,50.908089297201,5.5));
#1610 = CARTESIAN_POINT('',(-27.,36.,2.5));
#1611 = CARTESIAN_POINT('',(-25.9080892972,37.091910702799,5.5));
#1612 = ADVANCED_FACE('',(#1613,#1839,#1850),#1861,.T.);
#1613 = FACE_BOUND('',#1614,.T.);
#1614 = EDGE_LOOP('',(#1615,#1625,#1633,#1641,#1649,#1657,#1665,#1671,
    #1672,#1680,#1688,#1694,#1695,#1696,#1702,#1703,#1704,#1705,#1713,
    #1721,#1729,#1737,#1745,#1753,#1761,#1769,#1777,#1785,#1793,#1801,
    #1809,#1817,#1825,#1833));
#1615 = ORIENTED_EDGE('',*,*,#1616,.T.);
#1616 = EDGE_CURVE('',#1617,#1619,#1621,.T.);
#1617 = VERTEX_POINT('',#1618);
#1618 = CARTESIAN_POINT('',(23.,15.,2.5));
#1619 = VERTEX_POINT('',#1620);
#1620 = CARTESIAN_POINT('',(24.,15.,2.5));
#1621 = LINE('',#1622,#1623);
#1622 = CARTESIAN_POINT('',(23.,15.,2.5));
#1623 = VECTOR('',#1624,1.);
#1624 = DIRECTION('',(1.,0.,0.));
#1625 = ORIENTED_EDGE('',*,*,#1626,.T.);
#1626 = EDGE_CURVE('',#1619,#1627,#1629,.T.);
#1627 = VERTEX_POINT('',#1628);
#1628 = CARTESIAN_POINT('',(24.,-11.,2.5));
#1629 = LINE('',#1630,#1631);
#1630 = CARTESIAN_POINT('',(24.,17.158758880278,2.5));
#1631 = VECTOR('',#1632,1.);
#1632 = DIRECTION('',(0.,-1.,0.));
#1633 = ORIENTED_EDGE('',*,*,#1634,.F.);
#1634 = EDGE_CURVE('',#1635,#1627,#1637,.T.);
#1635 = VERTEX_POINT('',#1636);
#1636 = CARTESIAN_POINT('',(-7.,-11.,2.5));
#1637 = LINE('',#1638,#1639);
#1638 = CARTESIAN_POINT('',(154.47000320416,-11.,2.5));
#1639 = VECTOR('',#1640,1.);
#1640 = DIRECTION('',(1.,0.,0.));
#1641 = ORIENTED_EDGE('',*,*,#1642,.F.);
#1642 = EDGE_CURVE('',#1643,#1635,#1645,.T.);
#1643 = VERTEX_POINT('',#1644);
#1644 = CARTESIAN_POINT('',(-7.,-16.,2.5));
#1645 = LINE('',#1646,#1647);
#1646 = CARTESIAN_POINT('',(-7.,0.658758880278,2.5));
#1647 = VECTOR('',#1648,1.);
#1648 = DIRECTION('',(0.,1.,0.));
#1649 = ORIENTED_EDGE('',*,*,#1650,.T.);
#1650 = EDGE_CURVE('',#1643,#1651,#1653,.T.);
#1651 = VERTEX_POINT('',#1652);
#1652 = CARTESIAN_POINT('',(-37.,14.,2.5));
#1653 = LINE('',#1654,#1655);
#1654 = CARTESIAN_POINT('',(-7.,-16.,2.5));
#1655 = VECTOR('',#1656,1.);
#1656 = DIRECTION('',(-0.707106781187,0.707106781187,0.));
#1657 = ORIENTED_EDGE('',*,*,#1658,.F.);
#1658 = EDGE_CURVE('',#1659,#1651,#1661,.T.);
#1659 = VERTEX_POINT('',#1660);
#1660 = CARTESIAN_POINT('',(-37.,49.,2.5));
#1661 = LINE('',#1662,#1663);
#1662 = CARTESIAN_POINT('',(-37.,13.158758880278,2.5));
#1663 = VECTOR('',#1664,1.);
#1664 = DIRECTION('',(0.,-1.,0.));
#1665 = ORIENTED_EDGE('',*,*,#1666,.F.);
#1666 = EDGE_CURVE('',#241,#1659,#1667,.T.);
#1667 = LINE('',#1668,#1669);
#1668 = CARTESIAN_POINT('',(16.359622143813,49.,2.5));
#1669 = VECTOR('',#1670,1.);
#1670 = DIRECTION('',(-1.,0.,0.));
#1671 = ORIENTED_EDGE('',*,*,#1581,.T.);
#1672 = ORIENTED_EDGE('',*,*,#1673,.T.);
#1673 = EDGE_CURVE('',#1582,#1674,#1676,.T.);
#1674 = VERTEX_POINT('',#1675);
#1675 = CARTESIAN_POINT('',(-20.,36.,2.5));
#1676 = LINE('',#1677,#1678);
#1677 = CARTESIAN_POINT('',(-27.,36.,2.5));
#1678 = VECTOR('',#1679,1.);
#1679 = DIRECTION('',(1.,0.,0.));
#1680 = ORIENTED_EDGE('',*,*,#1681,.T.);
#1681 = EDGE_CURVE('',#1674,#1682,#1684,.T.);
#1682 = VERTEX_POINT('',#1683);
#1683 = CARTESIAN_POINT('',(-20.,52.,2.5));
#1684 = LINE('',#1685,#1686);
#1685 = CARTESIAN_POINT('',(-20.,36.,2.5));
#1686 = VECTOR('',#1687,1.);
#1687 = DIRECTION('',(0.,1.,0.));
#1688 = ORIENTED_EDGE('',*,*,#1689,.T.);
#1689 = EDGE_CURVE('',#1682,#249,#1690,.T.);
#1690 = LINE('',#1691,#1692);
#1691 = CARTESIAN_POINT('',(-20.,52.,2.5));
#1692 = VECTOR('',#1693,1.);
#1693 = DIRECTION('',(-1.,0.,0.));
#1694 = ORIENTED_EDGE('',*,*,#256,.T.);
#1695 = ORIENTED_EDGE('',*,*,#309,.T.);
#1696 = ORIENTED_EDGE('',*,*,#1697,.T.);
#1697 = EDGE_CURVE('',#310,#286,#1698,.T.);
#1698 = LINE('',#1699,#1700);
#1699 = CARTESIAN_POINT('',(-20.,64.,2.5));
#1700 = VECTOR('',#1701,1.);
#1701 = DIRECTION('',(0.,1.,0.));
#1702 = ORIENTED_EDGE('',*,*,#292,.T.);
#1703 = ORIENTED_EDGE('',*,*,#263,.T.);
#1704 = ORIENTED_EDGE('',*,*,#1549,.F.);
#1705 = ORIENTED_EDGE('',*,*,#1706,.F.);
#1706 = EDGE_CURVE('',#1707,#1550,#1709,.T.);
#1707 = VERTEX_POINT('',#1708);
#1708 = CARTESIAN_POINT('',(-12.,93.,2.5));
#1709 = LINE('',#1710,#1711);
#1710 = CARTESIAN_POINT('',(-12.,93.,2.5));
#1711 = VECTOR('',#1712,1.);
#1712 = DIRECTION('',(-0.768221279597,0.640184399664,0.));
#1713 = ORIENTED_EDGE('',*,*,#1714,.F.);
#1714 = EDGE_CURVE('',#1715,#1707,#1717,.T.);
#1715 = VERTEX_POINT('',#1716);
#1716 = CARTESIAN_POINT('',(-12.,92.,2.5));
#1717 = LINE('',#1718,#1719);
#1718 = CARTESIAN_POINT('',(-12.,92.,2.5));
#1719 = VECTOR('',#1720,1.);
#1720 = DIRECTION('',(0.,1.,0.));
#1721 = ORIENTED_EDGE('',*,*,#1722,.F.);
#1722 = EDGE_CURVE('',#1723,#1715,#1725,.T.);
#1723 = VERTEX_POINT('',#1724);
#1724 = CARTESIAN_POINT('',(-13.,86.,2.5));
#1725 = LINE('',#1726,#1727);
#1726 = CARTESIAN_POINT('',(-13.,86.,2.5));
#1727 = VECTOR('',#1728,1.);
#1728 = DIRECTION('',(0.164398987305,0.986393923832,0.));
#1729 = ORIENTED_EDGE('',*,*,#1730,.F.);
#1730 = EDGE_CURVE('',#1731,#1723,#1733,.T.);
#1731 = VERTEX_POINT('',#1732);
#1732 = CARTESIAN_POINT('',(-12.,83.,2.5));
#1733 = LINE('',#1734,#1735);
#1734 = CARTESIAN_POINT('',(-12.,83.,2.5));
#1735 = VECTOR('',#1736,1.);
#1736 = DIRECTION('',(-0.316227766017,0.948683298051,0.));
#1737 = ORIENTED_EDGE('',*,*,#1738,.F.);
#1738 = EDGE_CURVE('',#1739,#1731,#1741,.T.);
#1739 = VERTEX_POINT('',#1740);
#1740 = CARTESIAN_POINT('',(-12.,30.,2.5));
#1741 = LINE('',#1742,#1743);
#1742 = CARTESIAN_POINT('',(-12.,30.,2.5));
#1743 = VECTOR('',#1744,1.);
#1744 = DIRECTION('',(0.,1.,0.));
#1745 = ORIENTED_EDGE('',*,*,#1746,.F.);
#1746 = EDGE_CURVE('',#1747,#1739,#1749,.T.);
#1747 = VERTEX_POINT('',#1748);
#1748 = CARTESIAN_POINT('',(-26.,29.,2.5));
#1749 = LINE('',#1750,#1751);
#1750 = CARTESIAN_POINT('',(-26.,29.,2.5));
#1751 = VECTOR('',#1752,1.);
#1752 = DIRECTION('',(0.997458699831,7.124704998791E-02,0.));
#1753 = ORIENTED_EDGE('',*,*,#1754,.F.);
#1754 = EDGE_CURVE('',#1755,#1747,#1757,.T.);
#1755 = VERTEX_POINT('',#1756);
#1756 = CARTESIAN_POINT('',(-31.,26.,2.5));
#1757 = LINE('',#1758,#1759);
#1758 = CARTESIAN_POINT('',(-31.,26.,2.5));
#1759 = VECTOR('',#1760,1.);
#1760 = DIRECTION('',(0.857492925713,0.514495755428,0.));
#1761 = ORIENTED_EDGE('',*,*,#1762,.F.);
#1762 = EDGE_CURVE('',#1763,#1755,#1765,.T.);
#1763 = VERTEX_POINT('',#1764);
#1764 = CARTESIAN_POINT('',(-32.5,20.,2.5));
#1765 = LINE('',#1766,#1767);
#1766 = CARTESIAN_POINT('',(-32.5,20.,2.5));
#1767 = VECTOR('',#1768,1.);
#1768 = DIRECTION('',(0.242535625036,0.970142500145,0.));
#1769 = ORIENTED_EDGE('',*,*,#1770,.F.);
#1770 = EDGE_CURVE('',#1771,#1763,#1773,.T.);
#1771 = VERTEX_POINT('',#1772);
#1772 = CARTESIAN_POINT('',(-32.,16.,2.5));
#1773 = LINE('',#1774,#1775);
#1774 = CARTESIAN_POINT('',(-32.,16.,2.5));
#1775 = VECTOR('',#1776,1.);
#1776 = DIRECTION('',(-0.124034734589,0.992277876714,0.));
#1777 = ORIENTED_EDGE('',*,*,#1778,.F.);
#1778 = EDGE_CURVE('',#1779,#1771,#1781,.T.);
#1779 = VERTEX_POINT('',#1780);
#1780 = CARTESIAN_POINT('',(-29.,12.,2.5));
#1781 = LINE('',#1782,#1783);
#1782 = CARTESIAN_POINT('',(-29.,12.,2.5));
#1783 = VECTOR('',#1784,1.);
#1784 = DIRECTION('',(-0.6,0.8,0.));
#1785 = ORIENTED_EDGE('',*,*,#1786,.F.);
#1786 = EDGE_CURVE('',#1787,#1779,#1789,.T.);
#1787 = VERTEX_POINT('',#1788);
#1788 = CARTESIAN_POINT('',(-25.,10.,2.5));
#1789 = LINE('',#1790,#1791);
#1790 = CARTESIAN_POINT('',(-25.,10.,2.5));
#1791 = VECTOR('',#1792,1.);
#1792 = DIRECTION('',(-0.894427191,0.4472135955,0.));
#1793 = ORIENTED_EDGE('',*,*,#1794,.F.);
#1794 = EDGE_CURVE('',#1795,#1787,#1797,.T.);
#1795 = VERTEX_POINT('',#1796);
#1796 = CARTESIAN_POINT('',(-21.,10.,2.5));
#1797 = LINE('',#1798,#1799);
#1798 = CARTESIAN_POINT('',(-21.,10.,2.5));
#1799 = VECTOR('',#1800,1.);
#1800 = DIRECTION('',(-1.,0.,0.));
#1801 = ORIENTED_EDGE('',*,*,#1802,.F.);
#1802 = EDGE_CURVE('',#1803,#1795,#1805,.T.);
#1803 = VERTEX_POINT('',#1804);
#1804 = CARTESIAN_POINT('',(-15.,13.,2.5));
#1805 = LINE('',#1806,#1807);
#1806 = CARTESIAN_POINT('',(-15.,13.,2.5));
#1807 = VECTOR('',#1808,1.);
#1808 = DIRECTION('',(-0.894427191,-0.4472135955,0.));
#1809 = ORIENTED_EDGE('',*,*,#1810,.F.);
#1810 = EDGE_CURVE('',#1811,#1803,#1813,.T.);
#1811 = VERTEX_POINT('',#1812);
#1812 = CARTESIAN_POINT('',(-7.,13.,2.5));
#1813 = LINE('',#1814,#1815);
#1814 = CARTESIAN_POINT('',(-7.,13.,2.5));
#1815 = VECTOR('',#1816,1.);
#1816 = DIRECTION('',(-1.,0.,0.));
#1817 = ORIENTED_EDGE('',*,*,#1818,.F.);
#1818 = EDGE_CURVE('',#1819,#1811,#1821,.T.);
#1819 = VERTEX_POINT('',#1820);
#1820 = CARTESIAN_POINT('',(0.,10.,2.5));
#1821 = LINE('',#1822,#1823);
#1822 = CARTESIAN_POINT('',(0.,10.,2.5));
#1823 = VECTOR('',#1824,1.);
#1824 = DIRECTION('',(-0.919145030018,0.393919298579,0.));
#1825 = ORIENTED_EDGE('',*,*,#1826,.T.);
#1826 = EDGE_CURVE('',#1819,#1827,#1829,.T.);
#1827 = VERTEX_POINT('',#1828);
#1828 = CARTESIAN_POINT('',(18.,10.,2.5));
#1829 = LINE('',#1830,#1831);
#1830 = CARTESIAN_POINT('',(0.,10.,2.5));
#1831 = VECTOR('',#1832,1.);
#1832 = DIRECTION('',(1.,0.,0.));
#1833 = ORIENTED_EDGE('',*,*,#1834,.T.);
#1834 = EDGE_CURVE('',#1827,#1617,#1835,.T.);
#1835 = LINE('',#1836,#1837);
#1836 = CARTESIAN_POINT('',(18.,10.,2.5));
#1837 = VECTOR('',#1838,1.);
#1838 = DIRECTION('',(0.707106781187,0.707106781187,0.));
#1839 = FACE_BOUND('',#1840,.T.);
#1840 = EDGE_LOOP('',(#1841));
#1841 = ORIENTED_EDGE('',*,*,#1842,.T.);
#1842 = EDGE_CURVE('',#1843,#1843,#1845,.T.);
#1843 = VERTEX_POINT('',#1844);
#1844 = CARTESIAN_POINT('',(-6.,6.,2.5));
#1845 = CIRCLE('',#1846,4.);
#1846 = AXIS2_PLACEMENT_3D('',#1847,#1848,#1849);
#1847 = CARTESIAN_POINT('',(-10.,6.,2.5));
#1848 = DIRECTION('',(0.,0.,1.));
#1849 = DIRECTION('',(1.,0.,0.));
#1850 = FACE_BOUND('',#1851,.T.);
#1851 = EDGE_LOOP('',(#1852));
#1852 = ORIENTED_EDGE('',*,*,#1853,.T.);
#1853 = EDGE_CURVE('',#1854,#1854,#1856,.T.);
#1854 = VERTEX_POINT('',#1855);
#1855 = CARTESIAN_POINT('',(-16.,90.,2.5));
#1856 = CIRCLE('',#1857,4.);
#1857 = AXIS2_PLACEMENT_3D('',#1858,#1859,#1860);
#1858 = CARTESIAN_POINT('',(-20.,90.,2.5));
#1859 = DIRECTION('',(0.,0.,1.));
#1860 = DIRECTION('',(1.,0.,0.));
#1861 = PLANE('',#1862);
#1862 = AXIS2_PLACEMENT_3D('',#1863,#1864,#1865);
#1863 = CARTESIAN_POINT('',(73.94000640832,12.317517760556,2.5));
#1864 = DIRECTION('',(-0.,-0.,-1.));
#1865 = DIRECTION('',(-1.,0.,0.));
#1866 = ADVANCED_FACE('',(#1867),#1878,.T.);
#1867 = FACE_BOUND('',#1868,.T.);
#1868 = EDGE_LOOP('',(#1869,#1875,#1876,#1877));
#1869 = ORIENTED_EDGE('',*,*,#1870,.F.);
#1870 = EDGE_CURVE('',#1512,#1659,#1871,.T.);
#1871 = LINE('',#1872,#1873);
#1872 = CARTESIAN_POINT('',(-37.,49.,7.75));
#1873 = VECTOR('',#1874,1.);
#1874 = DIRECTION('',(0.,0.,-1.));
#1875 = ORIENTED_EDGE('',*,*,#1519,.T.);
#1876 = ORIENTED_EDGE('',*,*,#240,.T.);
#1877 = ORIENTED_EDGE('',*,*,#1666,.T.);
#1878 = PLANE('',#1879);
#1879 = AXIS2_PLACEMENT_3D('',#1880,#1881,#1882);
#1880 = CARTESIAN_POINT('',(-38.,49.,13.));
#1881 = DIRECTION('',(0.,1.,0.));
#1882 = DIRECTION('',(0.,0.,-1.));
#1883 = ADVANCED_FACE('',(#1884),#1890,.F.);
#1884 = FACE_BOUND('',#1885,.F.);
#1885 = EDGE_LOOP('',(#1886,#1887,#1888,#1889));
#1886 = ORIENTED_EDGE('',*,*,#317,.F.);
#1887 = ORIENTED_EDGE('',*,*,#1697,.T.);
#1888 = ORIENTED_EDGE('',*,*,#285,.T.);
#1889 = ORIENTED_EDGE('',*,*,#331,.T.);
#1890 = B_SPLINE_SURFACE_WITH_KNOTS('',1,1,(
    (#1891,#1892)
    ,(#1893,#1894
    )),.UNSPECIFIED.,.F.,.F.,.F.,(2,2),(2,2),(0.,16.),(0.,1.),
  .PIECEWISE_BEZIER_KNOTS.);
#1891 = CARTESIAN_POINT('',(-20.,64.,2.5));
#1892 = CARTESIAN_POINT('',(-21.09191070279,65.091910702799,5.5));
#1893 = CARTESIAN_POINT('',(-20.,80.,2.5));
#1894 = CARTESIAN_POINT('',(-21.09191070279,78.908089297201,5.5));
#1895 = ADVANCED_FACE('',(#1896),#1921,.T.);
#1896 = FACE_BOUND('',#1897,.T.);
#1897 = EDGE_LOOP('',(#1898,#1908,#1914,#1915));
#1898 = ORIENTED_EDGE('',*,*,#1899,.T.);
#1899 = EDGE_CURVE('',#1900,#1902,#1904,.T.);
#1900 = VERTEX_POINT('',#1901);
#1901 = CARTESIAN_POINT('',(-18.6,75.5,26.999998787564));
#1902 = VERTEX_POINT('',#1903);
#1903 = CARTESIAN_POINT('',(-18.6,75.5,32.));
#1904 = LINE('',#1905,#1906);
#1905 = CARTESIAN_POINT('',(-18.6,75.5,36.5));
#1906 = VECTOR('',#1907,1.);
#1907 = DIRECTION('',(0.,0.,1.));
#1908 = ORIENTED_EDGE('',*,*,#1909,.T.);
#1909 = EDGE_CURVE('',#1902,#349,#1910,.T.);
#1910 = LINE('',#1911,#1912);
#1911 = CARTESIAN_POINT('',(-18.,75.5,32.));
#1912 = VECTOR('',#1913,1.);
#1913 = DIRECTION('',(-1.,-0.,-0.));
#1914 = ORIENTED_EDGE('',*,*,#346,.F.);
#1915 = ORIENTED_EDGE('',*,*,#1916,.F.);
#1916 = EDGE_CURVE('',#1900,#347,#1917,.T.);
#1917 = LINE('',#1918,#1919);
#1918 = CARTESIAN_POINT('',(-18.,75.5,26.999998787564));
#1919 = VECTOR('',#1920,1.);
#1920 = DIRECTION('',(-1.,-0.,-0.));
#1921 = PLANE('',#1922);
#1922 = AXIS2_PLACEMENT_3D('',#1923,#1924,#1925);
#1923 = CARTESIAN_POINT('',(-18.,75.5,32.));
#1924 = DIRECTION('',(0.,-1.,0.));
#1925 = DIRECTION('',(0.,0.,-1.));
#1926 = ADVANCED_FACE('',(#1927),#1980,.F.);
#1927 = FACE_BOUND('',#1928,.F.);
#1928 = EDGE_LOOP('',(#1929,#1940,#1946,#1947,#1948,#1957,#1965,#1974));
#1929 = ORIENTED_EDGE('',*,*,#1930,.F.);
#1930 = EDGE_CURVE('',#1931,#1933,#1935,.T.);
#1931 = VERTEX_POINT('',#1932);
#1932 = CARTESIAN_POINT('',(-18.6,68.5,26.999998787564));
#1933 = VERTEX_POINT('',#1934);
#1934 = CARTESIAN_POINT('',(-18.6,69.656923751846,24.4));
#1935 = CIRCLE('',#1936,3.5);
#1936 = AXIS2_PLACEMENT_3D('',#1937,#1938,#1939);
#1937 = CARTESIAN_POINT('',(-18.6,72.,26.999998787564));
#1938 = DIRECTION('',(1.,0.,0.));
#1939 = DIRECTION('',(0.,1.,0.));
#1940 = ORIENTED_EDGE('',*,*,#1941,.T.);
#1941 = EDGE_CURVE('',#1931,#366,#1942,.T.);
#1942 = LINE('',#1943,#1944);
#1943 = CARTESIAN_POINT('',(-18.,68.5,26.999998787564));
#1944 = VECTOR('',#1945,1.);
#1945 = DIRECTION('',(-1.,-0.,-0.));
#1946 = ORIENTED_EDGE('',*,*,#373,.T.);
#1947 = ORIENTED_EDGE('',*,*,#1916,.F.);
#1948 = ORIENTED_EDGE('',*,*,#1949,.F.);
#1949 = EDGE_CURVE('',#1950,#1900,#1952,.T.);
#1950 = VERTEX_POINT('',#1951);
#1951 = CARTESIAN_POINT('',(-18.6,74.343076248154,24.4));
#1952 = CIRCLE('',#1953,3.5);
#1953 = AXIS2_PLACEMENT_3D('',#1954,#1955,#1956);
#1954 = CARTESIAN_POINT('',(-18.6,72.,26.999998787564));
#1955 = DIRECTION('',(1.,0.,0.));
#1956 = DIRECTION('',(0.,1.,0.));
#1957 = ORIENTED_EDGE('',*,*,#1958,.T.);
#1958 = EDGE_CURVE('',#1950,#1959,#1961,.T.);
#1959 = VERTEX_POINT('',#1960);
#1960 = CARTESIAN_POINT('',(-18.,74.343076248155,24.4));
#1961 = LINE('',#1962,#1963);
#1962 = CARTESIAN_POINT('',(-18.,74.343076248155,24.4));
#1963 = VECTOR('',#1964,1.);
#1964 = DIRECTION('',(1.,0.,0.));
#1965 = ORIENTED_EDGE('',*,*,#1966,.F.);
#1966 = EDGE_CURVE('',#1967,#1959,#1969,.T.);
#1967 = VERTEX_POINT('',#1968);
#1968 = CARTESIAN_POINT('',(-18.,69.656923751846,24.4));
#1969 = CIRCLE('',#1970,3.5);
#1970 = AXIS2_PLACEMENT_3D('',#1971,#1972,#1973);
#1971 = CARTESIAN_POINT('',(-18.,72.,26.999998787564));
#1972 = DIRECTION('',(1.,0.,0.));
#1973 = DIRECTION('',(0.,1.,0.));
#1974 = ORIENTED_EDGE('',*,*,#1975,.F.);
#1975 = EDGE_CURVE('',#1933,#1967,#1976,.T.);
#1976 = LINE('',#1977,#1978);
#1977 = CARTESIAN_POINT('',(-18.,69.656923751846,24.4));
#1978 = VECTOR('',#1979,1.);
#1979 = DIRECTION('',(1.,0.,0.));
#1980 = CYLINDRICAL_SURFACE('',#1981,3.5);
#1981 = AXIS2_PLACEMENT_3D('',#1982,#1983,#1984);
#1982 = CARTESIAN_POINT('',(-18.,72.,26.999998787564));
#1983 = DIRECTION('',(1.,0.,0.));
#1984 = DIRECTION('',(0.,1.,0.));
#1985 = ADVANCED_FACE('',(#1986),#2005,.F.);
#1986 = FACE_BOUND('',#1987,.F.);
#1987 = EDGE_LOOP('',(#1988,#1997,#1998,#1999));
#1988 = ORIENTED_EDGE('',*,*,#1989,.F.);
#1989 = EDGE_CURVE('',#1902,#1990,#1992,.T.);
#1990 = VERTEX_POINT('',#1991);
#1991 = CARTESIAN_POINT('',(-18.6,68.5,32.));
#1992 = CIRCLE('',#1993,3.5);
#1993 = AXIS2_PLACEMENT_3D('',#1994,#1995,#1996);
#1994 = CARTESIAN_POINT('',(-18.6,72.,32.));
#1995 = DIRECTION('',(1.,0.,0.));
#1996 = DIRECTION('',(0.,1.,0.));
#1997 = ORIENTED_EDGE('',*,*,#1909,.T.);
#1998 = ORIENTED_EDGE('',*,*,#356,.T.);
#1999 = ORIENTED_EDGE('',*,*,#2000,.F.);
#2000 = EDGE_CURVE('',#1990,#357,#2001,.T.);
#2001 = LINE('',#2002,#2003);
#2002 = CARTESIAN_POINT('',(-18.,68.5,32.));
#2003 = VECTOR('',#2004,1.);
#2004 = DIRECTION('',(-1.,-0.,-0.));
#2005 = CYLINDRICAL_SURFACE('',#2006,3.5);
#2006 = AXIS2_PLACEMENT_3D('',#2007,#2008,#2009);
#2007 = CARTESIAN_POINT('',(-18.,72.,32.));
#2008 = DIRECTION('',(1.,0.,0.));
#2009 = DIRECTION('',(0.,1.,0.));
#2010 = ADVANCED_FACE('',(#2011),#2022,.F.);
#2011 = FACE_BOUND('',#2012,.F.);
#2012 = EDGE_LOOP('',(#2013,#2019,#2020,#2021));
#2013 = ORIENTED_EDGE('',*,*,#2014,.T.);
#2014 = EDGE_CURVE('',#1931,#1990,#2015,.T.);
#2015 = LINE('',#2016,#2017);
#2016 = CARTESIAN_POINT('',(-18.6,68.500000000001,36.5));
#2017 = VECTOR('',#2018,1.);
#2018 = DIRECTION('',(0.,1.705E-14,1.));
#2019 = ORIENTED_EDGE('',*,*,#2000,.T.);
#2020 = ORIENTED_EDGE('',*,*,#365,.F.);
#2021 = ORIENTED_EDGE('',*,*,#1941,.F.);
#2022 = PLANE('',#2023);
#2023 = AXIS2_PLACEMENT_3D('',#2024,#2025,#2026);
#2024 = CARTESIAN_POINT('',(-18.,68.5,32.));
#2025 = DIRECTION('',(0.,-1.,1.705E-14));
#2026 = DIRECTION('',(0.,-1.705E-14,-1.));
#2027 = ADVANCED_FACE('',(#2028),#2069,.T.);
#2028 = FACE_BOUND('',#2029,.T.);
#2029 = EDGE_LOOP('',(#2030,#2040,#2046,#2047,#2055,#2063));
#2030 = ORIENTED_EDGE('',*,*,#2031,.F.);
#2031 = EDGE_CURVE('',#2032,#2034,#2036,.T.);
#2032 = VERTEX_POINT('',#2033);
#2033 = CARTESIAN_POINT('',(235.,-1.,2.5));
#2034 = VERTEX_POINT('',#2035);
#2035 = CARTESIAN_POINT('',(235.,-11.,2.5));
#2036 = LINE('',#2037,#2038);
#2037 = CARTESIAN_POINT('',(235.,-1.,2.5));
#2038 = VECTOR('',#2039,1.);
#2039 = DIRECTION('',(0.,-1.,0.));
#2040 = ORIENTED_EDGE('',*,*,#2041,.T.);
#2041 = EDGE_CURVE('',#2032,#389,#2042,.T.);
#2042 = LINE('',#2043,#2044);
#2043 = CARTESIAN_POINT('',(235.,-1.,2.5));
#2044 = VECTOR('',#2045,1.);
#2045 = DIRECTION('',(0.,0.,1.));
#2046 = ORIENTED_EDGE('',*,*,#388,.T.);
#2047 = ORIENTED_EDGE('',*,*,#2048,.F.);
#2048 = EDGE_CURVE('',#2049,#391,#2051,.T.);
#2049 = VERTEX_POINT('',#2050);
#2050 = CARTESIAN_POINT('',(235.,-16.,-16.));
#2051 = LINE('',#2052,#2053);
#2052 = CARTESIAN_POINT('',(235.,-16.,2.5));
#2053 = VECTOR('',#2054,1.);
#2054 = DIRECTION('',(0.,0.,1.));
#2055 = ORIENTED_EDGE('',*,*,#2056,.T.);
#2056 = EDGE_CURVE('',#2049,#2057,#2059,.T.);
#2057 = VERTEX_POINT('',#2058);
#2058 = CARTESIAN_POINT('',(235.,-11.,-16.));
#2059 = LINE('',#2060,#2061);
#2060 = CARTESIAN_POINT('',(235.,-5.630434782609,-16.));
#2061 = VECTOR('',#2062,1.);
#2062 = DIRECTION('',(0.,1.,-2.2E-16));
#2063 = ORIENTED_EDGE('',*,*,#2064,.F.);
#2064 = EDGE_CURVE('',#2034,#2057,#2065,.T.);
#2065 = LINE('',#2066,#2067);
#2066 = CARTESIAN_POINT('',(235.,-11.,17.));
#2067 = VECTOR('',#2068,1.);
#2068 = DIRECTION('',(-0.,-0.,-1.));
#2069 = PLANE('',#2070);
#2070 = AXIS2_PLACEMENT_3D('',#2071,#2072,#2073);
#2071 = CARTESIAN_POINT('',(235.,-11.26086956521,-8.239130434783));
#2072 = DIRECTION('',(1.,0.,0.));
#2073 = DIRECTION('',(0.,0.,1.));
#2074 = ADVANCED_FACE('',(#2075),#2093,.F.);
#2075 = FACE_BOUND('',#2076,.F.);
#2076 = EDGE_LOOP('',(#2077,#2078,#2079,#2087));
#2077 = ORIENTED_EDGE('',*,*,#2041,.T.);
#2078 = ORIENTED_EDGE('',*,*,#398,.T.);
#2079 = ORIENTED_EDGE('',*,*,#2080,.F.);
#2080 = EDGE_CURVE('',#2081,#399,#2083,.T.);
#2081 = VERTEX_POINT('',#2082);
#2082 = CARTESIAN_POINT('',(234.,0.,2.5));
#2083 = LINE('',#2084,#2085);
#2084 = CARTESIAN_POINT('',(234.,0.,2.5));
#2085 = VECTOR('',#2086,1.);
#2086 = DIRECTION('',(0.,0.,1.));
#2087 = ORIENTED_EDGE('',*,*,#2088,.F.);
#2088 = EDGE_CURVE('',#2032,#2081,#2089,.T.);
#2089 = LINE('',#2090,#2091);
#2090 = CARTESIAN_POINT('',(235.,-1.,2.5));
#2091 = VECTOR('',#2092,1.);
#2092 = DIRECTION('',(-0.707106781187,0.707106781187,0.));
#2093 = PLANE('',#2094);
#2094 = AXIS2_PLACEMENT_3D('',#2095,#2096,#2097);
#2095 = CARTESIAN_POINT('',(235.,-1.,2.5));
#2096 = DIRECTION('',(-0.707106781187,-0.707106781187,0.));
#2097 = DIRECTION('',(-0.707106781187,0.707106781187,0.));
#2098 = ADVANCED_FACE('',(#2099),#2117,.F.);
#2099 = FACE_BOUND('',#2100,.F.);
#2100 = EDGE_LOOP('',(#2101,#2102,#2103,#2111));
#2101 = ORIENTED_EDGE('',*,*,#2080,.T.);
#2102 = ORIENTED_EDGE('',*,*,#406,.T.);
#2103 = ORIENTED_EDGE('',*,*,#2104,.F.);
#2104 = EDGE_CURVE('',#2105,#407,#2107,.T.);
#2105 = VERTEX_POINT('',#2106);
#2106 = CARTESIAN_POINT('',(229.,0.,2.5));
#2107 = LINE('',#2108,#2109);
#2108 = CARTESIAN_POINT('',(229.,0.,2.5));
#2109 = VECTOR('',#2110,1.);
#2110 = DIRECTION('',(0.,0.,1.));
#2111 = ORIENTED_EDGE('',*,*,#2112,.F.);
#2112 = EDGE_CURVE('',#2081,#2105,#2113,.T.);
#2113 = LINE('',#2114,#2115);
#2114 = CARTESIAN_POINT('',(234.,0.,2.5));
#2115 = VECTOR('',#2116,1.);
#2116 = DIRECTION('',(-1.,0.,0.));
#2117 = PLANE('',#2118);
#2118 = AXIS2_PLACEMENT_3D('',#2119,#2120,#2121);
#2119 = CARTESIAN_POINT('',(234.,0.,2.5));
#2120 = DIRECTION('',(0.,-1.,0.));
#2121 = DIRECTION('',(-1.,0.,0.));
#2122 = ADVANCED_FACE('',(#2123),#2141,.F.);
#2123 = FACE_BOUND('',#2124,.F.);
#2124 = EDGE_LOOP('',(#2125,#2126,#2127,#2135));
#2125 = ORIENTED_EDGE('',*,*,#2104,.T.);
#2126 = ORIENTED_EDGE('',*,*,#414,.T.);
#2127 = ORIENTED_EDGE('',*,*,#2128,.F.);
#2128 = EDGE_CURVE('',#2129,#415,#2131,.T.);
#2129 = VERTEX_POINT('',#2130);
#2130 = CARTESIAN_POINT('',(228.,1.,2.5));
#2131 = LINE('',#2132,#2133);
#2132 = CARTESIAN_POINT('',(228.,1.,2.5));
#2133 = VECTOR('',#2134,1.);
#2134 = DIRECTION('',(0.,0.,1.));
#2135 = ORIENTED_EDGE('',*,*,#2136,.F.);
#2136 = EDGE_CURVE('',#2105,#2129,#2137,.T.);
#2137 = LINE('',#2138,#2139);
#2138 = CARTESIAN_POINT('',(229.,0.,2.5));
#2139 = VECTOR('',#2140,1.);
#2140 = DIRECTION('',(-0.707106781187,0.707106781187,0.));
#2141 = PLANE('',#2142);
#2142 = AXIS2_PLACEMENT_3D('',#2143,#2144,#2145);
#2143 = CARTESIAN_POINT('',(229.,0.,2.5));
#2144 = DIRECTION('',(-0.707106781187,-0.707106781187,0.));
#2145 = DIRECTION('',(-0.707106781187,0.707106781187,0.));
#2146 = ADVANCED_FACE('',(#2147),#2165,.T.);
#2147 = FACE_BOUND('',#2148,.T.);
#2148 = EDGE_LOOP('',(#2149,#2157,#2158,#2159));
#2149 = ORIENTED_EDGE('',*,*,#2150,.T.);
#2150 = EDGE_CURVE('',#2151,#423,#2153,.T.);
#2151 = VERTEX_POINT('',#2152);
#2152 = CARTESIAN_POINT('',(228.,10.,2.5));
#2153 = LINE('',#2154,#2155);
#2154 = CARTESIAN_POINT('',(228.,10.,2.5));
#2155 = VECTOR('',#2156,1.);
#2156 = DIRECTION('',(0.,0.,1.));
#2157 = ORIENTED_EDGE('',*,*,#422,.T.);
#2158 = ORIENTED_EDGE('',*,*,#2128,.F.);
#2159 = ORIENTED_EDGE('',*,*,#2160,.F.);
#2160 = EDGE_CURVE('',#2151,#2129,#2161,.T.);
#2161 = LINE('',#2162,#2163);
#2162 = CARTESIAN_POINT('',(228.,10.,2.5));
#2163 = VECTOR('',#2164,1.);
#2164 = DIRECTION('',(0.,-1.,0.));
#2165 = PLANE('',#2166);
#2166 = AXIS2_PLACEMENT_3D('',#2167,#2168,#2169);
#2167 = CARTESIAN_POINT('',(228.,10.,2.5));
#2168 = DIRECTION('',(1.,0.,0.));
#2169 = DIRECTION('',(0.,-1.,0.));
#2170 = ADVANCED_FACE('',(#2171),#2197,.T.);
#2171 = FACE_BOUND('',#2172,.T.);
#2172 = EDGE_LOOP('',(#2173,#2183,#2189,#2190,#2191));
#2173 = ORIENTED_EDGE('',*,*,#2174,.T.);
#2174 = EDGE_CURVE('',#2175,#2177,#2179,.T.);
#2175 = VERTEX_POINT('',#2176);
#2176 = CARTESIAN_POINT('',(226.,14.,2.5));
#2177 = VERTEX_POINT('',#2178);
#2178 = CARTESIAN_POINT('',(226.,14.,12.));
#2179 = LINE('',#2180,#2181);
#2180 = CARTESIAN_POINT('',(226.,14.,2.5));
#2181 = VECTOR('',#2182,1.);
#2182 = DIRECTION('',(0.,0.,1.));
#2183 = ORIENTED_EDGE('',*,*,#2184,.T.);
#2184 = EDGE_CURVE('',#2177,#431,#2185,.T.);
#2185 = LINE('',#2186,#2187);
#2186 = CARTESIAN_POINT('',(226.,14.,2.5));
#2187 = VECTOR('',#2188,1.);
#2188 = DIRECTION('',(0.,0.,1.));
#2189 = ORIENTED_EDGE('',*,*,#430,.T.);
#2190 = ORIENTED_EDGE('',*,*,#2150,.F.);
#2191 = ORIENTED_EDGE('',*,*,#2192,.F.);
#2192 = EDGE_CURVE('',#2175,#2151,#2193,.T.);
#2193 = LINE('',#2194,#2195);
#2194 = CARTESIAN_POINT('',(226.,14.,2.5));
#2195 = VECTOR('',#2196,1.);
#2196 = DIRECTION('',(0.4472135955,-0.894427191,0.));
#2197 = PLANE('',#2198);
#2198 = AXIS2_PLACEMENT_3D('',#2199,#2200,#2201);
#2199 = CARTESIAN_POINT('',(226.,14.,2.5));
#2200 = DIRECTION('',(0.894427191,0.4472135955,0.));
#2201 = DIRECTION('',(0.4472135955,-0.894427191,0.));
#2202 = ADVANCED_FACE('',(#2203),#2221,.T.);
#2203 = FACE_BOUND('',#2204,.T.);
#2204 = EDGE_LOOP('',(#2205,#2213,#2219,#2220));
#2205 = ORIENTED_EDGE('',*,*,#2206,.F.);
#2206 = EDGE_CURVE('',#2207,#2177,#2209,.T.);
#2207 = VERTEX_POINT('',#2208);
#2208 = CARTESIAN_POINT('',(204.,14.,12.));
#2209 = LINE('',#2210,#2211);
#2210 = CARTESIAN_POINT('',(164.5,14.,12.));
#2211 = VECTOR('',#2212,1.);
#2212 = DIRECTION('',(1.,0.,0.));
#2213 = ORIENTED_EDGE('',*,*,#2214,.T.);
#2214 = EDGE_CURVE('',#2207,#439,#2215,.T.);
#2215 = LINE('',#2216,#2217);
#2216 = CARTESIAN_POINT('',(204.,14.,2.5));
#2217 = VECTOR('',#2218,1.);
#2218 = DIRECTION('',(0.,0.,1.));
#2219 = ORIENTED_EDGE('',*,*,#438,.T.);
#2220 = ORIENTED_EDGE('',*,*,#2184,.F.);
#2221 = PLANE('',#2222);
#2222 = AXIS2_PLACEMENT_3D('',#2223,#2224,#2225);
#2223 = CARTESIAN_POINT('',(204.,14.,2.5));
#2224 = DIRECTION('',(0.,1.,0.));
#2225 = DIRECTION('',(1.,0.,0.));
#2226 = ADVANCED_FACE('',(#2227),#2253,.T.);
#2227 = FACE_BOUND('',#2228,.T.);
#2228 = EDGE_LOOP('',(#2229,#2237,#2238,#2239,#2247));
#2229 = ORIENTED_EDGE('',*,*,#2230,.T.);
#2230 = EDGE_CURVE('',#2231,#447,#2233,.T.);
#2231 = VERTEX_POINT('',#2232);
#2232 = CARTESIAN_POINT('',(202.,12.,2.5));
#2233 = LINE('',#2234,#2235);
#2234 = CARTESIAN_POINT('',(202.,12.,2.5));
#2235 = VECTOR('',#2236,1.);
#2236 = DIRECTION('',(0.,0.,1.));
#2237 = ORIENTED_EDGE('',*,*,#446,.T.);
#2238 = ORIENTED_EDGE('',*,*,#2214,.F.);
#2239 = ORIENTED_EDGE('',*,*,#2240,.F.);
#2240 = EDGE_CURVE('',#2241,#2207,#2243,.T.);
#2241 = VERTEX_POINT('',#2242);
#2242 = CARTESIAN_POINT('',(204.,14.,2.5));
#2243 = LINE('',#2244,#2245);
#2244 = CARTESIAN_POINT('',(204.,14.,2.5));
#2245 = VECTOR('',#2246,1.);
#2246 = DIRECTION('',(0.,0.,1.));
#2247 = ORIENTED_EDGE('',*,*,#2248,.F.);
#2248 = EDGE_CURVE('',#2231,#2241,#2249,.T.);
#2249 = LINE('',#2250,#2251);
#2250 = CARTESIAN_POINT('',(202.,12.,2.5));
#2251 = VECTOR('',#2252,1.);
#2252 = DIRECTION('',(0.707106781187,0.707106781187,0.));
#2253 = PLANE('',#2254);
#2254 = AXIS2_PLACEMENT_3D('',#2255,#2256,#2257);
#2255 = CARTESIAN_POINT('',(202.,12.,2.5));
#2256 = DIRECTION('',(-0.707106781187,0.707106781187,0.));
#2257 = DIRECTION('',(0.707106781187,0.707106781187,0.));
#2258 = ADVANCED_FACE('',(#2259),#2277,.T.);
#2259 = FACE_BOUND('',#2260,.T.);
#2260 = EDGE_LOOP('',(#2261,#2269,#2270,#2271));
#2261 = ORIENTED_EDGE('',*,*,#2262,.T.);
#2262 = EDGE_CURVE('',#2263,#455,#2265,.T.);
#2263 = VERTEX_POINT('',#2264);
#2264 = CARTESIAN_POINT('',(202.,2.,2.5));
#2265 = LINE('',#2266,#2267);
#2266 = CARTESIAN_POINT('',(202.,2.,2.5));
#2267 = VECTOR('',#2268,1.);
#2268 = DIRECTION('',(0.,0.,1.));
#2269 = ORIENTED_EDGE('',*,*,#454,.T.);
#2270 = ORIENTED_EDGE('',*,*,#2230,.F.);
#2271 = ORIENTED_EDGE('',*,*,#2272,.F.);
#2272 = EDGE_CURVE('',#2263,#2231,#2273,.T.);
#2273 = LINE('',#2274,#2275);
#2274 = CARTESIAN_POINT('',(202.,2.,2.5));
#2275 = VECTOR('',#2276,1.);
#2276 = DIRECTION('',(0.,1.,0.));
#2277 = PLANE('',#2278);
#2278 = AXIS2_PLACEMENT_3D('',#2279,#2280,#2281);
#2279 = CARTESIAN_POINT('',(202.,2.,2.5));
#2280 = DIRECTION('',(-1.,0.,0.));
#2281 = DIRECTION('',(0.,1.,0.));
#2282 = ADVANCED_FACE('',(#2283),#2301,.T.);
#2283 = FACE_BOUND('',#2284,.T.);
#2284 = EDGE_LOOP('',(#2285,#2293,#2294,#2295));
#2285 = ORIENTED_EDGE('',*,*,#2286,.T.);
#2286 = EDGE_CURVE('',#2287,#463,#2289,.T.);
#2287 = VERTEX_POINT('',#2288);
#2288 = CARTESIAN_POINT('',(200.,0.,2.5));
#2289 = LINE('',#2290,#2291);
#2290 = CARTESIAN_POINT('',(200.,0.,2.5));
#2291 = VECTOR('',#2292,1.);
#2292 = DIRECTION('',(0.,0.,1.));
#2293 = ORIENTED_EDGE('',*,*,#462,.T.);
#2294 = ORIENTED_EDGE('',*,*,#2262,.F.);
#2295 = ORIENTED_EDGE('',*,*,#2296,.F.);
#2296 = EDGE_CURVE('',#2287,#2263,#2297,.T.);
#2297 = LINE('',#2298,#2299);
#2298 = CARTESIAN_POINT('',(200.,0.,2.5));
#2299 = VECTOR('',#2300,1.);
#2300 = DIRECTION('',(0.707106781187,0.707106781187,0.));
#2301 = PLANE('',#2302);
#2302 = AXIS2_PLACEMENT_3D('',#2303,#2304,#2305);
#2303 = CARTESIAN_POINT('',(200.,0.,2.5));
#2304 = DIRECTION('',(-0.707106781187,0.707106781187,0.));
#2305 = DIRECTION('',(0.707106781187,0.707106781187,0.));
#2306 = ADVANCED_FACE('',(#2307),#2325,.T.);
#2307 = FACE_BOUND('',#2308,.T.);
#2308 = EDGE_LOOP('',(#2309,#2317,#2318,#2319));
#2309 = ORIENTED_EDGE('',*,*,#2310,.T.);
#2310 = EDGE_CURVE('',#2311,#471,#2313,.T.);
#2311 = VERTEX_POINT('',#2312);
#2312 = CARTESIAN_POINT('',(185.,0.,2.5));
#2313 = LINE('',#2314,#2315);
#2314 = CARTESIAN_POINT('',(185.,0.,2.5));
#2315 = VECTOR('',#2316,1.);
#2316 = DIRECTION('',(0.,0.,1.));
#2317 = ORIENTED_EDGE('',*,*,#470,.T.);
#2318 = ORIENTED_EDGE('',*,*,#2286,.F.);
#2319 = ORIENTED_EDGE('',*,*,#2320,.F.);
#2320 = EDGE_CURVE('',#2311,#2287,#2321,.T.);
#2321 = LINE('',#2322,#2323);
#2322 = CARTESIAN_POINT('',(185.,0.,2.5));
#2323 = VECTOR('',#2324,1.);
#2324 = DIRECTION('',(1.,0.,0.));
#2325 = PLANE('',#2326);
#2326 = AXIS2_PLACEMENT_3D('',#2327,#2328,#2329);
#2327 = CARTESIAN_POINT('',(185.,0.,2.5));
#2328 = DIRECTION('',(0.,1.,0.));
#2329 = DIRECTION('',(1.,0.,0.));
#2330 = ADVANCED_FACE('',(#2331),#2349,.T.);
#2331 = FACE_BOUND('',#2332,.T.);
#2332 = EDGE_LOOP('',(#2333,#2341,#2342,#2343));
#2333 = ORIENTED_EDGE('',*,*,#2334,.T.);
#2334 = EDGE_CURVE('',#2335,#479,#2337,.T.);
#2335 = VERTEX_POINT('',#2336);
#2336 = CARTESIAN_POINT('',(172.,13.,2.5));
#2337 = LINE('',#2338,#2339);
#2338 = CARTESIAN_POINT('',(172.,13.,2.5));
#2339 = VECTOR('',#2340,1.);
#2340 = DIRECTION('',(0.,0.,1.));
#2341 = ORIENTED_EDGE('',*,*,#478,.T.);
#2342 = ORIENTED_EDGE('',*,*,#2310,.F.);
#2343 = ORIENTED_EDGE('',*,*,#2344,.F.);
#2344 = EDGE_CURVE('',#2335,#2311,#2345,.T.);
#2345 = LINE('',#2346,#2347);
#2346 = CARTESIAN_POINT('',(172.,13.,2.5));
#2347 = VECTOR('',#2348,1.);
#2348 = DIRECTION('',(0.707106781187,-0.707106781187,0.));
#2349 = PLANE('',#2350);
#2350 = AXIS2_PLACEMENT_3D('',#2351,#2352,#2353);
#2351 = CARTESIAN_POINT('',(172.,13.,2.5));
#2352 = DIRECTION('',(0.707106781187,0.707106781187,0.));
#2353 = DIRECTION('',(0.707106781187,-0.707106781187,0.));
#2354 = ADVANCED_FACE('',(#2355),#2373,.T.);
#2355 = FACE_BOUND('',#2356,.T.);
#2356 = EDGE_LOOP('',(#2357,#2365,#2366,#2367));
#2357 = ORIENTED_EDGE('',*,*,#2358,.T.);
#2358 = EDGE_CURVE('',#2359,#487,#2361,.T.);
#2359 = VERTEX_POINT('',#2360);
#2360 = CARTESIAN_POINT('',(164.,13.,2.5));
#2361 = LINE('',#2362,#2363);
#2362 = CARTESIAN_POINT('',(164.,13.,2.5));
#2363 = VECTOR('',#2364,1.);
#2364 = DIRECTION('',(0.,0.,1.));
#2365 = ORIENTED_EDGE('',*,*,#486,.T.);
#2366 = ORIENTED_EDGE('',*,*,#2334,.F.);
#2367 = ORIENTED_EDGE('',*,*,#2368,.F.);
#2368 = EDGE_CURVE('',#2359,#2335,#2369,.T.);
#2369 = LINE('',#2370,#2371);
#2370 = CARTESIAN_POINT('',(164.,13.,2.5));
#2371 = VECTOR('',#2372,1.);
#2372 = DIRECTION('',(1.,0.,0.));
#2373 = PLANE('',#2374);
#2374 = AXIS2_PLACEMENT_3D('',#2375,#2376,#2377);
#2375 = CARTESIAN_POINT('',(164.,13.,2.5));
#2376 = DIRECTION('',(0.,1.,0.));
#2377 = DIRECTION('',(1.,0.,0.));
#2378 = ADVANCED_FACE('',(#2379),#2397,.T.);
#2379 = FACE_BOUND('',#2380,.T.);
#2380 = EDGE_LOOP('',(#2381,#2389,#2390,#2391));
#2381 = ORIENTED_EDGE('',*,*,#2382,.T.);
#2382 = EDGE_CURVE('',#2383,#495,#2385,.T.);
#2383 = VERTEX_POINT('',#2384);
#2384 = CARTESIAN_POINT('',(162.,11.,2.5));
#2385 = LINE('',#2386,#2387);
#2386 = CARTESIAN_POINT('',(162.,11.,2.5));
#2387 = VECTOR('',#2388,1.);
#2388 = DIRECTION('',(0.,0.,1.));
#2389 = ORIENTED_EDGE('',*,*,#494,.T.);
#2390 = ORIENTED_EDGE('',*,*,#2358,.F.);
#2391 = ORIENTED_EDGE('',*,*,#2392,.F.);
#2392 = EDGE_CURVE('',#2383,#2359,#2393,.T.);
#2393 = LINE('',#2394,#2395);
#2394 = CARTESIAN_POINT('',(162.,11.,2.5));
#2395 = VECTOR('',#2396,1.);
#2396 = DIRECTION('',(0.707106781187,0.707106781187,0.));
#2397 = PLANE('',#2398);
#2398 = AXIS2_PLACEMENT_3D('',#2399,#2400,#2401);
#2399 = CARTESIAN_POINT('',(162.,11.,2.5));
#2400 = DIRECTION('',(-0.707106781187,0.707106781187,0.));
#2401 = DIRECTION('',(0.707106781187,0.707106781187,0.));
#2402 = ADVANCED_FACE('',(#2403),#2421,.T.);
#2403 = FACE_BOUND('',#2404,.T.);
#2404 = EDGE_LOOP('',(#2405,#2413,#2414,#2415));
#2405 = ORIENTED_EDGE('',*,*,#2406,.T.);
#2406 = EDGE_CURVE('',#2407,#503,#2409,.T.);
#2407 = VERTEX_POINT('',#2408);
#2408 = CARTESIAN_POINT('',(162.,3.,2.5));
#2409 = LINE('',#2410,#2411);
#2410 = CARTESIAN_POINT('',(162.,3.,2.5));
#2411 = VECTOR('',#2412,1.);
#2412 = DIRECTION('',(0.,0.,1.));
#2413 = ORIENTED_EDGE('',*,*,#502,.T.);
#2414 = ORIENTED_EDGE('',*,*,#2382,.F.);
#2415 = ORIENTED_EDGE('',*,*,#2416,.F.);
#2416 = EDGE_CURVE('',#2407,#2383,#2417,.T.);
#2417 = LINE('',#2418,#2419);
#2418 = CARTESIAN_POINT('',(162.,3.,2.5));
#2419 = VECTOR('',#2420,1.);
#2420 = DIRECTION('',(0.,1.,0.));
#2421 = PLANE('',#2422);
#2422 = AXIS2_PLACEMENT_3D('',#2423,#2424,#2425);
#2423 = CARTESIAN_POINT('',(162.,3.,2.5));
#2424 = DIRECTION('',(-1.,0.,0.));
#2425 = DIRECTION('',(0.,1.,0.));
#2426 = ADVANCED_FACE('',(#2427),#2445,.T.);
#2427 = FACE_BOUND('',#2428,.T.);
#2428 = EDGE_LOOP('',(#2429,#2437,#2438,#2439));
#2429 = ORIENTED_EDGE('',*,*,#2430,.T.);
#2430 = EDGE_CURVE('',#2431,#511,#2433,.T.);
#2431 = VERTEX_POINT('',#2432);
#2432 = CARTESIAN_POINT('',(159.,0.,2.5));
#2433 = LINE('',#2434,#2435);
#2434 = CARTESIAN_POINT('',(159.,0.,2.5));
#2435 = VECTOR('',#2436,1.);
#2436 = DIRECTION('',(0.,0.,1.));
#2437 = ORIENTED_EDGE('',*,*,#510,.T.);
#2438 = ORIENTED_EDGE('',*,*,#2406,.F.);
#2439 = ORIENTED_EDGE('',*,*,#2440,.F.);
#2440 = EDGE_CURVE('',#2431,#2407,#2441,.T.);
#2441 = LINE('',#2442,#2443);
#2442 = CARTESIAN_POINT('',(159.,0.,2.5));
#2443 = VECTOR('',#2444,1.);
#2444 = DIRECTION('',(0.707106781187,0.707106781187,0.));
#2445 = PLANE('',#2446);
#2446 = AXIS2_PLACEMENT_3D('',#2447,#2448,#2449);
#2447 = CARTESIAN_POINT('',(159.,0.,2.5));
#2448 = DIRECTION('',(-0.707106781187,0.707106781187,0.));
#2449 = DIRECTION('',(0.707106781187,0.707106781187,0.));
#2450 = ADVANCED_FACE('',(#2451),#2469,.T.);
#2451 = FACE_BOUND('',#2452,.T.);
#2452 = EDGE_LOOP('',(#2453,#2461,#2462,#2463));
#2453 = ORIENTED_EDGE('',*,*,#2454,.T.);
#2454 = EDGE_CURVE('',#2455,#519,#2457,.T.);
#2455 = VERTEX_POINT('',#2456);
#2456 = CARTESIAN_POINT('',(144.,0.,2.5));
#2457 = LINE('',#2458,#2459);
#2458 = CARTESIAN_POINT('',(144.,0.,2.5));
#2459 = VECTOR('',#2460,1.);
#2460 = DIRECTION('',(0.,0.,1.));
#2461 = ORIENTED_EDGE('',*,*,#518,.T.);
#2462 = ORIENTED_EDGE('',*,*,#2430,.F.);
#2463 = ORIENTED_EDGE('',*,*,#2464,.F.);
#2464 = EDGE_CURVE('',#2455,#2431,#2465,.T.);
#2465 = LINE('',#2466,#2467);
#2466 = CARTESIAN_POINT('',(144.,0.,2.5));
#2467 = VECTOR('',#2468,1.);
#2468 = DIRECTION('',(1.,0.,0.));
#2469 = PLANE('',#2470);
#2470 = AXIS2_PLACEMENT_3D('',#2471,#2472,#2473);
#2471 = CARTESIAN_POINT('',(144.,0.,2.5));
#2472 = DIRECTION('',(0.,1.,0.));
#2473 = DIRECTION('',(1.,0.,0.));
#2474 = ADVANCED_FACE('',(#2475),#2493,.T.);
#2475 = FACE_BOUND('',#2476,.T.);
#2476 = EDGE_LOOP('',(#2477,#2485,#2486,#2487));
#2477 = ORIENTED_EDGE('',*,*,#2478,.T.);
#2478 = EDGE_CURVE('',#2479,#527,#2481,.T.);
#2479 = VERTEX_POINT('',#2480);
#2480 = CARTESIAN_POINT('',(142.,2.,2.5));
#2481 = LINE('',#2482,#2483);
#2482 = CARTESIAN_POINT('',(142.,2.,2.5));
#2483 = VECTOR('',#2484,1.);
#2484 = DIRECTION('',(0.,0.,1.));
#2485 = ORIENTED_EDGE('',*,*,#526,.T.);
#2486 = ORIENTED_EDGE('',*,*,#2454,.F.);
#2487 = ORIENTED_EDGE('',*,*,#2488,.F.);
#2488 = EDGE_CURVE('',#2479,#2455,#2489,.T.);
#2489 = LINE('',#2490,#2491);
#2490 = CARTESIAN_POINT('',(142.,2.,2.5));
#2491 = VECTOR('',#2492,1.);
#2492 = DIRECTION('',(0.707106781187,-0.707106781187,0.));
#2493 = PLANE('',#2494);
#2494 = AXIS2_PLACEMENT_3D('',#2495,#2496,#2497);
#2495 = CARTESIAN_POINT('',(142.,2.,2.5));
#2496 = DIRECTION('',(0.707106781187,0.707106781187,0.));
#2497 = DIRECTION('',(0.707106781187,-0.707106781187,0.));
#2498 = ADVANCED_FACE('',(#2499),#2517,.T.);
#2499 = FACE_BOUND('',#2500,.T.);
#2500 = EDGE_LOOP('',(#2501,#2509,#2510,#2511));
#2501 = ORIENTED_EDGE('',*,*,#2502,.T.);
#2502 = EDGE_CURVE('',#2503,#535,#2505,.T.);
#2503 = VERTEX_POINT('',#2504);
#2504 = CARTESIAN_POINT('',(142.,15.,2.5));
#2505 = LINE('',#2506,#2507);
#2506 = CARTESIAN_POINT('',(142.,15.,2.5));
#2507 = VECTOR('',#2508,1.);
#2508 = DIRECTION('',(0.,0.,1.));
#2509 = ORIENTED_EDGE('',*,*,#534,.T.);
#2510 = ORIENTED_EDGE('',*,*,#2478,.F.);
#2511 = ORIENTED_EDGE('',*,*,#2512,.F.);
#2512 = EDGE_CURVE('',#2503,#2479,#2513,.T.);
#2513 = LINE('',#2514,#2515);
#2514 = CARTESIAN_POINT('',(142.,15.,2.5));
#2515 = VECTOR('',#2516,1.);
#2516 = DIRECTION('',(0.,-1.,0.));
#2517 = PLANE('',#2518);
#2518 = AXIS2_PLACEMENT_3D('',#2519,#2520,#2521);
#2519 = CARTESIAN_POINT('',(142.,15.,2.5));
#2520 = DIRECTION('',(1.,0.,0.));
#2521 = DIRECTION('',(0.,-1.,0.));
#2522 = ADVANCED_FACE('',(#2523),#2541,.T.);
#2523 = FACE_BOUND('',#2524,.T.);
#2524 = EDGE_LOOP('',(#2525,#2533,#2534,#2535));
#2525 = ORIENTED_EDGE('',*,*,#2526,.T.);
#2526 = EDGE_CURVE('',#2527,#543,#2529,.T.);
#2527 = VERTEX_POINT('',#2528);
#2528 = CARTESIAN_POINT('',(140.,17.,2.5));
#2529 = LINE('',#2530,#2531);
#2530 = CARTESIAN_POINT('',(140.,17.,2.5));
#2531 = VECTOR('',#2532,1.);
#2532 = DIRECTION('',(0.,0.,1.));
#2533 = ORIENTED_EDGE('',*,*,#542,.T.);
#2534 = ORIENTED_EDGE('',*,*,#2502,.F.);
#2535 = ORIENTED_EDGE('',*,*,#2536,.F.);
#2536 = EDGE_CURVE('',#2527,#2503,#2537,.T.);
#2537 = LINE('',#2538,#2539);
#2538 = CARTESIAN_POINT('',(140.,17.,2.5));
#2539 = VECTOR('',#2540,1.);
#2540 = DIRECTION('',(0.707106781187,-0.707106781187,0.));
#2541 = PLANE('',#2542);
#2542 = AXIS2_PLACEMENT_3D('',#2543,#2544,#2545);
#2543 = CARTESIAN_POINT('',(140.,17.,2.5));
#2544 = DIRECTION('',(0.707106781187,0.707106781187,0.));
#2545 = DIRECTION('',(0.707106781187,-0.707106781187,0.));
#2546 = ADVANCED_FACE('',(#2547),#2597,.T.);
#2547 = FACE_BOUND('',#2548,.T.);
#2548 = EDGE_LOOP('',(#2549,#2559,#2565,#2566,#2567,#2575,#2583,#2591));
#2549 = ORIENTED_EDGE('',*,*,#2550,.F.);
#2550 = EDGE_CURVE('',#2551,#2553,#2555,.T.);
#2551 = VERTEX_POINT('',#2552);
#2552 = CARTESIAN_POINT('',(113.,17.,2.5));
#2553 = VERTEX_POINT('',#2554);
#2554 = CARTESIAN_POINT('',(114.,17.,2.5));
#2555 = LINE('',#2556,#2557);
#2556 = CARTESIAN_POINT('',(113.,17.,2.5));
#2557 = VECTOR('',#2558,1.);
#2558 = DIRECTION('',(1.,0.,0.));
#2559 = ORIENTED_EDGE('',*,*,#2560,.T.);
#2560 = EDGE_CURVE('',#2551,#551,#2561,.T.);
#2561 = LINE('',#2562,#2563);
#2562 = CARTESIAN_POINT('',(113.,17.,2.5));
#2563 = VECTOR('',#2564,1.);
#2564 = DIRECTION('',(0.,0.,1.));
#2565 = ORIENTED_EDGE('',*,*,#550,.T.);
#2566 = ORIENTED_EDGE('',*,*,#2526,.F.);
#2567 = ORIENTED_EDGE('',*,*,#2568,.F.);
#2568 = EDGE_CURVE('',#2569,#2527,#2571,.T.);
#2569 = VERTEX_POINT('',#2570);
#2570 = CARTESIAN_POINT('',(136.,17.,2.5));
#2571 = LINE('',#2572,#2573);
#2572 = CARTESIAN_POINT('',(113.,17.,2.5));
#2573 = VECTOR('',#2574,1.);
#2574 = DIRECTION('',(1.,0.,0.));
#2575 = ORIENTED_EDGE('',*,*,#2576,.T.);
#2576 = EDGE_CURVE('',#2569,#2577,#2579,.T.);
#2577 = VERTEX_POINT('',#2578);
#2578 = CARTESIAN_POINT('',(136.,17.,12.));
#2579 = LINE('',#2580,#2581);
#2580 = CARTESIAN_POINT('',(136.,17.,1.25));
#2581 = VECTOR('',#2582,1.);
#2582 = DIRECTION('',(0.,0.,1.));
#2583 = ORIENTED_EDGE('',*,*,#2584,.F.);
#2584 = EDGE_CURVE('',#2585,#2577,#2587,.T.);
#2585 = VERTEX_POINT('',#2586);
#2586 = CARTESIAN_POINT('',(114.,17.,12.));
#2587 = LINE('',#2588,#2589);
#2588 = CARTESIAN_POINT('',(119.,17.,12.));
#2589 = VECTOR('',#2590,1.);
#2590 = DIRECTION('',(1.,0.,0.));
#2591 = ORIENTED_EDGE('',*,*,#2592,.T.);
#2592 = EDGE_CURVE('',#2585,#2553,#2593,.T.);
#2593 = LINE('',#2594,#2595);
#2594 = CARTESIAN_POINT('',(114.,17.,1.25));
#2595 = VECTOR('',#2596,1.);
#2596 = DIRECTION('',(0.,0.,-1.));
#2597 = PLANE('',#2598);
#2598 = AXIS2_PLACEMENT_3D('',#2599,#2600,#2601);
#2599 = CARTESIAN_POINT('',(113.,17.,2.5));
#2600 = DIRECTION('',(0.,1.,0.));
#2601 = DIRECTION('',(1.,0.,0.));
#2602 = ADVANCED_FACE('',(#2603),#2621,.T.);
#2603 = FACE_BOUND('',#2604,.T.);
#2604 = EDGE_LOOP('',(#2605,#2613,#2614,#2615));
#2605 = ORIENTED_EDGE('',*,*,#2606,.T.);
#2606 = EDGE_CURVE('',#2607,#559,#2609,.T.);
#2607 = VERTEX_POINT('',#2608);
#2608 = CARTESIAN_POINT('',(111.,15.,2.5));
#2609 = LINE('',#2610,#2611);
#2610 = CARTESIAN_POINT('',(111.,15.,2.5));
#2611 = VECTOR('',#2612,1.);
#2612 = DIRECTION('',(0.,0.,1.));
#2613 = ORIENTED_EDGE('',*,*,#558,.T.);
#2614 = ORIENTED_EDGE('',*,*,#2560,.F.);
#2615 = ORIENTED_EDGE('',*,*,#2616,.F.);
#2616 = EDGE_CURVE('',#2607,#2551,#2617,.T.);
#2617 = LINE('',#2618,#2619);
#2618 = CARTESIAN_POINT('',(111.,15.,2.5));
#2619 = VECTOR('',#2620,1.);
#2620 = DIRECTION('',(0.707106781187,0.707106781187,0.));
#2621 = PLANE('',#2622);
#2622 = AXIS2_PLACEMENT_3D('',#2623,#2624,#2625);
#2623 = CARTESIAN_POINT('',(111.,15.,2.5));
#2624 = DIRECTION('',(-0.707106781187,0.707106781187,0.));
#2625 = DIRECTION('',(0.707106781187,0.707106781187,0.));
#2626 = ADVANCED_FACE('',(#2627),#2645,.T.);
#2627 = FACE_BOUND('',#2628,.T.);
#2628 = EDGE_LOOP('',(#2629,#2637,#2638,#2639));
#2629 = ORIENTED_EDGE('',*,*,#2630,.T.);
#2630 = EDGE_CURVE('',#2631,#567,#2633,.T.);
#2631 = VERTEX_POINT('',#2632);
#2632 = CARTESIAN_POINT('',(111.,3.,2.5));
#2633 = LINE('',#2634,#2635);
#2634 = CARTESIAN_POINT('',(111.,3.,2.5));
#2635 = VECTOR('',#2636,1.);
#2636 = DIRECTION('',(0.,0.,1.));
#2637 = ORIENTED_EDGE('',*,*,#566,.T.);
#2638 = ORIENTED_EDGE('',*,*,#2606,.F.);
#2639 = ORIENTED_EDGE('',*,*,#2640,.F.);
#2640 = EDGE_CURVE('',#2631,#2607,#2641,.T.);
#2641 = LINE('',#2642,#2643);
#2642 = CARTESIAN_POINT('',(111.,3.,2.5));
#2643 = VECTOR('',#2644,1.);
#2644 = DIRECTION('',(0.,1.,0.));
#2645 = PLANE('',#2646);
#2646 = AXIS2_PLACEMENT_3D('',#2647,#2648,#2649);
#2647 = CARTESIAN_POINT('',(111.,3.,2.5));
#2648 = DIRECTION('',(-1.,0.,0.));
#2649 = DIRECTION('',(0.,1.,0.));
#2650 = ADVANCED_FACE('',(#2651),#2669,.T.);
#2651 = FACE_BOUND('',#2652,.T.);
#2652 = EDGE_LOOP('',(#2653,#2661,#2662,#2663));
#2653 = ORIENTED_EDGE('',*,*,#2654,.T.);
#2654 = EDGE_CURVE('',#2655,#575,#2657,.T.);
#2655 = VERTEX_POINT('',#2656);
#2656 = CARTESIAN_POINT('',(108.,0.,2.5));
#2657 = LINE('',#2658,#2659);
#2658 = CARTESIAN_POINT('',(108.,0.,2.5));
#2659 = VECTOR('',#2660,1.);
#2660 = DIRECTION('',(0.,0.,1.));
#2661 = ORIENTED_EDGE('',*,*,#574,.T.);
#2662 = ORIENTED_EDGE('',*,*,#2630,.F.);
#2663 = ORIENTED_EDGE('',*,*,#2664,.F.);
#2664 = EDGE_CURVE('',#2655,#2631,#2665,.T.);
#2665 = LINE('',#2666,#2667);
#2666 = CARTESIAN_POINT('',(108.,0.,2.5));
#2667 = VECTOR('',#2668,1.);
#2668 = DIRECTION('',(0.707106781187,0.707106781187,0.));
#2669 = PLANE('',#2670);
#2670 = AXIS2_PLACEMENT_3D('',#2671,#2672,#2673);
#2671 = CARTESIAN_POINT('',(108.,0.,2.5));
#2672 = DIRECTION('',(-0.707106781187,0.707106781187,0.));
#2673 = DIRECTION('',(0.707106781187,0.707106781187,0.));
#2674 = ADVANCED_FACE('',(#2675),#2693,.T.);
#2675 = FACE_BOUND('',#2676,.T.);
#2676 = EDGE_LOOP('',(#2677,#2685,#2686,#2687));
#2677 = ORIENTED_EDGE('',*,*,#2678,.T.);
#2678 = EDGE_CURVE('',#2679,#583,#2681,.T.);
#2679 = VERTEX_POINT('',#2680);
#2680 = CARTESIAN_POINT('',(97.,0.,2.5));
#2681 = LINE('',#2682,#2683);
#2682 = CARTESIAN_POINT('',(97.,0.,2.5));
#2683 = VECTOR('',#2684,1.);
#2684 = DIRECTION('',(0.,0.,1.));
#2685 = ORIENTED_EDGE('',*,*,#582,.T.);
#2686 = ORIENTED_EDGE('',*,*,#2654,.F.);
#2687 = ORIENTED_EDGE('',*,*,#2688,.F.);
#2688 = EDGE_CURVE('',#2679,#2655,#2689,.T.);
#2689 = LINE('',#2690,#2691);
#2690 = CARTESIAN_POINT('',(97.,0.,2.5));
#2691 = VECTOR('',#2692,1.);
#2692 = DIRECTION('',(1.,0.,0.));
#2693 = PLANE('',#2694);
#2694 = AXIS2_PLACEMENT_3D('',#2695,#2696,#2697);
#2695 = CARTESIAN_POINT('',(97.,0.,2.5));
#2696 = DIRECTION('',(0.,1.,0.));
#2697 = DIRECTION('',(1.,0.,0.));
#2698 = ADVANCED_FACE('',(#2699),#2717,.T.);
#2699 = FACE_BOUND('',#2700,.T.);
#2700 = EDGE_LOOP('',(#2701,#2709,#2710,#2711));
#2701 = ORIENTED_EDGE('',*,*,#2702,.T.);
#2702 = EDGE_CURVE('',#2703,#591,#2705,.T.);
#2703 = VERTEX_POINT('',#2704);
#2704 = CARTESIAN_POINT('',(84.,13.,2.5));
#2705 = LINE('',#2706,#2707);
#2706 = CARTESIAN_POINT('',(84.,13.,2.5));
#2707 = VECTOR('',#2708,1.);
#2708 = DIRECTION('',(0.,0.,1.));
#2709 = ORIENTED_EDGE('',*,*,#590,.T.);
#2710 = ORIENTED_EDGE('',*,*,#2678,.F.);
#2711 = ORIENTED_EDGE('',*,*,#2712,.F.);
#2712 = EDGE_CURVE('',#2703,#2679,#2713,.T.);
#2713 = LINE('',#2714,#2715);
#2714 = CARTESIAN_POINT('',(84.,13.,2.5));
#2715 = VECTOR('',#2716,1.);
#2716 = DIRECTION('',(0.707106781187,-0.707106781187,0.));
#2717 = PLANE('',#2718);
#2718 = AXIS2_PLACEMENT_3D('',#2719,#2720,#2721);
#2719 = CARTESIAN_POINT('',(84.,13.,2.5));
#2720 = DIRECTION('',(0.707106781187,0.707106781187,0.));
#2721 = DIRECTION('',(0.707106781187,-0.707106781187,0.));
#2722 = ADVANCED_FACE('',(#2723),#2741,.T.);
#2723 = FACE_BOUND('',#2724,.T.);
#2724 = EDGE_LOOP('',(#2725,#2733,#2734,#2735));
#2725 = ORIENTED_EDGE('',*,*,#2726,.T.);
#2726 = EDGE_CURVE('',#2727,#599,#2729,.T.);
#2727 = VERTEX_POINT('',#2728);
#2728 = CARTESIAN_POINT('',(75.,13.,2.5));
#2729 = LINE('',#2730,#2731);
#2730 = CARTESIAN_POINT('',(75.,13.,2.5));
#2731 = VECTOR('',#2732,1.);
#2732 = DIRECTION('',(0.,0.,1.));
#2733 = ORIENTED_EDGE('',*,*,#598,.T.);
#2734 = ORIENTED_EDGE('',*,*,#2702,.F.);
#2735 = ORIENTED_EDGE('',*,*,#2736,.F.);
#2736 = EDGE_CURVE('',#2727,#2703,#2737,.T.);
#2737 = LINE('',#2738,#2739);
#2738 = CARTESIAN_POINT('',(75.,13.,2.5));
#2739 = VECTOR('',#2740,1.);
#2740 = DIRECTION('',(1.,0.,0.));
#2741 = PLANE('',#2742);
#2742 = AXIS2_PLACEMENT_3D('',#2743,#2744,#2745);
#2743 = CARTESIAN_POINT('',(75.,13.,2.5));
#2744 = DIRECTION('',(0.,1.,0.));
#2745 = DIRECTION('',(1.,0.,0.));
#2746 = ADVANCED_FACE('',(#2747),#2765,.T.);
#2747 = FACE_BOUND('',#2748,.T.);
#2748 = EDGE_LOOP('',(#2749,#2757,#2758,#2759));
#2749 = ORIENTED_EDGE('',*,*,#2750,.T.);
#2750 = EDGE_CURVE('',#2751,#607,#2753,.T.);
#2751 = VERTEX_POINT('',#2752);
#2752 = CARTESIAN_POINT('',(73.,11.,2.5));
#2753 = LINE('',#2754,#2755);
#2754 = CARTESIAN_POINT('',(73.,11.,2.5));
#2755 = VECTOR('',#2756,1.);
#2756 = DIRECTION('',(0.,0.,1.));
#2757 = ORIENTED_EDGE('',*,*,#606,.T.);
#2758 = ORIENTED_EDGE('',*,*,#2726,.F.);
#2759 = ORIENTED_EDGE('',*,*,#2760,.F.);
#2760 = EDGE_CURVE('',#2751,#2727,#2761,.T.);
#2761 = LINE('',#2762,#2763);
#2762 = CARTESIAN_POINT('',(73.,11.,2.5));
#2763 = VECTOR('',#2764,1.);
#2764 = DIRECTION('',(0.707106781187,0.707106781187,0.));
#2765 = PLANE('',#2766);
#2766 = AXIS2_PLACEMENT_3D('',#2767,#2768,#2769);
#2767 = CARTESIAN_POINT('',(73.,11.,2.5));
#2768 = DIRECTION('',(-0.707106781187,0.707106781187,0.));
#2769 = DIRECTION('',(0.707106781187,0.707106781187,0.));
#2770 = ADVANCED_FACE('',(#2771),#2789,.T.);
#2771 = FACE_BOUND('',#2772,.T.);
#2772 = EDGE_LOOP('',(#2773,#2781,#2782,#2783));
#2773 = ORIENTED_EDGE('',*,*,#2774,.T.);
#2774 = EDGE_CURVE('',#2775,#615,#2777,.T.);
#2775 = VERTEX_POINT('',#2776);
#2776 = CARTESIAN_POINT('',(73.,3.,2.5));
#2777 = LINE('',#2778,#2779);
#2778 = CARTESIAN_POINT('',(73.,3.,2.5));
#2779 = VECTOR('',#2780,1.);
#2780 = DIRECTION('',(0.,0.,1.));
#2781 = ORIENTED_EDGE('',*,*,#614,.T.);
#2782 = ORIENTED_EDGE('',*,*,#2750,.F.);
#2783 = ORIENTED_EDGE('',*,*,#2784,.F.);
#2784 = EDGE_CURVE('',#2775,#2751,#2785,.T.);
#2785 = LINE('',#2786,#2787);
#2786 = CARTESIAN_POINT('',(73.,3.,2.5));
#2787 = VECTOR('',#2788,1.);
#2788 = DIRECTION('',(0.,1.,0.));
#2789 = PLANE('',#2790);
#2790 = AXIS2_PLACEMENT_3D('',#2791,#2792,#2793);
#2791 = CARTESIAN_POINT('',(73.,3.,2.5));
#2792 = DIRECTION('',(-1.,0.,0.));
#2793 = DIRECTION('',(0.,1.,0.));
#2794 = ADVANCED_FACE('',(#2795),#2813,.T.);
#2795 = FACE_BOUND('',#2796,.T.);
#2796 = EDGE_LOOP('',(#2797,#2805,#2806,#2807));
#2797 = ORIENTED_EDGE('',*,*,#2798,.T.);
#2798 = EDGE_CURVE('',#2799,#623,#2801,.T.);
#2799 = VERTEX_POINT('',#2800);
#2800 = CARTESIAN_POINT('',(70.,0.,2.5));
#2801 = LINE('',#2802,#2803);
#2802 = CARTESIAN_POINT('',(70.,0.,2.5));
#2803 = VECTOR('',#2804,1.);
#2804 = DIRECTION('',(0.,0.,1.));
#2805 = ORIENTED_EDGE('',*,*,#622,.T.);
#2806 = ORIENTED_EDGE('',*,*,#2774,.F.);
#2807 = ORIENTED_EDGE('',*,*,#2808,.F.);
#2808 = EDGE_CURVE('',#2799,#2775,#2809,.T.);
#2809 = LINE('',#2810,#2811);
#2810 = CARTESIAN_POINT('',(70.,0.,2.5));
#2811 = VECTOR('',#2812,1.);
#2812 = DIRECTION('',(0.707106781187,0.707106781187,0.));
#2813 = PLANE('',#2814);
#2814 = AXIS2_PLACEMENT_3D('',#2815,#2816,#2817);
#2815 = CARTESIAN_POINT('',(70.,0.,2.5));
#2816 = DIRECTION('',(-0.707106781187,0.707106781187,0.));
#2817 = DIRECTION('',(0.707106781187,0.707106781187,0.));
#2818 = ADVANCED_FACE('',(#2819),#2837,.T.);
#2819 = FACE_BOUND('',#2820,.T.);
#2820 = EDGE_LOOP('',(#2821,#2829,#2830,#2831));
#2821 = ORIENTED_EDGE('',*,*,#2822,.T.);
#2822 = EDGE_CURVE('',#2823,#631,#2825,.T.);
#2823 = VERTEX_POINT('',#2824);
#2824 = CARTESIAN_POINT('',(54.,0.,2.5));
#2825 = LINE('',#2826,#2827);
#2826 = CARTESIAN_POINT('',(54.,0.,2.5));
#2827 = VECTOR('',#2828,1.);
#2828 = DIRECTION('',(0.,0.,1.));
#2829 = ORIENTED_EDGE('',*,*,#630,.T.);
#2830 = ORIENTED_EDGE('',*,*,#2798,.F.);
#2831 = ORIENTED_EDGE('',*,*,#2832,.F.);
#2832 = EDGE_CURVE('',#2823,#2799,#2833,.T.);
#2833 = LINE('',#2834,#2835);
#2834 = CARTESIAN_POINT('',(54.,0.,2.5));
#2835 = VECTOR('',#2836,1.);
#2836 = DIRECTION('',(1.,0.,0.));
#2837 = PLANE('',#2838);
#2838 = AXIS2_PLACEMENT_3D('',#2839,#2840,#2841);
#2839 = CARTESIAN_POINT('',(54.,0.,2.5));
#2840 = DIRECTION('',(0.,1.,0.));
#2841 = DIRECTION('',(1.,0.,0.));
#2842 = ADVANCED_FACE('',(#2843),#2861,.T.);
#2843 = FACE_BOUND('',#2844,.T.);
#2844 = EDGE_LOOP('',(#2845,#2853,#2854,#2855));
#2845 = ORIENTED_EDGE('',*,*,#2846,.T.);
#2846 = EDGE_CURVE('',#2847,#639,#2849,.T.);
#2847 = VERTEX_POINT('',#2848);
#2848 = CARTESIAN_POINT('',(52.,2.,2.5));
#2849 = LINE('',#2850,#2851);
#2850 = CARTESIAN_POINT('',(52.,2.,2.5));
#2851 = VECTOR('',#2852,1.);
#2852 = DIRECTION('',(0.,0.,1.));
#2853 = ORIENTED_EDGE('',*,*,#638,.T.);
#2854 = ORIENTED_EDGE('',*,*,#2822,.F.);
#2855 = ORIENTED_EDGE('',*,*,#2856,.F.);
#2856 = EDGE_CURVE('',#2847,#2823,#2857,.T.);
#2857 = LINE('',#2858,#2859);
#2858 = CARTESIAN_POINT('',(52.,2.,2.5));
#2859 = VECTOR('',#2860,1.);
#2860 = DIRECTION('',(0.707106781187,-0.707106781187,0.));
#2861 = PLANE('',#2862);
#2862 = AXIS2_PLACEMENT_3D('',#2863,#2864,#2865);
#2863 = CARTESIAN_POINT('',(52.,2.,2.5));
#2864 = DIRECTION('',(0.707106781187,0.707106781187,0.));
#2865 = DIRECTION('',(0.707106781187,-0.707106781187,0.));
#2866 = ADVANCED_FACE('',(#2867),#2885,.T.);
#2867 = FACE_BOUND('',#2868,.T.);
#2868 = EDGE_LOOP('',(#2869,#2877,#2878,#2879));
#2869 = ORIENTED_EDGE('',*,*,#2870,.T.);
#2870 = EDGE_CURVE('',#2871,#647,#2873,.T.);
#2871 = VERTEX_POINT('',#2872);
#2872 = CARTESIAN_POINT('',(52.,10.,2.5));
#2873 = LINE('',#2874,#2875);
#2874 = CARTESIAN_POINT('',(52.,10.,2.5));
#2875 = VECTOR('',#2876,1.);
#2876 = DIRECTION('',(0.,0.,1.));
#2877 = ORIENTED_EDGE('',*,*,#646,.T.);
#2878 = ORIENTED_EDGE('',*,*,#2846,.F.);
#2879 = ORIENTED_EDGE('',*,*,#2880,.F.);
#2880 = EDGE_CURVE('',#2871,#2847,#2881,.T.);
#2881 = LINE('',#2882,#2883);
#2882 = CARTESIAN_POINT('',(52.,10.,2.5));
#2883 = VECTOR('',#2884,1.);
#2884 = DIRECTION('',(0.,-1.,0.));
#2885 = PLANE('',#2886);
#2886 = AXIS2_PLACEMENT_3D('',#2887,#2888,#2889);
#2887 = CARTESIAN_POINT('',(52.,10.,2.5));
#2888 = DIRECTION('',(1.,0.,0.));
#2889 = DIRECTION('',(0.,-1.,0.));
#2890 = ADVANCED_FACE('',(#2891),#2909,.T.);
#2891 = FACE_BOUND('',#2892,.T.);
#2892 = EDGE_LOOP('',(#2893,#2901,#2902,#2903));
#2893 = ORIENTED_EDGE('',*,*,#2894,.T.);
#2894 = EDGE_CURVE('',#2895,#655,#2897,.T.);
#2895 = VERTEX_POINT('',#2896);
#2896 = CARTESIAN_POINT('',(47.,15.,2.5));
#2897 = LINE('',#2898,#2899);
#2898 = CARTESIAN_POINT('',(47.,15.,2.5));
#2899 = VECTOR('',#2900,1.);
#2900 = DIRECTION('',(0.,0.,1.));
#2901 = ORIENTED_EDGE('',*,*,#654,.T.);
#2902 = ORIENTED_EDGE('',*,*,#2870,.F.);
#2903 = ORIENTED_EDGE('',*,*,#2904,.F.);
#2904 = EDGE_CURVE('',#2895,#2871,#2905,.T.);
#2905 = LINE('',#2906,#2907);
#2906 = CARTESIAN_POINT('',(47.,15.,2.5));
#2907 = VECTOR('',#2908,1.);
#2908 = DIRECTION('',(0.707106781187,-0.707106781187,0.));
#2909 = PLANE('',#2910);
#2910 = AXIS2_PLACEMENT_3D('',#2911,#2912,#2913);
#2911 = CARTESIAN_POINT('',(47.,15.,2.5));
#2912 = DIRECTION('',(0.707106781187,0.707106781187,0.));
#2913 = DIRECTION('',(0.707106781187,-0.707106781187,0.));
#2914 = ADVANCED_FACE('',(#2915),#2956,.T.);
#2915 = FACE_BOUND('',#2916,.T.);
#2916 = EDGE_LOOP('',(#2917,#2918,#2924,#2925,#2926,#2934,#2942,#2950));
#2917 = ORIENTED_EDGE('',*,*,#1616,.F.);
#2918 = ORIENTED_EDGE('',*,*,#2919,.T.);
#2919 = EDGE_CURVE('',#1617,#663,#2920,.T.);
#2920 = LINE('',#2921,#2922);
#2921 = CARTESIAN_POINT('',(23.,15.,2.5));
#2922 = VECTOR('',#2923,1.);
#2923 = DIRECTION('',(0.,0.,1.));
#2924 = ORIENTED_EDGE('',*,*,#662,.T.);
#2925 = ORIENTED_EDGE('',*,*,#2894,.F.);
#2926 = ORIENTED_EDGE('',*,*,#2927,.F.);
#2927 = EDGE_CURVE('',#2928,#2895,#2930,.T.);
#2928 = VERTEX_POINT('',#2929);
#2929 = CARTESIAN_POINT('',(46.,15.,2.5));
#2930 = LINE('',#2931,#2932);
#2931 = CARTESIAN_POINT('',(23.,15.,2.5));
#2932 = VECTOR('',#2933,1.);
#2933 = DIRECTION('',(1.,0.,0.));
#2934 = ORIENTED_EDGE('',*,*,#2935,.T.);
#2935 = EDGE_CURVE('',#2928,#2936,#2938,.T.);
#2936 = VERTEX_POINT('',#2937);
#2937 = CARTESIAN_POINT('',(46.,15.,12.));
#2938 = LINE('',#2939,#2940);
#2939 = CARTESIAN_POINT('',(46.,15.,1.25));
#2940 = VECTOR('',#2941,1.);
#2941 = DIRECTION('',(0.,0.,1.));
#2942 = ORIENTED_EDGE('',*,*,#2943,.F.);
#2943 = EDGE_CURVE('',#2944,#2936,#2946,.T.);
#2944 = VERTEX_POINT('',#2945);
#2945 = CARTESIAN_POINT('',(24.,15.,12.));
#2946 = LINE('',#2947,#2948);
#2947 = CARTESIAN_POINT('',(74.,15.,12.));
#2948 = VECTOR('',#2949,1.);
#2949 = DIRECTION('',(1.,0.,0.));
#2950 = ORIENTED_EDGE('',*,*,#2951,.T.);
#2951 = EDGE_CURVE('',#2944,#1619,#2952,.T.);
#2952 = LINE('',#2953,#2954);
#2953 = CARTESIAN_POINT('',(24.,15.,1.25));
#2954 = VECTOR('',#2955,1.);
#2955 = DIRECTION('',(0.,0.,-1.));
#2956 = PLANE('',#2957);
#2957 = AXIS2_PLACEMENT_3D('',#2958,#2959,#2960);
#2958 = CARTESIAN_POINT('',(23.,15.,2.5));
#2959 = DIRECTION('',(0.,1.,0.));
#2960 = DIRECTION('',(1.,0.,0.));
#2961 = ADVANCED_FACE('',(#2962),#2973,.T.);
#2962 = FACE_BOUND('',#2963,.T.);
#2963 = EDGE_LOOP('',(#2964,#2970,#2971,#2972));
#2964 = ORIENTED_EDGE('',*,*,#2965,.T.);
#2965 = EDGE_CURVE('',#1827,#671,#2966,.T.);
#2966 = LINE('',#2967,#2968);
#2967 = CARTESIAN_POINT('',(18.,10.,2.5));
#2968 = VECTOR('',#2969,1.);
#2969 = DIRECTION('',(0.,0.,1.));
#2970 = ORIENTED_EDGE('',*,*,#670,.T.);
#2971 = ORIENTED_EDGE('',*,*,#2919,.F.);
#2972 = ORIENTED_EDGE('',*,*,#1834,.F.);
#2973 = PLANE('',#2974);
#2974 = AXIS2_PLACEMENT_3D('',#2975,#2976,#2977);
#2975 = CARTESIAN_POINT('',(18.,10.,2.5));
#2976 = DIRECTION('',(-0.707106781187,0.707106781187,0.));
#2977 = DIRECTION('',(0.707106781187,0.707106781187,0.));
#2978 = ADVANCED_FACE('',(#2979),#2990,.T.);
#2979 = FACE_BOUND('',#2980,.T.);
#2980 = EDGE_LOOP('',(#2981,#2987,#2988,#2989));
#2981 = ORIENTED_EDGE('',*,*,#2982,.T.);
#2982 = EDGE_CURVE('',#1819,#679,#2983,.T.);
#2983 = LINE('',#2984,#2985);
#2984 = CARTESIAN_POINT('',(0.,10.,2.5));
#2985 = VECTOR('',#2986,1.);
#2986 = DIRECTION('',(0.,0.,1.));
#2987 = ORIENTED_EDGE('',*,*,#678,.T.);
#2988 = ORIENTED_EDGE('',*,*,#2965,.F.);
#2989 = ORIENTED_EDGE('',*,*,#1826,.F.);
#2990 = PLANE('',#2991);
#2991 = AXIS2_PLACEMENT_3D('',#2992,#2993,#2994);
#2992 = CARTESIAN_POINT('',(0.,10.,2.5));
#2993 = DIRECTION('',(0.,1.,0.));
#2994 = DIRECTION('',(1.,0.,0.));
#2995 = ADVANCED_FACE('',(#2996),#3007,.F.);
#2996 = FACE_BOUND('',#2997,.F.);
#2997 = EDGE_LOOP('',(#2998,#2999,#3000,#3006));
#2998 = ORIENTED_EDGE('',*,*,#2982,.T.);
#2999 = ORIENTED_EDGE('',*,*,#686,.T.);
#3000 = ORIENTED_EDGE('',*,*,#3001,.F.);
#3001 = EDGE_CURVE('',#1811,#687,#3002,.T.);
#3002 = LINE('',#3003,#3004);
#3003 = CARTESIAN_POINT('',(-7.,13.,2.5));
#3004 = VECTOR('',#3005,1.);
#3005 = DIRECTION('',(0.,0.,1.));
#3006 = ORIENTED_EDGE('',*,*,#1818,.F.);
#3007 = PLANE('',#3008);
#3008 = AXIS2_PLACEMENT_3D('',#3009,#3010,#3011);
#3009 = CARTESIAN_POINT('',(0.,10.,2.5));
#3010 = DIRECTION('',(-0.393919298579,-0.919145030018,0.));
#3011 = DIRECTION('',(-0.919145030018,0.393919298579,0.));
#3012 = ADVANCED_FACE('',(#3013),#3024,.F.);
#3013 = FACE_BOUND('',#3014,.F.);
#3014 = EDGE_LOOP('',(#3015,#3016,#3017,#3023));
#3015 = ORIENTED_EDGE('',*,*,#3001,.T.);
#3016 = ORIENTED_EDGE('',*,*,#694,.T.);
#3017 = ORIENTED_EDGE('',*,*,#3018,.F.);
#3018 = EDGE_CURVE('',#1803,#695,#3019,.T.);
#3019 = LINE('',#3020,#3021);
#3020 = CARTESIAN_POINT('',(-15.,13.,2.5));
#3021 = VECTOR('',#3022,1.);
#3022 = DIRECTION('',(0.,0.,1.));
#3023 = ORIENTED_EDGE('',*,*,#1810,.F.);
#3024 = PLANE('',#3025);
#3025 = AXIS2_PLACEMENT_3D('',#3026,#3027,#3028);
#3026 = CARTESIAN_POINT('',(-7.,13.,2.5));
#3027 = DIRECTION('',(0.,-1.,0.));
#3028 = DIRECTION('',(-1.,0.,0.));
#3029 = ADVANCED_FACE('',(#3030),#3041,.F.);
#3030 = FACE_BOUND('',#3031,.F.);
#3031 = EDGE_LOOP('',(#3032,#3033,#3034,#3040));
#3032 = ORIENTED_EDGE('',*,*,#3018,.T.);
#3033 = ORIENTED_EDGE('',*,*,#702,.T.);
#3034 = ORIENTED_EDGE('',*,*,#3035,.F.);
#3035 = EDGE_CURVE('',#1795,#703,#3036,.T.);
#3036 = LINE('',#3037,#3038);
#3037 = CARTESIAN_POINT('',(-21.,10.,2.5));
#3038 = VECTOR('',#3039,1.);
#3039 = DIRECTION('',(0.,0.,1.));
#3040 = ORIENTED_EDGE('',*,*,#1802,.F.);
#3041 = PLANE('',#3042);
#3042 = AXIS2_PLACEMENT_3D('',#3043,#3044,#3045);
#3043 = CARTESIAN_POINT('',(-15.,13.,2.5));
#3044 = DIRECTION('',(0.4472135955,-0.894427191,0.));
#3045 = DIRECTION('',(-0.894427191,-0.4472135955,0.));
#3046 = ADVANCED_FACE('',(#3047),#3058,.F.);
#3047 = FACE_BOUND('',#3048,.F.);
#3048 = EDGE_LOOP('',(#3049,#3050,#3051,#3057));
#3049 = ORIENTED_EDGE('',*,*,#3035,.T.);
#3050 = ORIENTED_EDGE('',*,*,#710,.T.);
#3051 = ORIENTED_EDGE('',*,*,#3052,.F.);
#3052 = EDGE_CURVE('',#1787,#711,#3053,.T.);
#3053 = LINE('',#3054,#3055);
#3054 = CARTESIAN_POINT('',(-25.,10.,2.5));
#3055 = VECTOR('',#3056,1.);
#3056 = DIRECTION('',(0.,0.,1.));
#3057 = ORIENTED_EDGE('',*,*,#1794,.F.);
#3058 = PLANE('',#3059);
#3059 = AXIS2_PLACEMENT_3D('',#3060,#3061,#3062);
#3060 = CARTESIAN_POINT('',(-21.,10.,2.5));
#3061 = DIRECTION('',(0.,-1.,0.));
#3062 = DIRECTION('',(-1.,0.,0.));
#3063 = ADVANCED_FACE('',(#3064),#3075,.F.);
#3064 = FACE_BOUND('',#3065,.F.);
#3065 = EDGE_LOOP('',(#3066,#3067,#3068,#3074));
#3066 = ORIENTED_EDGE('',*,*,#3052,.T.);
#3067 = ORIENTED_EDGE('',*,*,#718,.T.);
#3068 = ORIENTED_EDGE('',*,*,#3069,.F.);
#3069 = EDGE_CURVE('',#1779,#719,#3070,.T.);
#3070 = LINE('',#3071,#3072);
#3071 = CARTESIAN_POINT('',(-29.,12.,2.5));
#3072 = VECTOR('',#3073,1.);
#3073 = DIRECTION('',(0.,0.,1.));
#3074 = ORIENTED_EDGE('',*,*,#1786,.F.);
#3075 = PLANE('',#3076);
#3076 = AXIS2_PLACEMENT_3D('',#3077,#3078,#3079);
#3077 = CARTESIAN_POINT('',(-25.,10.,2.5));
#3078 = DIRECTION('',(-0.4472135955,-0.894427191,0.));
#3079 = DIRECTION('',(-0.894427191,0.4472135955,0.));
#3080 = ADVANCED_FACE('',(#3081),#3092,.F.);
#3081 = FACE_BOUND('',#3082,.F.);
#3082 = EDGE_LOOP('',(#3083,#3084,#3085,#3091));
#3083 = ORIENTED_EDGE('',*,*,#3069,.T.);
#3084 = ORIENTED_EDGE('',*,*,#726,.T.);
#3085 = ORIENTED_EDGE('',*,*,#3086,.F.);
#3086 = EDGE_CURVE('',#1771,#727,#3087,.T.);
#3087 = LINE('',#3088,#3089);
#3088 = CARTESIAN_POINT('',(-32.,16.,2.5));
#3089 = VECTOR('',#3090,1.);
#3090 = DIRECTION('',(0.,0.,1.));
#3091 = ORIENTED_EDGE('',*,*,#1778,.F.);
#3092 = PLANE('',#3093);
#3093 = AXIS2_PLACEMENT_3D('',#3094,#3095,#3096);
#3094 = CARTESIAN_POINT('',(-29.,12.,2.5));
#3095 = DIRECTION('',(-0.8,-0.6,0.));
#3096 = DIRECTION('',(-0.6,0.8,0.));
#3097 = ADVANCED_FACE('',(#3098),#3109,.F.);
#3098 = FACE_BOUND('',#3099,.F.);
#3099 = EDGE_LOOP('',(#3100,#3101,#3102,#3108));
#3100 = ORIENTED_EDGE('',*,*,#3086,.T.);
#3101 = ORIENTED_EDGE('',*,*,#734,.T.);
#3102 = ORIENTED_EDGE('',*,*,#3103,.F.);
#3103 = EDGE_CURVE('',#1763,#735,#3104,.T.);
#3104 = LINE('',#3105,#3106);
#3105 = CARTESIAN_POINT('',(-32.5,20.,2.5));
#3106 = VECTOR('',#3107,1.);
#3107 = DIRECTION('',(0.,0.,1.));
#3108 = ORIENTED_EDGE('',*,*,#1770,.F.);
#3109 = PLANE('',#3110);
#3110 = AXIS2_PLACEMENT_3D('',#3111,#3112,#3113);
#3111 = CARTESIAN_POINT('',(-32.,16.,2.5));
#3112 = DIRECTION('',(-0.992277876714,-0.124034734589,0.));
#3113 = DIRECTION('',(-0.124034734589,0.992277876714,0.));
#3114 = ADVANCED_FACE('',(#3115),#3126,.F.);
#3115 = FACE_BOUND('',#3116,.F.);
#3116 = EDGE_LOOP('',(#3117,#3118,#3119,#3125));
#3117 = ORIENTED_EDGE('',*,*,#3103,.T.);
#3118 = ORIENTED_EDGE('',*,*,#742,.T.);
#3119 = ORIENTED_EDGE('',*,*,#3120,.F.);
#3120 = EDGE_CURVE('',#1755,#743,#3121,.T.);
#3121 = LINE('',#3122,#3123);
#3122 = CARTESIAN_POINT('',(-31.,26.,2.5));
#3123 = VECTOR('',#3124,1.);
#3124 = DIRECTION('',(0.,0.,1.));
#3125 = ORIENTED_EDGE('',*,*,#1762,.F.);
#3126 = PLANE('',#3127);
#3127 = AXIS2_PLACEMENT_3D('',#3128,#3129,#3130);
#3128 = CARTESIAN_POINT('',(-32.5,20.,2.5));
#3129 = DIRECTION('',(-0.970142500145,0.242535625036,0.));
#3130 = DIRECTION('',(0.242535625036,0.970142500145,0.));
#3131 = ADVANCED_FACE('',(#3132),#3143,.F.);
#3132 = FACE_BOUND('',#3133,.F.);
#3133 = EDGE_LOOP('',(#3134,#3135,#3136,#3142));
#3134 = ORIENTED_EDGE('',*,*,#3120,.T.);
#3135 = ORIENTED_EDGE('',*,*,#750,.T.);
#3136 = ORIENTED_EDGE('',*,*,#3137,.F.);
#3137 = EDGE_CURVE('',#1747,#751,#3138,.T.);
#3138 = LINE('',#3139,#3140);
#3139 = CARTESIAN_POINT('',(-26.,29.,2.5));
#3140 = VECTOR('',#3141,1.);
#3141 = DIRECTION('',(0.,0.,1.));
#3142 = ORIENTED_EDGE('',*,*,#1754,.F.);
#3143 = PLANE('',#3144);
#3144 = AXIS2_PLACEMENT_3D('',#3145,#3146,#3147);
#3145 = CARTESIAN_POINT('',(-31.,26.,2.5));
#3146 = DIRECTION('',(-0.514495755428,0.857492925713,0.));
#3147 = DIRECTION('',(0.857492925713,0.514495755428,0.));
#3148 = ADVANCED_FACE('',(#3149),#3160,.F.);
#3149 = FACE_BOUND('',#3150,.F.);
#3150 = EDGE_LOOP('',(#3151,#3152,#3153,#3159));
#3151 = ORIENTED_EDGE('',*,*,#3137,.T.);
#3152 = ORIENTED_EDGE('',*,*,#758,.T.);
#3153 = ORIENTED_EDGE('',*,*,#3154,.F.);
#3154 = EDGE_CURVE('',#1739,#759,#3155,.T.);
#3155 = LINE('',#3156,#3157);
#3156 = CARTESIAN_POINT('',(-12.,30.,2.5));
#3157 = VECTOR('',#3158,1.);
#3158 = DIRECTION('',(0.,0.,1.));
#3159 = ORIENTED_EDGE('',*,*,#1746,.F.);
#3160 = PLANE('',#3161);
#3161 = AXIS2_PLACEMENT_3D('',#3162,#3163,#3164);
#3162 = CARTESIAN_POINT('',(-26.,29.,2.5));
#3163 = DIRECTION('',(-7.124704998791E-02,0.997458699831,0.));
#3164 = DIRECTION('',(0.997458699831,7.124704998791E-02,0.));
#3165 = ADVANCED_FACE('',(#3166),#3177,.F.);
#3166 = FACE_BOUND('',#3167,.F.);
#3167 = EDGE_LOOP('',(#3168,#3169,#3170,#3176));
#3168 = ORIENTED_EDGE('',*,*,#3154,.T.);
#3169 = ORIENTED_EDGE('',*,*,#766,.T.);
#3170 = ORIENTED_EDGE('',*,*,#3171,.F.);
#3171 = EDGE_CURVE('',#1731,#767,#3172,.T.);
#3172 = LINE('',#3173,#3174);
#3173 = CARTESIAN_POINT('',(-12.,83.,2.5));
#3174 = VECTOR('',#3175,1.);
#3175 = DIRECTION('',(0.,0.,1.));
#3176 = ORIENTED_EDGE('',*,*,#1738,.F.);
#3177 = PLANE('',#3178);
#3178 = AXIS2_PLACEMENT_3D('',#3179,#3180,#3181);
#3179 = CARTESIAN_POINT('',(-12.,30.,2.5));
#3180 = DIRECTION('',(-1.,0.,0.));
#3181 = DIRECTION('',(0.,1.,0.));
#3182 = ADVANCED_FACE('',(#3183),#3194,.F.);
#3183 = FACE_BOUND('',#3184,.F.);
#3184 = EDGE_LOOP('',(#3185,#3186,#3187,#3193));
#3185 = ORIENTED_EDGE('',*,*,#3171,.T.);
#3186 = ORIENTED_EDGE('',*,*,#774,.T.);
#3187 = ORIENTED_EDGE('',*,*,#3188,.F.);
#3188 = EDGE_CURVE('',#1723,#775,#3189,.T.);
#3189 = LINE('',#3190,#3191);
#3190 = CARTESIAN_POINT('',(-13.,86.,2.5));
#3191 = VECTOR('',#3192,1.);
#3192 = DIRECTION('',(0.,0.,1.));
#3193 = ORIENTED_EDGE('',*,*,#1730,.F.);
#3194 = PLANE('',#3195);
#3195 = AXIS2_PLACEMENT_3D('',#3196,#3197,#3198);
#3196 = CARTESIAN_POINT('',(-12.,83.,2.5));
#3197 = DIRECTION('',(-0.948683298051,-0.316227766017,0.));
#3198 = DIRECTION('',(-0.316227766017,0.948683298051,0.));
#3199 = ADVANCED_FACE('',(#3200),#3211,.F.);
#3200 = FACE_BOUND('',#3201,.F.);
#3201 = EDGE_LOOP('',(#3202,#3203,#3204,#3210));
#3202 = ORIENTED_EDGE('',*,*,#3188,.T.);
#3203 = ORIENTED_EDGE('',*,*,#782,.T.);
#3204 = ORIENTED_EDGE('',*,*,#3205,.F.);
#3205 = EDGE_CURVE('',#1715,#783,#3206,.T.);
#3206 = LINE('',#3207,#3208);
#3207 = CARTESIAN_POINT('',(-12.,92.,2.5));
#3208 = VECTOR('',#3209,1.);
#3209 = DIRECTION('',(0.,0.,1.));
#3210 = ORIENTED_EDGE('',*,*,#1722,.F.);
#3211 = PLANE('',#3212);
#3212 = AXIS2_PLACEMENT_3D('',#3213,#3214,#3215);
#3213 = CARTESIAN_POINT('',(-13.,86.,2.5));
#3214 = DIRECTION('',(-0.986393923832,0.164398987305,0.));
#3215 = DIRECTION('',(0.164398987305,0.986393923832,0.));
#3216 = ADVANCED_FACE('',(#3217),#3228,.F.);
#3217 = FACE_BOUND('',#3218,.F.);
#3218 = EDGE_LOOP('',(#3219,#3220,#3221,#3227));
#3219 = ORIENTED_EDGE('',*,*,#3205,.T.);
#3220 = ORIENTED_EDGE('',*,*,#790,.T.);
#3221 = ORIENTED_EDGE('',*,*,#3222,.F.);
#3222 = EDGE_CURVE('',#1707,#791,#3223,.T.);
#3223 = LINE('',#3224,#3225);
#3224 = CARTESIAN_POINT('',(-12.,93.,2.5));
#3225 = VECTOR('',#3226,1.);
#3226 = DIRECTION('',(0.,0.,1.));
#3227 = ORIENTED_EDGE('',*,*,#1714,.F.);
#3228 = PLANE('',#3229);
#3229 = AXIS2_PLACEMENT_3D('',#3230,#3231,#3232);
#3230 = CARTESIAN_POINT('',(-12.,92.,2.5));
#3231 = DIRECTION('',(-1.,0.,0.));
#3232 = DIRECTION('',(0.,1.,0.));
#3233 = ADVANCED_FACE('',(#3234),#3240,.F.);
#3234 = FACE_BOUND('',#3235,.F.);
#3235 = EDGE_LOOP('',(#3236,#3237,#3238,#3239));
#3236 = ORIENTED_EDGE('',*,*,#3222,.T.);
#3237 = ORIENTED_EDGE('',*,*,#798,.T.);
#3238 = ORIENTED_EDGE('',*,*,#1557,.F.);
#3239 = ORIENTED_EDGE('',*,*,#1706,.F.);
#3240 = PLANE('',#3241);
#3241 = AXIS2_PLACEMENT_3D('',#3242,#3243,#3244);
#3242 = CARTESIAN_POINT('',(-12.,93.,2.5));
#3243 = DIRECTION('',(-0.640184399664,-0.768221279597,0.));
#3244 = DIRECTION('',(-0.768221279597,0.640184399664,0.));
#3245 = ADVANCED_FACE('',(#3246),#3252,.T.);
#3246 = FACE_BOUND('',#3247,.T.);
#3247 = EDGE_LOOP('',(#3248,#3249,#3250,#3251));
#3248 = ORIENTED_EDGE('',*,*,#1534,.F.);
#3249 = ORIENTED_EDGE('',*,*,#1497,.T.);
#3250 = ORIENTED_EDGE('',*,*,#814,.T.);
#3251 = ORIENTED_EDGE('',*,*,#1564,.F.);
#3252 = PLANE('',#3253);
#3253 = AXIS2_PLACEMENT_3D('',#3254,#3255,#3256);
#3254 = CARTESIAN_POINT('',(-37.,95.,2.5));
#3255 = DIRECTION('',(-0.707106781187,0.707106781187,0.));
#3256 = DIRECTION('',(0.707106781187,0.707106781187,0.));
#3257 = ADVANCED_FACE('',(#3258),#3264,.F.);
#3258 = FACE_BOUND('',#3259,.F.);
#3259 = EDGE_LOOP('',(#3260,#3261,#3262,#3263));
#3260 = ORIENTED_EDGE('',*,*,#830,.F.);
#3261 = ORIENTED_EDGE('',*,*,#1419,.T.);
#3262 = ORIENTED_EDGE('',*,*,#1396,.F.);
#3263 = ORIENTED_EDGE('',*,*,#1490,.F.);
#3264 = PLANE('',#3265);
#3265 = AXIS2_PLACEMENT_3D('',#3266,#3267,#3268);
#3266 = CARTESIAN_POINT('',(-38.,82.,47.));
#3267 = DIRECTION('',(0.,1.,0.));
#3268 = DIRECTION('',(0.,0.,-1.));
#3269 = ADVANCED_FACE('',(#3270),#3288,.T.);
#3270 = FACE_BOUND('',#3271,.T.);
#3271 = EDGE_LOOP('',(#3272,#3280,#3281,#3282));
#3272 = ORIENTED_EDGE('',*,*,#3273,.F.);
#3273 = EDGE_CURVE('',#872,#3274,#3276,.T.);
#3274 = VERTEX_POINT('',#3275);
#3275 = CARTESIAN_POINT('',(-25.9,56.,17.));
#3276 = LINE('',#3277,#3278);
#3277 = CARTESIAN_POINT('',(-25.9,56.,35.61976049063));
#3278 = VECTOR('',#3279,1.);
#3279 = DIRECTION('',(0.,0.,-1.));
#3280 = ORIENTED_EDGE('',*,*,#871,.T.);
#3281 = ORIENTED_EDGE('',*,*,#1480,.T.);
#3282 = ORIENTED_EDGE('',*,*,#3283,.F.);
#3283 = EDGE_CURVE('',#3274,#1473,#3284,.T.);
#3284 = LINE('',#3285,#3286);
#3285 = CARTESIAN_POINT('',(-21.,56.,17.));
#3286 = VECTOR('',#3287,1.);
#3287 = DIRECTION('',(-1.,-0.,-0.));
#3288 = PLANE('',#3289);
#3289 = AXIS2_PLACEMENT_3D('',#3290,#3291,#3292);
#3290 = CARTESIAN_POINT('',(-21.,56.,39.));
#3291 = DIRECTION('',(0.,-1.,0.));
#3292 = DIRECTION('',(0.,0.,-1.));
#3293 = ADVANCED_FACE('',(#3294),#3312,.F.);
#3294 = FACE_BOUND('',#3295,.F.);
#3295 = EDGE_LOOP('',(#3296,#3304,#3305,#3306));
#3296 = ORIENTED_EDGE('',*,*,#3297,.F.);
#3297 = EDGE_CURVE('',#3274,#3298,#3300,.T.);
#3298 = VERTEX_POINT('',#3299);
#3299 = CARTESIAN_POINT('',(-25.9,51.100001,17.));
#3300 = LINE('',#3301,#3302);
#3301 = CARTESIAN_POINT('',(-25.9,80.,17.));
#3302 = VECTOR('',#3303,1.);
#3303 = DIRECTION('',(0.,-1.,0.));
#3304 = ORIENTED_EDGE('',*,*,#3273,.F.);
#3305 = ORIENTED_EDGE('',*,*,#879,.F.);
#3306 = ORIENTED_EDGE('',*,*,#3307,.F.);
#3307 = EDGE_CURVE('',#3298,#880,#3308,.T.);
#3308 = LINE('',#3309,#3310);
#3309 = CARTESIAN_POINT('',(-25.9,51.100001,17.36976049063));
#3310 = VECTOR('',#3311,1.);
#3311 = DIRECTION('',(0.,0.,1.));
#3312 = PLANE('',#3313);
#3313 = AXIS2_PLACEMENT_3D('',#3314,#3315,#3316);
#3314 = CARTESIAN_POINT('',(-25.9,58.,32.23952098126));
#3315 = DIRECTION('',(1.,0.,0.));
#3316 = DIRECTION('',(0.,0.,1.));
#3317 = ADVANCED_FACE('',(#3318),#3349,.T.);
#3318 = FACE_BOUND('',#3319,.T.);
#3319 = EDGE_LOOP('',(#3320,#3327,#3333,#3334,#3335,#3343));
#3320 = ORIENTED_EDGE('',*,*,#3321,.T.);
#3321 = EDGE_CURVE('',#1597,#3322,#3324,.T.);
#3322 = VERTEX_POINT('',#3323);
#3323 = CARTESIAN_POINT('',(-20.89999975,51.100000749996,4.972728303791)
  );
#3324 = B_SPLINE_CURVE_WITH_KNOTS('',1,(#3325,#3326),.UNSPECIFIED.,.F.,
  .F.,(2,2),(0.,1.),.PIECEWISE_BEZIER_KNOTS.);
#3325 = CARTESIAN_POINT('',(-26.1,51.100001,4.972726930032));
#3326 = CARTESIAN_POINT('',(-20.9,51.100001,4.972726930032));
#3327 = ORIENTED_EDGE('',*,*,#3328,.T.);
#3328 = EDGE_CURVE('',#3322,#888,#3329,.T.);
#3329 = LINE('',#3330,#3331);
#3330 = CARTESIAN_POINT('',(-20.9,51.100001,2.5));
#3331 = VECTOR('',#3332,1.);
#3332 = DIRECTION('',(0.,0.,1.));
#3333 = ORIENTED_EDGE('',*,*,#887,.T.);
#3334 = ORIENTED_EDGE('',*,*,#3307,.F.);
#3335 = ORIENTED_EDGE('',*,*,#3336,.F.);
#3336 = EDGE_CURVE('',#3337,#3298,#3339,.T.);
#3337 = VERTEX_POINT('',#3338);
#3338 = CARTESIAN_POINT('',(-26.1,51.100001,17.));
#3339 = LINE('',#3340,#3341);
#3340 = CARTESIAN_POINT('',(-29.45,51.100001,17.));
#3341 = VECTOR('',#3342,1.);
#3342 = DIRECTION('',(1.,0.,0.));
#3343 = ORIENTED_EDGE('',*,*,#3344,.F.);
#3344 = EDGE_CURVE('',#1597,#3337,#3345,.T.);
#3345 = LINE('',#3346,#3347);
#3346 = CARTESIAN_POINT('',(-26.1,51.100001,2.5));
#3347 = VECTOR('',#3348,1.);
#3348 = DIRECTION('',(0.,0.,1.));
#3349 = PLANE('',#3350);
#3350 = AXIS2_PLACEMENT_3D('',#3351,#3352,#3353);
#3351 = CARTESIAN_POINT('',(-20.9,51.100001,2.5));
#3352 = DIRECTION('',(0.,-1.,0.));
#3353 = DIRECTION('',(-1.,0.,0.));
#3354 = ADVANCED_FACE('',(#3355,#3372),#3408,.T.);
#3355 = FACE_BOUND('',#3356,.T.);
#3356 = EDGE_LOOP('',(#3357,#3364,#3370,#3371));
#3357 = ORIENTED_EDGE('',*,*,#3358,.T.);
#3358 = EDGE_CURVE('',#3322,#3359,#3361,.T.);
#3359 = VERTEX_POINT('',#3360);
#3360 = CARTESIAN_POINT('',(-20.90000025001,36.900000750016,
    4.972731051338));
#3361 = B_SPLINE_CURVE_WITH_KNOTS('',1,(#3362,#3363),.UNSPECIFIED.,.F.,
  .F.,(2,2),(0.,1.),.PIECEWISE_BEZIER_KNOTS.);
#3362 = CARTESIAN_POINT('',(-20.9,51.1,4.972729677509));
#3363 = CARTESIAN_POINT('',(-20.9,36.900001,4.972729677509));
#3364 = ORIENTED_EDGE('',*,*,#3365,.T.);
#3365 = EDGE_CURVE('',#3359,#896,#3366,.T.);
#3366 = LINE('',#3367,#3368);
#3367 = CARTESIAN_POINT('',(-20.9,36.900001,2.5));
#3368 = VECTOR('',#3369,1.);
#3369 = DIRECTION('',(0.,0.,1.));
#3370 = ORIENTED_EDGE('',*,*,#895,.T.);
#3371 = ORIENTED_EDGE('',*,*,#3328,.F.);
#3372 = FACE_BOUND('',#3373,.T.);
#3373 = EDGE_LOOP('',(#3374,#3384,#3393,#3401));
#3374 = ORIENTED_EDGE('',*,*,#3375,.T.);
#3375 = EDGE_CURVE('',#3376,#3378,#3380,.T.);
#3376 = VERTEX_POINT('',#3377);
#3377 = CARTESIAN_POINT('',(-20.9,47.499999232051,26.999999462436));
#3378 = VERTEX_POINT('',#3379);
#3379 = CARTESIAN_POINT('',(-20.9,47.499999232051,32.000000537564));
#3380 = LINE('',#3381,#3382);
#3381 = CARTESIAN_POINT('',(-20.9,47.499999232051,17.250000268782));
#3382 = VECTOR('',#3383,1.);
#3383 = DIRECTION('',(0.,0.,1.));
#3384 = ORIENTED_EDGE('',*,*,#3385,.T.);
#3385 = EDGE_CURVE('',#3378,#3386,#3388,.T.);
#3386 = VERTEX_POINT('',#3387);
#3387 = CARTESIAN_POINT('',(-20.9,40.499999232051,32.000000537564));
#3388 = CIRCLE('',#3389,3.5);
#3389 = AXIS2_PLACEMENT_3D('',#3390,#3391,#3392);
#3390 = CARTESIAN_POINT('',(-20.9,43.999999232051,32.000000537564));
#3391 = DIRECTION('',(1.,0.,0.));
#3392 = DIRECTION('',(0.,1.,0.));
#3393 = ORIENTED_EDGE('',*,*,#3394,.F.);
#3394 = EDGE_CURVE('',#3395,#3386,#3397,.T.);
#3395 = VERTEX_POINT('',#3396);
#3396 = CARTESIAN_POINT('',(-20.9,40.499999232051,26.999999462436));
#3397 = LINE('',#3398,#3399);
#3398 = CARTESIAN_POINT('',(-20.9,40.499999232051,17.250000268782));
#3399 = VECTOR('',#3400,1.);
#3400 = DIRECTION('',(0.,-7.11E-15,1.));
#3401 = ORIENTED_EDGE('',*,*,#3402,.T.);
#3402 = EDGE_CURVE('',#3395,#3376,#3403,.T.);
#3403 = CIRCLE('',#3404,3.5);
#3404 = AXIS2_PLACEMENT_3D('',#3405,#3406,#3407);
#3405 = CARTESIAN_POINT('',(-20.9,43.999999232051,26.999999462436));
#3406 = DIRECTION('',(1.,0.,0.));
#3407 = DIRECTION('',(0.,1.,0.));
#3408 = PLANE('',#3409);
#3409 = AXIS2_PLACEMENT_3D('',#3410,#3411,#3412);
#3410 = CARTESIAN_POINT('',(-20.9,36.900001,2.5));
#3411 = DIRECTION('',(-1.,0.,0.));
#3412 = DIRECTION('',(0.,1.,0.));
#3413 = ADVANCED_FACE('',(#3414),#3445,.T.);
#3414 = FACE_BOUND('',#3415,.T.);
#3415 = EDGE_LOOP('',(#3416,#3421,#3429,#3437,#3443,#3444));
#3416 = ORIENTED_EDGE('',*,*,#3417,.T.);
#3417 = EDGE_CURVE('',#3359,#1590,#3418,.T.);
#3418 = B_SPLINE_CURVE_WITH_KNOTS('',1,(#3419,#3420),.UNSPECIFIED.,.F.,
  .F.,(2,2),(0.,1.),.PIECEWISE_BEZIER_KNOTS.);
#3419 = CARTESIAN_POINT('',(-20.900001,36.900001,4.972732424987));
#3420 = CARTESIAN_POINT('',(-26.099999,36.900001,4.972732424987));
#3421 = ORIENTED_EDGE('',*,*,#3422,.T.);
#3422 = EDGE_CURVE('',#1590,#3423,#3425,.T.);
#3423 = VERTEX_POINT('',#3424);
#3424 = CARTESIAN_POINT('',(-26.1,36.900001,17.));
#3425 = LINE('',#3426,#3427);
#3426 = CARTESIAN_POINT('',(-26.1,36.900001,2.5));
#3427 = VECTOR('',#3428,1.);
#3428 = DIRECTION('',(0.,0.,1.));
#3429 = ORIENTED_EDGE('',*,*,#3430,.F.);
#3430 = EDGE_CURVE('',#3431,#3423,#3433,.T.);
#3431 = VERTEX_POINT('',#3432);
#3432 = CARTESIAN_POINT('',(-25.9,36.900001,17.));
#3433 = LINE('',#3434,#3435);
#3434 = CARTESIAN_POINT('',(-32.05,36.900001,17.));
#3435 = VECTOR('',#3436,1.);
#3436 = DIRECTION('',(-1.,0.,0.));
#3437 = ORIENTED_EDGE('',*,*,#3438,.F.);
#3438 = EDGE_CURVE('',#904,#3431,#3439,.T.);
#3439 = LINE('',#3440,#3441);
#3440 = CARTESIAN_POINT('',(-25.9,36.900001,17.36976049063));
#3441 = VECTOR('',#3442,1.);
#3442 = DIRECTION('',(0.,0.,-1.));
#3443 = ORIENTED_EDGE('',*,*,#903,.T.);
#3444 = ORIENTED_EDGE('',*,*,#3365,.F.);
#3445 = PLANE('',#3446);
#3446 = AXIS2_PLACEMENT_3D('',#3447,#3448,#3449);
#3447 = CARTESIAN_POINT('',(-26.1,36.900001,2.5));
#3448 = DIRECTION('',(0.,1.,0.));
#3449 = DIRECTION('',(1.,0.,0.));
#3450 = ADVANCED_FACE('',(#3451),#3477,.F.);
#3451 = FACE_BOUND('',#3452,.F.);
#3452 = EDGE_LOOP('',(#3453,#3454,#3462,#3470,#3476));
#3453 = ORIENTED_EDGE('',*,*,#911,.F.);
#3454 = ORIENTED_EDGE('',*,*,#3455,.F.);
#3455 = EDGE_CURVE('',#3456,#912,#3458,.T.);
#3456 = VERTEX_POINT('',#3457);
#3457 = CARTESIAN_POINT('',(-25.9,34.,19.));
#3458 = LINE('',#3459,#3460);
#3459 = CARTESIAN_POINT('',(-25.9,34.,19.));
#3460 = VECTOR('',#3461,1.);
#3461 = DIRECTION('',(0.,0.,1.));
#3462 = ORIENTED_EDGE('',*,*,#3463,.F.);
#3463 = EDGE_CURVE('',#3464,#3456,#3466,.T.);
#3464 = VERTEX_POINT('',#3465);
#3465 = CARTESIAN_POINT('',(-25.9,36.,17.));
#3466 = LINE('',#3467,#3468);
#3467 = CARTESIAN_POINT('',(-25.9,36.,17.));
#3468 = VECTOR('',#3469,1.);
#3469 = DIRECTION('',(0.,-0.707106781187,0.707106781187));
#3470 = ORIENTED_EDGE('',*,*,#3471,.F.);
#3471 = EDGE_CURVE('',#3431,#3464,#3472,.T.);
#3472 = LINE('',#3473,#3474);
#3473 = CARTESIAN_POINT('',(-25.9,80.,17.));
#3474 = VECTOR('',#3475,1.);
#3475 = DIRECTION('',(0.,-1.,0.));
#3476 = ORIENTED_EDGE('',*,*,#3438,.F.);
#3477 = PLANE('',#3478);
#3478 = AXIS2_PLACEMENT_3D('',#3479,#3480,#3481);
#3479 = CARTESIAN_POINT('',(-25.9,58.,32.23952098126));
#3480 = DIRECTION('',(1.,0.,0.));
#3481 = DIRECTION('',(0.,0.,1.));
#3482 = ADVANCED_FACE('',(#3483),#3517,.T.);
#3483 = FACE_BOUND('',#3484,.T.);
#3484 = EDGE_LOOP('',(#3485,#3495,#3501,#3502,#3503,#3511));
#3485 = ORIENTED_EDGE('',*,*,#3486,.F.);
#3486 = EDGE_CURVE('',#3487,#3489,#3491,.T.);
#3487 = VERTEX_POINT('',#3488);
#3488 = CARTESIAN_POINT('',(-42.,34.,17.));
#3489 = VERTEX_POINT('',#3490);
#3490 = CARTESIAN_POINT('',(-37.,34.,17.));
#3491 = LINE('',#3492,#3493);
#3492 = CARTESIAN_POINT('',(27.664604896258,34.,17.));
#3493 = VECTOR('',#3494,1.);
#3494 = DIRECTION('',(1.,0.,0.));
#3495 = ORIENTED_EDGE('',*,*,#3496,.T.);
#3496 = EDGE_CURVE('',#3487,#920,#3497,.T.);
#3497 = LINE('',#3498,#3499);
#3498 = CARTESIAN_POINT('',(-42.,34.,2.5));
#3499 = VECTOR('',#3500,1.);
#3500 = DIRECTION('',(0.,0.,1.));
#3501 = ORIENTED_EDGE('',*,*,#919,.T.);
#3502 = ORIENTED_EDGE('',*,*,#3455,.F.);
#3503 = ORIENTED_EDGE('',*,*,#3504,.F.);
#3504 = EDGE_CURVE('',#3505,#3456,#3507,.T.);
#3505 = VERTEX_POINT('',#3506);
#3506 = CARTESIAN_POINT('',(-37.,34.,19.));
#3507 = LINE('',#3508,#3509);
#3508 = CARTESIAN_POINT('',(-38.,34.,19.));
#3509 = VECTOR('',#3510,1.);
#3510 = DIRECTION('',(1.,0.,0.));
#3511 = ORIENTED_EDGE('',*,*,#3512,.F.);
#3512 = EDGE_CURVE('',#3489,#3505,#3513,.T.);
#3513 = LINE('',#3514,#3515);
#3514 = CARTESIAN_POINT('',(-37.,34.,2.5));
#3515 = VECTOR('',#3516,1.);
#3516 = DIRECTION('',(0.,0.,1.));
#3517 = PLANE('',#3518);
#3518 = AXIS2_PLACEMENT_3D('',#3519,#3520,#3521);
#3519 = CARTESIAN_POINT('',(-35.69096958174,34.,22.490969581749));
#3520 = DIRECTION('',(0.,1.,0.));
#3521 = DIRECTION('',(0.,0.,1.));
#3522 = ADVANCED_FACE('',(#3523,#3557,#3568),#3579,.T.);
#3523 = FACE_BOUND('',#3524,.T.);
#3524 = EDGE_LOOP('',(#3525,#3526,#3534,#3542,#3550,#3556));
#3525 = ORIENTED_EDGE('',*,*,#3496,.F.);
#3526 = ORIENTED_EDGE('',*,*,#3527,.F.);
#3527 = EDGE_CURVE('',#3528,#3487,#3530,.T.);
#3528 = VERTEX_POINT('',#3529);
#3529 = CARTESIAN_POINT('',(-42.,49.,17.));
#3530 = LINE('',#3531,#3532);
#3531 = CARTESIAN_POINT('',(-42.,49.,17.));
#3532 = VECTOR('',#3533,1.);
#3533 = DIRECTION('',(0.,-1.,0.));
#3534 = ORIENTED_EDGE('',*,*,#3535,.T.);
#3535 = EDGE_CURVE('',#3528,#3536,#3538,.T.);
#3536 = VERTEX_POINT('',#3537);
#3537 = CARTESIAN_POINT('',(-42.,49.,-61.));
#3538 = LINE('',#3539,#3540);
#3539 = CARTESIAN_POINT('',(-42.,49.,17.));
#3540 = VECTOR('',#3541,1.);
#3541 = DIRECTION('',(-0.,-0.,-1.));
#3542 = ORIENTED_EDGE('',*,*,#3543,.T.);
#3543 = EDGE_CURVE('',#3536,#3544,#3546,.T.);
#3544 = VERTEX_POINT('',#3545);
#3545 = CARTESIAN_POINT('',(-42.,14.,-61.));
#3546 = LINE('',#3547,#3548);
#3547 = CARTESIAN_POINT('',(-42.,49.,-61.));
#3548 = VECTOR('',#3549,1.);
#3549 = DIRECTION('',(0.,-1.,0.));
#3550 = ORIENTED_EDGE('',*,*,#3551,.T.);
#3551 = EDGE_CURVE('',#3544,#928,#3552,.T.);
#3552 = LINE('',#3553,#3554);
#3553 = CARTESIAN_POINT('',(-42.,14.,2.5));
#3554 = VECTOR('',#3555,1.);
#3555 = DIRECTION('',(0.,0.,1.));
#3556 = ORIENTED_EDGE('',*,*,#927,.T.);
#3557 = FACE_BOUND('',#3558,.T.);
#3558 = EDGE_LOOP('',(#3559));
#3559 = ORIENTED_EDGE('',*,*,#3560,.T.);
#3560 = EDGE_CURVE('',#3561,#3561,#3563,.T.);
#3561 = VERTEX_POINT('',#3562);
#3562 = CARTESIAN_POINT('',(-42.,45.300001,-8.5));
#3563 = CIRCLE('',#3564,1.3);
#3564 = AXIS2_PLACEMENT_3D('',#3565,#3566,#3567);
#3565 = CARTESIAN_POINT('',(-42.,44.000001,-8.5));
#3566 = DIRECTION('',(1.,0.,0.));
#3567 = DIRECTION('',(0.,1.,0.));
#3568 = FACE_BOUND('',#3569,.T.);
#3569 = EDGE_LOOP('',(#3570));
#3570 = ORIENTED_EDGE('',*,*,#3571,.T.);
#3571 = EDGE_CURVE('',#3572,#3572,#3574,.T.);
#3572 = VERTEX_POINT('',#3573);
#3573 = CARTESIAN_POINT('',(-42.,46.875,-28.));
#3574 = CIRCLE('',#3575,2.875);
#3575 = AXIS2_PLACEMENT_3D('',#3576,#3577,#3578);
#3576 = CARTESIAN_POINT('',(-42.,44.,-28.));
#3577 = DIRECTION('',(1.,0.,0.));
#3578 = DIRECTION('',(0.,1.,0.));
#3579 = PLANE('',#3580);
#3580 = AXIS2_PLACEMENT_3D('',#3581,#3582,#3583);
#3581 = CARTESIAN_POINT('',(-42.,30.277777777778,-12.22222222222));
#3582 = DIRECTION('',(-1.,-0.,-0.));
#3583 = DIRECTION('',(0.,0.,-1.));
#3584 = ADVANCED_FACE('',(#3585),#3609,.T.);
#3585 = FACE_BOUND('',#3586,.T.);
#3586 = EDGE_LOOP('',(#3587,#3595,#3601,#3602,#3603));
#3587 = ORIENTED_EDGE('',*,*,#3588,.F.);
#3588 = EDGE_CURVE('',#1651,#3589,#3591,.T.);
#3589 = VERTEX_POINT('',#3590);
#3590 = CARTESIAN_POINT('',(-37.,14.,-61.));
#3591 = LINE('',#3592,#3593);
#3592 = CARTESIAN_POINT('',(-37.,14.,17.));
#3593 = VECTOR('',#3594,1.);
#3594 = DIRECTION('',(-0.,-0.,-1.));
#3595 = ORIENTED_EDGE('',*,*,#3596,.T.);
#3596 = EDGE_CURVE('',#1651,#936,#3597,.T.);
#3597 = LINE('',#3598,#3599);
#3598 = CARTESIAN_POINT('',(-37.,14.,2.5));
#3599 = VECTOR('',#3600,1.);
#3600 = DIRECTION('',(0.,0.,1.));
#3601 = ORIENTED_EDGE('',*,*,#935,.T.);
#3602 = ORIENTED_EDGE('',*,*,#3551,.F.);
#3603 = ORIENTED_EDGE('',*,*,#3604,.T.);
#3604 = EDGE_CURVE('',#3544,#3589,#3605,.T.);
#3605 = LINE('',#3606,#3607);
#3606 = CARTESIAN_POINT('',(-42.,14.,-61.));
#3607 = VECTOR('',#3608,1.);
#3608 = DIRECTION('',(1.,0.,0.));
#3609 = PLANE('',#3610);
#3610 = AXIS2_PLACEMENT_3D('',#3611,#3612,#3613);
#3611 = CARTESIAN_POINT('',(-39.5,14.,-11.));
#3612 = DIRECTION('',(-0.,-1.,-0.));
#3613 = DIRECTION('',(0.,0.,-1.));
#3614 = ADVANCED_FACE('',(#3615),#3626,.T.);
#3615 = FACE_BOUND('',#3616,.T.);
#3616 = EDGE_LOOP('',(#3617,#3623,#3624,#3625));
#3617 = ORIENTED_EDGE('',*,*,#3618,.T.);
#3618 = EDGE_CURVE('',#1643,#944,#3619,.T.);
#3619 = LINE('',#3620,#3621);
#3620 = CARTESIAN_POINT('',(-7.,-16.,2.5));
#3621 = VECTOR('',#3622,1.);
#3622 = DIRECTION('',(0.,0.,1.));
#3623 = ORIENTED_EDGE('',*,*,#943,.T.);
#3624 = ORIENTED_EDGE('',*,*,#3596,.F.);
#3625 = ORIENTED_EDGE('',*,*,#1650,.F.);
#3626 = PLANE('',#3627);
#3627 = AXIS2_PLACEMENT_3D('',#3628,#3629,#3630);
#3628 = CARTESIAN_POINT('',(-7.,-16.,2.5));
#3629 = DIRECTION('',(-0.707106781187,-0.707106781187,0.));
#3630 = DIRECTION('',(-0.707106781187,0.707106781187,0.));
#3631 = ADVANCED_FACE('',(#3632,#3800,#3811,#3822,#3833,#3844,#3855),
  #3866,.T.);
#3632 = FACE_BOUND('',#3633,.T.);
#3633 = EDGE_LOOP('',(#3634,#3642,#3650,#3658,#3666,#3674,#3682,#3690,
    #3698,#3706,#3714,#3722,#3728,#3729,#3730,#3738,#3746,#3752,#3753,
    #3761,#3769,#3775,#3776,#3784,#3792,#3798,#3799));
#3634 = ORIENTED_EDGE('',*,*,#3635,.T.);
#3635 = EDGE_CURVE('',#1643,#3636,#3638,.T.);
#3636 = VERTEX_POINT('',#3637);
#3637 = CARTESIAN_POINT('',(-7.,-16.,-61.));
#3638 = LINE('',#3639,#3640);
#3639 = CARTESIAN_POINT('',(-7.,-16.,17.));
#3640 = VECTOR('',#3641,1.);
#3641 = DIRECTION('',(-0.,-0.,-1.));
#3642 = ORIENTED_EDGE('',*,*,#3643,.T.);
#3643 = EDGE_CURVE('',#3636,#3644,#3646,.T.);
#3644 = VERTEX_POINT('',#3645);
#3645 = CARTESIAN_POINT('',(41.,-16.,-61.));
#3646 = LINE('',#3647,#3648);
#3647 = CARTESIAN_POINT('',(-7.,-16.,-61.));
#3648 = VECTOR('',#3649,1.);
#3649 = DIRECTION('',(1.,0.,0.));
#3650 = ORIENTED_EDGE('',*,*,#3651,.T.);
#3651 = EDGE_CURVE('',#3644,#3652,#3654,.T.);
#3652 = VERTEX_POINT('',#3653);
#3653 = CARTESIAN_POINT('',(41.,-16.,4.E-15));
#3654 = LINE('',#3655,#3656);
#3655 = CARTESIAN_POINT('',(41.,-16.,-5.5));
#3656 = VECTOR('',#3657,1.);
#3657 = DIRECTION('',(0.,0.,1.));
#3658 = ORIENTED_EDGE('',*,*,#3659,.T.);
#3659 = EDGE_CURVE('',#3652,#3660,#3662,.T.);
#3660 = VERTEX_POINT('',#3661);
#3661 = CARTESIAN_POINT('',(90.,-16.,4.E-15));
#3662 = LINE('',#3663,#3664);
#3663 = CARTESIAN_POINT('',(102.,-16.,3.55E-15));
#3664 = VECTOR('',#3665,1.);
#3665 = DIRECTION('',(1.,0.,0.));
#3666 = ORIENTED_EDGE('',*,*,#3667,.T.);
#3667 = EDGE_CURVE('',#3660,#3668,#3670,.T.);
#3668 = VERTEX_POINT('',#3669);
#3669 = CARTESIAN_POINT('',(90.,-16.,-61.));
#3670 = LINE('',#3671,#3672);
#3671 = CARTESIAN_POINT('',(90.,-16.,-36.));
#3672 = VECTOR('',#3673,1.);
#3673 = DIRECTION('',(0.,0.,-1.));
#3674 = ORIENTED_EDGE('',*,*,#3675,.T.);
#3675 = EDGE_CURVE('',#3668,#3676,#3678,.T.);
#3676 = VERTEX_POINT('',#3677);
#3677 = CARTESIAN_POINT('',(131.,-16.,-61.));
#3678 = LINE('',#3679,#3680);
#3679 = CARTESIAN_POINT('',(-7.,-16.,-61.));
#3680 = VECTOR('',#3681,1.);
#3681 = DIRECTION('',(1.,0.,0.));
#3682 = ORIENTED_EDGE('',*,*,#3683,.T.);
#3683 = EDGE_CURVE('',#3676,#3684,#3686,.T.);
#3684 = VERTEX_POINT('',#3685);
#3685 = CARTESIAN_POINT('',(131.,-16.,4.E-15));
#3686 = LINE('',#3687,#3688);
#3687 = CARTESIAN_POINT('',(131.,-16.,-5.5));
#3688 = VECTOR('',#3689,1.);
#3689 = DIRECTION('',(0.,0.,1.));
#3690 = ORIENTED_EDGE('',*,*,#3691,.T.);
#3691 = EDGE_CURVE('',#3684,#3692,#3694,.T.);
#3692 = VERTEX_POINT('',#3693);
#3693 = CARTESIAN_POINT('',(180.,-16.,4.E-15));
#3694 = LINE('',#3695,#3696);
#3695 = CARTESIAN_POINT('',(147.,-16.,3.55E-15));
#3696 = VECTOR('',#3697,1.);
#3697 = DIRECTION('',(1.,0.,0.));
#3698 = ORIENTED_EDGE('',*,*,#3699,.T.);
#3699 = EDGE_CURVE('',#3692,#3700,#3702,.T.);
#3700 = VERTEX_POINT('',#3701);
#3701 = CARTESIAN_POINT('',(180.,-16.,-61.));
#3702 = LINE('',#3703,#3704);
#3703 = CARTESIAN_POINT('',(180.,-16.,-36.));
#3704 = VECTOR('',#3705,1.);
#3705 = DIRECTION('',(0.,0.,-1.));
#3706 = ORIENTED_EDGE('',*,*,#3707,.T.);
#3707 = EDGE_CURVE('',#3700,#3708,#3710,.T.);
#3708 = VERTEX_POINT('',#3709);
#3709 = CARTESIAN_POINT('',(220.,-16.,-61.));
#3710 = LINE('',#3711,#3712);
#3711 = CARTESIAN_POINT('',(-7.,-16.,-61.));
#3712 = VECTOR('',#3713,1.);
#3713 = DIRECTION('',(1.,0.,0.));
#3714 = ORIENTED_EDGE('',*,*,#3715,.T.);
#3715 = EDGE_CURVE('',#3708,#3716,#3718,.T.);
#3716 = VERTEX_POINT('',#3717);
#3717 = CARTESIAN_POINT('',(220.,-16.,-16.));
#3718 = LINE('',#3719,#3720);
#3719 = CARTESIAN_POINT('',(220.,-16.,-13.5));
#3720 = VECTOR('',#3721,1.);
#3721 = DIRECTION('',(0.,0.,1.));
#3722 = ORIENTED_EDGE('',*,*,#3723,.T.);
#3723 = EDGE_CURVE('',#3716,#2049,#3724,.T.);
#3724 = LINE('',#3725,#3726);
#3725 = CARTESIAN_POINT('',(177.,-16.,-16.));
#3726 = VECTOR('',#3727,1.);
#3727 = DIRECTION('',(1.,0.,0.));
#3728 = ORIENTED_EDGE('',*,*,#2048,.T.);
#3729 = ORIENTED_EDGE('',*,*,#1143,.F.);
#3730 = ORIENTED_EDGE('',*,*,#3731,.T.);
#3731 = EDGE_CURVE('',#1136,#3732,#3734,.T.);
#3732 = VERTEX_POINT('',#3733);
#3733 = CARTESIAN_POINT('',(227.,-16.,13.));
#3734 = LINE('',#3735,#3736);
#3735 = CARTESIAN_POINT('',(227.,-16.,1.));
#3736 = VECTOR('',#3737,1.);
#3737 = DIRECTION('',(0.,0.,-1.));
#3738 = ORIENTED_EDGE('',*,*,#3739,.T.);
#3739 = EDGE_CURVE('',#3732,#3740,#3742,.T.);
#3740 = VERTEX_POINT('',#3741);
#3741 = CARTESIAN_POINT('',(203.,-16.,13.));
#3742 = LINE('',#3743,#3744);
#3743 = CARTESIAN_POINT('',(158.5,-16.,13.));
#3744 = VECTOR('',#3745,1.);
#3745 = DIRECTION('',(-1.,0.,0.));
#3746 = ORIENTED_EDGE('',*,*,#3747,.T.);
#3747 = EDGE_CURVE('',#3740,#1080,#3748,.T.);
#3748 = LINE('',#3749,#3750);
#3749 = CARTESIAN_POINT('',(203.,-16.,15.));
#3750 = VECTOR('',#3751,1.);
#3751 = DIRECTION('',(0.,0.,1.));
#3752 = ORIENTED_EDGE('',*,*,#1079,.F.);
#3753 = ORIENTED_EDGE('',*,*,#3754,.T.);
#3754 = EDGE_CURVE('',#1072,#3755,#3757,.T.);
#3755 = VERTEX_POINT('',#3756);
#3756 = CARTESIAN_POINT('',(137.,-16.,13.));
#3757 = LINE('',#3758,#3759);
#3758 = CARTESIAN_POINT('',(137.,-16.,1.));
#3759 = VECTOR('',#3760,1.);
#3760 = DIRECTION('',(0.,0.,-1.));
#3761 = ORIENTED_EDGE('',*,*,#3762,.T.);
#3762 = EDGE_CURVE('',#3755,#3763,#3765,.T.);
#3763 = VERTEX_POINT('',#3764);
#3764 = CARTESIAN_POINT('',(113.,-16.,13.));
#3765 = LINE('',#3766,#3767);
#3766 = CARTESIAN_POINT('',(113.5,-16.,13.));
#3767 = VECTOR('',#3768,1.);
#3768 = DIRECTION('',(-1.,0.,0.));
#3769 = ORIENTED_EDGE('',*,*,#3770,.T.);
#3770 = EDGE_CURVE('',#3763,#1016,#3771,.T.);
#3771 = LINE('',#3772,#3773);
#3772 = CARTESIAN_POINT('',(113.,-16.,15.));
#3773 = VECTOR('',#3774,1.);
#3774 = DIRECTION('',(0.,0.,1.));
#3775 = ORIENTED_EDGE('',*,*,#1015,.F.);
#3776 = ORIENTED_EDGE('',*,*,#3777,.T.);
#3777 = EDGE_CURVE('',#1008,#3778,#3780,.T.);
#3778 = VERTEX_POINT('',#3779);
#3779 = CARTESIAN_POINT('',(47.,-16.,13.));
#3780 = LINE('',#3781,#3782);
#3781 = CARTESIAN_POINT('',(47.,-16.,1.));
#3782 = VECTOR('',#3783,1.);
#3783 = DIRECTION('',(0.,0.,-1.));
#3784 = ORIENTED_EDGE('',*,*,#3785,.T.);
#3785 = EDGE_CURVE('',#3778,#3786,#3788,.T.);
#3786 = VERTEX_POINT('',#3787);
#3787 = CARTESIAN_POINT('',(23.,-16.,13.));
#3788 = LINE('',#3789,#3790);
#3789 = CARTESIAN_POINT('',(68.5,-16.,13.));
#3790 = VECTOR('',#3791,1.);
#3791 = DIRECTION('',(-1.,0.,0.));
#3792 = ORIENTED_EDGE('',*,*,#3793,.T.);
#3793 = EDGE_CURVE('',#3786,#952,#3794,.T.);
#3794 = LINE('',#3795,#3796);
#3795 = CARTESIAN_POINT('',(23.,-16.,15.));
#3796 = VECTOR('',#3797,1.);
#3797 = DIRECTION('',(0.,0.,1.));
#3798 = ORIENTED_EDGE('',*,*,#951,.F.);
#3799 = ORIENTED_EDGE('',*,*,#3618,.F.);
#3800 = FACE_BOUND('',#3801,.T.);
#3801 = EDGE_LOOP('',(#3802));
#3802 = ORIENTED_EDGE('',*,*,#3803,.T.);
#3803 = EDGE_CURVE('',#3804,#3804,#3806,.T.);
#3804 = VERTEX_POINT('',#3805);
#3805 = CARTESIAN_POINT('',(37.875001,-16.,6.5));
#3806 = CIRCLE('',#3807,2.875);
#3807 = AXIS2_PLACEMENT_3D('',#3808,#3809,#3810);
#3808 = CARTESIAN_POINT('',(35.000001,-16.,6.5));
#3809 = DIRECTION('',(0.,1.,-2.2E-16));
#3810 = DIRECTION('',(1.,0.,0.));
#3811 = FACE_BOUND('',#3812,.T.);
#3812 = EDGE_LOOP('',(#3813));
#3813 = ORIENTED_EDGE('',*,*,#3814,.T.);
#3814 = EDGE_CURVE('',#3815,#3815,#3817,.T.);
#3815 = VERTEX_POINT('',#3816);
#3816 = CARTESIAN_POINT('',(36.303842,-16.,-13.5));
#3817 = CIRCLE('',#3818,1.303841);
#3818 = AXIS2_PLACEMENT_3D('',#3819,#3820,#3821);
#3819 = CARTESIAN_POINT('',(35.000001,-16.,-13.5));
#3820 = DIRECTION('',(0.,1.,-2.2E-16));
#3821 = DIRECTION('',(1.,0.,0.));
#3822 = FACE_BOUND('',#3823,.T.);
#3823 = EDGE_LOOP('',(#3824));
#3824 = ORIENTED_EDGE('',*,*,#3825,.T.);
#3825 = EDGE_CURVE('',#3826,#3826,#3828,.T.);
#3826 = VERTEX_POINT('',#3827);
#3827 = CARTESIAN_POINT('',(127.875001,-16.,6.5));
#3828 = CIRCLE('',#3829,2.875);
#3829 = AXIS2_PLACEMENT_3D('',#3830,#3831,#3832);
#3830 = CARTESIAN_POINT('',(125.000001,-16.,6.5));
#3831 = DIRECTION('',(0.,1.,-2.2E-16));
#3832 = DIRECTION('',(1.,0.,0.));
#3833 = FACE_BOUND('',#3834,.T.);
#3834 = EDGE_LOOP('',(#3835));
#3835 = ORIENTED_EDGE('',*,*,#3836,.T.);
#3836 = EDGE_CURVE('',#3837,#3837,#3839,.T.);
#3837 = VERTEX_POINT('',#3838);
#3838 = CARTESIAN_POINT('',(217.875001,-16.,6.5));
#3839 = CIRCLE('',#3840,2.875);
#3840 = AXIS2_PLACEMENT_3D('',#3841,#3842,#3843);
#3841 = CARTESIAN_POINT('',(215.000001,-16.,6.5));
#3842 = DIRECTION('',(0.,1.,-2.2E-16));
#3843 = DIRECTION('',(1.,0.,0.));
#3844 = FACE_BOUND('',#3845,.T.);
#3845 = EDGE_LOOP('',(#3846));
#3846 = ORIENTED_EDGE('',*,*,#3847,.T.);
#3847 = EDGE_CURVE('',#3848,#3848,#3850,.T.);
#3848 = VERTEX_POINT('',#3849);
#3849 = CARTESIAN_POINT('',(126.303842,-16.,-13.5));
#3850 = CIRCLE('',#3851,1.303841);
#3851 = AXIS2_PLACEMENT_3D('',#3852,#3853,#3854);
#3852 = CARTESIAN_POINT('',(125.000001,-16.,-13.5));
#3853 = DIRECTION('',(0.,1.,-2.2E-16));
#3854 = DIRECTION('',(1.,0.,0.));
#3855 = FACE_BOUND('',#3856,.T.);
#3856 = EDGE_LOOP('',(#3857));
#3857 = ORIENTED_EDGE('',*,*,#3858,.T.);
#3858 = EDGE_CURVE('',#3859,#3859,#3861,.T.);
#3859 = VERTEX_POINT('',#3860);
#3860 = CARTESIAN_POINT('',(216.303842,-16.,-13.5));
#3861 = CIRCLE('',#3862,1.303841);
#3862 = AXIS2_PLACEMENT_3D('',#3863,#3864,#3865);
#3863 = CARTESIAN_POINT('',(215.000001,-16.,-13.5));
#3864 = DIRECTION('',(0.,1.,-2.2E-16));
#3865 = DIRECTION('',(1.,0.,0.));
#3866 = PLANE('',#3867);
#3867 = AXIS2_PLACEMENT_3D('',#3868,#3869,#3870);
#3868 = CARTESIAN_POINT('',(114.,-16.,-11.));
#3869 = DIRECTION('',(-0.,-1.,-0.));
#3870 = DIRECTION('',(0.,0.,-1.));
#3871 = ADVANCED_FACE('',(#3872),#3890,.T.);
#3872 = FACE_BOUND('',#3873,.T.);
#3873 = EDGE_LOOP('',(#3874,#3882,#3883,#3884));
#3874 = ORIENTED_EDGE('',*,*,#3875,.F.);
#3875 = EDGE_CURVE('',#960,#3876,#3878,.T.);
#3876 = VERTEX_POINT('',#3877);
#3877 = CARTESIAN_POINT('',(23.,0.,13.));
#3878 = LINE('',#3879,#3880);
#3879 = CARTESIAN_POINT('',(23.,0.,41.));
#3880 = VECTOR('',#3881,1.);
#3881 = DIRECTION('',(0.,0.,-1.));
#3882 = ORIENTED_EDGE('',*,*,#959,.F.);
#3883 = ORIENTED_EDGE('',*,*,#3793,.F.);
#3884 = ORIENTED_EDGE('',*,*,#3885,.F.);
#3885 = EDGE_CURVE('',#3876,#3786,#3886,.T.);
#3886 = LINE('',#3887,#3888);
#3887 = CARTESIAN_POINT('',(23.,2.89E-15,13.));
#3888 = VECTOR('',#3889,1.);
#3889 = DIRECTION('',(0.,-1.,2.2E-16));
#3890 = PLANE('',#3891);
#3891 = AXIS2_PLACEMENT_3D('',#3892,#3893,#3894);
#3892 = CARTESIAN_POINT('',(23.,9.1E-15,41.));
#3893 = DIRECTION('',(1.,0.,0.));
#3894 = DIRECTION('',(0.,-2.2E-16,-1.));
#3895 = ADVANCED_FACE('',(#3896),#3951,.F.);
#3896 = FACE_BOUND('',#3897,.F.);
#3897 = EDGE_LOOP('',(#3898,#3899,#3900,#3908,#3945));
#3898 = ORIENTED_EDGE('',*,*,#3875,.F.);
#3899 = ORIENTED_EDGE('',*,*,#967,.F.);
#3900 = ORIENTED_EDGE('',*,*,#3901,.F.);
#3901 = EDGE_CURVE('',#3902,#968,#3904,.T.);
#3902 = VERTEX_POINT('',#3903);
#3903 = CARTESIAN_POINT('',(27.4,6.E-15,14.472729677509));
#3904 = LINE('',#3905,#3906);
#3905 = CARTESIAN_POINT('',(27.4,6.11E-15,14.75));
#3906 = VECTOR('',#3907,1.);
#3907 = DIRECTION('',(0.,0.,1.));
#3908 = ORIENTED_EDGE('',*,*,#3909,.F.);
#3909 = EDGE_CURVE('',#3910,#3902,#3912,.T.);
#3910 = VERTEX_POINT('',#3911);
#3911 = CARTESIAN_POINT('',(26.863970234266,0.,13.));
#3912 = B_SPLINE_CURVE_WITH_KNOTS('',6,(#3913,#3914,#3915,#3916,#3917,
    #3918,#3919,#3920,#3921,#3922,#3923,#3924,#3925,#3926,#3927,#3928,
    #3929,#3930,#3931,#3932,#3933,#3934,#3935,#3936,#3937,#3938,#3939,
    #3940,#3941,#3942,#3943,#3944),.UNSPECIFIED.,.F.,.F.,(7,5,5,5,5,5,7)
  ,(0.,0.492059787942,0.743601427045,0.870576510576,0.932680101615,
    0.963789478363,1.),.UNSPECIFIED.);
#3913 = CARTESIAN_POINT('',(26.863970234266,6.E-15,13.));
#3914 = CARTESIAN_POINT('',(26.908873907036,6.E-15,13.123371826985));
#3915 = CARTESIAN_POINT('',(26.953650805675,6.E-15,13.246395344909));
#3916 = CARTESIAN_POINT('',(26.998289311869,6.E-15,13.369038632715));
#3917 = CARTESIAN_POINT('',(27.042775937753,6.E-15,13.491264632801));
#3918 = CARTESIAN_POINT('',(27.087095325915,6.E-15,13.613031151018));
#3919 = CARTESIAN_POINT('',(27.153792082858,6.E-15,13.79627898467));
#3920 = CARTESIAN_POINT('',(27.17630568226,6.E-15,13.858134590657));
#3921 = CARTESIAN_POINT('',(27.198768725026,6.E-15,13.919851293429));
#3922 = CARTESIAN_POINT('',(27.221178728464,6.E-15,13.981422271847));
#3923 = CARTESIAN_POINT('',(27.24353304976,6.E-15,14.042840264834));
#3924 = CARTESIAN_POINT('',(27.27708354614,6.E-15,14.135019496048));
#3925 = CARTESIAN_POINT('',(27.288323302679,6.E-15,14.165900473341));
#3926 = CARTESIAN_POINT('',(27.299547794349,6.E-15,14.196739510749));
#3927 = CARTESIAN_POINT('',(27.310756648574,6.E-15,14.22753558463));
#3928 = CARTESIAN_POINT('',(27.321949481448,6.E-15,14.25828764021));
#3929 = CARTESIAN_POINT('',(27.338592289773,6.E-15,14.304013380281));
#3930 = CARTESIAN_POINT('',(27.344054754621,6.E-15,14.319021379103));
#3931 = CARTESIAN_POINT('',(27.349513246012,6.E-15,14.334018460945));
#3932 = CARTESIAN_POINT('',(27.354967717015,6.E-15,14.349004496862));
#3933 = CARTESIAN_POINT('',(27.36041812003,6.E-15,14.363979356072));
#3934 = CARTESIAN_POINT('',(27.368592599853,6.E-15,14.386438554802));
#3935 = CARTESIAN_POINT('',(27.371320789699,6.E-15,14.393934194801));
#3936 = CARTESIAN_POINT('',(27.374048976317,6.E-15,14.40142982593));
#3937 = CARTESIAN_POINT('',(27.376777159701,6.E-15,14.408925448171));
#3938 = CARTESIAN_POINT('',(27.379505339842,6.E-15,14.416421061506));
#3939 = CARTESIAN_POINT('',(27.385409045105,6.E-15,14.432641358407));
#3940 = CARTESIAN_POINT('',(27.388173751789,6.E-15,14.440237327592));
#3941 = CARTESIAN_POINT('',(27.391154790254,6.E-15,14.448427663461));
#3942 = CARTESIAN_POINT('',(27.39446985344,6.E-15,14.457535724711));
#3943 = CARTESIAN_POINT('',(27.397722118616,6.E-15,14.466471249841));
#3944 = CARTESIAN_POINT('',(27.4,6.E-15,14.472729677509));
#3945 = ORIENTED_EDGE('',*,*,#3946,.F.);
#3946 = EDGE_CURVE('',#3876,#3910,#3947,.T.);
#3947 = LINE('',#3948,#3949);
#3948 = CARTESIAN_POINT('',(23.,0.,13.));
#3949 = VECTOR('',#3950,1.);
#3950 = DIRECTION('',(1.,0.,0.));
#3951 = PLANE('',#3952);
#3952 = AXIS2_PLACEMENT_3D('',#3953,#3954,#3955);
#3953 = CARTESIAN_POINT('',(125.,6.E-15,27.));
#3954 = DIRECTION('',(0.,1.,0.));
#3955 = DIRECTION('',(0.,0.,1.));
#3956 = ADVANCED_FACE('',(#3957),#3974,.T.);
#3957 = FACE_BOUND('',#3958,.T.);
#3958 = EDGE_LOOP('',(#3959,#3966,#3972,#3973));
#3959 = ORIENTED_EDGE('',*,*,#3960,.T.);
#3960 = EDGE_CURVE('',#3902,#3961,#3963,.T.);
#3961 = VERTEX_POINT('',#3962);
#3962 = CARTESIAN_POINT('',(27.4,5.1,14.472729677509));
#3963 = B_SPLINE_CURVE_WITH_KNOTS('',1,(#3964,#3965),.UNSPECIFIED.,.F.,
  .F.,(2,2),(0.,1.),.PIECEWISE_BEZIER_KNOTS.);
#3964 = CARTESIAN_POINT('',(27.4,-0.1,14.472729677509));
#3965 = CARTESIAN_POINT('',(27.4,5.1,14.472729677509));
#3966 = ORIENTED_EDGE('',*,*,#3967,.T.);
#3967 = EDGE_CURVE('',#3961,#976,#3968,.T.);
#3968 = LINE('',#3969,#3970);
#3969 = CARTESIAN_POINT('',(27.4,5.1,2.5));
#3970 = VECTOR('',#3971,1.);
#3971 = DIRECTION('',(0.,0.,1.));
#3972 = ORIENTED_EDGE('',*,*,#975,.T.);
#3973 = ORIENTED_EDGE('',*,*,#3901,.F.);
#3974 = PLANE('',#3975);
#3975 = AXIS2_PLACEMENT_3D('',#3976,#3977,#3978);
#3976 = CARTESIAN_POINT('',(27.4,5.1,2.5));
#3977 = DIRECTION('',(1.,0.,0.));
#3978 = DIRECTION('',(0.,-1.,0.));
#3979 = ADVANCED_FACE('',(#3980,#3997),#4033,.T.);
#3980 = FACE_BOUND('',#3981,.T.);
#3981 = EDGE_LOOP('',(#3982,#3989,#3995,#3996));
#3982 = ORIENTED_EDGE('',*,*,#3983,.T.);
#3983 = EDGE_CURVE('',#3961,#3984,#3986,.T.);
#3984 = VERTEX_POINT('',#3985);
#3985 = CARTESIAN_POINT('',(42.600000750001,5.100000250001,
    14.472728303764));
#3986 = B_SPLINE_CURVE_WITH_KNOTS('',1,(#3987,#3988),.UNSPECIFIED.,.F.,
  .F.,(2,2),(0.,1.),.PIECEWISE_BEZIER_KNOTS.);
#3987 = CARTESIAN_POINT('',(27.4,5.1,14.472729677509));
#3988 = CARTESIAN_POINT('',(42.6,5.1,14.472729677509));
#3989 = ORIENTED_EDGE('',*,*,#3990,.T.);
#3990 = EDGE_CURVE('',#3984,#984,#3991,.T.);
#3991 = LINE('',#3992,#3993);
#3992 = CARTESIAN_POINT('',(42.600001,5.1,2.5));
#3993 = VECTOR('',#3994,1.);
#3994 = DIRECTION('',(0.,0.,1.));
#3995 = ORIENTED_EDGE('',*,*,#983,.T.);
#3996 = ORIENTED_EDGE('',*,*,#3967,.F.);
#3997 = FACE_BOUND('',#3998,.T.);
#3998 = EDGE_LOOP('',(#3999,#4010,#4018,#4027));
#3999 = ORIENTED_EDGE('',*,*,#4000,.F.);
#4000 = EDGE_CURVE('',#4001,#4003,#4005,.T.);
#4001 = VERTEX_POINT('',#4002);
#4002 = CARTESIAN_POINT('',(38.5,5.1,28.));
#4003 = VERTEX_POINT('',#4004);
#4004 = CARTESIAN_POINT('',(31.5,5.1,28.));
#4005 = CIRCLE('',#4006,3.5);
#4006 = AXIS2_PLACEMENT_3D('',#4007,#4008,#4009);
#4007 = CARTESIAN_POINT('',(35.,5.1,28.));
#4008 = DIRECTION('',(0.,-1.,2.2E-16));
#4009 = DIRECTION('',(1.,0.,0.));
#4010 = ORIENTED_EDGE('',*,*,#4011,.T.);
#4011 = EDGE_CURVE('',#4001,#4012,#4014,.T.);
#4012 = VERTEX_POINT('',#4013);
#4013 = CARTESIAN_POINT('',(38.5,5.1,22.999998787564));
#4014 = LINE('',#4015,#4016);
#4015 = CARTESIAN_POINT('',(38.5,5.1,15.25));
#4016 = VECTOR('',#4017,1.);
#4017 = DIRECTION('',(0.,0.,-1.));
#4018 = ORIENTED_EDGE('',*,*,#4019,.F.);
#4019 = EDGE_CURVE('',#4020,#4012,#4022,.T.);
#4020 = VERTEX_POINT('',#4021);
#4021 = CARTESIAN_POINT('',(31.5,5.1,22.999998787564));
#4022 = CIRCLE('',#4023,3.5);
#4023 = AXIS2_PLACEMENT_3D('',#4024,#4025,#4026);
#4024 = CARTESIAN_POINT('',(35.,5.1,22.999998787564));
#4025 = DIRECTION('',(0.,-1.,2.2E-16));
#4026 = DIRECTION('',(1.,0.,0.));
#4027 = ORIENTED_EDGE('',*,*,#4028,.F.);
#4028 = EDGE_CURVE('',#4003,#4020,#4029,.T.);
#4029 = LINE('',#4030,#4031);
#4030 = CARTESIAN_POINT('',(31.499999999999,5.1,15.250000000001));
#4031 = VECTOR('',#4032,1.);
#4032 = DIRECTION('',(-6.537E-14,-0.,-1.));
#4033 = PLANE('',#4034);
#4034 = AXIS2_PLACEMENT_3D('',#4035,#4036,#4037);
#4035 = CARTESIAN_POINT('',(42.600001,5.1,2.5));
#4036 = DIRECTION('',(0.,-1.,0.));
#4037 = DIRECTION('',(-1.,0.,0.));
#4038 = ADVANCED_FACE('',(#4039),#4056,.T.);
#4039 = FACE_BOUND('',#4040,.T.);
#4040 = EDGE_LOOP('',(#4041,#4042,#4049,#4055));
#4041 = ORIENTED_EDGE('',*,*,#3990,.F.);
#4042 = ORIENTED_EDGE('',*,*,#4043,.T.);
#4043 = EDGE_CURVE('',#3984,#4044,#4046,.T.);
#4044 = VERTEX_POINT('',#4045);
#4045 = CARTESIAN_POINT('',(42.600001,6.E-15,14.472726930032));
#4046 = B_SPLINE_CURVE_WITH_KNOTS('',1,(#4047,#4048),.UNSPECIFIED.,.F.,
  .F.,(2,2),(0.,1.),.PIECEWISE_BEZIER_KNOTS.);
#4047 = CARTESIAN_POINT('',(42.600001,5.1,14.472726930032));
#4048 = CARTESIAN_POINT('',(42.600001,-1.E-01,14.472726930032));
#4049 = ORIENTED_EDGE('',*,*,#4050,.F.);
#4050 = EDGE_CURVE('',#992,#4044,#4051,.T.);
#4051 = LINE('',#4052,#4053);
#4052 = CARTESIAN_POINT('',(42.600001,6.E-15,14.75));
#4053 = VECTOR('',#4054,1.);
#4054 = DIRECTION('',(0.,0.,-1.));
#4055 = ORIENTED_EDGE('',*,*,#991,.T.);
#4056 = PLANE('',#4057);
#4057 = AXIS2_PLACEMENT_3D('',#4058,#4059,#4060);
#4058 = CARTESIAN_POINT('',(42.600001,-1.E-01,2.5));
#4059 = DIRECTION('',(-1.,0.,0.));
#4060 = DIRECTION('',(0.,1.,0.));
#4061 = ADVANCED_FACE('',(#4062),#4117,.F.);
#4062 = FACE_BOUND('',#4063,.F.);
#4063 = EDGE_LOOP('',(#4064,#4065,#4073,#4081,#4116));
#4064 = ORIENTED_EDGE('',*,*,#999,.F.);
#4065 = ORIENTED_EDGE('',*,*,#4066,.F.);
#4066 = EDGE_CURVE('',#4067,#1000,#4069,.T.);
#4067 = VERTEX_POINT('',#4068);
#4068 = CARTESIAN_POINT('',(47.,0.,13.));
#4069 = LINE('',#4070,#4071);
#4070 = CARTESIAN_POINT('',(47.,0.,13.));
#4071 = VECTOR('',#4072,1.);
#4072 = DIRECTION('',(0.,0.,1.));
#4073 = ORIENTED_EDGE('',*,*,#4074,.F.);
#4074 = EDGE_CURVE('',#4075,#4067,#4077,.T.);
#4075 = VERTEX_POINT('',#4076);
#4076 = CARTESIAN_POINT('',(43.136029765734,0.,13.));
#4077 = LINE('',#4078,#4079);
#4078 = CARTESIAN_POINT('',(23.,0.,13.));
#4079 = VECTOR('',#4080,1.);
#4080 = DIRECTION('',(1.,0.,0.));
#4081 = ORIENTED_EDGE('',*,*,#4082,.T.);
#4082 = EDGE_CURVE('',#4075,#4044,#4083,.T.);
#4083 = B_SPLINE_CURVE_WITH_KNOTS('',6,(#4084,#4085,#4086,#4087,#4088,
    #4089,#4090,#4091,#4092,#4093,#4094,#4095,#4096,#4097,#4098,#4099,
    #4100,#4101,#4102,#4103,#4104,#4105,#4106,#4107,#4108,#4109,#4110,
    #4111,#4112,#4113,#4114,#4115),.UNSPECIFIED.,.F.,.F.,(7,5,5,5,5,5,7)
  ,(0.,0.492057875587,0.743598537093,0.870573127144,0.932676476822,
    0.963785732666,1.),.UNSPECIFIED.);
#4084 = CARTESIAN_POINT('',(43.136029765734,6.E-15,13.));
#4085 = CARTESIAN_POINT('',(43.091126092964,6.E-15,13.123371826986));
#4086 = CARTESIAN_POINT('',(43.046349194325,6.E-15,13.246395344909));
#4087 = CARTESIAN_POINT('',(43.001710688131,6.E-15,13.369038632715));
#4088 = CARTESIAN_POINT('',(42.957224062247,6.E-15,13.491264632801));
#4089 = CARTESIAN_POINT('',(42.912904674085,6.E-15,13.613031151018));
#4090 = CARTESIAN_POINT('',(42.846207917142,6.E-15,13.79627898467));
#4091 = CARTESIAN_POINT('',(42.82369431774,6.E-15,13.858134590657));
#4092 = CARTESIAN_POINT('',(42.801231274974,6.E-15,13.919851293429));
#4093 = CARTESIAN_POINT('',(42.778821271536,6.E-15,13.981422271847));
#4094 = CARTESIAN_POINT('',(42.75646695024,6.E-15,14.042840264834));
#4095 = CARTESIAN_POINT('',(42.72291645386,6.E-15,14.135019496048));
#4096 = CARTESIAN_POINT('',(42.711676697321,6.E-15,14.165900473341));
#4097 = CARTESIAN_POINT('',(42.700452205651,6.E-15,14.196739510749));
#4098 = CARTESIAN_POINT('',(42.689243351426,6.E-15,14.22753558463));
#4099 = CARTESIAN_POINT('',(42.678050518552,6.E-15,14.25828764021));
#4100 = CARTESIAN_POINT('',(42.661407710227,6.E-15,14.304013380281));
#4101 = CARTESIAN_POINT('',(42.655945245379,6.E-15,14.319021379103));
#4102 = CARTESIAN_POINT('',(42.650486753988,6.E-15,14.334018460945));
#4103 = CARTESIAN_POINT('',(42.645032282985,6.E-15,14.349004496862));
#4104 = CARTESIAN_POINT('',(42.63958187997,6.E-15,14.363979356072));
#4105 = CARTESIAN_POINT('',(42.631407400147,6.E-15,14.386438554802));
#4106 = CARTESIAN_POINT('',(42.628679210301,6.E-15,14.393934194801));
#4107 = CARTESIAN_POINT('',(42.625951023683,6.E-15,14.40142982593));
#4108 = CARTESIAN_POINT('',(42.623222840299,6.E-15,14.408925448171));
#4109 = CARTESIAN_POINT('',(42.620494660158,6.E-15,14.416421061506));
#4110 = CARTESIAN_POINT('',(42.614590614068,6.E-15,14.43264229482));
#4111 = CARTESIAN_POINT('',(42.611826535306,6.E-15,14.440236538805));
#4112 = CARTESIAN_POINT('',(42.60884562068,6.E-15,14.44842653443));
#4113 = CARTESIAN_POINT('',(42.60552988689,6.E-15,14.457536438148));
#4114 = CARTESIAN_POINT('',(42.602277088257,6.E-15,14.466473428942));
#4115 = CARTESIAN_POINT('',(42.600001,6.E-15,14.472726930032));
#4116 = ORIENTED_EDGE('',*,*,#4050,.F.);
#4117 = PLANE('',#4118);
#4118 = AXIS2_PLACEMENT_3D('',#4119,#4120,#4121);
#4119 = CARTESIAN_POINT('',(125.,6.E-15,27.));
#4120 = DIRECTION('',(0.,1.,0.));
#4121 = DIRECTION('',(0.,0.,1.));
#4122 = ADVANCED_FACE('',(#4123),#4134,.T.);
#4123 = FACE_BOUND('',#4124,.T.);
#4124 = EDGE_LOOP('',(#4125,#4126,#4132,#4133));
#4125 = ORIENTED_EDGE('',*,*,#4066,.F.);
#4126 = ORIENTED_EDGE('',*,*,#4127,.T.);
#4127 = EDGE_CURVE('',#4067,#3778,#4128,.T.);
#4128 = LINE('',#4129,#4130);
#4129 = CARTESIAN_POINT('',(47.,2.89E-15,13.));
#4130 = VECTOR('',#4131,1.);
#4131 = DIRECTION('',(0.,-1.,2.2E-16));
#4132 = ORIENTED_EDGE('',*,*,#3777,.F.);
#4133 = ORIENTED_EDGE('',*,*,#1007,.F.);
#4134 = PLANE('',#4135);
#4135 = AXIS2_PLACEMENT_3D('',#4136,#4137,#4138);
#4136 = CARTESIAN_POINT('',(47.,2.89E-15,13.));
#4137 = DIRECTION('',(-1.,0.,0.));
#4138 = DIRECTION('',(0.,2.2E-16,1.));
#4139 = ADVANCED_FACE('',(#4140),#4158,.T.);
#4140 = FACE_BOUND('',#4141,.T.);
#4141 = EDGE_LOOP('',(#4142,#4150,#4151,#4152));
#4142 = ORIENTED_EDGE('',*,*,#4143,.F.);
#4143 = EDGE_CURVE('',#1024,#4144,#4146,.T.);
#4144 = VERTEX_POINT('',#4145);
#4145 = CARTESIAN_POINT('',(113.,0.,13.));
#4146 = LINE('',#4147,#4148);
#4147 = CARTESIAN_POINT('',(113.,0.,41.));
#4148 = VECTOR('',#4149,1.);
#4149 = DIRECTION('',(0.,0.,-1.));
#4150 = ORIENTED_EDGE('',*,*,#1023,.F.);
#4151 = ORIENTED_EDGE('',*,*,#3770,.F.);
#4152 = ORIENTED_EDGE('',*,*,#4153,.F.);
#4153 = EDGE_CURVE('',#4144,#3763,#4154,.T.);
#4154 = LINE('',#4155,#4156);
#4155 = CARTESIAN_POINT('',(113.,2.89E-15,13.));
#4156 = VECTOR('',#4157,1.);
#4157 = DIRECTION('',(0.,-1.,2.2E-16));
#4158 = PLANE('',#4159);
#4159 = AXIS2_PLACEMENT_3D('',#4160,#4161,#4162);
#4160 = CARTESIAN_POINT('',(113.,9.1E-15,41.));
#4161 = DIRECTION('',(1.,0.,0.));
#4162 = DIRECTION('',(0.,-2.2E-16,-1.));
#4163 = ADVANCED_FACE('',(#4164),#4219,.F.);
#4164 = FACE_BOUND('',#4165,.F.);
#4165 = EDGE_LOOP('',(#4166,#4167,#4168,#4176,#4213));
#4166 = ORIENTED_EDGE('',*,*,#4143,.F.);
#4167 = ORIENTED_EDGE('',*,*,#1031,.F.);
#4168 = ORIENTED_EDGE('',*,*,#4169,.F.);
#4169 = EDGE_CURVE('',#4170,#1032,#4172,.T.);
#4170 = VERTEX_POINT('',#4171);
#4171 = CARTESIAN_POINT('',(117.400002,6.E-15,14.472735172464));
#4172 = LINE('',#4173,#4174);
#4173 = CARTESIAN_POINT('',(117.400002,6.11E-15,14.75));
#4174 = VECTOR('',#4175,1.);
#4175 = DIRECTION('',(0.,0.,1.));
#4176 = ORIENTED_EDGE('',*,*,#4177,.F.);
#4177 = EDGE_CURVE('',#4178,#4170,#4180,.T.);
#4178 = VERTEX_POINT('',#4179);
#4179 = CARTESIAN_POINT('',(116.86397023426,0.,13.));
#4180 = B_SPLINE_CURVE_WITH_KNOTS('',6,(#4181,#4182,#4183,#4184,#4185,
    #4186,#4187,#4188,#4189,#4190,#4191,#4192,#4193,#4194,#4195,#4196,
    #4197,#4198,#4199,#4200,#4201,#4202,#4203,#4204,#4205,#4206,#4207,
    #4208,#4209,#4210,#4211,#4212),.UNSPECIFIED.,.F.,.F.,(7,5,5,5,5,5,7)
  ,(0.,0.492063612903,0.743607207332,0.870583277886,0.932687351679,
    0.963796970252,1.),.UNSPECIFIED.);
#4181 = CARTESIAN_POINT('',(116.86397023426,6.E-15,13.));
#4182 = CARTESIAN_POINT('',(116.90887390703,6.E-15,13.123371826985));
#4183 = CARTESIAN_POINT('',(116.95365080567,6.E-15,13.246395344909));
#4184 = CARTESIAN_POINT('',(116.99828931186,6.E-15,13.369038632715));
#4185 = CARTESIAN_POINT('',(117.04277593775,6.E-15,13.491264632801));
#4186 = CARTESIAN_POINT('',(117.08709532591,6.E-15,13.613031151018));
#4187 = CARTESIAN_POINT('',(117.15379208285,6.E-15,13.79627898467));
#4188 = CARTESIAN_POINT('',(117.17630568226,6.E-15,13.858134590657));
#4189 = CARTESIAN_POINT('',(117.19876872502,6.E-15,13.919851293429));
#4190 = CARTESIAN_POINT('',(117.22117872846,6.E-15,13.981422271847));
#4191 = CARTESIAN_POINT('',(117.24353304976,6.E-15,14.042840264834));
#4192 = CARTESIAN_POINT('',(117.27708354614,6.E-15,14.135019496048));
#4193 = CARTESIAN_POINT('',(117.28832330267,6.E-15,14.165900473341));
#4194 = CARTESIAN_POINT('',(117.29954779434,6.E-15,14.196739510749));
#4195 = CARTESIAN_POINT('',(117.31075664857,6.E-15,14.22753558463));
#4196 = CARTESIAN_POINT('',(117.32194948144,6.E-15,14.25828764021));
#4197 = CARTESIAN_POINT('',(117.33859228977,6.E-15,14.304013380281));
#4198 = CARTESIAN_POINT('',(117.34405475462,6.E-15,14.319021379103));
#4199 = CARTESIAN_POINT('',(117.34951324601,6.E-15,14.334018460945));
#4200 = CARTESIAN_POINT('',(117.35496771701,6.E-15,14.349004496862));
#4201 = CARTESIAN_POINT('',(117.36041812003,6.E-15,14.363979356072));
#4202 = CARTESIAN_POINT('',(117.36859259985,6.E-15,14.386438554802));
#4203 = CARTESIAN_POINT('',(117.37132078969,6.E-15,14.393934194801));
#4204 = CARTESIAN_POINT('',(117.37404897631,6.E-15,14.40142982593));
#4205 = CARTESIAN_POINT('',(117.3767771597,6.E-15,14.408925448171));
#4206 = CARTESIAN_POINT('',(117.37950533984,6.E-15,14.416421061506));
#4207 = CARTESIAN_POINT('',(117.38540836341,6.E-15,14.432639485479));
#4208 = CARTESIAN_POINT('',(117.38817432606,6.E-15,14.440238905394));
#4209 = CARTESIAN_POINT('',(117.39115561209,6.E-15,14.448429921442));
#4210 = CARTESIAN_POINT('',(117.394469334,6.E-15,14.457534297565));
#4211 = CARTESIAN_POINT('',(117.39772053247,6.E-15,14.466466891962));
#4212 = CARTESIAN_POINT('',(117.400002,6.E-15,14.472735172464));
#4213 = ORIENTED_EDGE('',*,*,#4214,.F.);
#4214 = EDGE_CURVE('',#4144,#4178,#4215,.T.);
#4215 = LINE('',#4216,#4217);
#4216 = CARTESIAN_POINT('',(113.,0.,13.));
#4217 = VECTOR('',#4218,1.);
#4218 = DIRECTION('',(1.,0.,0.));
#4219 = PLANE('',#4220);
#4220 = AXIS2_PLACEMENT_3D('',#4221,#4222,#4223);
#4221 = CARTESIAN_POINT('',(125.,6.E-15,27.));
#4222 = DIRECTION('',(0.,1.,0.));
#4223 = DIRECTION('',(0.,0.,1.));
#4224 = ADVANCED_FACE('',(#4225),#4242,.T.);
#4225 = FACE_BOUND('',#4226,.T.);
#4226 = EDGE_LOOP('',(#4227,#4234,#4240,#4241));
#4227 = ORIENTED_EDGE('',*,*,#4228,.T.);
#4228 = EDGE_CURVE('',#4170,#4229,#4231,.T.);
#4229 = VERTEX_POINT('',#4230);
#4230 = CARTESIAN_POINT('',(117.40000150002,5.099999499979,
    14.472732425102));
#4231 = B_SPLINE_CURVE_WITH_KNOTS('',1,(#4232,#4233),.UNSPECIFIED.,.F.,
  .F.,(2,2),(0.,1.),.PIECEWISE_BEZIER_KNOTS.);
#4232 = CARTESIAN_POINT('',(117.400002,-9.9998E-02,14.472735172464));
#4233 = CARTESIAN_POINT('',(117.400002,5.099998,14.472735172464));
#4234 = ORIENTED_EDGE('',*,*,#4235,.T.);
#4235 = EDGE_CURVE('',#4229,#1040,#4236,.T.);
#4236 = LINE('',#4237,#4238);
#4237 = CARTESIAN_POINT('',(117.400002,5.1,2.5));
#4238 = VECTOR('',#4239,1.);
#4239 = DIRECTION('',(0.,0.,1.));
#4240 = ORIENTED_EDGE('',*,*,#1039,.T.);
#4241 = ORIENTED_EDGE('',*,*,#4169,.F.);
#4242 = PLANE('',#4243);
#4243 = AXIS2_PLACEMENT_3D('',#4244,#4245,#4246);
#4244 = CARTESIAN_POINT('',(117.400002,5.1,2.5));
#4245 = DIRECTION('',(1.,0.,0.));
#4246 = DIRECTION('',(0.,-1.,0.));
#4247 = ADVANCED_FACE('',(#4248,#4265),#4301,.T.);
#4248 = FACE_BOUND('',#4249,.T.);
#4249 = EDGE_LOOP('',(#4250,#4257,#4263,#4264));
#4250 = ORIENTED_EDGE('',*,*,#4251,.T.);
#4251 = EDGE_CURVE('',#4229,#4252,#4254,.T.);
#4252 = VERTEX_POINT('',#4253);
#4253 = CARTESIAN_POINT('',(132.60000150004,5.100000500044,
    14.472726929793));
#4254 = B_SPLINE_CURVE_WITH_KNOTS('',1,(#4255,#4256),.UNSPECIFIED.,.F.,
  .F.,(2,2),(0.,1.),.PIECEWISE_BEZIER_KNOTS.);
#4255 = CARTESIAN_POINT('',(117.400002,5.1,14.472729677509));
#4256 = CARTESIAN_POINT('',(132.6,5.1,14.472729677509));
#4257 = ORIENTED_EDGE('',*,*,#4258,.T.);
#4258 = EDGE_CURVE('',#4252,#1048,#4259,.T.);
#4259 = LINE('',#4260,#4261);
#4260 = CARTESIAN_POINT('',(132.600002,5.1,2.5));
#4261 = VECTOR('',#4262,1.);
#4262 = DIRECTION('',(0.,0.,1.));
#4263 = ORIENTED_EDGE('',*,*,#1047,.T.);
#4264 = ORIENTED_EDGE('',*,*,#4235,.F.);
#4265 = FACE_BOUND('',#4266,.T.);
#4266 = EDGE_LOOP('',(#4267,#4278,#4286,#4295));
#4267 = ORIENTED_EDGE('',*,*,#4268,.F.);
#4268 = EDGE_CURVE('',#4269,#4271,#4273,.T.);
#4269 = VERTEX_POINT('',#4270);
#4270 = CARTESIAN_POINT('',(128.5,5.1,27.999998787564));
#4271 = VERTEX_POINT('',#4272);
#4272 = CARTESIAN_POINT('',(121.5,5.1,27.999998787564));
#4273 = CIRCLE('',#4274,3.5);
#4274 = AXIS2_PLACEMENT_3D('',#4275,#4276,#4277);
#4275 = CARTESIAN_POINT('',(125.,5.1,27.999998787564));
#4276 = DIRECTION('',(0.,-1.,2.2E-16));
#4277 = DIRECTION('',(1.,0.,0.));
#4278 = ORIENTED_EDGE('',*,*,#4279,.T.);
#4279 = EDGE_CURVE('',#4269,#4280,#4282,.T.);
#4280 = VERTEX_POINT('',#4281);
#4281 = CARTESIAN_POINT('',(128.5,5.1,22.999997924871));
#4282 = LINE('',#4283,#4284);
#4283 = CARTESIAN_POINT('',(128.5,5.1,15.249999393782));
#4284 = VECTOR('',#4285,1.);
#4285 = DIRECTION('',(0.,0.,-1.));
#4286 = ORIENTED_EDGE('',*,*,#4287,.F.);
#4287 = EDGE_CURVE('',#4288,#4280,#4290,.T.);
#4288 = VERTEX_POINT('',#4289);
#4289 = CARTESIAN_POINT('',(121.5,5.1,22.999997924872));
#4290 = CIRCLE('',#4291,3.5);
#4291 = AXIS2_PLACEMENT_3D('',#4292,#4293,#4294);
#4292 = CARTESIAN_POINT('',(125.,5.1,22.999997924871));
#4293 = DIRECTION('',(0.,-1.,2.2E-16));
#4294 = DIRECTION('',(1.,0.,0.));
#4295 = ORIENTED_EDGE('',*,*,#4296,.F.);
#4296 = EDGE_CURVE('',#4271,#4288,#4297,.T.);
#4297 = LINE('',#4298,#4299);
#4298 = CARTESIAN_POINT('',(121.5,5.1,15.249999393782));
#4299 = VECTOR('',#4300,1.);
#4300 = DIRECTION('',(1.137E-14,0.,-1.));
#4301 = PLANE('',#4302);
#4302 = AXIS2_PLACEMENT_3D('',#4303,#4304,#4305);
#4303 = CARTESIAN_POINT('',(132.600002,5.1,2.5));
#4304 = DIRECTION('',(0.,-1.,0.));
#4305 = DIRECTION('',(-1.,0.,0.));
#4306 = ADVANCED_FACE('',(#4307),#4324,.T.);
#4307 = FACE_BOUND('',#4308,.T.);
#4308 = EDGE_LOOP('',(#4309,#4310,#4317,#4323));
#4309 = ORIENTED_EDGE('',*,*,#4258,.F.);
#4310 = ORIENTED_EDGE('',*,*,#4311,.T.);
#4311 = EDGE_CURVE('',#4252,#4312,#4314,.T.);
#4312 = VERTEX_POINT('',#4313);
#4313 = CARTESIAN_POINT('',(132.600002,6.E-15,14.472724182554));
#4314 = B_SPLINE_CURVE_WITH_KNOTS('',1,(#4315,#4316),.UNSPECIFIED.,.F.,
  .F.,(2,2),(0.,1.),.PIECEWISE_BEZIER_KNOTS.);
#4315 = CARTESIAN_POINT('',(132.600002,5.1,14.472724182554));
#4316 = CARTESIAN_POINT('',(132.600002,-1.E-01,14.472724182554));
#4317 = ORIENTED_EDGE('',*,*,#4318,.F.);
#4318 = EDGE_CURVE('',#1056,#4312,#4319,.T.);
#4319 = LINE('',#4320,#4321);
#4320 = CARTESIAN_POINT('',(132.600002,6.E-15,14.75));
#4321 = VECTOR('',#4322,1.);
#4322 = DIRECTION('',(0.,0.,-1.));
#4323 = ORIENTED_EDGE('',*,*,#1055,.T.);
#4324 = PLANE('',#4325);
#4325 = AXIS2_PLACEMENT_3D('',#4326,#4327,#4328);
#4326 = CARTESIAN_POINT('',(132.600002,-1.E-01,2.5));
#4327 = DIRECTION('',(-1.,0.,0.));
#4328 = DIRECTION('',(0.,1.,0.));
#4329 = ADVANCED_FACE('',(#4330),#4385,.F.);
#4330 = FACE_BOUND('',#4331,.F.);
#4331 = EDGE_LOOP('',(#4332,#4333,#4341,#4349,#4384));
#4332 = ORIENTED_EDGE('',*,*,#1063,.F.);
#4333 = ORIENTED_EDGE('',*,*,#4334,.F.);
#4334 = EDGE_CURVE('',#4335,#1064,#4337,.T.);
#4335 = VERTEX_POINT('',#4336);
#4336 = CARTESIAN_POINT('',(137.,0.,13.));
#4337 = LINE('',#4338,#4339);
#4338 = CARTESIAN_POINT('',(137.,0.,13.));
#4339 = VECTOR('',#4340,1.);
#4340 = DIRECTION('',(0.,0.,1.));
#4341 = ORIENTED_EDGE('',*,*,#4342,.F.);
#4342 = EDGE_CURVE('',#4343,#4335,#4345,.T.);
#4343 = VERTEX_POINT('',#4344);
#4344 = CARTESIAN_POINT('',(133.13602976573,0.,13.));
#4345 = LINE('',#4346,#4347);
#4346 = CARTESIAN_POINT('',(113.,0.,13.));
#4347 = VECTOR('',#4348,1.);
#4348 = DIRECTION('',(1.,0.,0.));
#4349 = ORIENTED_EDGE('',*,*,#4350,.T.);
#4350 = EDGE_CURVE('',#4343,#4312,#4351,.T.);
#4351 = B_SPLINE_CURVE_WITH_KNOTS('',6,(#4352,#4353,#4354,#4355,#4356,
    #4357,#4358,#4359,#4360,#4361,#4362,#4363,#4364,#4365,#4366,#4367,
    #4368,#4369,#4370,#4371,#4372,#4373,#4374,#4375,#4376,#4377,#4378,
    #4379,#4380,#4381,#4382,#4383),.UNSPECIFIED.,.F.,.F.,(7,5,5,5,5,5,7)
  ,(0.,0.492055963317,0.743595647268,0.870569743862,0.932672852189,
    0.963781987134,1.),.UNSPECIFIED.);
#4352 = CARTESIAN_POINT('',(133.13602976573,6.E-15,13.));
#4353 = CARTESIAN_POINT('',(133.09112609296,6.E-15,13.123371826986));
#4354 = CARTESIAN_POINT('',(133.04634919432,6.E-15,13.246395344909));
#4355 = CARTESIAN_POINT('',(133.00171068813,6.E-15,13.369038632715));
#4356 = CARTESIAN_POINT('',(132.95722406224,6.E-15,13.491264632801));
#4357 = CARTESIAN_POINT('',(132.91290467408,6.E-15,13.613031151018));
#4358 = CARTESIAN_POINT('',(132.84620791714,6.E-15,13.79627898467));
#4359 = CARTESIAN_POINT('',(132.82369431774,6.E-15,13.858134590657));
#4360 = CARTESIAN_POINT('',(132.80123127497,6.E-15,13.919851293429));
#4361 = CARTESIAN_POINT('',(132.77882127153,6.E-15,13.981422271847));
#4362 = CARTESIAN_POINT('',(132.75646695024,6.E-15,14.042840264834));
#4363 = CARTESIAN_POINT('',(132.72291645386,6.E-15,14.135019496048));
#4364 = CARTESIAN_POINT('',(132.71167669732,6.E-15,14.165900473341));
#4365 = CARTESIAN_POINT('',(132.70045220565,6.E-15,14.196739510749));
#4366 = CARTESIAN_POINT('',(132.68924335142,6.E-15,14.22753558463));
#4367 = CARTESIAN_POINT('',(132.67805051855,6.E-15,14.25828764021));
#4368 = CARTESIAN_POINT('',(132.66140771022,6.E-15,14.304013380281));
#4369 = CARTESIAN_POINT('',(132.65594524537,6.E-15,14.319021379103));
#4370 = CARTESIAN_POINT('',(132.65048675398,6.E-15,14.334018460945));
#4371 = CARTESIAN_POINT('',(132.64503228298,6.E-15,14.349004496862));
#4372 = CARTESIAN_POINT('',(132.63958187997,6.E-15,14.363979356072));
#4373 = CARTESIAN_POINT('',(132.63140740014,6.E-15,14.386438554802));
#4374 = CARTESIAN_POINT('',(132.6286792103,6.E-15,14.393934194801));
#4375 = CARTESIAN_POINT('',(132.62595102368,6.E-15,14.40142982593));
#4376 = CARTESIAN_POINT('',(132.62322284029,6.E-15,14.408925448171));
#4377 = CARTESIAN_POINT('',(132.62049466015,6.E-15,14.416421061506));
#4378 = CARTESIAN_POINT('',(132.61459027325,6.E-15,14.432643231199));
#4379 = CARTESIAN_POINT('',(132.61182682237,6.E-15,14.440235750096));
#4380 = CARTESIAN_POINT('',(132.60884603162,6.E-15,14.448425405371));
#4381 = CARTESIAN_POINT('',(132.60552962725,6.E-15,14.457537151494));
#4382 = CARTESIAN_POINT('',(132.60227629509,6.E-15,14.46647560815));
#4383 = CARTESIAN_POINT('',(132.600002,6.E-15,14.472724182554));
#4384 = ORIENTED_EDGE('',*,*,#4318,.F.);
#4385 = PLANE('',#4386);
#4386 = AXIS2_PLACEMENT_3D('',#4387,#4388,#4389);
#4387 = CARTESIAN_POINT('',(125.,6.E-15,27.));
#4388 = DIRECTION('',(0.,1.,0.));
#4389 = DIRECTION('',(0.,0.,1.));
#4390 = ADVANCED_FACE('',(#4391),#4402,.T.);
#4391 = FACE_BOUND('',#4392,.T.);
#4392 = EDGE_LOOP('',(#4393,#4394,#4400,#4401));
#4393 = ORIENTED_EDGE('',*,*,#4334,.F.);
#4394 = ORIENTED_EDGE('',*,*,#4395,.T.);
#4395 = EDGE_CURVE('',#4335,#3755,#4396,.T.);
#4396 = LINE('',#4397,#4398);
#4397 = CARTESIAN_POINT('',(137.,2.89E-15,13.));
#4398 = VECTOR('',#4399,1.);
#4399 = DIRECTION('',(0.,-1.,2.2E-16));
#4400 = ORIENTED_EDGE('',*,*,#3754,.F.);
#4401 = ORIENTED_EDGE('',*,*,#1071,.F.);
#4402 = PLANE('',#4403);
#4403 = AXIS2_PLACEMENT_3D('',#4404,#4405,#4406);
#4404 = CARTESIAN_POINT('',(137.,2.89E-15,13.));
#4405 = DIRECTION('',(-1.,0.,0.));
#4406 = DIRECTION('',(0.,2.2E-16,1.));
#4407 = ADVANCED_FACE('',(#4408),#4426,.T.);
#4408 = FACE_BOUND('',#4409,.T.);
#4409 = EDGE_LOOP('',(#4410,#4418,#4419,#4420));
#4410 = ORIENTED_EDGE('',*,*,#4411,.F.);
#4411 = EDGE_CURVE('',#1088,#4412,#4414,.T.);
#4412 = VERTEX_POINT('',#4413);
#4413 = CARTESIAN_POINT('',(203.,0.,13.));
#4414 = LINE('',#4415,#4416);
#4415 = CARTESIAN_POINT('',(203.,0.,41.));
#4416 = VECTOR('',#4417,1.);
#4417 = DIRECTION('',(0.,0.,-1.));
#4418 = ORIENTED_EDGE('',*,*,#1087,.F.);
#4419 = ORIENTED_EDGE('',*,*,#3747,.F.);
#4420 = ORIENTED_EDGE('',*,*,#4421,.F.);
#4421 = EDGE_CURVE('',#4412,#3740,#4422,.T.);
#4422 = LINE('',#4423,#4424);
#4423 = CARTESIAN_POINT('',(203.,2.89E-15,13.));
#4424 = VECTOR('',#4425,1.);
#4425 = DIRECTION('',(0.,-1.,2.2E-16));
#4426 = PLANE('',#4427);
#4427 = AXIS2_PLACEMENT_3D('',#4428,#4429,#4430);
#4428 = CARTESIAN_POINT('',(203.,9.1E-15,41.));
#4429 = DIRECTION('',(1.,0.,0.));
#4430 = DIRECTION('',(0.,-2.2E-16,-1.));
#4431 = ADVANCED_FACE('',(#4432),#4487,.F.);
#4432 = FACE_BOUND('',#4433,.F.);
#4433 = EDGE_LOOP('',(#4434,#4435,#4436,#4444,#4481));
#4434 = ORIENTED_EDGE('',*,*,#4411,.F.);
#4435 = ORIENTED_EDGE('',*,*,#1095,.F.);
#4436 = ORIENTED_EDGE('',*,*,#4437,.F.);
#4437 = EDGE_CURVE('',#4438,#1096,#4440,.T.);
#4438 = VERTEX_POINT('',#4439);
#4439 = CARTESIAN_POINT('',(207.400003,6.E-15,14.472737919941));
#4440 = LINE('',#4441,#4442);
#4441 = CARTESIAN_POINT('',(207.400003,6.11E-15,14.75));
#4442 = VECTOR('',#4443,1.);
#4443 = DIRECTION('',(0.,0.,1.));
#4444 = ORIENTED_EDGE('',*,*,#4445,.F.);
#4445 = EDGE_CURVE('',#4446,#4438,#4448,.T.);
#4446 = VERTEX_POINT('',#4447);
#4447 = CARTESIAN_POINT('',(206.86397023426,0.,13.));
#4448 = B_SPLINE_CURVE_WITH_KNOTS('',6,(#4449,#4450,#4451,#4452,#4453,
    #4454,#4455,#4456,#4457,#4458,#4459,#4460,#4461,#4462,#4463,#4464,
    #4465,#4466,#4467,#4468,#4469,#4470,#4471,#4472,#4473,#4474,#4475,
    #4476,#4477,#4478,#4479,#4480),.UNSPECIFIED.,.F.,.F.,(7,5,5,5,5,5,7)
  ,(0.,0.492065525509,0.743610097666,0.870586661765,0.93269097695,
    0.963800716444,1.),.UNSPECIFIED.);
#4449 = CARTESIAN_POINT('',(206.86397023426,6.E-15,13.));
#4450 = CARTESIAN_POINT('',(206.90887390703,6.E-15,13.123371826985));
#4451 = CARTESIAN_POINT('',(206.95365080567,6.E-15,13.246395344909));
#4452 = CARTESIAN_POINT('',(206.99828931186,6.E-15,13.369038632715));
#4453 = CARTESIAN_POINT('',(207.04277593775,6.E-15,13.491264632801));
#4454 = CARTESIAN_POINT('',(207.08709532591,6.E-15,13.613031151018));
#4455 = CARTESIAN_POINT('',(207.15379208285,6.E-15,13.79627898467));
#4456 = CARTESIAN_POINT('',(207.17630568226,6.E-15,13.858134590657));
#4457 = CARTESIAN_POINT('',(207.19876872502,6.E-15,13.919851293429));
#4458 = CARTESIAN_POINT('',(207.22117872846,6.E-15,13.981422271847));
#4459 = CARTESIAN_POINT('',(207.24353304976,6.E-15,14.042840264834));
#4460 = CARTESIAN_POINT('',(207.27708354614,6.E-15,14.135019496048));
#4461 = CARTESIAN_POINT('',(207.28832330267,6.E-15,14.165900473341));
#4462 = CARTESIAN_POINT('',(207.29954779434,6.E-15,14.196739510749));
#4463 = CARTESIAN_POINT('',(207.31075664857,6.E-15,14.22753558463));
#4464 = CARTESIAN_POINT('',(207.32194948144,6.E-15,14.25828764021));
#4465 = CARTESIAN_POINT('',(207.33859228977,6.E-15,14.304013380281));
#4466 = CARTESIAN_POINT('',(207.34405475462,6.E-15,14.319021379103));
#4467 = CARTESIAN_POINT('',(207.34951324601,6.E-15,14.334018460945));
#4468 = CARTESIAN_POINT('',(207.35496771701,6.E-15,14.349004496862));
#4469 = CARTESIAN_POINT('',(207.36041812003,6.E-15,14.363979356072));
#4470 = CARTESIAN_POINT('',(207.36859259985,6.E-15,14.386438554802));
#4471 = CARTESIAN_POINT('',(207.37132078969,6.E-15,14.393934194801));
#4472 = CARTESIAN_POINT('',(207.37404897631,6.E-15,14.40142982593));
#4473 = CARTESIAN_POINT('',(207.3767771597,6.E-15,14.408925448171));
#4474 = CARTESIAN_POINT('',(207.37950533984,6.E-15,14.416421061506));
#4475 = CARTESIAN_POINT('',(207.38540802255,6.E-15,14.432638548964));
#4476 = CARTESIAN_POINT('',(207.38817461324,6.E-15,14.44023969441));
#4477 = CARTESIAN_POINT('',(207.39115602299,6.E-15,14.448431050391));
#4478 = CARTESIAN_POINT('',(207.39446907423,6.E-15,14.457533583858));
#4479 = CARTESIAN_POINT('',(207.39771973946,6.E-15,14.466464713182));
#4480 = CARTESIAN_POINT('',(207.400003,6.E-15,14.472737919941));
#4481 = ORIENTED_EDGE('',*,*,#4482,.F.);
#4482 = EDGE_CURVE('',#4412,#4446,#4483,.T.);
#4483 = LINE('',#4484,#4485);
#4484 = CARTESIAN_POINT('',(203.,0.,13.));
#4485 = VECTOR('',#4486,1.);
#4486 = DIRECTION('',(1.,0.,0.));
#4487 = PLANE('',#4488);
#4488 = AXIS2_PLACEMENT_3D('',#4489,#4490,#4491);
#4489 = CARTESIAN_POINT('',(125.,6.E-15,27.));
#4490 = DIRECTION('',(0.,1.,0.));
#4491 = DIRECTION('',(0.,0.,1.));
#4492 = ADVANCED_FACE('',(#4493),#4510,.T.);
#4493 = FACE_BOUND('',#4494,.T.);
#4494 = EDGE_LOOP('',(#4495,#4502,#4508,#4509));
#4495 = ORIENTED_EDGE('',*,*,#4496,.T.);
#4496 = EDGE_CURVE('',#4438,#4497,#4499,.T.);
#4497 = VERTEX_POINT('',#4498);
#4498 = CARTESIAN_POINT('',(207.40000224998,5.099999250019,
    14.472733798622));
#4499 = B_SPLINE_CURVE_WITH_KNOTS('',1,(#4500,#4501),.UNSPECIFIED.,.F.,
  .F.,(2,2),(0.,1.),.PIECEWISE_BEZIER_KNOTS.);
#4500 = CARTESIAN_POINT('',(207.400003,-9.999700000001E-02,
    14.472737919941));
#4501 = CARTESIAN_POINT('',(207.400003,5.099997,14.472737919941));
#4502 = ORIENTED_EDGE('',*,*,#4503,.T.);
#4503 = EDGE_CURVE('',#4497,#1104,#4504,.T.);
#4504 = LINE('',#4505,#4506);
#4505 = CARTESIAN_POINT('',(207.400003,5.1,2.5));
#4506 = VECTOR('',#4507,1.);
#4507 = DIRECTION('',(0.,0.,1.));
#4508 = ORIENTED_EDGE('',*,*,#1103,.T.);
#4509 = ORIENTED_EDGE('',*,*,#4437,.F.);
#4510 = PLANE('',#4511);
#4511 = AXIS2_PLACEMENT_3D('',#4512,#4513,#4514);
#4512 = CARTESIAN_POINT('',(207.400003,5.1,2.5));
#4513 = DIRECTION('',(1.,0.,0.));
#4514 = DIRECTION('',(0.,-1.,0.));
#4515 = ADVANCED_FACE('',(#4516,#4533),#4569,.T.);
#4516 = FACE_BOUND('',#4517,.T.);
#4517 = EDGE_LOOP('',(#4518,#4525,#4531,#4532));
#4518 = ORIENTED_EDGE('',*,*,#4519,.T.);
#4519 = EDGE_CURVE('',#4497,#4520,#4522,.T.);
#4520 = VERTEX_POINT('',#4521);
#4521 = CARTESIAN_POINT('',(222.60000224994,5.100000749948,
    14.47272555658));
#4522 = B_SPLINE_CURVE_WITH_KNOTS('',1,(#4523,#4524),.UNSPECIFIED.,.F.,
  .F.,(2,2),(0.,1.),.PIECEWISE_BEZIER_KNOTS.);
#4523 = CARTESIAN_POINT('',(207.400003,5.1,14.472729677509));
#4524 = CARTESIAN_POINT('',(222.6,5.1,14.472729677509));
#4525 = ORIENTED_EDGE('',*,*,#4526,.T.);
#4526 = EDGE_CURVE('',#4520,#1112,#4527,.T.);
#4527 = LINE('',#4528,#4529);
#4528 = CARTESIAN_POINT('',(222.600003,5.1,2.5));
#4529 = VECTOR('',#4530,1.);
#4530 = DIRECTION('',(0.,0.,1.));
#4531 = ORIENTED_EDGE('',*,*,#1111,.T.);
#4532 = ORIENTED_EDGE('',*,*,#4503,.F.);
#4533 = FACE_BOUND('',#4534,.T.);
#4534 = EDGE_LOOP('',(#4535,#4546,#4554,#4563));
#4535 = ORIENTED_EDGE('',*,*,#4536,.F.);
#4536 = EDGE_CURVE('',#4537,#4539,#4541,.T.);
#4537 = VERTEX_POINT('',#4538);
#4538 = CARTESIAN_POINT('',(218.5,5.1,28.));
#4539 = VERTEX_POINT('',#4540);
#4540 = CARTESIAN_POINT('',(211.5,5.1,28.));
#4541 = CIRCLE('',#4542,3.5);
#4542 = AXIS2_PLACEMENT_3D('',#4543,#4544,#4545);
#4543 = CARTESIAN_POINT('',(215.,5.1,28.));
#4544 = DIRECTION('',(0.,-1.,2.2E-16));
#4545 = DIRECTION('',(1.,0.,0.));
#4546 = ORIENTED_EDGE('',*,*,#4547,.T.);
#4547 = EDGE_CURVE('',#4537,#4548,#4550,.T.);
#4548 = VERTEX_POINT('',#4549);
#4549 = CARTESIAN_POINT('',(218.5,5.1,22.999999));
#4550 = LINE('',#4551,#4552);
#4551 = CARTESIAN_POINT('',(218.5,5.1,15.25));
#4552 = VECTOR('',#4553,1.);
#4553 = DIRECTION('',(0.,0.,-1.));
#4554 = ORIENTED_EDGE('',*,*,#4555,.F.);
#4555 = EDGE_CURVE('',#4556,#4548,#4558,.T.);
#4556 = VERTEX_POINT('',#4557);
#4557 = CARTESIAN_POINT('',(211.5,5.1,22.999999));
#4558 = CIRCLE('',#4559,3.5);
#4559 = AXIS2_PLACEMENT_3D('',#4560,#4561,#4562);
#4560 = CARTESIAN_POINT('',(215.,5.1,22.999999));
#4561 = DIRECTION('',(0.,-1.,2.2E-16));
#4562 = DIRECTION('',(1.,0.,0.));
#4563 = ORIENTED_EDGE('',*,*,#4564,.F.);
#4564 = EDGE_CURVE('',#4539,#4556,#4565,.T.);
#4565 = LINE('',#4566,#4567);
#4566 = CARTESIAN_POINT('',(211.5,5.1,15.25));
#4567 = VECTOR('',#4568,1.);
#4568 = DIRECTION('',(1.137E-14,0.,-1.));
#4569 = PLANE('',#4570);
#4570 = AXIS2_PLACEMENT_3D('',#4571,#4572,#4573);
#4571 = CARTESIAN_POINT('',(222.600003,5.1,2.5));
#4572 = DIRECTION('',(0.,-1.,0.));
#4573 = DIRECTION('',(-1.,0.,0.));
#4574 = ADVANCED_FACE('',(#4575),#4592,.T.);
#4575 = FACE_BOUND('',#4576,.T.);
#4576 = EDGE_LOOP('',(#4577,#4578,#4585,#4591));
#4577 = ORIENTED_EDGE('',*,*,#4526,.F.);
#4578 = ORIENTED_EDGE('',*,*,#4579,.T.);
#4579 = EDGE_CURVE('',#4520,#4580,#4582,.T.);
#4580 = VERTEX_POINT('',#4581);
#4581 = CARTESIAN_POINT('',(222.600003,6.E-15,14.472721435077));
#4582 = B_SPLINE_CURVE_WITH_KNOTS('',1,(#4583,#4584),.UNSPECIFIED.,.F.,
  .F.,(2,2),(0.,1.),.PIECEWISE_BEZIER_KNOTS.);
#4583 = CARTESIAN_POINT('',(222.600003,5.1,14.472721435077));
#4584 = CARTESIAN_POINT('',(222.600003,-1.E-01,14.472721435077));
#4585 = ORIENTED_EDGE('',*,*,#4586,.F.);
#4586 = EDGE_CURVE('',#1120,#4580,#4587,.T.);
#4587 = LINE('',#4588,#4589);
#4588 = CARTESIAN_POINT('',(222.600003,6.E-15,14.75));
#4589 = VECTOR('',#4590,1.);
#4590 = DIRECTION('',(0.,0.,-1.));
#4591 = ORIENTED_EDGE('',*,*,#1119,.T.);
#4592 = PLANE('',#4593);
#4593 = AXIS2_PLACEMENT_3D('',#4594,#4595,#4596);
#4594 = CARTESIAN_POINT('',(222.600003,-1.E-01,2.5));
#4595 = DIRECTION('',(-1.,0.,0.));
#4596 = DIRECTION('',(0.,1.,0.));
#4597 = ADVANCED_FACE('',(#4598),#4653,.F.);
#4598 = FACE_BOUND('',#4599,.F.);
#4599 = EDGE_LOOP('',(#4600,#4601,#4609,#4617,#4652));
#4600 = ORIENTED_EDGE('',*,*,#1127,.F.);
#4601 = ORIENTED_EDGE('',*,*,#4602,.F.);
#4602 = EDGE_CURVE('',#4603,#1128,#4605,.T.);
#4603 = VERTEX_POINT('',#4604);
#4604 = CARTESIAN_POINT('',(227.,0.,13.));
#4605 = LINE('',#4606,#4607);
#4606 = CARTESIAN_POINT('',(227.,0.,13.));
#4607 = VECTOR('',#4608,1.);
#4608 = DIRECTION('',(0.,0.,1.));
#4609 = ORIENTED_EDGE('',*,*,#4610,.F.);
#4610 = EDGE_CURVE('',#4611,#4603,#4613,.T.);
#4611 = VERTEX_POINT('',#4612);
#4612 = CARTESIAN_POINT('',(223.13602976573,0.,13.));
#4613 = LINE('',#4614,#4615);
#4614 = CARTESIAN_POINT('',(203.,0.,13.));
#4615 = VECTOR('',#4616,1.);
#4616 = DIRECTION('',(1.,0.,0.));
#4617 = ORIENTED_EDGE('',*,*,#4618,.T.);
#4618 = EDGE_CURVE('',#4611,#4580,#4619,.T.);
#4619 = B_SPLINE_CURVE_WITH_KNOTS('',6,(#4620,#4621,#4622,#4623,#4624,
    #4625,#4626,#4627,#4628,#4629,#4630,#4631,#4632,#4633,#4634,#4635,
    #4636,#4637,#4638,#4639,#4640,#4641,#4642,#4643,#4644,#4645,#4646,
    #4647,#4648,#4649,#4650,#4651),.UNSPECIFIED.,.F.,.F.,(7,5,5,5,5,5,7)
  ,(0.,0.492054051133,0.743592757572,0.87056636073,0.932669227718,
    0.963778241769,1.),.UNSPECIFIED.);
#4620 = CARTESIAN_POINT('',(223.13602976573,6.E-15,13.));
#4621 = CARTESIAN_POINT('',(223.09112609296,6.E-15,13.123371826986));
#4622 = CARTESIAN_POINT('',(223.04634919432,6.E-15,13.246395344909));
#4623 = CARTESIAN_POINT('',(223.00171068813,6.E-15,13.369038632715));
#4624 = CARTESIAN_POINT('',(222.95722406224,6.E-15,13.491264632801));
#4625 = CARTESIAN_POINT('',(222.91290467408,6.E-15,13.613031151018));
#4626 = CARTESIAN_POINT('',(222.84620791714,6.E-15,13.79627898467));
#4627 = CARTESIAN_POINT('',(222.82369431774,6.E-15,13.858134590657));
#4628 = CARTESIAN_POINT('',(222.80123127497,6.E-15,13.919851293429));
#4629 = CARTESIAN_POINT('',(222.77882127153,6.E-15,13.981422271847));
#4630 = CARTESIAN_POINT('',(222.75646695024,6.E-15,14.042840264834));
#4631 = CARTESIAN_POINT('',(222.72291645386,6.E-15,14.135019496048));
#4632 = CARTESIAN_POINT('',(222.71167669732,6.E-15,14.165900473341));
#4633 = CARTESIAN_POINT('',(222.70045220565,6.E-15,14.196739510749));
#4634 = CARTESIAN_POINT('',(222.68924335142,6.E-15,14.22753558463));
#4635 = CARTESIAN_POINT('',(222.67805051855,6.E-15,14.25828764021));
#4636 = CARTESIAN_POINT('',(222.66140771022,6.E-15,14.304013380281));
#4637 = CARTESIAN_POINT('',(222.65594524537,6.E-15,14.319021379103));
#4638 = CARTESIAN_POINT('',(222.65048675398,6.E-15,14.334018460945));
#4639 = CARTESIAN_POINT('',(222.64503228298,6.E-15,14.349004496862));
#4640 = CARTESIAN_POINT('',(222.63958187997,6.E-15,14.363979356072));
#4641 = CARTESIAN_POINT('',(222.63140740014,6.E-15,14.386438554802));
#4642 = CARTESIAN_POINT('',(222.6286792103,6.E-15,14.393934194801));
#4643 = CARTESIAN_POINT('',(222.62595102368,6.E-15,14.40142982593));
#4644 = CARTESIAN_POINT('',(222.62322284029,6.E-15,14.408925448171));
#4645 = CARTESIAN_POINT('',(222.62049466015,6.E-15,14.416421061506));
#4646 = CARTESIAN_POINT('',(222.61458993245,6.E-15,14.432644167544));
#4647 = CARTESIAN_POINT('',(222.61182710941,6.E-15,14.440234961465));
#4648 = CARTESIAN_POINT('',(222.60884644257,6.E-15,14.448424276284));
#4649 = CARTESIAN_POINT('',(222.60552936764,6.E-15,14.457537864749));
#4650 = CARTESIAN_POINT('',(222.60227550188,6.E-15,14.466477787466));
#4651 = CARTESIAN_POINT('',(222.600003,6.E-15,14.472721435077));
#4652 = ORIENTED_EDGE('',*,*,#4586,.F.);
#4653 = PLANE('',#4654);
#4654 = AXIS2_PLACEMENT_3D('',#4655,#4656,#4657);
#4655 = CARTESIAN_POINT('',(125.,6.E-15,27.));
#4656 = DIRECTION('',(0.,1.,0.));
#4657 = DIRECTION('',(0.,0.,1.));
#4658 = ADVANCED_FACE('',(#4659),#4670,.T.);
#4659 = FACE_BOUND('',#4660,.T.);
#4660 = EDGE_LOOP('',(#4661,#4662,#4668,#4669));
#4661 = ORIENTED_EDGE('',*,*,#4602,.F.);
#4662 = ORIENTED_EDGE('',*,*,#4663,.T.);
#4663 = EDGE_CURVE('',#4603,#3732,#4664,.T.);
#4664 = LINE('',#4665,#4666);
#4665 = CARTESIAN_POINT('',(227.,2.89E-15,13.));
#4666 = VECTOR('',#4667,1.);
#4667 = DIRECTION('',(0.,-1.,2.2E-16));
#4668 = ORIENTED_EDGE('',*,*,#3731,.F.);
#4669 = ORIENTED_EDGE('',*,*,#1135,.F.);
#4670 = PLANE('',#4671);
#4671 = AXIS2_PLACEMENT_3D('',#4672,#4673,#4674);
#4672 = CARTESIAN_POINT('',(227.,2.89E-15,13.));
#4673 = DIRECTION('',(-1.,0.,0.));
#4674 = DIRECTION('',(0.,2.2E-16,1.));
#4675 = ADVANCED_FACE('',(#4676),#4712,.F.);
#4676 = FACE_BOUND('',#4677,.F.);
#4677 = EDGE_LOOP('',(#4678,#4679,#4687,#4693,#4694,#4695,#4696,#4697,
    #4698,#4706));
#4678 = ORIENTED_EDGE('',*,*,#1151,.F.);
#4679 = ORIENTED_EDGE('',*,*,#4680,.T.);
#4680 = EDGE_CURVE('',#1152,#4681,#4683,.T.);
#4681 = VERTEX_POINT('',#4682);
#4682 = CARTESIAN_POINT('',(-18.6,77.100001,24.4));
#4683 = LINE('',#4684,#4685);
#4684 = CARTESIAN_POINT('',(-18.6,77.100001,41.));
#4685 = VECTOR('',#4686,1.);
#4686 = DIRECTION('',(-0.,-0.,-1.));
#4687 = ORIENTED_EDGE('',*,*,#4688,.T.);
#4688 = EDGE_CURVE('',#4681,#1950,#4689,.T.);
#4689 = LINE('',#4690,#4691);
#4690 = CARTESIAN_POINT('',(-18.6,77.100001,24.4));
#4691 = VECTOR('',#4692,1.);
#4692 = DIRECTION('',(0.,-1.,0.));
#4693 = ORIENTED_EDGE('',*,*,#1949,.T.);
#4694 = ORIENTED_EDGE('',*,*,#1899,.T.);
#4695 = ORIENTED_EDGE('',*,*,#1989,.T.);
#4696 = ORIENTED_EDGE('',*,*,#2014,.F.);
#4697 = ORIENTED_EDGE('',*,*,#1930,.T.);
#4698 = ORIENTED_EDGE('',*,*,#4699,.T.);
#4699 = EDGE_CURVE('',#1933,#4700,#4702,.T.);
#4700 = VERTEX_POINT('',#4701);
#4701 = CARTESIAN_POINT('',(-18.6,66.900001,24.4));
#4702 = LINE('',#4703,#4704);
#4703 = CARTESIAN_POINT('',(-18.6,77.100001,24.4));
#4704 = VECTOR('',#4705,1.);
#4705 = DIRECTION('',(0.,-1.,0.));
#4706 = ORIENTED_EDGE('',*,*,#4707,.F.);
#4707 = EDGE_CURVE('',#1154,#4700,#4708,.T.);
#4708 = LINE('',#4709,#4710);
#4709 = CARTESIAN_POINT('',(-18.6,66.900001,41.));
#4710 = VECTOR('',#4711,1.);
#4711 = DIRECTION('',(-0.,-0.,-1.));
#4712 = PLANE('',#4713);
#4713 = AXIS2_PLACEMENT_3D('',#4714,#4715,#4716);
#4714 = CARTESIAN_POINT('',(-18.6,77.100001,41.));
#4715 = DIRECTION('',(-1.,0.,0.));
#4716 = DIRECTION('',(0.,-1.,0.));
#4717 = ADVANCED_FACE('',(#4718),#4736,.F.);
#4718 = FACE_BOUND('',#4719,.F.);
#4719 = EDGE_LOOP('',(#4720,#4721,#4729,#4735));
#4720 = ORIENTED_EDGE('',*,*,#1161,.F.);
#4721 = ORIENTED_EDGE('',*,*,#4722,.T.);
#4722 = EDGE_CURVE('',#1162,#4723,#4725,.T.);
#4723 = VERTEX_POINT('',#4724);
#4724 = CARTESIAN_POINT('',(-13.4,77.100001,24.4));
#4725 = LINE('',#4726,#4727);
#4726 = CARTESIAN_POINT('',(-13.4,77.100001,41.));
#4727 = VECTOR('',#4728,1.);
#4728 = DIRECTION('',(-0.,-0.,-1.));
#4729 = ORIENTED_EDGE('',*,*,#4730,.T.);
#4730 = EDGE_CURVE('',#4723,#4681,#4731,.T.);
#4731 = LINE('',#4732,#4733);
#4732 = CARTESIAN_POINT('',(-13.4,77.100001,24.4));
#4733 = VECTOR('',#4734,1.);
#4734 = DIRECTION('',(-1.,0.,0.));
#4735 = ORIENTED_EDGE('',*,*,#4680,.F.);
#4736 = PLANE('',#4737);
#4737 = AXIS2_PLACEMENT_3D('',#4738,#4739,#4740);
#4738 = CARTESIAN_POINT('',(-13.4,77.100001,41.));
#4739 = DIRECTION('',(0.,1.,0.));
#4740 = DIRECTION('',(-1.,0.,0.));
#4741 = ADVANCED_FACE('',(#4742),#4760,.F.);
#4742 = FACE_BOUND('',#4743,.F.);
#4743 = EDGE_LOOP('',(#4744,#4745,#4753,#4759));
#4744 = ORIENTED_EDGE('',*,*,#1169,.F.);
#4745 = ORIENTED_EDGE('',*,*,#4746,.T.);
#4746 = EDGE_CURVE('',#1170,#4747,#4749,.T.);
#4747 = VERTEX_POINT('',#4748);
#4748 = CARTESIAN_POINT('',(-13.4,66.900001,24.4));
#4749 = LINE('',#4750,#4751);
#4750 = CARTESIAN_POINT('',(-13.4,66.900001,41.));
#4751 = VECTOR('',#4752,1.);
#4752 = DIRECTION('',(-0.,-0.,-1.));
#4753 = ORIENTED_EDGE('',*,*,#4754,.T.);
#4754 = EDGE_CURVE('',#4747,#4723,#4755,.T.);
#4755 = LINE('',#4756,#4757);
#4756 = CARTESIAN_POINT('',(-13.4,66.900001,24.4));
#4757 = VECTOR('',#4758,1.);
#4758 = DIRECTION('',(0.,1.,0.));
#4759 = ORIENTED_EDGE('',*,*,#4722,.F.);
#4760 = PLANE('',#4761);
#4761 = AXIS2_PLACEMENT_3D('',#4762,#4763,#4764);
#4762 = CARTESIAN_POINT('',(-13.4,66.900001,41.));
#4763 = DIRECTION('',(1.,0.,0.));
#4764 = DIRECTION('',(0.,1.,0.));
#4765 = ADVANCED_FACE('',(#4766),#4777,.F.);
#4766 = FACE_BOUND('',#4767,.F.);
#4767 = EDGE_LOOP('',(#4768,#4769,#4770,#4776));
#4768 = ORIENTED_EDGE('',*,*,#1177,.F.);
#4769 = ORIENTED_EDGE('',*,*,#4707,.T.);
#4770 = ORIENTED_EDGE('',*,*,#4771,.T.);
#4771 = EDGE_CURVE('',#4700,#4747,#4772,.T.);
#4772 = LINE('',#4773,#4774);
#4773 = CARTESIAN_POINT('',(-18.6,66.900001,24.4));
#4774 = VECTOR('',#4775,1.);
#4775 = DIRECTION('',(1.,0.,0.));
#4776 = ORIENTED_EDGE('',*,*,#4746,.F.);
#4777 = PLANE('',#4778);
#4778 = AXIS2_PLACEMENT_3D('',#4779,#4780,#4781);
#4779 = CARTESIAN_POINT('',(-18.6,66.900001,41.));
#4780 = DIRECTION('',(0.,-1.,0.));
#4781 = DIRECTION('',(1.,0.,0.));
#4782 = ADVANCED_FACE('',(#4783),#4859,.F.);
#4783 = FACE_BOUND('',#4784,.F.);
#4784 = EDGE_LOOP('',(#4785,#4786,#4794,#4802,#4811,#4819,#4828,#4836,
    #4845,#4853));
#4785 = ORIENTED_EDGE('',*,*,#1185,.F.);
#4786 = ORIENTED_EDGE('',*,*,#4787,.T.);
#4787 = EDGE_CURVE('',#1186,#4788,#4790,.T.);
#4788 = VERTEX_POINT('',#4789);
#4789 = CARTESIAN_POINT('',(-18.6,49.100001,24.4));
#4790 = LINE('',#4791,#4792);
#4791 = CARTESIAN_POINT('',(-18.6,49.100001,41.));
#4792 = VECTOR('',#4793,1.);
#4793 = DIRECTION('',(-0.,-0.,-1.));
#4794 = ORIENTED_EDGE('',*,*,#4795,.T.);
#4795 = EDGE_CURVE('',#4788,#4796,#4798,.T.);
#4796 = VERTEX_POINT('',#4797);
#4797 = CARTESIAN_POINT('',(-18.6,46.343074731332,24.4));
#4798 = LINE('',#4799,#4800);
#4799 = CARTESIAN_POINT('',(-18.6,49.100001,24.4));
#4800 = VECTOR('',#4801,1.);
#4801 = DIRECTION('',(0.,-1.,0.));
#4802 = ORIENTED_EDGE('',*,*,#4803,.T.);
#4803 = EDGE_CURVE('',#4796,#4804,#4806,.T.);
#4804 = VERTEX_POINT('',#4805);
#4805 = CARTESIAN_POINT('',(-18.6,47.499999232051,26.999999462436));
#4806 = CIRCLE('',#4807,3.5);
#4807 = AXIS2_PLACEMENT_3D('',#4808,#4809,#4810);
#4808 = CARTESIAN_POINT('',(-18.6,43.999999232051,26.999999462436));
#4809 = DIRECTION('',(1.,0.,0.));
#4810 = DIRECTION('',(0.,1.,0.));
#4811 = ORIENTED_EDGE('',*,*,#4812,.T.);
#4812 = EDGE_CURVE('',#4804,#4813,#4815,.T.);
#4813 = VERTEX_POINT('',#4814);
#4814 = CARTESIAN_POINT('',(-18.6,47.499999232051,32.000000537564));
#4815 = LINE('',#4816,#4817);
#4816 = CARTESIAN_POINT('',(-18.6,47.499999232051,36.500000268782));
#4817 = VECTOR('',#4818,1.);
#4818 = DIRECTION('',(0.,0.,1.));
#4819 = ORIENTED_EDGE('',*,*,#4820,.T.);
#4820 = EDGE_CURVE('',#4813,#4821,#4823,.T.);
#4821 = VERTEX_POINT('',#4822);
#4822 = CARTESIAN_POINT('',(-18.6,40.499999232051,32.000000537564));
#4823 = CIRCLE('',#4824,3.5);
#4824 = AXIS2_PLACEMENT_3D('',#4825,#4826,#4827);
#4825 = CARTESIAN_POINT('',(-18.6,43.999999232051,32.000000537564));
#4826 = DIRECTION('',(1.,0.,0.));
#4827 = DIRECTION('',(0.,1.,0.));
#4828 = ORIENTED_EDGE('',*,*,#4829,.F.);
#4829 = EDGE_CURVE('',#4830,#4821,#4832,.T.);
#4830 = VERTEX_POINT('',#4831);
#4831 = CARTESIAN_POINT('',(-18.6,40.499999232051,26.999999462436));
#4832 = LINE('',#4833,#4834);
#4833 = CARTESIAN_POINT('',(-18.6,40.499999232051,36.500000268782));
#4834 = VECTOR('',#4835,1.);
#4835 = DIRECTION('',(0.,-7.11E-15,1.));
#4836 = ORIENTED_EDGE('',*,*,#4837,.T.);
#4837 = EDGE_CURVE('',#4830,#4838,#4840,.T.);
#4838 = VERTEX_POINT('',#4839);
#4839 = CARTESIAN_POINT('',(-18.6,41.656923732769,24.4));
#4840 = CIRCLE('',#4841,3.5);
#4841 = AXIS2_PLACEMENT_3D('',#4842,#4843,#4844);
#4842 = CARTESIAN_POINT('',(-18.6,43.999999232051,26.999999462436));
#4843 = DIRECTION('',(1.,0.,0.));
#4844 = DIRECTION('',(0.,1.,0.));
#4845 = ORIENTED_EDGE('',*,*,#4846,.T.);
#4846 = EDGE_CURVE('',#4838,#4847,#4849,.T.);
#4847 = VERTEX_POINT('',#4848);
#4848 = CARTESIAN_POINT('',(-18.6,38.900001,24.4));
#4849 = LINE('',#4850,#4851);
#4850 = CARTESIAN_POINT('',(-18.6,49.100001,24.4));
#4851 = VECTOR('',#4852,1.);
#4852 = DIRECTION('',(0.,-1.,0.));
#4853 = ORIENTED_EDGE('',*,*,#4854,.F.);
#4854 = EDGE_CURVE('',#1188,#4847,#4855,.T.);
#4855 = LINE('',#4856,#4857);
#4856 = CARTESIAN_POINT('',(-18.6,38.900001,41.));
#4857 = VECTOR('',#4858,1.);
#4858 = DIRECTION('',(-0.,-0.,-1.));
#4859 = PLANE('',#4860);
#4860 = AXIS2_PLACEMENT_3D('',#4861,#4862,#4863);
#4861 = CARTESIAN_POINT('',(-18.6,49.100001,41.));
#4862 = DIRECTION('',(-1.,0.,0.));
#4863 = DIRECTION('',(0.,-1.,0.));
#4864 = ADVANCED_FACE('',(#4865),#4883,.F.);
#4865 = FACE_BOUND('',#4866,.F.);
#4866 = EDGE_LOOP('',(#4867,#4868,#4876,#4882));
#4867 = ORIENTED_EDGE('',*,*,#1195,.F.);
#4868 = ORIENTED_EDGE('',*,*,#4869,.T.);
#4869 = EDGE_CURVE('',#1196,#4870,#4872,.T.);
#4870 = VERTEX_POINT('',#4871);
#4871 = CARTESIAN_POINT('',(-13.4,49.100001,24.4));
#4872 = LINE('',#4873,#4874);
#4873 = CARTESIAN_POINT('',(-13.4,49.100001,41.));
#4874 = VECTOR('',#4875,1.);
#4875 = DIRECTION('',(-0.,-0.,-1.));
#4876 = ORIENTED_EDGE('',*,*,#4877,.T.);
#4877 = EDGE_CURVE('',#4870,#4788,#4878,.T.);
#4878 = LINE('',#4879,#4880);
#4879 = CARTESIAN_POINT('',(-13.4,49.100001,24.4));
#4880 = VECTOR('',#4881,1.);
#4881 = DIRECTION('',(-1.,0.,0.));
#4882 = ORIENTED_EDGE('',*,*,#4787,.F.);
#4883 = PLANE('',#4884);
#4884 = AXIS2_PLACEMENT_3D('',#4885,#4886,#4887);
#4885 = CARTESIAN_POINT('',(-13.4,49.100001,41.));
#4886 = DIRECTION('',(0.,1.,0.));
#4887 = DIRECTION('',(-1.,0.,0.));
#4888 = ADVANCED_FACE('',(#4889),#4907,.F.);
#4889 = FACE_BOUND('',#4890,.F.);
#4890 = EDGE_LOOP('',(#4891,#4892,#4900,#4906));
#4891 = ORIENTED_EDGE('',*,*,#1203,.F.);
#4892 = ORIENTED_EDGE('',*,*,#4893,.T.);
#4893 = EDGE_CURVE('',#1204,#4894,#4896,.T.);
#4894 = VERTEX_POINT('',#4895);
#4895 = CARTESIAN_POINT('',(-13.4,38.900001,24.4));
#4896 = LINE('',#4897,#4898);
#4897 = CARTESIAN_POINT('',(-13.4,38.900001,41.));
#4898 = VECTOR('',#4899,1.);
#4899 = DIRECTION('',(-0.,-0.,-1.));
#4900 = ORIENTED_EDGE('',*,*,#4901,.T.);
#4901 = EDGE_CURVE('',#4894,#4870,#4902,.T.);
#4902 = LINE('',#4903,#4904);
#4903 = CARTESIAN_POINT('',(-13.4,38.900001,24.4));
#4904 = VECTOR('',#4905,1.);
#4905 = DIRECTION('',(0.,1.,0.));
#4906 = ORIENTED_EDGE('',*,*,#4869,.F.);
#4907 = PLANE('',#4908);
#4908 = AXIS2_PLACEMENT_3D('',#4909,#4910,#4911);
#4909 = CARTESIAN_POINT('',(-13.4,38.900001,41.));
#4910 = DIRECTION('',(1.,0.,0.));
#4911 = DIRECTION('',(0.,1.,0.));
#4912 = ADVANCED_FACE('',(#4913),#4924,.F.);
#4913 = FACE_BOUND('',#4914,.F.);
#4914 = EDGE_LOOP('',(#4915,#4916,#4917,#4923));
#4915 = ORIENTED_EDGE('',*,*,#1211,.F.);
#4916 = ORIENTED_EDGE('',*,*,#4854,.T.);
#4917 = ORIENTED_EDGE('',*,*,#4918,.T.);
#4918 = EDGE_CURVE('',#4847,#4894,#4919,.T.);
#4919 = LINE('',#4920,#4921);
#4920 = CARTESIAN_POINT('',(-18.6,38.900001,24.4));
#4921 = VECTOR('',#4922,1.);
#4922 = DIRECTION('',(1.,0.,0.));
#4923 = ORIENTED_EDGE('',*,*,#4893,.F.);
#4924 = PLANE('',#4925);
#4925 = AXIS2_PLACEMENT_3D('',#4926,#4927,#4928);
#4926 = CARTESIAN_POINT('',(-18.6,38.900001,41.));
#4927 = DIRECTION('',(0.,-1.,0.));
#4928 = DIRECTION('',(1.,0.,0.));
#4929 = ADVANCED_FACE('',(#4930),#4955,.F.);
#4930 = FACE_BOUND('',#4931,.F.);
#4931 = EDGE_LOOP('',(#4932,#4940,#4948,#4954));
#4932 = ORIENTED_EDGE('',*,*,#4933,.T.);
#4933 = EDGE_CURVE('',#1220,#4934,#4936,.T.);
#4934 = VERTEX_POINT('',#4935);
#4935 = CARTESIAN_POINT('',(29.9,12.6,20.));
#4936 = LINE('',#4937,#4938);
#4937 = CARTESIAN_POINT('',(29.9,12.6,39.));
#4938 = VECTOR('',#4939,1.);
#4939 = DIRECTION('',(-0.,-0.,-1.));
#4940 = ORIENTED_EDGE('',*,*,#4941,.T.);
#4941 = EDGE_CURVE('',#4934,#4942,#4944,.T.);
#4942 = VERTEX_POINT('',#4943);
#4943 = CARTESIAN_POINT('',(29.9,7.4,20.));
#4944 = LINE('',#4945,#4946);
#4945 = CARTESIAN_POINT('',(29.9,12.6,20.));
#4946 = VECTOR('',#4947,1.);
#4947 = DIRECTION('',(0.,-1.,0.));
#4948 = ORIENTED_EDGE('',*,*,#4949,.F.);
#4949 = EDGE_CURVE('',#1222,#4942,#4950,.T.);
#4950 = LINE('',#4951,#4952);
#4951 = CARTESIAN_POINT('',(29.9,7.4,39.));
#4952 = VECTOR('',#4953,1.);
#4953 = DIRECTION('',(-0.,-0.,-1.));
#4954 = ORIENTED_EDGE('',*,*,#1219,.F.);
#4955 = PLANE('',#4956);
#4956 = AXIS2_PLACEMENT_3D('',#4957,#4958,#4959);
#4957 = CARTESIAN_POINT('',(29.9,12.6,39.));
#4958 = DIRECTION('',(-1.,0.,0.));
#4959 = DIRECTION('',(0.,-1.,0.));
#4960 = ADVANCED_FACE('',(#4961),#4979,.F.);
#4961 = FACE_BOUND('',#4962,.F.);
#4962 = EDGE_LOOP('',(#4963,#4971,#4977,#4978));
#4963 = ORIENTED_EDGE('',*,*,#4964,.T.);
#4964 = EDGE_CURVE('',#1230,#4965,#4967,.T.);
#4965 = VERTEX_POINT('',#4966);
#4966 = CARTESIAN_POINT('',(40.100001,12.6,20.));
#4967 = LINE('',#4968,#4969);
#4968 = CARTESIAN_POINT('',(40.100001,12.6,39.));
#4969 = VECTOR('',#4970,1.);
#4970 = DIRECTION('',(-0.,-0.,-1.));
#4971 = ORIENTED_EDGE('',*,*,#4972,.T.);
#4972 = EDGE_CURVE('',#4965,#4934,#4973,.T.);
#4973 = LINE('',#4974,#4975);
#4974 = CARTESIAN_POINT('',(40.100001,12.6,20.));
#4975 = VECTOR('',#4976,1.);
#4976 = DIRECTION('',(-1.,0.,0.));
#4977 = ORIENTED_EDGE('',*,*,#4933,.F.);
#4978 = ORIENTED_EDGE('',*,*,#1229,.F.);
#4979 = PLANE('',#4980);
#4980 = AXIS2_PLACEMENT_3D('',#4981,#4982,#4983);
#4981 = CARTESIAN_POINT('',(40.100001,12.6,39.));
#4982 = DIRECTION('',(0.,1.,0.));
#4983 = DIRECTION('',(-1.,0.,0.));
#4984 = ADVANCED_FACE('',(#4985),#5003,.F.);
#4985 = FACE_BOUND('',#4986,.F.);
#4986 = EDGE_LOOP('',(#4987,#4995,#5001,#5002));
#4987 = ORIENTED_EDGE('',*,*,#4988,.T.);
#4988 = EDGE_CURVE('',#1238,#4989,#4991,.T.);
#4989 = VERTEX_POINT('',#4990);
#4990 = CARTESIAN_POINT('',(40.100001,7.4,20.));
#4991 = LINE('',#4992,#4993);
#4992 = CARTESIAN_POINT('',(40.100001,7.4,39.));
#4993 = VECTOR('',#4994,1.);
#4994 = DIRECTION('',(-0.,-0.,-1.));
#4995 = ORIENTED_EDGE('',*,*,#4996,.T.);
#4996 = EDGE_CURVE('',#4989,#4965,#4997,.T.);
#4997 = LINE('',#4998,#4999);
#4998 = CARTESIAN_POINT('',(40.100001,7.4,20.));
#4999 = VECTOR('',#5000,1.);
#5000 = DIRECTION('',(0.,1.,0.));
#5001 = ORIENTED_EDGE('',*,*,#4964,.F.);
#5002 = ORIENTED_EDGE('',*,*,#1237,.F.);
#5003 = PLANE('',#5004);
#5004 = AXIS2_PLACEMENT_3D('',#5005,#5006,#5007);
#5005 = CARTESIAN_POINT('',(40.100001,7.4,39.));
#5006 = DIRECTION('',(1.,0.,0.));
#5007 = DIRECTION('',(0.,1.,0.));
#5008 = ADVANCED_FACE('',(#5009),#5071,.F.);
#5009 = FACE_BOUND('',#5010,.F.);
#5010 = EDGE_LOOP('',(#5011,#5012,#5013,#5021,#5030,#5038,#5047,#5055,
    #5064,#5070));
#5011 = ORIENTED_EDGE('',*,*,#1245,.F.);
#5012 = ORIENTED_EDGE('',*,*,#4949,.T.);
#5013 = ORIENTED_EDGE('',*,*,#5014,.T.);
#5014 = EDGE_CURVE('',#4942,#5015,#5017,.T.);
#5015 = VERTEX_POINT('',#5016);
#5016 = CARTESIAN_POINT('',(33.197222344654,7.4,20.));
#5017 = LINE('',#5018,#5019);
#5018 = CARTESIAN_POINT('',(29.9,7.4,20.));
#5019 = VECTOR('',#5020,1.);
#5020 = DIRECTION('',(1.,0.,0.));
#5021 = ORIENTED_EDGE('',*,*,#5022,.F.);
#5022 = EDGE_CURVE('',#5023,#5015,#5025,.T.);
#5023 = VERTEX_POINT('',#5024);
#5024 = CARTESIAN_POINT('',(31.5,7.4,22.999998787564));
#5025 = CIRCLE('',#5026,3.5);
#5026 = AXIS2_PLACEMENT_3D('',#5027,#5028,#5029);
#5027 = CARTESIAN_POINT('',(35.,7.4,22.999998787564));
#5028 = DIRECTION('',(0.,-1.,2.2E-16));
#5029 = DIRECTION('',(1.,0.,0.));
#5030 = ORIENTED_EDGE('',*,*,#5031,.T.);
#5031 = EDGE_CURVE('',#5023,#5032,#5034,.T.);
#5032 = VERTEX_POINT('',#5033);
#5033 = CARTESIAN_POINT('',(31.5,7.4,28.));
#5034 = LINE('',#5035,#5036);
#5035 = CARTESIAN_POINT('',(31.5,7.4,33.5));
#5036 = VECTOR('',#5037,1.);
#5037 = DIRECTION('',(6.537E-14,0.,1.));
#5038 = ORIENTED_EDGE('',*,*,#5039,.F.);
#5039 = EDGE_CURVE('',#5040,#5032,#5042,.T.);
#5040 = VERTEX_POINT('',#5041);
#5041 = CARTESIAN_POINT('',(38.5,7.4,28.));
#5042 = CIRCLE('',#5043,3.5);
#5043 = AXIS2_PLACEMENT_3D('',#5044,#5045,#5046);
#5044 = CARTESIAN_POINT('',(35.,7.4,28.));
#5045 = DIRECTION('',(0.,-1.,2.2E-16));
#5046 = DIRECTION('',(1.,0.,0.));
#5047 = ORIENTED_EDGE('',*,*,#5048,.F.);
#5048 = EDGE_CURVE('',#5049,#5040,#5051,.T.);
#5049 = VERTEX_POINT('',#5050);
#5050 = CARTESIAN_POINT('',(38.5,7.4,22.999998787564));
#5051 = LINE('',#5052,#5053);
#5052 = CARTESIAN_POINT('',(38.5,7.4,33.5));
#5053 = VECTOR('',#5054,1.);
#5054 = DIRECTION('',(0.,0.,1.));
#5055 = ORIENTED_EDGE('',*,*,#5056,.F.);
#5056 = EDGE_CURVE('',#5057,#5049,#5059,.T.);
#5057 = VERTEX_POINT('',#5058);
#5058 = CARTESIAN_POINT('',(36.802777655346,7.4,20.));
#5059 = CIRCLE('',#5060,3.5);
#5060 = AXIS2_PLACEMENT_3D('',#5061,#5062,#5063);
#5061 = CARTESIAN_POINT('',(35.,7.4,22.999998787564));
#5062 = DIRECTION('',(0.,-1.,2.2E-16));
#5063 = DIRECTION('',(1.,0.,0.));
#5064 = ORIENTED_EDGE('',*,*,#5065,.T.);
#5065 = EDGE_CURVE('',#5057,#4989,#5066,.T.);
#5066 = LINE('',#5067,#5068);
#5067 = CARTESIAN_POINT('',(29.9,7.4,20.));
#5068 = VECTOR('',#5069,1.);
#5069 = DIRECTION('',(1.,0.,0.));
#5070 = ORIENTED_EDGE('',*,*,#4988,.F.);
#5071 = PLANE('',#5072);
#5072 = AXIS2_PLACEMENT_3D('',#5073,#5074,#5075);
#5073 = CARTESIAN_POINT('',(29.9,7.4,39.));
#5074 = DIRECTION('',(0.,-1.,0.));
#5075 = DIRECTION('',(1.,0.,0.));
#5076 = ADVANCED_FACE('',(#5077),#5102,.F.);
#5077 = FACE_BOUND('',#5078,.F.);
#5078 = EDGE_LOOP('',(#5079,#5087,#5095,#5101));
#5079 = ORIENTED_EDGE('',*,*,#5080,.T.);
#5080 = EDGE_CURVE('',#1254,#5081,#5083,.T.);
#5081 = VERTEX_POINT('',#5082);
#5082 = CARTESIAN_POINT('',(119.900002,12.1,20.));
#5083 = LINE('',#5084,#5085);
#5084 = CARTESIAN_POINT('',(119.900002,12.1,39.));
#5085 = VECTOR('',#5086,1.);
#5086 = DIRECTION('',(-0.,-0.,-1.));
#5087 = ORIENTED_EDGE('',*,*,#5088,.T.);
#5088 = EDGE_CURVE('',#5081,#5089,#5091,.T.);
#5089 = VERTEX_POINT('',#5090);
#5090 = CARTESIAN_POINT('',(119.900002,6.9,20.));
#5091 = LINE('',#5092,#5093);
#5092 = CARTESIAN_POINT('',(119.900002,12.1,20.));
#5093 = VECTOR('',#5094,1.);
#5094 = DIRECTION('',(0.,-1.,0.));
#5095 = ORIENTED_EDGE('',*,*,#5096,.F.);
#5096 = EDGE_CURVE('',#1256,#5089,#5097,.T.);
#5097 = LINE('',#5098,#5099);
#5098 = CARTESIAN_POINT('',(119.900002,6.9,39.));
#5099 = VECTOR('',#5100,1.);
#5100 = DIRECTION('',(-0.,-0.,-1.));
#5101 = ORIENTED_EDGE('',*,*,#1253,.F.);
#5102 = PLANE('',#5103);
#5103 = AXIS2_PLACEMENT_3D('',#5104,#5105,#5106);
#5104 = CARTESIAN_POINT('',(119.900002,12.1,39.));
#5105 = DIRECTION('',(-1.,0.,0.));
#5106 = DIRECTION('',(0.,-1.,0.));
#5107 = ADVANCED_FACE('',(#5108),#5126,.F.);
#5108 = FACE_BOUND('',#5109,.F.);
#5109 = EDGE_LOOP('',(#5110,#5118,#5124,#5125));
#5110 = ORIENTED_EDGE('',*,*,#5111,.T.);
#5111 = EDGE_CURVE('',#1264,#5112,#5114,.T.);
#5112 = VERTEX_POINT('',#5113);
#5113 = CARTESIAN_POINT('',(130.100002,12.1,20.));
#5114 = LINE('',#5115,#5116);
#5115 = CARTESIAN_POINT('',(130.100002,12.1,39.));
#5116 = VECTOR('',#5117,1.);
#5117 = DIRECTION('',(-0.,-0.,-1.));
#5118 = ORIENTED_EDGE('',*,*,#5119,.T.);
#5119 = EDGE_CURVE('',#5112,#5081,#5120,.T.);
#5120 = LINE('',#5121,#5122);
#5121 = CARTESIAN_POINT('',(130.100002,12.1,20.));
#5122 = VECTOR('',#5123,1.);
#5123 = DIRECTION('',(-1.,0.,0.));
#5124 = ORIENTED_EDGE('',*,*,#5080,.F.);
#5125 = ORIENTED_EDGE('',*,*,#1263,.F.);
#5126 = PLANE('',#5127);
#5127 = AXIS2_PLACEMENT_3D('',#5128,#5129,#5130);
#5128 = CARTESIAN_POINT('',(130.100002,12.1,39.));
#5129 = DIRECTION('',(0.,1.,0.));
#5130 = DIRECTION('',(-1.,0.,0.));
#5131 = ADVANCED_FACE('',(#5132),#5150,.F.);
#5132 = FACE_BOUND('',#5133,.F.);
#5133 = EDGE_LOOP('',(#5134,#5142,#5148,#5149));
#5134 = ORIENTED_EDGE('',*,*,#5135,.T.);
#5135 = EDGE_CURVE('',#1272,#5136,#5138,.T.);
#5136 = VERTEX_POINT('',#5137);
#5137 = CARTESIAN_POINT('',(130.100002,6.9,20.));
#5138 = LINE('',#5139,#5140);
#5139 = CARTESIAN_POINT('',(130.100002,6.9,39.));
#5140 = VECTOR('',#5141,1.);
#5141 = DIRECTION('',(-0.,-0.,-1.));
#5142 = ORIENTED_EDGE('',*,*,#5143,.T.);
#5143 = EDGE_CURVE('',#5136,#5112,#5144,.T.);
#5144 = LINE('',#5145,#5146);
#5145 = CARTESIAN_POINT('',(130.100002,6.9,20.));
#5146 = VECTOR('',#5147,1.);
#5147 = DIRECTION('',(0.,1.,0.));
#5148 = ORIENTED_EDGE('',*,*,#5111,.F.);
#5149 = ORIENTED_EDGE('',*,*,#1271,.F.);
#5150 = PLANE('',#5151);
#5151 = AXIS2_PLACEMENT_3D('',#5152,#5153,#5154);
#5152 = CARTESIAN_POINT('',(130.100002,6.9,39.));
#5153 = DIRECTION('',(1.,0.,0.));
#5154 = DIRECTION('',(0.,1.,0.));
#5155 = ADVANCED_FACE('',(#5156),#5218,.F.);
#5156 = FACE_BOUND('',#5157,.F.);
#5157 = EDGE_LOOP('',(#5158,#5159,#5160,#5168,#5177,#5185,#5194,#5202,
    #5211,#5217));
#5158 = ORIENTED_EDGE('',*,*,#1279,.F.);
#5159 = ORIENTED_EDGE('',*,*,#5096,.T.);
#5160 = ORIENTED_EDGE('',*,*,#5161,.T.);
#5161 = EDGE_CURVE('',#5089,#5162,#5164,.T.);
#5162 = VERTEX_POINT('',#5163);
#5163 = CARTESIAN_POINT('',(123.19722090905,6.9,20.));
#5164 = LINE('',#5165,#5166);
#5165 = CARTESIAN_POINT('',(119.900002,6.9,20.));
#5166 = VECTOR('',#5167,1.);
#5167 = DIRECTION('',(1.,0.,0.));
#5168 = ORIENTED_EDGE('',*,*,#5169,.F.);
#5169 = EDGE_CURVE('',#5170,#5162,#5172,.T.);
#5170 = VERTEX_POINT('',#5171);
#5171 = CARTESIAN_POINT('',(121.5,6.9,22.999997924872));
#5172 = CIRCLE('',#5173,3.5);
#5173 = AXIS2_PLACEMENT_3D('',#5174,#5175,#5176);
#5174 = CARTESIAN_POINT('',(125.,6.9,22.999997924871));
#5175 = DIRECTION('',(0.,-1.,2.2E-16));
#5176 = DIRECTION('',(1.,0.,0.));
#5177 = ORIENTED_EDGE('',*,*,#5178,.T.);
#5178 = EDGE_CURVE('',#5170,#5179,#5181,.T.);
#5179 = VERTEX_POINT('',#5180);
#5180 = CARTESIAN_POINT('',(121.5,6.9,27.999998787564));
#5181 = LINE('',#5182,#5183);
#5182 = CARTESIAN_POINT('',(121.5,6.9,33.499999393782));
#5183 = VECTOR('',#5184,1.);
#5184 = DIRECTION('',(-1.137E-14,0.,1.));
#5185 = ORIENTED_EDGE('',*,*,#5186,.F.);
#5186 = EDGE_CURVE('',#5187,#5179,#5189,.T.);
#5187 = VERTEX_POINT('',#5188);
#5188 = CARTESIAN_POINT('',(128.5,6.9,27.999998787564));
#5189 = CIRCLE('',#5190,3.5);
#5190 = AXIS2_PLACEMENT_3D('',#5191,#5192,#5193);
#5191 = CARTESIAN_POINT('',(125.,6.9,27.999998787564));
#5192 = DIRECTION('',(0.,-1.,2.2E-16));
#5193 = DIRECTION('',(1.,0.,0.));
#5194 = ORIENTED_EDGE('',*,*,#5195,.F.);
#5195 = EDGE_CURVE('',#5196,#5187,#5198,.T.);
#5196 = VERTEX_POINT('',#5197);
#5197 = CARTESIAN_POINT('',(128.5,6.9,22.999997924871));
#5198 = LINE('',#5199,#5200);
#5199 = CARTESIAN_POINT('',(128.5,6.9,33.499999393782));
#5200 = VECTOR('',#5201,1.);
#5201 = DIRECTION('',(0.,0.,1.));
#5202 = ORIENTED_EDGE('',*,*,#5203,.F.);
#5203 = EDGE_CURVE('',#5204,#5196,#5206,.T.);
#5204 = VERTEX_POINT('',#5205);
#5205 = CARTESIAN_POINT('',(126.80277909095,6.9,20.));
#5206 = CIRCLE('',#5207,3.5);
#5207 = AXIS2_PLACEMENT_3D('',#5208,#5209,#5210);
#5208 = CARTESIAN_POINT('',(125.,6.9,22.999997924871));
#5209 = DIRECTION('',(0.,-1.,2.2E-16));
#5210 = DIRECTION('',(1.,0.,0.));
#5211 = ORIENTED_EDGE('',*,*,#5212,.T.);
#5212 = EDGE_CURVE('',#5204,#5136,#5213,.T.);
#5213 = LINE('',#5214,#5215);
#5214 = CARTESIAN_POINT('',(119.900002,6.9,20.));
#5215 = VECTOR('',#5216,1.);
#5216 = DIRECTION('',(1.,0.,0.));
#5217 = ORIENTED_EDGE('',*,*,#5135,.F.);
#5218 = PLANE('',#5219);
#5219 = AXIS2_PLACEMENT_3D('',#5220,#5221,#5222);
#5220 = CARTESIAN_POINT('',(119.900002,6.9,39.));
#5221 = DIRECTION('',(0.,-1.,0.));
#5222 = DIRECTION('',(1.,0.,0.));
#5223 = ADVANCED_FACE('',(#5224),#5249,.F.);
#5224 = FACE_BOUND('',#5225,.F.);
#5225 = EDGE_LOOP('',(#5226,#5234,#5242,#5248));
#5226 = ORIENTED_EDGE('',*,*,#5227,.T.);
#5227 = EDGE_CURVE('',#1288,#5228,#5230,.T.);
#5228 = VERTEX_POINT('',#5229);
#5229 = CARTESIAN_POINT('',(209.900003,12.1,20.));
#5230 = LINE('',#5231,#5232);
#5231 = CARTESIAN_POINT('',(209.900003,12.1,39.));
#5232 = VECTOR('',#5233,1.);
#5233 = DIRECTION('',(-0.,-0.,-1.));
#5234 = ORIENTED_EDGE('',*,*,#5235,.T.);
#5235 = EDGE_CURVE('',#5228,#5236,#5238,.T.);
#5236 = VERTEX_POINT('',#5237);
#5237 = CARTESIAN_POINT('',(209.900003,6.9,20.));
#5238 = LINE('',#5239,#5240);
#5239 = CARTESIAN_POINT('',(209.900003,12.1,20.));
#5240 = VECTOR('',#5241,1.);
#5241 = DIRECTION('',(0.,-1.,0.));
#5242 = ORIENTED_EDGE('',*,*,#5243,.F.);
#5243 = EDGE_CURVE('',#1290,#5236,#5244,.T.);
#5244 = LINE('',#5245,#5246);
#5245 = CARTESIAN_POINT('',(209.900003,6.9,39.));
#5246 = VECTOR('',#5247,1.);
#5247 = DIRECTION('',(-0.,-0.,-1.));
#5248 = ORIENTED_EDGE('',*,*,#1287,.F.);
#5249 = PLANE('',#5250);
#5250 = AXIS2_PLACEMENT_3D('',#5251,#5252,#5253);
#5251 = CARTESIAN_POINT('',(209.900003,12.1,39.));
#5252 = DIRECTION('',(-1.,0.,0.));
#5253 = DIRECTION('',(0.,-1.,0.));
#5254 = ADVANCED_FACE('',(#5255),#5273,.F.);
#5255 = FACE_BOUND('',#5256,.F.);
#5256 = EDGE_LOOP('',(#5257,#5265,#5271,#5272));
#5257 = ORIENTED_EDGE('',*,*,#5258,.T.);
#5258 = EDGE_CURVE('',#1298,#5259,#5261,.T.);
#5259 = VERTEX_POINT('',#5260);
#5260 = CARTESIAN_POINT('',(220.100003,12.1,20.));
#5261 = LINE('',#5262,#5263);
#5262 = CARTESIAN_POINT('',(220.100003,12.1,39.));
#5263 = VECTOR('',#5264,1.);
#5264 = DIRECTION('',(-0.,-0.,-1.));
#5265 = ORIENTED_EDGE('',*,*,#5266,.T.);
#5266 = EDGE_CURVE('',#5259,#5228,#5267,.T.);
#5267 = LINE('',#5268,#5269);
#5268 = CARTESIAN_POINT('',(220.100003,12.1,20.));
#5269 = VECTOR('',#5270,1.);
#5270 = DIRECTION('',(-1.,0.,0.));
#5271 = ORIENTED_EDGE('',*,*,#5227,.F.);
#5272 = ORIENTED_EDGE('',*,*,#1297,.F.);
#5273 = PLANE('',#5274);
#5274 = AXIS2_PLACEMENT_3D('',#5275,#5276,#5277);
#5275 = CARTESIAN_POINT('',(220.100003,12.1,39.));
#5276 = DIRECTION('',(0.,1.,0.));
#5277 = DIRECTION('',(-1.,0.,0.));
#5278 = ADVANCED_FACE('',(#5279),#5297,.F.);
#5279 = FACE_BOUND('',#5280,.F.);
#5280 = EDGE_LOOP('',(#5281,#5289,#5295,#5296));
#5281 = ORIENTED_EDGE('',*,*,#5282,.T.);
#5282 = EDGE_CURVE('',#1306,#5283,#5285,.T.);
#5283 = VERTEX_POINT('',#5284);
#5284 = CARTESIAN_POINT('',(220.100003,6.9,20.));
#5285 = LINE('',#5286,#5287);
#5286 = CARTESIAN_POINT('',(220.100003,6.9,39.));
#5287 = VECTOR('',#5288,1.);
#5288 = DIRECTION('',(-0.,-0.,-1.));
#5289 = ORIENTED_EDGE('',*,*,#5290,.T.);
#5290 = EDGE_CURVE('',#5283,#5259,#5291,.T.);
#5291 = LINE('',#5292,#5293);
#5292 = CARTESIAN_POINT('',(220.100003,6.9,20.));
#5293 = VECTOR('',#5294,1.);
#5294 = DIRECTION('',(0.,1.,0.));
#5295 = ORIENTED_EDGE('',*,*,#5258,.F.);
#5296 = ORIENTED_EDGE('',*,*,#1305,.F.);
#5297 = PLANE('',#5298);
#5298 = AXIS2_PLACEMENT_3D('',#5299,#5300,#5301);
#5299 = CARTESIAN_POINT('',(220.100003,6.9,39.));
#5300 = DIRECTION('',(1.,0.,0.));
#5301 = DIRECTION('',(0.,1.,0.));
#5302 = ADVANCED_FACE('',(#5303),#5365,.F.);
#5303 = FACE_BOUND('',#5304,.F.);
#5304 = EDGE_LOOP('',(#5305,#5306,#5307,#5315,#5324,#5332,#5341,#5349,
    #5358,#5364));
#5305 = ORIENTED_EDGE('',*,*,#1313,.F.);
#5306 = ORIENTED_EDGE('',*,*,#5243,.T.);
#5307 = ORIENTED_EDGE('',*,*,#5308,.T.);
#5308 = EDGE_CURVE('',#5236,#5309,#5311,.T.);
#5309 = VERTEX_POINT('',#5310);
#5310 = CARTESIAN_POINT('',(213.19722269816,6.9,20.));
#5311 = LINE('',#5312,#5313);
#5312 = CARTESIAN_POINT('',(209.900003,6.9,20.));
#5313 = VECTOR('',#5314,1.);
#5314 = DIRECTION('',(1.,0.,0.));
#5315 = ORIENTED_EDGE('',*,*,#5316,.F.);
#5316 = EDGE_CURVE('',#5317,#5309,#5319,.T.);
#5317 = VERTEX_POINT('',#5318);
#5318 = CARTESIAN_POINT('',(211.5,6.9,22.999999));
#5319 = CIRCLE('',#5320,3.5);
#5320 = AXIS2_PLACEMENT_3D('',#5321,#5322,#5323);
#5321 = CARTESIAN_POINT('',(215.,6.9,22.999999));
#5322 = DIRECTION('',(0.,-1.,2.2E-16));
#5323 = DIRECTION('',(1.,0.,0.));
#5324 = ORIENTED_EDGE('',*,*,#5325,.T.);
#5325 = EDGE_CURVE('',#5317,#5326,#5328,.T.);
#5326 = VERTEX_POINT('',#5327);
#5327 = CARTESIAN_POINT('',(211.5,6.9,28.));
#5328 = LINE('',#5329,#5330);
#5329 = CARTESIAN_POINT('',(211.5,6.9,33.5));
#5330 = VECTOR('',#5331,1.);
#5331 = DIRECTION('',(-1.137E-14,0.,1.));
#5332 = ORIENTED_EDGE('',*,*,#5333,.F.);
#5333 = EDGE_CURVE('',#5334,#5326,#5336,.T.);
#5334 = VERTEX_POINT('',#5335);
#5335 = CARTESIAN_POINT('',(218.5,6.9,28.));
#5336 = CIRCLE('',#5337,3.5);
#5337 = AXIS2_PLACEMENT_3D('',#5338,#5339,#5340);
#5338 = CARTESIAN_POINT('',(215.,6.9,28.));
#5339 = DIRECTION('',(0.,-1.,2.2E-16));
#5340 = DIRECTION('',(1.,0.,0.));
#5341 = ORIENTED_EDGE('',*,*,#5342,.F.);
#5342 = EDGE_CURVE('',#5343,#5334,#5345,.T.);
#5343 = VERTEX_POINT('',#5344);
#5344 = CARTESIAN_POINT('',(218.5,6.9,22.999999));
#5345 = LINE('',#5346,#5347);
#5346 = CARTESIAN_POINT('',(218.5,6.9,33.5));
#5347 = VECTOR('',#5348,1.);
#5348 = DIRECTION('',(0.,0.,1.));
#5349 = ORIENTED_EDGE('',*,*,#5350,.F.);
#5350 = EDGE_CURVE('',#5351,#5343,#5353,.T.);
#5351 = VERTEX_POINT('',#5352);
#5352 = CARTESIAN_POINT('',(216.80277730183,6.9,20.));
#5353 = CIRCLE('',#5354,3.5);
#5354 = AXIS2_PLACEMENT_3D('',#5355,#5356,#5357);
#5355 = CARTESIAN_POINT('',(215.,6.9,22.999999));
#5356 = DIRECTION('',(0.,-1.,2.2E-16));
#5357 = DIRECTION('',(1.,0.,0.));
#5358 = ORIENTED_EDGE('',*,*,#5359,.T.);
#5359 = EDGE_CURVE('',#5351,#5283,#5360,.T.);
#5360 = LINE('',#5361,#5362);
#5361 = CARTESIAN_POINT('',(209.900003,6.9,20.));
#5362 = VECTOR('',#5363,1.);
#5363 = DIRECTION('',(1.,0.,0.));
#5364 = ORIENTED_EDGE('',*,*,#5282,.F.);
#5365 = PLANE('',#5366);
#5366 = AXIS2_PLACEMENT_3D('',#5367,#5368,#5369);
#5367 = CARTESIAN_POINT('',(209.900003,6.9,39.));
#5368 = DIRECTION('',(0.,-1.,0.));
#5369 = DIRECTION('',(1.,0.,0.));
#5370 = ADVANCED_FACE('',(#5371),#5382,.F.);
#5371 = FACE_BOUND('',#5372,.T.);
#5372 = EDGE_LOOP('',(#5373,#5379,#5380,#5381));
#5373 = ORIENTED_EDGE('',*,*,#5374,.T.);
#5374 = EDGE_CURVE('',#1843,#1322,#5375,.T.);
#5375 = LINE('',#5376,#5377);
#5376 = CARTESIAN_POINT('',(-6.,6.,2.5));
#5377 = VECTOR('',#5378,1.);
#5378 = DIRECTION('',(0.,0.,1.));
#5379 = ORIENTED_EDGE('',*,*,#1321,.T.);
#5380 = ORIENTED_EDGE('',*,*,#5374,.F.);
#5381 = ORIENTED_EDGE('',*,*,#1842,.F.);
#5382 = CYLINDRICAL_SURFACE('',#5383,4.);
#5383 = AXIS2_PLACEMENT_3D('',#5384,#5385,#5386);
#5384 = CARTESIAN_POINT('',(-10.,6.,2.5));
#5385 = DIRECTION('',(-0.,-0.,-1.));
#5386 = DIRECTION('',(1.,0.,0.));
#5387 = ADVANCED_FACE('',(#5388),#5399,.F.);
#5388 = FACE_BOUND('',#5389,.T.);
#5389 = EDGE_LOOP('',(#5390,#5396,#5397,#5398));
#5390 = ORIENTED_EDGE('',*,*,#5391,.T.);
#5391 = EDGE_CURVE('',#1854,#1333,#5392,.T.);
#5392 = LINE('',#5393,#5394);
#5393 = CARTESIAN_POINT('',(-16.,90.,2.5));
#5394 = VECTOR('',#5395,1.);
#5395 = DIRECTION('',(0.,0.,1.));
#5396 = ORIENTED_EDGE('',*,*,#1332,.T.);
#5397 = ORIENTED_EDGE('',*,*,#5391,.F.);
#5398 = ORIENTED_EDGE('',*,*,#1853,.F.);
#5399 = CYLINDRICAL_SURFACE('',#5400,4.);
#5400 = AXIS2_PLACEMENT_3D('',#5401,#5402,#5403);
#5401 = CARTESIAN_POINT('',(-20.,90.,2.5));
#5402 = DIRECTION('',(-0.,-0.,-1.));
#5403 = DIRECTION('',(1.,0.,0.));
#5404 = ADVANCED_FACE('',(#5405),#5424,.F.);
#5405 = FACE_BOUND('',#5406,.T.);
#5406 = EDGE_LOOP('',(#5407,#5415,#5416,#5417));
#5407 = ORIENTED_EDGE('',*,*,#5408,.T.);
#5408 = EDGE_CURVE('',#5409,#1344,#5411,.T.);
#5409 = VERTEX_POINT('',#5410);
#5410 = CARTESIAN_POINT('',(83.,6.,2.5));
#5411 = LINE('',#5412,#5413);
#5412 = CARTESIAN_POINT('',(83.,6.,2.5));
#5413 = VECTOR('',#5414,1.);
#5414 = DIRECTION('',(0.,0.,1.));
#5415 = ORIENTED_EDGE('',*,*,#1343,.T.);
#5416 = ORIENTED_EDGE('',*,*,#5408,.F.);
#5417 = ORIENTED_EDGE('',*,*,#5418,.F.);
#5418 = EDGE_CURVE('',#5409,#5409,#5419,.T.);
#5419 = CIRCLE('',#5420,3.);
#5420 = AXIS2_PLACEMENT_3D('',#5421,#5422,#5423);
#5421 = CARTESIAN_POINT('',(80.,6.,2.5));
#5422 = DIRECTION('',(0.,0.,1.));
#5423 = DIRECTION('',(1.,0.,0.));
#5424 = CYLINDRICAL_SURFACE('',#5425,3.);
#5425 = AXIS2_PLACEMENT_3D('',#5426,#5427,#5428);
#5426 = CARTESIAN_POINT('',(80.,6.,2.5));
#5427 = DIRECTION('',(-0.,-0.,-1.));
#5428 = DIRECTION('',(1.,0.,0.));
#5429 = ADVANCED_FACE('',(#5430),#5449,.F.);
#5430 = FACE_BOUND('',#5431,.T.);
#5431 = EDGE_LOOP('',(#5432,#5440,#5441,#5442));
#5432 = ORIENTED_EDGE('',*,*,#5433,.T.);
#5433 = EDGE_CURVE('',#5434,#1355,#5436,.T.);
#5434 = VERTEX_POINT('',#5435);
#5435 = CARTESIAN_POINT('',(173.,6.,2.5));
#5436 = LINE('',#5437,#5438);
#5437 = CARTESIAN_POINT('',(173.,6.,2.5));
#5438 = VECTOR('',#5439,1.);
#5439 = DIRECTION('',(0.,0.,1.));
#5440 = ORIENTED_EDGE('',*,*,#1354,.T.);
#5441 = ORIENTED_EDGE('',*,*,#5433,.F.);
#5442 = ORIENTED_EDGE('',*,*,#5443,.F.);
#5443 = EDGE_CURVE('',#5434,#5434,#5444,.T.);
#5444 = CIRCLE('',#5445,3.);
#5445 = AXIS2_PLACEMENT_3D('',#5446,#5447,#5448);
#5446 = CARTESIAN_POINT('',(170.,6.,2.5));
#5447 = DIRECTION('',(0.,0.,1.));
#5448 = DIRECTION('',(1.,0.,0.));
#5449 = CYLINDRICAL_SURFACE('',#5450,3.);
#5450 = AXIS2_PLACEMENT_3D('',#5451,#5452,#5453);
#5451 = CARTESIAN_POINT('',(170.,6.,2.5));
#5452 = DIRECTION('',(-0.,-0.,-1.));
#5453 = DIRECTION('',(1.,0.,0.));
#5454 = ADVANCED_FACE('',(#5455),#5479,.F.);
#5455 = FACE_BOUND('',#5456,.F.);
#5456 = EDGE_LOOP('',(#5457,#5458,#5466,#5472,#5473));
#5457 = ORIENTED_EDGE('',*,*,#3535,.T.);
#5458 = ORIENTED_EDGE('',*,*,#5459,.T.);
#5459 = EDGE_CURVE('',#3536,#5460,#5462,.T.);
#5460 = VERTEX_POINT('',#5461);
#5461 = CARTESIAN_POINT('',(-37.,54.,-61.));
#5462 = LINE('',#5463,#5464);
#5463 = CARTESIAN_POINT('',(-42.,49.,-61.));
#5464 = VECTOR('',#5465,1.);
#5465 = DIRECTION('',(0.707106781187,0.707106781187,0.));
#5466 = ORIENTED_EDGE('',*,*,#5467,.F.);
#5467 = EDGE_CURVE('',#1455,#5460,#5468,.T.);
#5468 = LINE('',#5469,#5470);
#5469 = CARTESIAN_POINT('',(-37.,54.,17.));
#5470 = VECTOR('',#5471,1.);
#5471 = DIRECTION('',(-0.,-0.,-1.));
#5472 = ORIENTED_EDGE('',*,*,#1464,.F.);
#5473 = ORIENTED_EDGE('',*,*,#5474,.F.);
#5474 = EDGE_CURVE('',#3528,#1465,#5475,.T.);
#5475 = LINE('',#5476,#5477);
#5476 = CARTESIAN_POINT('',(-42.,49.,17.));
#5477 = VECTOR('',#5478,1.);
#5478 = DIRECTION('',(0.707106781187,0.707106781187,0.));
#5479 = PLANE('',#5480);
#5480 = AXIS2_PLACEMENT_3D('',#5481,#5482,#5483);
#5481 = CARTESIAN_POINT('',(-42.,49.,17.));
#5482 = DIRECTION('',(0.707106781187,-0.707106781187,0.));
#5483 = DIRECTION('',(0.707106781187,0.707106781187,0.));
#5484 = ADVANCED_FACE('',(#5485),#5516,.T.);
#5485 = FACE_BOUND('',#5486,.T.);
#5486 = EDGE_LOOP('',(#5487,#5488,#5489,#5490,#5491,#5492,#5500,#5506,
    #5507,#5508,#5514,#5515));
#5487 = ORIENTED_EDGE('',*,*,#3283,.T.);
#5488 = ORIENTED_EDGE('',*,*,#1472,.T.);
#5489 = ORIENTED_EDGE('',*,*,#5474,.F.);
#5490 = ORIENTED_EDGE('',*,*,#3527,.T.);
#5491 = ORIENTED_EDGE('',*,*,#3486,.T.);
#5492 = ORIENTED_EDGE('',*,*,#5493,.T.);
#5493 = EDGE_CURVE('',#3489,#5494,#5496,.T.);
#5494 = VERTEX_POINT('',#5495);
#5495 = CARTESIAN_POINT('',(-37.,36.,17.));
#5496 = LINE('',#5497,#5498);
#5497 = CARTESIAN_POINT('',(-37.,14.,17.));
#5498 = VECTOR('',#5499,1.);
#5499 = DIRECTION('',(0.,1.,0.));
#5500 = ORIENTED_EDGE('',*,*,#5501,.T.);
#5501 = EDGE_CURVE('',#5494,#3464,#5502,.T.);
#5502 = LINE('',#5503,#5504);
#5503 = CARTESIAN_POINT('',(-38.,36.,17.));
#5504 = VECTOR('',#5505,1.);
#5505 = DIRECTION('',(1.,0.,0.));
#5506 = ORIENTED_EDGE('',*,*,#3471,.F.);
#5507 = ORIENTED_EDGE('',*,*,#3430,.T.);
#5508 = ORIENTED_EDGE('',*,*,#5509,.T.);
#5509 = EDGE_CURVE('',#3423,#3337,#5510,.T.);
#5510 = LINE('',#5511,#5512);
#5511 = CARTESIAN_POINT('',(-26.1,65.5500005,17.));
#5512 = VECTOR('',#5513,1.);
#5513 = DIRECTION('',(0.,1.,0.));
#5514 = ORIENTED_EDGE('',*,*,#3336,.T.);
#5515 = ORIENTED_EDGE('',*,*,#3297,.F.);
#5516 = PLANE('',#5517);
#5517 = AXIS2_PLACEMENT_3D('',#5518,#5519,#5520);
#5518 = CARTESIAN_POINT('',(-32.82577313687,56.153027215879,17.));
#5519 = DIRECTION('',(0.,0.,1.));
#5520 = DIRECTION('',(1.,0.,0.));
#5521 = ADVANCED_FACE('',(#5522,#5535,#5546),#5557,.T.);
#5522 = FACE_BOUND('',#5523,.T.);
#5523 = EDGE_LOOP('',(#5524,#5525,#5526,#5532,#5533,#5534));
#5524 = ORIENTED_EDGE('',*,*,#1658,.T.);
#5525 = ORIENTED_EDGE('',*,*,#3588,.T.);
#5526 = ORIENTED_EDGE('',*,*,#5527,.T.);
#5527 = EDGE_CURVE('',#3589,#5460,#5528,.T.);
#5528 = LINE('',#5529,#5530);
#5529 = CARTESIAN_POINT('',(-37.,14.,-61.));
#5530 = VECTOR('',#5531,1.);
#5531 = DIRECTION('',(0.,1.,0.));
#5532 = ORIENTED_EDGE('',*,*,#5467,.F.);
#5533 = ORIENTED_EDGE('',*,*,#1511,.F.);
#5534 = ORIENTED_EDGE('',*,*,#1870,.T.);
#5535 = FACE_BOUND('',#5536,.T.);
#5536 = EDGE_LOOP('',(#5537));
#5537 = ORIENTED_EDGE('',*,*,#5538,.F.);
#5538 = EDGE_CURVE('',#5539,#5539,#5541,.T.);
#5539 = VERTEX_POINT('',#5540);
#5540 = CARTESIAN_POINT('',(-37.,46.875,-28.));
#5541 = CIRCLE('',#5542,2.875);
#5542 = AXIS2_PLACEMENT_3D('',#5543,#5544,#5545);
#5543 = CARTESIAN_POINT('',(-37.,44.,-28.));
#5544 = DIRECTION('',(1.,0.,0.));
#5545 = DIRECTION('',(0.,1.,0.));
#5546 = FACE_BOUND('',#5547,.T.);
#5547 = EDGE_LOOP('',(#5548));
#5548 = ORIENTED_EDGE('',*,*,#5549,.F.);
#5549 = EDGE_CURVE('',#5550,#5550,#5552,.T.);
#5550 = VERTEX_POINT('',#5551);
#5551 = CARTESIAN_POINT('',(-37.,45.300001,-8.5));
#5552 = CIRCLE('',#5553,1.3);
#5553 = AXIS2_PLACEMENT_3D('',#5554,#5555,#5556);
#5554 = CARTESIAN_POINT('',(-37.,44.000001,-8.5));
#5555 = DIRECTION('',(1.,0.,0.));
#5556 = DIRECTION('',(0.,1.,0.));
#5557 = PLANE('',#5558);
#5558 = AXIS2_PLACEMENT_3D('',#5559,#5560,#5561);
#5559 = CARTESIAN_POINT('',(-37.,14.,17.));
#5560 = DIRECTION('',(1.,0.,0.));
#5561 = DIRECTION('',(0.,1.,0.));
#5562 = ADVANCED_FACE('',(#5563),#5573,.F.);
#5563 = FACE_BOUND('',#5564,.F.);
#5564 = EDGE_LOOP('',(#5565,#5570,#5571,#5572));
#5565 = ORIENTED_EDGE('',*,*,#5566,.F.);
#5566 = EDGE_CURVE('',#1682,#3322,#5567,.T.);
#5567 = B_SPLINE_CURVE_WITH_KNOTS('',1,(#5568,#5569),.UNSPECIFIED.,.F.,
  .F.,(2,2),(0.,1.),.PIECEWISE_BEZIER_KNOTS.);
#5568 = CARTESIAN_POINT('',(-20.,52.,2.5));
#5569 = CARTESIAN_POINT('',(-21.09191070279,50.908089297201,5.5));
#5570 = ORIENTED_EDGE('',*,*,#1689,.T.);
#5571 = ORIENTED_EDGE('',*,*,#1603,.T.);
#5572 = ORIENTED_EDGE('',*,*,#3321,.T.);
#5573 = B_SPLINE_SURFACE_WITH_KNOTS('',1,1,(
    (#5574,#5575)
    ,(#5576,#5577
    )),.UNSPECIFIED.,.F.,.F.,.F.,(2,2),(2,2),(0.,7.),(0.,1.),
  .PIECEWISE_BEZIER_KNOTS.);
#5574 = CARTESIAN_POINT('',(-20.,52.,2.5));
#5575 = CARTESIAN_POINT('',(-21.09191070279,50.908089297201,5.5));
#5576 = CARTESIAN_POINT('',(-27.,52.,2.5));
#5577 = CARTESIAN_POINT('',(-25.9080892972,50.908089297201,5.5));
#5578 = ADVANCED_FACE('',(#5579),#5585,.T.);
#5579 = FACE_BOUND('',#5580,.T.);
#5580 = EDGE_LOOP('',(#5581,#5582,#5583,#5584));
#5581 = ORIENTED_EDGE('',*,*,#1596,.T.);
#5582 = ORIENTED_EDGE('',*,*,#3344,.T.);
#5583 = ORIENTED_EDGE('',*,*,#5509,.F.);
#5584 = ORIENTED_EDGE('',*,*,#3422,.F.);
#5585 = PLANE('',#5586);
#5586 = AXIS2_PLACEMENT_3D('',#5587,#5588,#5589);
#5587 = CARTESIAN_POINT('',(-26.1,51.100001,2.5));
#5588 = DIRECTION('',(1.,0.,0.));
#5589 = DIRECTION('',(0.,-1.,0.));
#5590 = ADVANCED_FACE('',(#5591),#5601,.F.);
#5591 = FACE_BOUND('',#5592,.F.);
#5592 = EDGE_LOOP('',(#5593,#5594,#5595,#5600));
#5593 = ORIENTED_EDGE('',*,*,#1589,.F.);
#5594 = ORIENTED_EDGE('',*,*,#1673,.T.);
#5595 = ORIENTED_EDGE('',*,*,#5596,.T.);
#5596 = EDGE_CURVE('',#1674,#3359,#5597,.T.);
#5597 = B_SPLINE_CURVE_WITH_KNOTS('',1,(#5598,#5599),.UNSPECIFIED.,.F.,
  .F.,(2,2),(0.,1.),.PIECEWISE_BEZIER_KNOTS.);
#5598 = CARTESIAN_POINT('',(-20.,36.,2.5));
#5599 = CARTESIAN_POINT('',(-21.09191070279,37.091910702799,5.5));
#5600 = ORIENTED_EDGE('',*,*,#3417,.T.);
#5601 = B_SPLINE_SURFACE_WITH_KNOTS('',1,1,(
    (#5602,#5603)
    ,(#5604,#5605
    )),.UNSPECIFIED.,.F.,.F.,.F.,(2,2),(2,2),(0.,7.),(0.,1.),
  .PIECEWISE_BEZIER_KNOTS.);
#5602 = CARTESIAN_POINT('',(-27.,36.,2.5));
#5603 = CARTESIAN_POINT('',(-25.9080892972,37.091910702799,5.5));
#5604 = CARTESIAN_POINT('',(-20.,36.,2.5));
#5605 = CARTESIAN_POINT('',(-21.09191070279,37.091910702799,5.5));
#5606 = ADVANCED_FACE('',(#5607),#5613,.F.);
#5607 = FACE_BOUND('',#5608,.F.);
#5608 = EDGE_LOOP('',(#5609,#5610,#5611,#5612));
#5609 = ORIENTED_EDGE('',*,*,#5596,.F.);
#5610 = ORIENTED_EDGE('',*,*,#1681,.T.);
#5611 = ORIENTED_EDGE('',*,*,#5566,.T.);
#5612 = ORIENTED_EDGE('',*,*,#3358,.T.);
#5613 = B_SPLINE_SURFACE_WITH_KNOTS('',1,1,(
    (#5614,#5615)
    ,(#5616,#5617
    )),.UNSPECIFIED.,.F.,.F.,.F.,(2,2),(2,2),(0.,16.),(0.,1.),
  .PIECEWISE_BEZIER_KNOTS.);
#5614 = CARTESIAN_POINT('',(-20.,36.,2.5));
#5615 = CARTESIAN_POINT('',(-21.09191070279,37.091910702799,5.5));
#5616 = CARTESIAN_POINT('',(-20.,52.,2.5));
#5617 = CARTESIAN_POINT('',(-21.09191070279,50.908089297201,5.5));
#5618 = ADVANCED_FACE('',(#5619),#5637,.T.);
#5619 = FACE_BOUND('',#5620,.T.);
#5620 = EDGE_LOOP('',(#5621,#5622,#5630,#5636));
#5621 = ORIENTED_EDGE('',*,*,#1642,.T.);
#5622 = ORIENTED_EDGE('',*,*,#5623,.T.);
#5623 = EDGE_CURVE('',#1635,#5624,#5626,.T.);
#5624 = VERTEX_POINT('',#5625);
#5625 = CARTESIAN_POINT('',(-7.,-11.,-61.));
#5626 = LINE('',#5627,#5628);
#5627 = CARTESIAN_POINT('',(-7.,-11.,17.));
#5628 = VECTOR('',#5629,1.);
#5629 = DIRECTION('',(-0.,-0.,-1.));
#5630 = ORIENTED_EDGE('',*,*,#5631,.T.);
#5631 = EDGE_CURVE('',#5624,#3636,#5632,.T.);
#5632 = LINE('',#5633,#5634);
#5633 = CARTESIAN_POINT('',(-7.,-11.,-61.));
#5634 = VECTOR('',#5635,1.);
#5635 = DIRECTION('',(0.,-1.,0.));
#5636 = ORIENTED_EDGE('',*,*,#3635,.F.);
#5637 = PLANE('',#5638);
#5638 = AXIS2_PLACEMENT_3D('',#5639,#5640,#5641);
#5639 = CARTESIAN_POINT('',(-7.,-11.,17.));
#5640 = DIRECTION('',(-1.,0.,0.));
#5641 = DIRECTION('',(0.,-1.,0.));
#5642 = ADVANCED_FACE('',(#5643,#5828,#5839,#5850,#5861,#5872,#5883),
  #5894,.T.);
#5643 = FACE_BOUND('',#5644,.T.);
#5644 = EDGE_LOOP('',(#5645,#5646,#5647,#5655,#5663,#5671,#5679,#5687,
    #5695,#5703,#5711,#5719,#5727,#5735,#5741,#5742,#5750,#5758,#5766,
    #5774,#5782,#5790,#5798,#5806,#5814,#5822));
#5645 = ORIENTED_EDGE('',*,*,#5623,.F.);
#5646 = ORIENTED_EDGE('',*,*,#1634,.T.);
#5647 = ORIENTED_EDGE('',*,*,#5648,.T.);
#5648 = EDGE_CURVE('',#1627,#5649,#5651,.T.);
#5649 = VERTEX_POINT('',#5650);
#5650 = CARTESIAN_POINT('',(24.,-11.,12.));
#5651 = LINE('',#5652,#5653);
#5652 = CARTESIAN_POINT('',(24.,-11.,0.));
#5653 = VECTOR('',#5654,1.);
#5654 = DIRECTION('',(0.,0.,1.));
#5655 = ORIENTED_EDGE('',*,*,#5656,.T.);
#5656 = EDGE_CURVE('',#5649,#5657,#5659,.T.);
#5657 = VERTEX_POINT('',#5658);
#5658 = CARTESIAN_POINT('',(46.,-11.,12.));
#5659 = LINE('',#5660,#5661);
#5660 = CARTESIAN_POINT('',(24.,-11.,12.));
#5661 = VECTOR('',#5662,1.);
#5662 = DIRECTION('',(1.,0.,0.));
#5663 = ORIENTED_EDGE('',*,*,#5664,.F.);
#5664 = EDGE_CURVE('',#5665,#5657,#5667,.T.);
#5665 = VERTEX_POINT('',#5666);
#5666 = CARTESIAN_POINT('',(46.,-11.,2.5));
#5667 = LINE('',#5668,#5669);
#5668 = CARTESIAN_POINT('',(46.,-11.,0.));
#5669 = VECTOR('',#5670,1.);
#5670 = DIRECTION('',(0.,0.,1.));
#5671 = ORIENTED_EDGE('',*,*,#5672,.T.);
#5672 = EDGE_CURVE('',#5665,#5673,#5675,.T.);
#5673 = VERTEX_POINT('',#5674);
#5674 = CARTESIAN_POINT('',(114.,-11.,2.5));
#5675 = LINE('',#5676,#5677);
#5676 = CARTESIAN_POINT('',(154.47000320416,-11.,2.5));
#5677 = VECTOR('',#5678,1.);
#5678 = DIRECTION('',(1.,0.,0.));
#5679 = ORIENTED_EDGE('',*,*,#5680,.T.);
#5680 = EDGE_CURVE('',#5673,#5681,#5683,.T.);
#5681 = VERTEX_POINT('',#5682);
#5682 = CARTESIAN_POINT('',(114.,-11.,12.));
#5683 = LINE('',#5684,#5685);
#5684 = CARTESIAN_POINT('',(114.,-11.,0.));
#5685 = VECTOR('',#5686,1.);
#5686 = DIRECTION('',(0.,0.,1.));
#5687 = ORIENTED_EDGE('',*,*,#5688,.T.);
#5688 = EDGE_CURVE('',#5681,#5689,#5691,.T.);
#5689 = VERTEX_POINT('',#5690);
#5690 = CARTESIAN_POINT('',(136.,-11.,12.));
#5691 = LINE('',#5692,#5693);
#5692 = CARTESIAN_POINT('',(114.,-11.,12.));
#5693 = VECTOR('',#5694,1.);
#5694 = DIRECTION('',(1.,0.,0.));
#5695 = ORIENTED_EDGE('',*,*,#5696,.F.);
#5696 = EDGE_CURVE('',#5697,#5689,#5699,.T.);
#5697 = VERTEX_POINT('',#5698);
#5698 = CARTESIAN_POINT('',(136.,-11.,2.5));
#5699 = LINE('',#5700,#5701);
#5700 = CARTESIAN_POINT('',(136.,-11.,0.));
#5701 = VECTOR('',#5702,1.);
#5702 = DIRECTION('',(0.,0.,1.));
#5703 = ORIENTED_EDGE('',*,*,#5704,.T.);
#5704 = EDGE_CURVE('',#5697,#5705,#5707,.T.);
#5705 = VERTEX_POINT('',#5706);
#5706 = CARTESIAN_POINT('',(204.,-11.,2.5));
#5707 = LINE('',#5708,#5709);
#5708 = CARTESIAN_POINT('',(154.47000320416,-11.,2.5));
#5709 = VECTOR('',#5710,1.);
#5710 = DIRECTION('',(1.,0.,0.));
#5711 = ORIENTED_EDGE('',*,*,#5712,.T.);
#5712 = EDGE_CURVE('',#5705,#5713,#5715,.T.);
#5713 = VERTEX_POINT('',#5714);
#5714 = CARTESIAN_POINT('',(204.,-11.,12.));
#5715 = LINE('',#5716,#5717);
#5716 = CARTESIAN_POINT('',(204.,-11.,0.));
#5717 = VECTOR('',#5718,1.);
#5718 = DIRECTION('',(0.,0.,1.));
#5719 = ORIENTED_EDGE('',*,*,#5720,.T.);
#5720 = EDGE_CURVE('',#5713,#5721,#5723,.T.);
#5721 = VERTEX_POINT('',#5722);
#5722 = CARTESIAN_POINT('',(226.,-11.,12.));
#5723 = LINE('',#5724,#5725);
#5724 = CARTESIAN_POINT('',(204.,-11.,12.));
#5725 = VECTOR('',#5726,1.);
#5726 = DIRECTION('',(1.,0.,0.));
#5727 = ORIENTED_EDGE('',*,*,#5728,.F.);
#5728 = EDGE_CURVE('',#5729,#5721,#5731,.T.);
#5729 = VERTEX_POINT('',#5730);
#5730 = CARTESIAN_POINT('',(226.,-11.,2.5));
#5731 = LINE('',#5732,#5733);
#5732 = CARTESIAN_POINT('',(226.,-11.,0.));
#5733 = VECTOR('',#5734,1.);
#5734 = DIRECTION('',(0.,0.,1.));
#5735 = ORIENTED_EDGE('',*,*,#5736,.T.);
#5736 = EDGE_CURVE('',#5729,#2034,#5737,.T.);
#5737 = LINE('',#5738,#5739);
#5738 = CARTESIAN_POINT('',(154.47000320416,-11.,2.5));
#5739 = VECTOR('',#5740,1.);
#5740 = DIRECTION('',(1.,0.,0.));
#5741 = ORIENTED_EDGE('',*,*,#2064,.T.);
#5742 = ORIENTED_EDGE('',*,*,#5743,.T.);
#5743 = EDGE_CURVE('',#2057,#5744,#5746,.T.);
#5744 = VERTEX_POINT('',#5745);
#5745 = CARTESIAN_POINT('',(220.,-11.,-16.));
#5746 = LINE('',#5747,#5748);
#5747 = CARTESIAN_POINT('',(177.46931137724,-11.,-16.));
#5748 = VECTOR('',#5749,1.);
#5749 = DIRECTION('',(-1.,0.,0.));
#5750 = ORIENTED_EDGE('',*,*,#5751,.T.);
#5751 = EDGE_CURVE('',#5744,#5752,#5754,.T.);
#5752 = VERTEX_POINT('',#5753);
#5753 = CARTESIAN_POINT('',(220.,-11.,-61.));
#5754 = LINE('',#5755,#5756);
#5755 = CARTESIAN_POINT('',(220.,-11.,-20.59842814371));
#5756 = VECTOR('',#5757,1.);
#5757 = DIRECTION('',(0.,0.,-1.));
#5758 = ORIENTED_EDGE('',*,*,#5759,.T.);
#5759 = EDGE_CURVE('',#5752,#5760,#5762,.T.);
#5760 = VERTEX_POINT('',#5761);
#5761 = CARTESIAN_POINT('',(180.,-11.,-61.));
#5762 = LINE('',#5763,#5764);
#5763 = CARTESIAN_POINT('',(235.,-11.,-61.));
#5764 = VECTOR('',#5765,1.);
#5765 = DIRECTION('',(-1.,0.,0.));
#5766 = ORIENTED_EDGE('',*,*,#5767,.T.);
#5767 = EDGE_CURVE('',#5760,#5768,#5770,.T.);
#5768 = VERTEX_POINT('',#5769);
#5769 = CARTESIAN_POINT('',(180.,-11.,2.E-15));
#5770 = LINE('',#5771,#5772);
#5771 = CARTESIAN_POINT('',(180.,-11.,-43.09842814371));
#5772 = VECTOR('',#5773,1.);
#5773 = DIRECTION('',(0.,0.,1.));
#5774 = ORIENTED_EDGE('',*,*,#5775,.T.);
#5775 = EDGE_CURVE('',#5768,#5776,#5778,.T.);
#5776 = VERTEX_POINT('',#5777);
#5777 = CARTESIAN_POINT('',(131.,-11.,2.E-15));
#5778 = LINE('',#5779,#5780);
#5779 = CARTESIAN_POINT('',(147.46931137724,-11.,3.E-15));
#5780 = VECTOR('',#5781,1.);
#5781 = DIRECTION('',(-1.,0.,0.));
#5782 = ORIENTED_EDGE('',*,*,#5783,.T.);
#5783 = EDGE_CURVE('',#5776,#5784,#5786,.T.);
#5784 = VERTEX_POINT('',#5785);
#5785 = CARTESIAN_POINT('',(131.,-11.,-61.));
#5786 = LINE('',#5787,#5788);
#5787 = CARTESIAN_POINT('',(131.,-11.,-12.59842814371));
#5788 = VECTOR('',#5789,1.);
#5789 = DIRECTION('',(0.,0.,-1.));
#5790 = ORIENTED_EDGE('',*,*,#5791,.T.);
#5791 = EDGE_CURVE('',#5784,#5792,#5794,.T.);
#5792 = VERTEX_POINT('',#5793);
#5793 = CARTESIAN_POINT('',(90.,-11.,-61.));
#5794 = LINE('',#5795,#5796);
#5795 = CARTESIAN_POINT('',(235.,-11.,-61.));
#5796 = VECTOR('',#5797,1.);
#5797 = DIRECTION('',(-1.,0.,0.));
#5798 = ORIENTED_EDGE('',*,*,#5799,.T.);
#5799 = EDGE_CURVE('',#5792,#5800,#5802,.T.);
#5800 = VERTEX_POINT('',#5801);
#5801 = CARTESIAN_POINT('',(90.,-11.,2.E-15));
#5802 = LINE('',#5803,#5804);
#5803 = CARTESIAN_POINT('',(90.,-11.,-43.09842814371));
#5804 = VECTOR('',#5805,1.);
#5805 = DIRECTION('',(0.,0.,1.));
#5806 = ORIENTED_EDGE('',*,*,#5807,.T.);
#5807 = EDGE_CURVE('',#5800,#5808,#5810,.T.);
#5808 = VERTEX_POINT('',#5809);
#5809 = CARTESIAN_POINT('',(41.,-11.,2.E-15));
#5810 = LINE('',#5811,#5812);
#5811 = CARTESIAN_POINT('',(102.46931137724,-11.,3.E-15));
#5812 = VECTOR('',#5813,1.);
#5813 = DIRECTION('',(-1.,0.,0.));
#5814 = ORIENTED_EDGE('',*,*,#5815,.T.);
#5815 = EDGE_CURVE('',#5808,#5816,#5818,.T.);
#5816 = VERTEX_POINT('',#5817);
#5817 = CARTESIAN_POINT('',(41.,-11.,-61.));
#5818 = LINE('',#5819,#5820);
#5819 = CARTESIAN_POINT('',(41.,-11.,-12.59842814371));
#5820 = VECTOR('',#5821,1.);
#5821 = DIRECTION('',(0.,0.,-1.));
#5822 = ORIENTED_EDGE('',*,*,#5823,.T.);
#5823 = EDGE_CURVE('',#5816,#5624,#5824,.T.);
#5824 = LINE('',#5825,#5826);
#5825 = CARTESIAN_POINT('',(235.,-11.,-61.));
#5826 = VECTOR('',#5827,1.);
#5827 = DIRECTION('',(-1.,0.,0.));
#5828 = FACE_BOUND('',#5829,.T.);
#5829 = EDGE_LOOP('',(#5830));
#5830 = ORIENTED_EDGE('',*,*,#5831,.F.);
#5831 = EDGE_CURVE('',#5832,#5832,#5834,.T.);
#5832 = VERTEX_POINT('',#5833);
#5833 = CARTESIAN_POINT('',(36.303842,-11.,-13.5));
#5834 = CIRCLE('',#5835,1.303841);
#5835 = AXIS2_PLACEMENT_3D('',#5836,#5837,#5838);
#5836 = CARTESIAN_POINT('',(35.000001,-11.,-13.5));
#5837 = DIRECTION('',(0.,1.,-2.2E-16));
#5838 = DIRECTION('',(1.,0.,0.));
#5839 = FACE_BOUND('',#5840,.T.);
#5840 = EDGE_LOOP('',(#5841));
#5841 = ORIENTED_EDGE('',*,*,#5842,.F.);
#5842 = EDGE_CURVE('',#5843,#5843,#5845,.T.);
#5843 = VERTEX_POINT('',#5844);
#5844 = CARTESIAN_POINT('',(37.875001,-11.,6.5));
#5845 = CIRCLE('',#5846,2.875);
#5846 = AXIS2_PLACEMENT_3D('',#5847,#5848,#5849);
#5847 = CARTESIAN_POINT('',(35.000001,-11.,6.5));
#5848 = DIRECTION('',(0.,1.,-2.2E-16));
#5849 = DIRECTION('',(1.,0.,0.));
#5850 = FACE_BOUND('',#5851,.T.);
#5851 = EDGE_LOOP('',(#5852));
#5852 = ORIENTED_EDGE('',*,*,#5853,.F.);
#5853 = EDGE_CURVE('',#5854,#5854,#5856,.T.);
#5854 = VERTEX_POINT('',#5855);
#5855 = CARTESIAN_POINT('',(126.303842,-11.,-13.5));
#5856 = CIRCLE('',#5857,1.303841);
#5857 = AXIS2_PLACEMENT_3D('',#5858,#5859,#5860);
#5858 = CARTESIAN_POINT('',(125.000001,-11.,-13.5));
#5859 = DIRECTION('',(0.,1.,-2.2E-16));
#5860 = DIRECTION('',(1.,0.,0.));
#5861 = FACE_BOUND('',#5862,.T.);
#5862 = EDGE_LOOP('',(#5863));
#5863 = ORIENTED_EDGE('',*,*,#5864,.F.);
#5864 = EDGE_CURVE('',#5865,#5865,#5867,.T.);
#5865 = VERTEX_POINT('',#5866);
#5866 = CARTESIAN_POINT('',(216.303842,-11.,-13.5));
#5867 = CIRCLE('',#5868,1.303841);
#5868 = AXIS2_PLACEMENT_3D('',#5869,#5870,#5871);
#5869 = CARTESIAN_POINT('',(215.000001,-11.,-13.5));
#5870 = DIRECTION('',(0.,1.,-2.2E-16));
#5871 = DIRECTION('',(1.,0.,0.));
#5872 = FACE_BOUND('',#5873,.T.);
#5873 = EDGE_LOOP('',(#5874));
#5874 = ORIENTED_EDGE('',*,*,#5875,.F.);
#5875 = EDGE_CURVE('',#5876,#5876,#5878,.T.);
#5876 = VERTEX_POINT('',#5877);
#5877 = CARTESIAN_POINT('',(127.875001,-11.,6.5));
#5878 = CIRCLE('',#5879,2.875);
#5879 = AXIS2_PLACEMENT_3D('',#5880,#5881,#5882);
#5880 = CARTESIAN_POINT('',(125.000001,-11.,6.5));
#5881 = DIRECTION('',(0.,1.,-2.2E-16));
#5882 = DIRECTION('',(1.,0.,0.));
#5883 = FACE_BOUND('',#5884,.T.);
#5884 = EDGE_LOOP('',(#5885));
#5885 = ORIENTED_EDGE('',*,*,#5886,.F.);
#5886 = EDGE_CURVE('',#5887,#5887,#5889,.T.);
#5887 = VERTEX_POINT('',#5888);
#5888 = CARTESIAN_POINT('',(217.875001,-11.,6.5));
#5889 = CIRCLE('',#5890,2.875);
#5890 = AXIS2_PLACEMENT_3D('',#5891,#5892,#5893);
#5891 = CARTESIAN_POINT('',(215.000001,-11.,6.5));
#5892 = DIRECTION('',(0.,1.,-2.2E-16));
#5893 = DIRECTION('',(1.,0.,0.));
#5894 = PLANE('',#5895);
#5895 = AXIS2_PLACEMENT_3D('',#5896,#5897,#5898);
#5896 = CARTESIAN_POINT('',(114.93862275449,-11.,-25.19685628742));
#5897 = DIRECTION('',(0.,1.,0.));
#5898 = DIRECTION('',(0.,0.,1.));
#5899 = ADVANCED_FACE('',(#5900),#5911,.T.);
#5900 = FACE_BOUND('',#5901,.T.);
#5901 = EDGE_LOOP('',(#5902,#5903,#5909,#5910));
#5902 = ORIENTED_EDGE('',*,*,#2951,.F.);
#5903 = ORIENTED_EDGE('',*,*,#5904,.T.);
#5904 = EDGE_CURVE('',#2944,#5649,#5905,.T.);
#5905 = LINE('',#5906,#5907);
#5906 = CARTESIAN_POINT('',(24.,22.,12.));
#5907 = VECTOR('',#5908,1.);
#5908 = DIRECTION('',(0.,-1.,0.));
#5909 = ORIENTED_EDGE('',*,*,#5648,.F.);
#5910 = ORIENTED_EDGE('',*,*,#1626,.F.);
#5911 = PLANE('',#5912);
#5912 = AXIS2_PLACEMENT_3D('',#5913,#5914,#5915);
#5913 = CARTESIAN_POINT('',(24.,22.,0.));
#5914 = DIRECTION('',(1.,0.,0.));
#5915 = DIRECTION('',(0.,-1.,0.));
#5916 = ADVANCED_FACE('',(#5917),#5932,.T.);
#5917 = FACE_BOUND('',#5918,.T.);
#5918 = EDGE_LOOP('',(#5919,#5920,#5921,#5922,#5928,#5929,#5930,#5931));
#5919 = ORIENTED_EDGE('',*,*,#4730,.T.);
#5920 = ORIENTED_EDGE('',*,*,#4688,.T.);
#5921 = ORIENTED_EDGE('',*,*,#1958,.T.);
#5922 = ORIENTED_EDGE('',*,*,#5923,.F.);
#5923 = EDGE_CURVE('',#1967,#1959,#5924,.T.);
#5924 = LINE('',#5925,#5926);
#5925 = CARTESIAN_POINT('',(-18.,58.000000339018,24.4));
#5926 = VECTOR('',#5927,1.);
#5927 = DIRECTION('',(0.,1.,0.));
#5928 = ORIENTED_EDGE('',*,*,#1975,.F.);
#5929 = ORIENTED_EDGE('',*,*,#4699,.T.);
#5930 = ORIENTED_EDGE('',*,*,#4771,.T.);
#5931 = ORIENTED_EDGE('',*,*,#4754,.T.);
#5932 = PLANE('',#5933);
#5933 = AXIS2_PLACEMENT_3D('',#5934,#5935,#5936);
#5934 = CARTESIAN_POINT('',(-16.,58.000001,24.4));
#5935 = DIRECTION('',(0.,0.,1.));
#5936 = DIRECTION('',(1.,0.,0.));
#5937 = ADVANCED_FACE('',(#5938),#5942,.F.);
#5938 = FACE_BOUND('',#5939,.F.);
#5939 = EDGE_LOOP('',(#5940,#5941));
#5940 = ORIENTED_EDGE('',*,*,#1966,.T.);
#5941 = ORIENTED_EDGE('',*,*,#5923,.F.);
#5942 = PLANE('',#5943);
#5943 = AXIS2_PLACEMENT_3D('',#5944,#5945,#5946);
#5944 = CARTESIAN_POINT('',(-18.,57.999999678035,29.499999696891));
#5945 = DIRECTION('',(1.,0.,0.));
#5946 = DIRECTION('',(0.,0.,1.));
#5947 = ADVANCED_FACE('',(#5948),#5963,.T.);
#5948 = FACE_BOUND('',#5949,.T.);
#5949 = EDGE_LOOP('',(#5950,#5951,#5952,#5953,#5959,#5960,#5961,#5962));
#5950 = ORIENTED_EDGE('',*,*,#2088,.F.);
#5951 = ORIENTED_EDGE('',*,*,#2031,.T.);
#5952 = ORIENTED_EDGE('',*,*,#5736,.F.);
#5953 = ORIENTED_EDGE('',*,*,#5954,.T.);
#5954 = EDGE_CURVE('',#5729,#2175,#5955,.T.);
#5955 = LINE('',#5956,#5957);
#5956 = CARTESIAN_POINT('',(226.,0.658758880278,2.5));
#5957 = VECTOR('',#5958,1.);
#5958 = DIRECTION('',(0.,1.,0.));
#5959 = ORIENTED_EDGE('',*,*,#2192,.T.);
#5960 = ORIENTED_EDGE('',*,*,#2160,.T.);
#5961 = ORIENTED_EDGE('',*,*,#2136,.F.);
#5962 = ORIENTED_EDGE('',*,*,#2112,.F.);
#5963 = PLANE('',#5964);
#5964 = AXIS2_PLACEMENT_3D('',#5965,#5966,#5967);
#5965 = CARTESIAN_POINT('',(73.94000640832,12.317517760556,2.5));
#5966 = DIRECTION('',(-0.,-0.,-1.));
#5967 = DIRECTION('',(-1.,0.,0.));
#5968 = ADVANCED_FACE('',(#5969),#5980,.T.);
#5969 = FACE_BOUND('',#5970,.T.);
#5970 = EDGE_LOOP('',(#5971,#5977,#5978,#5979));
#5971 = ORIENTED_EDGE('',*,*,#5972,.F.);
#5972 = EDGE_CURVE('',#5744,#3716,#5973,.T.);
#5973 = LINE('',#5974,#5975);
#5974 = CARTESIAN_POINT('',(220.,-3.55E-15,-16.));
#5975 = VECTOR('',#5976,1.);
#5976 = DIRECTION('',(0.,-1.,2.2E-16));
#5977 = ORIENTED_EDGE('',*,*,#5743,.F.);
#5978 = ORIENTED_EDGE('',*,*,#2056,.F.);
#5979 = ORIENTED_EDGE('',*,*,#3723,.F.);
#5980 = PLANE('',#5981);
#5981 = AXIS2_PLACEMENT_3D('',#5982,#5983,#5984);
#5982 = CARTESIAN_POINT('',(240.,-3.55E-15,-16.));
#5983 = DIRECTION('',(-0.,-2.2E-16,-1.));
#5984 = DIRECTION('',(-1.,0.,0.));
#5985 = ADVANCED_FACE('',(#5986),#5997,.T.);
#5986 = FACE_BOUND('',#5987,.T.);
#5987 = EDGE_LOOP('',(#5988,#5989,#5990,#5996));
#5988 = ORIENTED_EDGE('',*,*,#5954,.F.);
#5989 = ORIENTED_EDGE('',*,*,#5728,.T.);
#5990 = ORIENTED_EDGE('',*,*,#5991,.T.);
#5991 = EDGE_CURVE('',#5721,#2177,#5992,.T.);
#5992 = LINE('',#5993,#5994);
#5993 = CARTESIAN_POINT('',(226.,-11.,12.));
#5994 = VECTOR('',#5995,1.);
#5995 = DIRECTION('',(0.,1.,0.));
#5996 = ORIENTED_EDGE('',*,*,#2174,.F.);
#5997 = PLANE('',#5998);
#5998 = AXIS2_PLACEMENT_3D('',#5999,#6000,#6001);
#5999 = CARTESIAN_POINT('',(226.,-11.,0.));
#6000 = DIRECTION('',(-1.,0.,0.));
#6001 = DIRECTION('',(0.,1.,0.));
#6002 = ADVANCED_FACE('',(#6003,#6014),#6048,.F.);
#6003 = FACE_BOUND('',#6004,.F.);
#6004 = EDGE_LOOP('',(#6005,#6011,#6012,#6013));
#6005 = ORIENTED_EDGE('',*,*,#6006,.T.);
#6006 = EDGE_CURVE('',#2207,#5713,#6007,.T.);
#6007 = LINE('',#6008,#6009);
#6008 = CARTESIAN_POINT('',(204.,22.,12.));
#6009 = VECTOR('',#6010,1.);
#6010 = DIRECTION('',(0.,-1.,0.));
#6011 = ORIENTED_EDGE('',*,*,#5720,.T.);
#6012 = ORIENTED_EDGE('',*,*,#5991,.T.);
#6013 = ORIENTED_EDGE('',*,*,#2206,.F.);
#6014 = FACE_BOUND('',#6015,.F.);
#6015 = EDGE_LOOP('',(#6016,#6026,#6034,#6042));
#6016 = ORIENTED_EDGE('',*,*,#6017,.F.);
#6017 = EDGE_CURVE('',#6018,#6020,#6022,.T.);
#6018 = VERTEX_POINT('',#6019);
#6019 = CARTESIAN_POINT('',(206.5,6.,12.));
#6020 = VERTEX_POINT('',#6021);
#6021 = CARTESIAN_POINT('',(206.5,-1.,12.));
#6022 = LINE('',#6023,#6024);
#6023 = CARTESIAN_POINT('',(206.5,6.,12.));
#6024 = VECTOR('',#6025,1.);
#6025 = DIRECTION('',(0.,-1.,0.));
#6026 = ORIENTED_EDGE('',*,*,#6027,.F.);
#6027 = EDGE_CURVE('',#6028,#6018,#6030,.T.);
#6028 = VERTEX_POINT('',#6029);
#6029 = CARTESIAN_POINT('',(223.5,6.,12.));
#6030 = LINE('',#6031,#6032);
#6031 = CARTESIAN_POINT('',(223.5,6.,12.));
#6032 = VECTOR('',#6033,1.);
#6033 = DIRECTION('',(-1.,0.,0.));
#6034 = ORIENTED_EDGE('',*,*,#6035,.F.);
#6035 = EDGE_CURVE('',#6036,#6028,#6038,.T.);
#6036 = VERTEX_POINT('',#6037);
#6037 = CARTESIAN_POINT('',(223.5,-1.,12.));
#6038 = LINE('',#6039,#6040);
#6039 = CARTESIAN_POINT('',(223.5,-1.,12.));
#6040 = VECTOR('',#6041,1.);
#6041 = DIRECTION('',(0.,1.,0.));
#6042 = ORIENTED_EDGE('',*,*,#6043,.F.);
#6043 = EDGE_CURVE('',#6020,#6036,#6044,.T.);
#6044 = LINE('',#6045,#6046);
#6045 = CARTESIAN_POINT('',(206.5,-1.,12.));
#6046 = VECTOR('',#6047,1.);
#6047 = DIRECTION('',(1.,0.,0.));
#6048 = PLANE('',#6049);
#6049 = AXIS2_PLACEMENT_3D('',#6050,#6051,#6052);
#6050 = CARTESIAN_POINT('',(125.,5.5,12.));
#6051 = DIRECTION('',(0.,0.,1.));
#6052 = DIRECTION('',(1.,0.,0.));
#6053 = ADVANCED_FACE('',(#6054),#6065,.T.);
#6054 = FACE_BOUND('',#6055,.T.);
#6055 = EDGE_LOOP('',(#6056,#6057,#6058,#6059));
#6056 = ORIENTED_EDGE('',*,*,#2240,.T.);
#6057 = ORIENTED_EDGE('',*,*,#6006,.T.);
#6058 = ORIENTED_EDGE('',*,*,#5712,.F.);
#6059 = ORIENTED_EDGE('',*,*,#6060,.F.);
#6060 = EDGE_CURVE('',#2241,#5705,#6061,.T.);
#6061 = LINE('',#6062,#6063);
#6062 = CARTESIAN_POINT('',(204.,17.158758880278,2.5));
#6063 = VECTOR('',#6064,1.);
#6064 = DIRECTION('',(0.,-1.,0.));
#6065 = PLANE('',#6066);
#6066 = AXIS2_PLACEMENT_3D('',#6067,#6068,#6069);
#6067 = CARTESIAN_POINT('',(204.,22.,0.));
#6068 = DIRECTION('',(1.,0.,0.));
#6069 = DIRECTION('',(0.,-1.,0.));
#6070 = ADVANCED_FACE('',(#6071,#6095),#6098,.T.);
#6071 = FACE_BOUND('',#6072,.T.);
#6072 = EDGE_LOOP('',(#6073,#6074,#6075,#6081,#6082,#6083,#6084,#6085,
    #6086,#6087,#6088,#6089,#6090,#6091,#6092,#6093,#6094));
#6073 = ORIENTED_EDGE('',*,*,#6060,.T.);
#6074 = ORIENTED_EDGE('',*,*,#5704,.F.);
#6075 = ORIENTED_EDGE('',*,*,#6076,.T.);
#6076 = EDGE_CURVE('',#5697,#2569,#6077,.T.);
#6077 = LINE('',#6078,#6079);
#6078 = CARTESIAN_POINT('',(136.,0.658758880278,2.5));
#6079 = VECTOR('',#6080,1.);
#6080 = DIRECTION('',(0.,1.,0.));
#6081 = ORIENTED_EDGE('',*,*,#2568,.T.);
#6082 = ORIENTED_EDGE('',*,*,#2536,.T.);
#6083 = ORIENTED_EDGE('',*,*,#2512,.T.);
#6084 = ORIENTED_EDGE('',*,*,#2488,.T.);
#6085 = ORIENTED_EDGE('',*,*,#2464,.T.);
#6086 = ORIENTED_EDGE('',*,*,#2440,.T.);
#6087 = ORIENTED_EDGE('',*,*,#2416,.T.);
#6088 = ORIENTED_EDGE('',*,*,#2392,.T.);
#6089 = ORIENTED_EDGE('',*,*,#2368,.T.);
#6090 = ORIENTED_EDGE('',*,*,#2344,.T.);
#6091 = ORIENTED_EDGE('',*,*,#2320,.T.);
#6092 = ORIENTED_EDGE('',*,*,#2296,.T.);
#6093 = ORIENTED_EDGE('',*,*,#2272,.T.);
#6094 = ORIENTED_EDGE('',*,*,#2248,.T.);
#6095 = FACE_BOUND('',#6096,.T.);
#6096 = EDGE_LOOP('',(#6097));
#6097 = ORIENTED_EDGE('',*,*,#5443,.T.);
#6098 = PLANE('',#6099);
#6099 = AXIS2_PLACEMENT_3D('',#6100,#6101,#6102);
#6100 = CARTESIAN_POINT('',(73.94000640832,12.317517760556,2.5));
#6101 = DIRECTION('',(-0.,-0.,-1.));
#6102 = DIRECTION('',(-1.,0.,0.));
#6103 = ADVANCED_FACE('',(#6104,#6134),#6137,.T.);
#6104 = FACE_BOUND('',#6105,.T.);
#6105 = EDGE_LOOP('',(#6106,#6112,#6113,#6119,#6120,#6121,#6122,#6123,
    #6124,#6125,#6126,#6127,#6128,#6129,#6130,#6131,#6132,#6133));
#6106 = ORIENTED_EDGE('',*,*,#6107,.T.);
#6107 = EDGE_CURVE('',#2553,#5673,#6108,.T.);
#6108 = LINE('',#6109,#6110);
#6109 = CARTESIAN_POINT('',(114.,17.158758880278,2.5));
#6110 = VECTOR('',#6111,1.);
#6111 = DIRECTION('',(0.,-1.,0.));
#6112 = ORIENTED_EDGE('',*,*,#5672,.F.);
#6113 = ORIENTED_EDGE('',*,*,#6114,.T.);
#6114 = EDGE_CURVE('',#5665,#2928,#6115,.T.);
#6115 = LINE('',#6116,#6117);
#6116 = CARTESIAN_POINT('',(46.,0.658758880278,2.5));
#6117 = VECTOR('',#6118,1.);
#6118 = DIRECTION('',(0.,1.,0.));
#6119 = ORIENTED_EDGE('',*,*,#2927,.T.);
#6120 = ORIENTED_EDGE('',*,*,#2904,.T.);
#6121 = ORIENTED_EDGE('',*,*,#2880,.T.);
#6122 = ORIENTED_EDGE('',*,*,#2856,.T.);
#6123 = ORIENTED_EDGE('',*,*,#2832,.T.);
#6124 = ORIENTED_EDGE('',*,*,#2808,.T.);
#6125 = ORIENTED_EDGE('',*,*,#2784,.T.);
#6126 = ORIENTED_EDGE('',*,*,#2760,.T.);
#6127 = ORIENTED_EDGE('',*,*,#2736,.T.);
#6128 = ORIENTED_EDGE('',*,*,#2712,.T.);
#6129 = ORIENTED_EDGE('',*,*,#2688,.T.);
#6130 = ORIENTED_EDGE('',*,*,#2664,.T.);
#6131 = ORIENTED_EDGE('',*,*,#2640,.T.);
#6132 = ORIENTED_EDGE('',*,*,#2616,.T.);
#6133 = ORIENTED_EDGE('',*,*,#2550,.T.);
#6134 = FACE_BOUND('',#6135,.T.);
#6135 = EDGE_LOOP('',(#6136));
#6136 = ORIENTED_EDGE('',*,*,#5418,.T.);
#6137 = PLANE('',#6138);
#6138 = AXIS2_PLACEMENT_3D('',#6139,#6140,#6141);
#6139 = CARTESIAN_POINT('',(73.94000640832,12.317517760556,2.5));
#6140 = DIRECTION('',(-0.,-0.,-1.));
#6141 = DIRECTION('',(-1.,0.,0.));
#6142 = ADVANCED_FACE('',(#6143),#6154,.T.);
#6143 = FACE_BOUND('',#6144,.T.);
#6144 = EDGE_LOOP('',(#6145,#6146,#6152,#6153));
#6145 = ORIENTED_EDGE('',*,*,#2592,.F.);
#6146 = ORIENTED_EDGE('',*,*,#6147,.T.);
#6147 = EDGE_CURVE('',#2585,#5681,#6148,.T.);
#6148 = LINE('',#6149,#6150);
#6149 = CARTESIAN_POINT('',(114.,22.,12.));
#6150 = VECTOR('',#6151,1.);
#6151 = DIRECTION('',(0.,-1.,0.));
#6152 = ORIENTED_EDGE('',*,*,#5680,.F.);
#6153 = ORIENTED_EDGE('',*,*,#6107,.F.);
#6154 = PLANE('',#6155);
#6155 = AXIS2_PLACEMENT_3D('',#6156,#6157,#6158);
#6156 = CARTESIAN_POINT('',(114.,22.,0.));
#6157 = DIRECTION('',(1.,0.,0.));
#6158 = DIRECTION('',(0.,-1.,0.));
#6159 = ADVANCED_FACE('',(#6160,#6171),#6205,.F.);
#6160 = FACE_BOUND('',#6161,.F.);
#6161 = EDGE_LOOP('',(#6162,#6163,#6164,#6170));
#6162 = ORIENTED_EDGE('',*,*,#6147,.T.);
#6163 = ORIENTED_EDGE('',*,*,#5688,.T.);
#6164 = ORIENTED_EDGE('',*,*,#6165,.T.);
#6165 = EDGE_CURVE('',#5689,#2577,#6166,.T.);
#6166 = LINE('',#6167,#6168);
#6167 = CARTESIAN_POINT('',(136.,-11.,12.));
#6168 = VECTOR('',#6169,1.);
#6169 = DIRECTION('',(0.,1.,0.));
#6170 = ORIENTED_EDGE('',*,*,#2584,.F.);
#6171 = FACE_BOUND('',#6172,.F.);
#6172 = EDGE_LOOP('',(#6173,#6183,#6191,#6199));
#6173 = ORIENTED_EDGE('',*,*,#6174,.F.);
#6174 = EDGE_CURVE('',#6175,#6177,#6179,.T.);
#6175 = VERTEX_POINT('',#6176);
#6176 = CARTESIAN_POINT('',(116.5,6.,12.));
#6177 = VERTEX_POINT('',#6178);
#6178 = CARTESIAN_POINT('',(116.5,-1.,12.));
#6179 = LINE('',#6180,#6181);
#6180 = CARTESIAN_POINT('',(116.5,6.,12.));
#6181 = VECTOR('',#6182,1.);
#6182 = DIRECTION('',(0.,-1.,0.));
#6183 = ORIENTED_EDGE('',*,*,#6184,.F.);
#6184 = EDGE_CURVE('',#6185,#6175,#6187,.T.);
#6185 = VERTEX_POINT('',#6186);
#6186 = CARTESIAN_POINT('',(133.5,6.,12.));
#6187 = LINE('',#6188,#6189);
#6188 = CARTESIAN_POINT('',(133.5,6.,12.));
#6189 = VECTOR('',#6190,1.);
#6190 = DIRECTION('',(-1.,0.,0.));
#6191 = ORIENTED_EDGE('',*,*,#6192,.F.);
#6192 = EDGE_CURVE('',#6193,#6185,#6195,.T.);
#6193 = VERTEX_POINT('',#6194);
#6194 = CARTESIAN_POINT('',(133.5,-1.,12.));
#6195 = LINE('',#6196,#6197);
#6196 = CARTESIAN_POINT('',(133.5,-1.,12.));
#6197 = VECTOR('',#6198,1.);
#6198 = DIRECTION('',(0.,1.,0.));
#6199 = ORIENTED_EDGE('',*,*,#6200,.F.);
#6200 = EDGE_CURVE('',#6177,#6193,#6201,.T.);
#6201 = LINE('',#6202,#6203);
#6202 = CARTESIAN_POINT('',(116.5,-1.,12.));
#6203 = VECTOR('',#6204,1.);
#6204 = DIRECTION('',(1.,0.,0.));
#6205 = PLANE('',#6206);
#6206 = AXIS2_PLACEMENT_3D('',#6207,#6208,#6209);
#6207 = CARTESIAN_POINT('',(125.,5.5,12.));
#6208 = DIRECTION('',(0.,0.,1.));
#6209 = DIRECTION('',(1.,0.,0.));
#6210 = ADVANCED_FACE('',(#6211),#6217,.T.);
#6211 = FACE_BOUND('',#6212,.T.);
#6212 = EDGE_LOOP('',(#6213,#6214,#6215,#6216));
#6213 = ORIENTED_EDGE('',*,*,#6076,.F.);
#6214 = ORIENTED_EDGE('',*,*,#5696,.T.);
#6215 = ORIENTED_EDGE('',*,*,#6165,.T.);
#6216 = ORIENTED_EDGE('',*,*,#2576,.F.);
#6217 = PLANE('',#6218);
#6218 = AXIS2_PLACEMENT_3D('',#6219,#6220,#6221);
#6219 = CARTESIAN_POINT('',(136.,-11.,0.));
#6220 = DIRECTION('',(-1.,0.,0.));
#6221 = DIRECTION('',(0.,1.,0.));
#6222 = ADVANCED_FACE('',(#6223,#6234),#6268,.F.);
#6223 = FACE_BOUND('',#6224,.F.);
#6224 = EDGE_LOOP('',(#6225,#6226,#6227,#6233));
#6225 = ORIENTED_EDGE('',*,*,#5904,.T.);
#6226 = ORIENTED_EDGE('',*,*,#5656,.T.);
#6227 = ORIENTED_EDGE('',*,*,#6228,.T.);
#6228 = EDGE_CURVE('',#5657,#2936,#6229,.T.);
#6229 = LINE('',#6230,#6231);
#6230 = CARTESIAN_POINT('',(46.,-11.,12.));
#6231 = VECTOR('',#6232,1.);
#6232 = DIRECTION('',(0.,1.,0.));
#6233 = ORIENTED_EDGE('',*,*,#2943,.F.);
#6234 = FACE_BOUND('',#6235,.F.);
#6235 = EDGE_LOOP('',(#6236,#6246,#6254,#6262));
#6236 = ORIENTED_EDGE('',*,*,#6237,.F.);
#6237 = EDGE_CURVE('',#6238,#6240,#6242,.T.);
#6238 = VERTEX_POINT('',#6239);
#6239 = CARTESIAN_POINT('',(26.5,6.,12.));
#6240 = VERTEX_POINT('',#6241);
#6241 = CARTESIAN_POINT('',(26.5,-1.,12.));
#6242 = LINE('',#6243,#6244);
#6243 = CARTESIAN_POINT('',(26.5,6.,12.));
#6244 = VECTOR('',#6245,1.);
#6245 = DIRECTION('',(0.,-1.,0.));
#6246 = ORIENTED_EDGE('',*,*,#6247,.F.);
#6247 = EDGE_CURVE('',#6248,#6238,#6250,.T.);
#6248 = VERTEX_POINT('',#6249);
#6249 = CARTESIAN_POINT('',(43.5,6.,12.));
#6250 = LINE('',#6251,#6252);
#6251 = CARTESIAN_POINT('',(43.5,6.,12.));
#6252 = VECTOR('',#6253,1.);
#6253 = DIRECTION('',(-1.,0.,0.));
#6254 = ORIENTED_EDGE('',*,*,#6255,.F.);
#6255 = EDGE_CURVE('',#6256,#6248,#6258,.T.);
#6256 = VERTEX_POINT('',#6257);
#6257 = CARTESIAN_POINT('',(43.5,-1.,12.));
#6258 = LINE('',#6259,#6260);
#6259 = CARTESIAN_POINT('',(43.5,-1.,12.));
#6260 = VECTOR('',#6261,1.);
#6261 = DIRECTION('',(0.,1.,0.));
#6262 = ORIENTED_EDGE('',*,*,#6263,.F.);
#6263 = EDGE_CURVE('',#6240,#6256,#6264,.T.);
#6264 = LINE('',#6265,#6266);
#6265 = CARTESIAN_POINT('',(26.5,-1.,12.));
#6266 = VECTOR('',#6267,1.);
#6267 = DIRECTION('',(1.,0.,0.));
#6268 = PLANE('',#6269);
#6269 = AXIS2_PLACEMENT_3D('',#6270,#6271,#6272);
#6270 = CARTESIAN_POINT('',(125.,5.5,12.));
#6271 = DIRECTION('',(0.,0.,1.));
#6272 = DIRECTION('',(1.,0.,0.));
#6273 = ADVANCED_FACE('',(#6274),#6280,.T.);
#6274 = FACE_BOUND('',#6275,.T.);
#6275 = EDGE_LOOP('',(#6276,#6277,#6278,#6279));
#6276 = ORIENTED_EDGE('',*,*,#6114,.F.);
#6277 = ORIENTED_EDGE('',*,*,#5664,.T.);
#6278 = ORIENTED_EDGE('',*,*,#6228,.T.);
#6279 = ORIENTED_EDGE('',*,*,#2935,.F.);
#6280 = PLANE('',#6281);
#6281 = AXIS2_PLACEMENT_3D('',#6282,#6283,#6284);
#6282 = CARTESIAN_POINT('',(46.,-11.,0.));
#6283 = DIRECTION('',(-1.,0.,0.));
#6284 = DIRECTION('',(0.,1.,0.));
#6285 = ADVANCED_FACE('',(#6286),#6302,.T.);
#6286 = FACE_BOUND('',#6287,.T.);
#6287 = EDGE_LOOP('',(#6288,#6289,#6295,#6296));
#6288 = ORIENTED_EDGE('',*,*,#4812,.T.);
#6289 = ORIENTED_EDGE('',*,*,#6290,.T.);
#6290 = EDGE_CURVE('',#4813,#3378,#6291,.T.);
#6291 = LINE('',#6292,#6293);
#6292 = CARTESIAN_POINT('',(-18.,47.499999232051,32.000000537564));
#6293 = VECTOR('',#6294,1.);
#6294 = DIRECTION('',(-1.,-0.,-0.));
#6295 = ORIENTED_EDGE('',*,*,#3375,.F.);
#6296 = ORIENTED_EDGE('',*,*,#6297,.F.);
#6297 = EDGE_CURVE('',#4804,#3376,#6298,.T.);
#6298 = LINE('',#6299,#6300);
#6299 = CARTESIAN_POINT('',(-18.,47.499999232051,26.999999462436));
#6300 = VECTOR('',#6301,1.);
#6301 = DIRECTION('',(-1.,-0.,-0.));
#6302 = PLANE('',#6303);
#6303 = AXIS2_PLACEMENT_3D('',#6304,#6305,#6306);
#6304 = CARTESIAN_POINT('',(-18.,47.499999232051,32.000000537564));
#6305 = DIRECTION('',(0.,-1.,0.));
#6306 = DIRECTION('',(0.,0.,-1.));
#6307 = ADVANCED_FACE('',(#6308),#6343,.F.);
#6308 = FACE_BOUND('',#6309,.F.);
#6309 = EDGE_LOOP('',(#6310,#6311,#6317,#6318,#6319,#6320,#6328,#6337));
#6310 = ORIENTED_EDGE('',*,*,#4837,.F.);
#6311 = ORIENTED_EDGE('',*,*,#6312,.T.);
#6312 = EDGE_CURVE('',#4830,#3395,#6313,.T.);
#6313 = LINE('',#6314,#6315);
#6314 = CARTESIAN_POINT('',(-18.,40.499999232051,26.999999462436));
#6315 = VECTOR('',#6316,1.);
#6316 = DIRECTION('',(-1.,-0.,-0.));
#6317 = ORIENTED_EDGE('',*,*,#3402,.T.);
#6318 = ORIENTED_EDGE('',*,*,#6297,.F.);
#6319 = ORIENTED_EDGE('',*,*,#4803,.F.);
#6320 = ORIENTED_EDGE('',*,*,#6321,.T.);
#6321 = EDGE_CURVE('',#4796,#6322,#6324,.T.);
#6322 = VERTEX_POINT('',#6323);
#6323 = CARTESIAN_POINT('',(-18.,46.343074731333,24.4));
#6324 = LINE('',#6325,#6326);
#6325 = CARTESIAN_POINT('',(-18.,46.343074731333,24.4));
#6326 = VECTOR('',#6327,1.);
#6327 = DIRECTION('',(1.,0.,0.));
#6328 = ORIENTED_EDGE('',*,*,#6329,.F.);
#6329 = EDGE_CURVE('',#6330,#6322,#6332,.T.);
#6330 = VERTEX_POINT('',#6331);
#6331 = CARTESIAN_POINT('',(-18.,41.656923732769,24.4));
#6332 = CIRCLE('',#6333,3.5);
#6333 = AXIS2_PLACEMENT_3D('',#6334,#6335,#6336);
#6334 = CARTESIAN_POINT('',(-18.,43.999999232051,26.999999462436));
#6335 = DIRECTION('',(1.,0.,0.));
#6336 = DIRECTION('',(0.,1.,0.));
#6337 = ORIENTED_EDGE('',*,*,#6338,.F.);
#6338 = EDGE_CURVE('',#4838,#6330,#6339,.T.);
#6339 = LINE('',#6340,#6341);
#6340 = CARTESIAN_POINT('',(-18.,41.656923732769,24.4));
#6341 = VECTOR('',#6342,1.);
#6342 = DIRECTION('',(1.,0.,0.));
#6343 = CYLINDRICAL_SURFACE('',#6344,3.5);
#6344 = AXIS2_PLACEMENT_3D('',#6345,#6346,#6347);
#6345 = CARTESIAN_POINT('',(-18.,43.999999232051,26.999999462436));
#6346 = DIRECTION('',(1.,0.,0.));
#6347 = DIRECTION('',(0.,1.,0.));
#6348 = ADVANCED_FACE('',(#6349),#6360,.F.);
#6349 = FACE_BOUND('',#6350,.F.);
#6350 = EDGE_LOOP('',(#6351,#6352,#6353,#6354));
#6351 = ORIENTED_EDGE('',*,*,#4820,.F.);
#6352 = ORIENTED_EDGE('',*,*,#6290,.T.);
#6353 = ORIENTED_EDGE('',*,*,#3385,.T.);
#6354 = ORIENTED_EDGE('',*,*,#6355,.F.);
#6355 = EDGE_CURVE('',#4821,#3386,#6356,.T.);
#6356 = LINE('',#6357,#6358);
#6357 = CARTESIAN_POINT('',(-18.,40.499999232051,32.000000537564));
#6358 = VECTOR('',#6359,1.);
#6359 = DIRECTION('',(-1.,-0.,-0.));
#6360 = CYLINDRICAL_SURFACE('',#6361,3.5);
#6361 = AXIS2_PLACEMENT_3D('',#6362,#6363,#6364);
#6362 = CARTESIAN_POINT('',(-18.,43.999999232051,32.000000537564));
#6363 = DIRECTION('',(1.,0.,0.));
#6364 = DIRECTION('',(0.,1.,0.));
#6365 = ADVANCED_FACE('',(#6366),#6372,.F.);
#6366 = FACE_BOUND('',#6367,.F.);
#6367 = EDGE_LOOP('',(#6368,#6369,#6370,#6371));
#6368 = ORIENTED_EDGE('',*,*,#4829,.T.);
#6369 = ORIENTED_EDGE('',*,*,#6355,.T.);
#6370 = ORIENTED_EDGE('',*,*,#3394,.F.);
#6371 = ORIENTED_EDGE('',*,*,#6312,.F.);
#6372 = PLANE('',#6373);
#6373 = AXIS2_PLACEMENT_3D('',#6374,#6375,#6376);
#6374 = CARTESIAN_POINT('',(-18.,40.499999232051,32.000000537564));
#6375 = DIRECTION('',(0.,-1.,-7.11E-15));
#6376 = DIRECTION('',(0.,7.11E-15,-1.));
#6377 = ADVANCED_FACE('',(#6378),#6389,.F.);
#6378 = FACE_BOUND('',#6379,.F.);
#6379 = EDGE_LOOP('',(#6380,#6386,#6387,#6388));
#6380 = ORIENTED_EDGE('',*,*,#6381,.F.);
#6381 = EDGE_CURVE('',#5494,#3505,#6382,.T.);
#6382 = LINE('',#6383,#6384);
#6383 = CARTESIAN_POINT('',(-37.,39.125,13.875));
#6384 = VECTOR('',#6385,1.);
#6385 = DIRECTION('',(0.,-0.707106781187,0.707106781187));
#6386 = ORIENTED_EDGE('',*,*,#5501,.T.);
#6387 = ORIENTED_EDGE('',*,*,#3463,.T.);
#6388 = ORIENTED_EDGE('',*,*,#3504,.F.);
#6389 = PLANE('',#6390);
#6390 = AXIS2_PLACEMENT_3D('',#6391,#6392,#6393);
#6391 = CARTESIAN_POINT('',(-38.,36.,17.));
#6392 = DIRECTION('',(0.,-0.707106781187,-0.707106781187));
#6393 = DIRECTION('',(0.,-0.707106781187,0.707106781187));
#6394 = ADVANCED_FACE('',(#6395),#6400,.T.);
#6395 = FACE_BOUND('',#6396,.T.);
#6396 = EDGE_LOOP('',(#6397,#6398,#6399));
#6397 = ORIENTED_EDGE('',*,*,#5493,.F.);
#6398 = ORIENTED_EDGE('',*,*,#3512,.T.);
#6399 = ORIENTED_EDGE('',*,*,#6381,.F.);
#6400 = PLANE('',#6401);
#6401 = AXIS2_PLACEMENT_3D('',#6402,#6403,#6404);
#6402 = CARTESIAN_POINT('',(-37.,34.,2.5));
#6403 = DIRECTION('',(-1.,0.,0.));
#6404 = DIRECTION('',(0.,1.,0.));
#6405 = ADVANCED_FACE('',(#6406),#6412,.F.);
#6406 = FACE_BOUND('',#6407,.F.);
#6407 = EDGE_LOOP('',(#6408,#6409,#6410,#6411));
#6408 = ORIENTED_EDGE('',*,*,#3543,.T.);
#6409 = ORIENTED_EDGE('',*,*,#3604,.T.);
#6410 = ORIENTED_EDGE('',*,*,#5527,.T.);
#6411 = ORIENTED_EDGE('',*,*,#5459,.F.);
#6412 = PLANE('',#6413);
#6413 = AXIS2_PLACEMENT_3D('',#6414,#6415,#6416);
#6414 = CARTESIAN_POINT('',(91.020179374264,-6.492045838548,-61.));
#6415 = DIRECTION('',(0.,0.,1.));
#6416 = DIRECTION('',(1.,0.,0.));
#6417 = ADVANCED_FACE('',(#6418),#6429,.F.);
#6418 = FACE_BOUND('',#6419,.F.);
#6419 = EDGE_LOOP('',(#6420,#6421,#6427,#6428));
#6420 = ORIENTED_EDGE('',*,*,#5549,.F.);
#6421 = ORIENTED_EDGE('',*,*,#6422,.T.);
#6422 = EDGE_CURVE('',#5550,#3561,#6423,.T.);
#6423 = LINE('',#6424,#6425);
#6424 = CARTESIAN_POINT('',(0.,45.300001,-8.5));
#6425 = VECTOR('',#6426,1.);
#6426 = DIRECTION('',(-1.,-0.,-0.));
#6427 = ORIENTED_EDGE('',*,*,#3560,.T.);
#6428 = ORIENTED_EDGE('',*,*,#6422,.F.);
#6429 = CYLINDRICAL_SURFACE('',#6430,1.3);
#6430 = AXIS2_PLACEMENT_3D('',#6431,#6432,#6433);
#6431 = CARTESIAN_POINT('',(0.,44.000001,-8.5));
#6432 = DIRECTION('',(1.,0.,0.));
#6433 = DIRECTION('',(0.,1.,0.));
#6434 = ADVANCED_FACE('',(#6435),#6446,.F.);
#6435 = FACE_BOUND('',#6436,.F.);
#6436 = EDGE_LOOP('',(#6437,#6438,#6444,#6445));
#6437 = ORIENTED_EDGE('',*,*,#5538,.F.);
#6438 = ORIENTED_EDGE('',*,*,#6439,.T.);
#6439 = EDGE_CURVE('',#5539,#3572,#6440,.T.);
#6440 = LINE('',#6441,#6442);
#6441 = CARTESIAN_POINT('',(0.,46.875,-28.));
#6442 = VECTOR('',#6443,1.);
#6443 = DIRECTION('',(-1.,-0.,-0.));
#6444 = ORIENTED_EDGE('',*,*,#3571,.T.);
#6445 = ORIENTED_EDGE('',*,*,#6439,.F.);
#6446 = CYLINDRICAL_SURFACE('',#6447,2.875);
#6447 = AXIS2_PLACEMENT_3D('',#6448,#6449,#6450);
#6448 = CARTESIAN_POINT('',(0.,44.,-28.));
#6449 = DIRECTION('',(1.,0.,0.));
#6450 = DIRECTION('',(0.,1.,0.));
#6451 = ADVANCED_FACE('',(#6452),#6478,.T.);
#6452 = FACE_BOUND('',#6453,.T.);
#6453 = EDGE_LOOP('',(#6454,#6455,#6456,#6457,#6458,#6459,#6466,#6473));
#6454 = ORIENTED_EDGE('',*,*,#3946,.F.);
#6455 = ORIENTED_EDGE('',*,*,#3885,.T.);
#6456 = ORIENTED_EDGE('',*,*,#3785,.F.);
#6457 = ORIENTED_EDGE('',*,*,#4127,.F.);
#6458 = ORIENTED_EDGE('',*,*,#4074,.F.);
#6459 = ORIENTED_EDGE('',*,*,#6460,.T.);
#6460 = EDGE_CURVE('',#4075,#6461,#6463,.T.);
#6461 = VERTEX_POINT('',#6462);
#6462 = CARTESIAN_POINT('',(43.136029765734,-0.636029765734,13.));
#6463 = B_SPLINE_CURVE_WITH_KNOTS('',1,(#6464,#6465),.UNSPECIFIED.,.F.,
  .F.,(2,2),(0.,1.),.PIECEWISE_BEZIER_KNOTS.);
#6464 = CARTESIAN_POINT('',(43.136029765734,2.89E-15,13.));
#6465 = CARTESIAN_POINT('',(43.136029765734,-0.636029765734,13.));
#6466 = ORIENTED_EDGE('',*,*,#6467,.T.);
#6467 = EDGE_CURVE('',#6461,#6468,#6470,.T.);
#6468 = VERTEX_POINT('',#6469);
#6469 = CARTESIAN_POINT('',(26.863970234266,-0.636029765734,13.));
#6470 = B_SPLINE_CURVE_WITH_KNOTS('',1,(#6471,#6472),.UNSPECIFIED.,.F.,
  .F.,(2,2),(0.,1.),.PIECEWISE_BEZIER_KNOTS.);
#6471 = CARTESIAN_POINT('',(43.136029765734,-0.636029765734,13.));
#6472 = CARTESIAN_POINT('',(26.863970234266,-0.636029765734,13.));
#6473 = ORIENTED_EDGE('',*,*,#6474,.T.);
#6474 = EDGE_CURVE('',#6468,#3910,#6475,.T.);
#6475 = B_SPLINE_CURVE_WITH_KNOTS('',1,(#6476,#6477),.UNSPECIFIED.,.F.,
  .F.,(2,2),(0.,1.),.PIECEWISE_BEZIER_KNOTS.);
#6476 = CARTESIAN_POINT('',(26.863970234266,-0.636029765734,13.));
#6477 = CARTESIAN_POINT('',(26.863970234266,2.89E-15,13.));
#6478 = PLANE('',#6479);
#6479 = AXIS2_PLACEMENT_3D('',#6480,#6481,#6482);
#6480 = CARTESIAN_POINT('',(23.,2.89E-15,13.));
#6481 = DIRECTION('',(0.,2.2E-16,1.));
#6482 = DIRECTION('',(1.,0.,0.));
#6483 = ADVANCED_FACE('',(#6484),#6510,.T.);
#6484 = FACE_BOUND('',#6485,.T.);
#6485 = EDGE_LOOP('',(#6486,#6487,#6488,#6489,#6490,#6491,#6498,#6505));
#6486 = ORIENTED_EDGE('',*,*,#4214,.F.);
#6487 = ORIENTED_EDGE('',*,*,#4153,.T.);
#6488 = ORIENTED_EDGE('',*,*,#3762,.F.);
#6489 = ORIENTED_EDGE('',*,*,#4395,.F.);
#6490 = ORIENTED_EDGE('',*,*,#4342,.F.);
#6491 = ORIENTED_EDGE('',*,*,#6492,.T.);
#6492 = EDGE_CURVE('',#4343,#6493,#6495,.T.);
#6493 = VERTEX_POINT('',#6494);
#6494 = CARTESIAN_POINT('',(133.13602976573,-0.636029765734,13.));
#6495 = B_SPLINE_CURVE_WITH_KNOTS('',1,(#6496,#6497),.UNSPECIFIED.,.F.,
  .F.,(2,2),(0.,1.),.PIECEWISE_BEZIER_KNOTS.);
#6496 = CARTESIAN_POINT('',(133.13602976573,2.89E-15,13.));
#6497 = CARTESIAN_POINT('',(133.13602976573,-0.636029765734,13.));
#6498 = ORIENTED_EDGE('',*,*,#6499,.T.);
#6499 = EDGE_CURVE('',#6493,#6500,#6502,.T.);
#6500 = VERTEX_POINT('',#6501);
#6501 = CARTESIAN_POINT('',(116.86397023426,-0.636029765734,13.));
#6502 = B_SPLINE_CURVE_WITH_KNOTS('',1,(#6503,#6504),.UNSPECIFIED.,.F.,
  .F.,(2,2),(0.,1.),.PIECEWISE_BEZIER_KNOTS.);
#6503 = CARTESIAN_POINT('',(133.13602976573,-0.636029765734,13.));
#6504 = CARTESIAN_POINT('',(116.86397023426,-0.636029765734,13.));
#6505 = ORIENTED_EDGE('',*,*,#6506,.T.);
#6506 = EDGE_CURVE('',#6500,#4178,#6507,.T.);
#6507 = B_SPLINE_CURVE_WITH_KNOTS('',1,(#6508,#6509),.UNSPECIFIED.,.F.,
  .F.,(2,2),(0.,1.),.PIECEWISE_BEZIER_KNOTS.);
#6508 = CARTESIAN_POINT('',(116.86397023426,-0.636029765734,13.));
#6509 = CARTESIAN_POINT('',(116.86397023426,2.89E-15,13.));
#6510 = PLANE('',#6511);
#6511 = AXIS2_PLACEMENT_3D('',#6512,#6513,#6514);
#6512 = CARTESIAN_POINT('',(113.,2.89E-15,13.));
#6513 = DIRECTION('',(0.,2.2E-16,1.));
#6514 = DIRECTION('',(1.,0.,0.));
#6515 = ADVANCED_FACE('',(#6516),#6542,.T.);
#6516 = FACE_BOUND('',#6517,.T.);
#6517 = EDGE_LOOP('',(#6518,#6519,#6520,#6521,#6522,#6523,#6530,#6537));
#6518 = ORIENTED_EDGE('',*,*,#4482,.F.);
#6519 = ORIENTED_EDGE('',*,*,#4421,.T.);
#6520 = ORIENTED_EDGE('',*,*,#3739,.F.);
#6521 = ORIENTED_EDGE('',*,*,#4663,.F.);
#6522 = ORIENTED_EDGE('',*,*,#4610,.F.);
#6523 = ORIENTED_EDGE('',*,*,#6524,.T.);
#6524 = EDGE_CURVE('',#4611,#6525,#6527,.T.);
#6525 = VERTEX_POINT('',#6526);
#6526 = CARTESIAN_POINT('',(223.13602976573,-0.636029765734,13.));
#6527 = B_SPLINE_CURVE_WITH_KNOTS('',1,(#6528,#6529),.UNSPECIFIED.,.F.,
  .F.,(2,2),(0.,1.),.PIECEWISE_BEZIER_KNOTS.);
#6528 = CARTESIAN_POINT('',(223.13602976573,2.89E-15,13.));
#6529 = CARTESIAN_POINT('',(223.13602976573,-0.636029765734,13.));
#6530 = ORIENTED_EDGE('',*,*,#6531,.T.);
#6531 = EDGE_CURVE('',#6525,#6532,#6534,.T.);
#6532 = VERTEX_POINT('',#6533);
#6533 = CARTESIAN_POINT('',(206.86397023426,-0.636029765734,13.));
#6534 = B_SPLINE_CURVE_WITH_KNOTS('',1,(#6535,#6536),.UNSPECIFIED.,.F.,
  .F.,(2,2),(0.,1.),.PIECEWISE_BEZIER_KNOTS.);
#6535 = CARTESIAN_POINT('',(223.13602976573,-0.636029765734,13.));
#6536 = CARTESIAN_POINT('',(206.86397023426,-0.636029765734,13.));
#6537 = ORIENTED_EDGE('',*,*,#6538,.T.);
#6538 = EDGE_CURVE('',#6532,#4446,#6539,.T.);
#6539 = B_SPLINE_CURVE_WITH_KNOTS('',1,(#6540,#6541),.UNSPECIFIED.,.F.,
  .F.,(2,2),(0.,1.),.PIECEWISE_BEZIER_KNOTS.);
#6540 = CARTESIAN_POINT('',(206.86397023426,-0.636029765734,13.));
#6541 = CARTESIAN_POINT('',(206.86397023426,2.89E-15,13.));
#6542 = PLANE('',#6543);
#6543 = AXIS2_PLACEMENT_3D('',#6544,#6545,#6546);
#6544 = CARTESIAN_POINT('',(203.,2.89E-15,13.));
#6545 = DIRECTION('',(0.,2.2E-16,1.));
#6546 = DIRECTION('',(1.,0.,0.));
#6547 = ADVANCED_FACE('',(#6548),#6559,.T.);
#6548 = FACE_BOUND('',#6549,.T.);
#6549 = EDGE_LOOP('',(#6550,#6551,#6552,#6553));
#6550 = ORIENTED_EDGE('',*,*,#5751,.F.);
#6551 = ORIENTED_EDGE('',*,*,#5972,.T.);
#6552 = ORIENTED_EDGE('',*,*,#3715,.F.);
#6553 = ORIENTED_EDGE('',*,*,#6554,.T.);
#6554 = EDGE_CURVE('',#3708,#5752,#6555,.T.);
#6555 = LINE('',#6556,#6557);
#6556 = CARTESIAN_POINT('',(220.,-3.246022919274,-61.));
#6557 = VECTOR('',#6558,1.);
#6558 = DIRECTION('',(0.,1.,0.));
#6559 = PLANE('',#6560);
#6560 = AXIS2_PLACEMENT_3D('',#6561,#6562,#6563);
#6561 = CARTESIAN_POINT('',(220.,-3.55E-15,-16.));
#6562 = DIRECTION('',(1.,0.,0.));
#6563 = DIRECTION('',(0.,-2.2E-16,-1.));
#6564 = ADVANCED_FACE('',(#6565),#6576,.F.);
#6565 = FACE_BOUND('',#6566,.F.);
#6566 = EDGE_LOOP('',(#6567,#6568,#6574,#6575));
#6567 = ORIENTED_EDGE('',*,*,#5759,.T.);
#6568 = ORIENTED_EDGE('',*,*,#6569,.T.);
#6569 = EDGE_CURVE('',#5760,#3700,#6570,.T.);
#6570 = LINE('',#6571,#6572);
#6571 = CARTESIAN_POINT('',(180.,-1.354E-14,-61.));
#6572 = VECTOR('',#6573,1.);
#6573 = DIRECTION('',(0.,-1.,2.2E-16));
#6574 = ORIENTED_EDGE('',*,*,#3707,.T.);
#6575 = ORIENTED_EDGE('',*,*,#6554,.T.);
#6576 = PLANE('',#6577);
#6577 = AXIS2_PLACEMENT_3D('',#6578,#6579,#6580);
#6578 = CARTESIAN_POINT('',(91.020179374264,-6.492045838548,-61.));
#6579 = DIRECTION('',(0.,0.,1.));
#6580 = DIRECTION('',(1.,0.,0.));
#6581 = ADVANCED_FACE('',(#6582),#6593,.T.);
#6582 = FACE_BOUND('',#6583,.T.);
#6583 = EDGE_LOOP('',(#6584,#6585,#6586,#6587));
#6584 = ORIENTED_EDGE('',*,*,#5767,.F.);
#6585 = ORIENTED_EDGE('',*,*,#6569,.T.);
#6586 = ORIENTED_EDGE('',*,*,#3699,.F.);
#6587 = ORIENTED_EDGE('',*,*,#6588,.F.);
#6588 = EDGE_CURVE('',#5768,#3692,#6589,.T.);
#6589 = LINE('',#6590,#6591);
#6590 = CARTESIAN_POINT('',(180.,0.,0.));
#6591 = VECTOR('',#6592,1.);
#6592 = DIRECTION('',(0.,-1.,2.2E-16));
#6593 = PLANE('',#6594);
#6594 = AXIS2_PLACEMENT_3D('',#6595,#6596,#6597);
#6595 = CARTESIAN_POINT('',(180.,-1.354E-14,-61.));
#6596 = DIRECTION('',(-1.,0.,0.));
#6597 = DIRECTION('',(0.,2.2E-16,1.));
#6598 = ADVANCED_FACE('',(#6599),#6610,.T.);
#6599 = FACE_BOUND('',#6600,.T.);
#6600 = EDGE_LOOP('',(#6601,#6602,#6603,#6604));
#6601 = ORIENTED_EDGE('',*,*,#5775,.F.);
#6602 = ORIENTED_EDGE('',*,*,#6588,.T.);
#6603 = ORIENTED_EDGE('',*,*,#3691,.F.);
#6604 = ORIENTED_EDGE('',*,*,#6605,.F.);
#6605 = EDGE_CURVE('',#5776,#3684,#6606,.T.);
#6606 = LINE('',#6607,#6608);
#6607 = CARTESIAN_POINT('',(131.,0.,0.));
#6608 = VECTOR('',#6609,1.);
#6609 = DIRECTION('',(0.,-1.,2.2E-16));
#6610 = PLANE('',#6611);
#6611 = AXIS2_PLACEMENT_3D('',#6612,#6613,#6614);
#6612 = CARTESIAN_POINT('',(180.,0.,0.));
#6613 = DIRECTION('',(-0.,-2.2E-16,-1.));
#6614 = DIRECTION('',(-1.,0.,0.));
#6615 = ADVANCED_FACE('',(#6616),#6627,.T.);
#6616 = FACE_BOUND('',#6617,.T.);
#6617 = EDGE_LOOP('',(#6618,#6619,#6620,#6621));
#6618 = ORIENTED_EDGE('',*,*,#5783,.F.);
#6619 = ORIENTED_EDGE('',*,*,#6605,.T.);
#6620 = ORIENTED_EDGE('',*,*,#3683,.F.);
#6621 = ORIENTED_EDGE('',*,*,#6622,.F.);
#6622 = EDGE_CURVE('',#5784,#3676,#6623,.T.);
#6623 = LINE('',#6624,#6625);
#6624 = CARTESIAN_POINT('',(131.,-1.354E-14,-61.));
#6625 = VECTOR('',#6626,1.);
#6626 = DIRECTION('',(0.,-1.,2.2E-16));
#6627 = PLANE('',#6628);
#6628 = AXIS2_PLACEMENT_3D('',#6629,#6630,#6631);
#6629 = CARTESIAN_POINT('',(131.,0.,0.));
#6630 = DIRECTION('',(1.,0.,0.));
#6631 = DIRECTION('',(0.,-2.2E-16,-1.));
#6632 = ADVANCED_FACE('',(#6633),#6644,.F.);
#6633 = FACE_BOUND('',#6634,.F.);
#6634 = EDGE_LOOP('',(#6635,#6636,#6642,#6643));
#6635 = ORIENTED_EDGE('',*,*,#5791,.T.);
#6636 = ORIENTED_EDGE('',*,*,#6637,.T.);
#6637 = EDGE_CURVE('',#5792,#3668,#6638,.T.);
#6638 = LINE('',#6639,#6640);
#6639 = CARTESIAN_POINT('',(90.,-1.354E-14,-61.));
#6640 = VECTOR('',#6641,1.);
#6641 = DIRECTION('',(0.,-1.,2.2E-16));
#6642 = ORIENTED_EDGE('',*,*,#3675,.T.);
#6643 = ORIENTED_EDGE('',*,*,#6622,.F.);
#6644 = PLANE('',#6645);
#6645 = AXIS2_PLACEMENT_3D('',#6646,#6647,#6648);
#6646 = CARTESIAN_POINT('',(91.020179374264,-6.492045838548,-61.));
#6647 = DIRECTION('',(0.,0.,1.));
#6648 = DIRECTION('',(1.,0.,0.));
#6649 = ADVANCED_FACE('',(#6650),#6661,.T.);
#6650 = FACE_BOUND('',#6651,.T.);
#6651 = EDGE_LOOP('',(#6652,#6653,#6654,#6655));
#6652 = ORIENTED_EDGE('',*,*,#5799,.F.);
#6653 = ORIENTED_EDGE('',*,*,#6637,.T.);
#6654 = ORIENTED_EDGE('',*,*,#3667,.F.);
#6655 = ORIENTED_EDGE('',*,*,#6656,.F.);
#6656 = EDGE_CURVE('',#5800,#3660,#6657,.T.);
#6657 = LINE('',#6658,#6659);
#6658 = CARTESIAN_POINT('',(90.,0.,0.));
#6659 = VECTOR('',#6660,1.);
#6660 = DIRECTION('',(0.,-1.,2.2E-16));
#6661 = PLANE('',#6662);
#6662 = AXIS2_PLACEMENT_3D('',#6663,#6664,#6665);
#6663 = CARTESIAN_POINT('',(90.,-1.354E-14,-61.));
#6664 = DIRECTION('',(-1.,0.,0.));
#6665 = DIRECTION('',(0.,2.2E-16,1.));
#6666 = ADVANCED_FACE('',(#6667),#6678,.T.);
#6667 = FACE_BOUND('',#6668,.T.);
#6668 = EDGE_LOOP('',(#6669,#6670,#6671,#6672));
#6669 = ORIENTED_EDGE('',*,*,#5807,.F.);
#6670 = ORIENTED_EDGE('',*,*,#6656,.T.);
#6671 = ORIENTED_EDGE('',*,*,#3659,.F.);
#6672 = ORIENTED_EDGE('',*,*,#6673,.F.);
#6673 = EDGE_CURVE('',#5808,#3652,#6674,.T.);
#6674 = LINE('',#6675,#6676);
#6675 = CARTESIAN_POINT('',(41.,0.,0.));
#6676 = VECTOR('',#6677,1.);
#6677 = DIRECTION('',(0.,-1.,2.2E-16));
#6678 = PLANE('',#6679);
#6679 = AXIS2_PLACEMENT_3D('',#6680,#6681,#6682);
#6680 = CARTESIAN_POINT('',(90.,0.,0.));
#6681 = DIRECTION('',(-0.,-2.2E-16,-1.));
#6682 = DIRECTION('',(-1.,0.,0.));
#6683 = ADVANCED_FACE('',(#6684),#6695,.T.);
#6684 = FACE_BOUND('',#6685,.T.);
#6685 = EDGE_LOOP('',(#6686,#6687,#6688,#6689));
#6686 = ORIENTED_EDGE('',*,*,#5815,.F.);
#6687 = ORIENTED_EDGE('',*,*,#6673,.T.);
#6688 = ORIENTED_EDGE('',*,*,#3651,.F.);
#6689 = ORIENTED_EDGE('',*,*,#6690,.F.);
#6690 = EDGE_CURVE('',#5816,#3644,#6691,.T.);
#6691 = LINE('',#6692,#6693);
#6692 = CARTESIAN_POINT('',(41.,-1.354E-14,-61.));
#6693 = VECTOR('',#6694,1.);
#6694 = DIRECTION('',(0.,-1.,2.2E-16));
#6695 = PLANE('',#6696);
#6696 = AXIS2_PLACEMENT_3D('',#6697,#6698,#6699);
#6697 = CARTESIAN_POINT('',(41.,0.,0.));
#6698 = DIRECTION('',(1.,0.,0.));
#6699 = DIRECTION('',(0.,-2.2E-16,-1.));
#6700 = ADVANCED_FACE('',(#6701),#6707,.F.);
#6701 = FACE_BOUND('',#6702,.F.);
#6702 = EDGE_LOOP('',(#6703,#6704,#6705,#6706));
#6703 = ORIENTED_EDGE('',*,*,#5823,.T.);
#6704 = ORIENTED_EDGE('',*,*,#5631,.T.);
#6705 = ORIENTED_EDGE('',*,*,#3643,.T.);
#6706 = ORIENTED_EDGE('',*,*,#6690,.F.);
#6707 = PLANE('',#6708);
#6708 = AXIS2_PLACEMENT_3D('',#6709,#6710,#6711);
#6709 = CARTESIAN_POINT('',(91.020179374264,-6.492045838548,-61.));
#6710 = DIRECTION('',(0.,0.,1.));
#6711 = DIRECTION('',(1.,0.,0.));
#6712 = ADVANCED_FACE('',(#6713),#6724,.F.);
#6713 = FACE_BOUND('',#6714,.T.);
#6714 = EDGE_LOOP('',(#6715,#6716,#6722,#6723));
#6715 = ORIENTED_EDGE('',*,*,#5842,.T.);
#6716 = ORIENTED_EDGE('',*,*,#6717,.T.);
#6717 = EDGE_CURVE('',#5843,#3804,#6718,.T.);
#6718 = LINE('',#6719,#6720);
#6719 = CARTESIAN_POINT('',(37.875001,1.44E-15,6.5));
#6720 = VECTOR('',#6721,1.);
#6721 = DIRECTION('',(0.,-1.,2.2E-16));
#6722 = ORIENTED_EDGE('',*,*,#3803,.F.);
#6723 = ORIENTED_EDGE('',*,*,#6717,.F.);
#6724 = CYLINDRICAL_SURFACE('',#6725,2.875);
#6725 = AXIS2_PLACEMENT_3D('',#6726,#6727,#6728);
#6726 = CARTESIAN_POINT('',(35.000001,1.44E-15,6.5));
#6727 = DIRECTION('',(0.,1.,-2.2E-16));
#6728 = DIRECTION('',(1.,0.,0.));
#6729 = ADVANCED_FACE('',(#6730),#6741,.F.);
#6730 = FACE_BOUND('',#6731,.T.);
#6731 = EDGE_LOOP('',(#6732,#6733,#6739,#6740));
#6732 = ORIENTED_EDGE('',*,*,#5831,.T.);
#6733 = ORIENTED_EDGE('',*,*,#6734,.T.);
#6734 = EDGE_CURVE('',#5832,#3815,#6735,.T.);
#6735 = LINE('',#6736,#6737);
#6736 = CARTESIAN_POINT('',(36.303842,-3.E-15,-13.5));
#6737 = VECTOR('',#6738,1.);
#6738 = DIRECTION('',(0.,-1.,2.2E-16));
#6739 = ORIENTED_EDGE('',*,*,#3814,.F.);
#6740 = ORIENTED_EDGE('',*,*,#6734,.F.);
#6741 = CYLINDRICAL_SURFACE('',#6742,1.303841);
#6742 = AXIS2_PLACEMENT_3D('',#6743,#6744,#6745);
#6743 = CARTESIAN_POINT('',(35.000001,-3.E-15,-13.5));
#6744 = DIRECTION('',(0.,1.,-2.2E-16));
#6745 = DIRECTION('',(1.,0.,0.));
#6746 = ADVANCED_FACE('',(#6747),#6758,.F.);
#6747 = FACE_BOUND('',#6748,.T.);
#6748 = EDGE_LOOP('',(#6749,#6750,#6756,#6757));
#6749 = ORIENTED_EDGE('',*,*,#5875,.T.);
#6750 = ORIENTED_EDGE('',*,*,#6751,.T.);
#6751 = EDGE_CURVE('',#5876,#3826,#6752,.T.);
#6752 = LINE('',#6753,#6754);
#6753 = CARTESIAN_POINT('',(127.875001,1.44E-15,6.5));
#6754 = VECTOR('',#6755,1.);
#6755 = DIRECTION('',(0.,-1.,2.2E-16));
#6756 = ORIENTED_EDGE('',*,*,#3825,.F.);
#6757 = ORIENTED_EDGE('',*,*,#6751,.F.);
#6758 = CYLINDRICAL_SURFACE('',#6759,2.875);
#6759 = AXIS2_PLACEMENT_3D('',#6760,#6761,#6762);
#6760 = CARTESIAN_POINT('',(125.000001,1.44E-15,6.5));
#6761 = DIRECTION('',(0.,1.,-2.2E-16));
#6762 = DIRECTION('',(1.,0.,0.));
#6763 = ADVANCED_FACE('',(#6764),#6775,.F.);
#6764 = FACE_BOUND('',#6765,.T.);
#6765 = EDGE_LOOP('',(#6766,#6767,#6773,#6774));
#6766 = ORIENTED_EDGE('',*,*,#5886,.T.);
#6767 = ORIENTED_EDGE('',*,*,#6768,.T.);
#6768 = EDGE_CURVE('',#5887,#3837,#6769,.T.);
#6769 = LINE('',#6770,#6771);
#6770 = CARTESIAN_POINT('',(217.875001,1.44E-15,6.5));
#6771 = VECTOR('',#6772,1.);
#6772 = DIRECTION('',(0.,-1.,2.2E-16));
#6773 = ORIENTED_EDGE('',*,*,#3836,.F.);
#6774 = ORIENTED_EDGE('',*,*,#6768,.F.);
#6775 = CYLINDRICAL_SURFACE('',#6776,2.875);
#6776 = AXIS2_PLACEMENT_3D('',#6777,#6778,#6779);
#6777 = CARTESIAN_POINT('',(215.000001,1.44E-15,6.5));
#6778 = DIRECTION('',(0.,1.,-2.2E-16));
#6779 = DIRECTION('',(1.,0.,0.));
#6780 = ADVANCED_FACE('',(#6781),#6792,.F.);
#6781 = FACE_BOUND('',#6782,.T.);
#6782 = EDGE_LOOP('',(#6783,#6784,#6790,#6791));
#6783 = ORIENTED_EDGE('',*,*,#5853,.T.);
#6784 = ORIENTED_EDGE('',*,*,#6785,.T.);
#6785 = EDGE_CURVE('',#5854,#3848,#6786,.T.);
#6786 = LINE('',#6787,#6788);
#6787 = CARTESIAN_POINT('',(126.303842,-3.E-15,-13.5));
#6788 = VECTOR('',#6789,1.);
#6789 = DIRECTION('',(0.,-1.,2.2E-16));
#6790 = ORIENTED_EDGE('',*,*,#3847,.F.);
#6791 = ORIENTED_EDGE('',*,*,#6785,.F.);
#6792 = CYLINDRICAL_SURFACE('',#6793,1.303841);
#6793 = AXIS2_PLACEMENT_3D('',#6794,#6795,#6796);
#6794 = CARTESIAN_POINT('',(125.000001,-3.E-15,-13.5));
#6795 = DIRECTION('',(0.,1.,-2.2E-16));
#6796 = DIRECTION('',(1.,0.,0.));
#6797 = ADVANCED_FACE('',(#6798),#6809,.F.);
#6798 = FACE_BOUND('',#6799,.T.);
#6799 = EDGE_LOOP('',(#6800,#6801,#6807,#6808));
#6800 = ORIENTED_EDGE('',*,*,#5864,.T.);
#6801 = ORIENTED_EDGE('',*,*,#6802,.T.);
#6802 = EDGE_CURVE('',#5865,#3859,#6803,.T.);
#6803 = LINE('',#6804,#6805);
#6804 = CARTESIAN_POINT('',(216.303842,-3.E-15,-13.5));
#6805 = VECTOR('',#6806,1.);
#6806 = DIRECTION('',(0.,-1.,2.2E-16));
#6807 = ORIENTED_EDGE('',*,*,#3858,.F.);
#6808 = ORIENTED_EDGE('',*,*,#6802,.F.);
#6809 = CYLINDRICAL_SURFACE('',#6810,1.303841);
#6810 = AXIS2_PLACEMENT_3D('',#6811,#6812,#6813);
#6811 = CARTESIAN_POINT('',(215.000001,-3.E-15,-13.5));
#6812 = DIRECTION('',(0.,1.,-2.2E-16));
#6813 = DIRECTION('',(1.,0.,0.));
#6814 = ADVANCED_FACE('',(#6815),#6831,.F.);
#6815 = FACE_BOUND('',#6816,.F.);
#6816 = EDGE_LOOP('',(#6817,#6822,#6823,#6828,#6829,#6830));
#6817 = ORIENTED_EDGE('',*,*,#6818,.F.);
#6818 = EDGE_CURVE('',#6238,#3961,#6819,.T.);
#6819 = B_SPLINE_CURVE_WITH_KNOTS('',1,(#6820,#6821),.UNSPECIFIED.,.F.,
  .F.,(2,2),(0.,1.),.PIECEWISE_BEZIER_KNOTS.);
#6820 = CARTESIAN_POINT('',(26.5,6.,12.));
#6821 = CARTESIAN_POINT('',(28.319851171331,4.180148828669,17.));
#6822 = ORIENTED_EDGE('',*,*,#6237,.T.);
#6823 = ORIENTED_EDGE('',*,*,#6824,.T.);
#6824 = EDGE_CURVE('',#6240,#6468,#6825,.T.);
#6825 = B_SPLINE_CURVE_WITH_KNOTS('',1,(#6826,#6827),.UNSPECIFIED.,.F.,
  .F.,(2,2),(0.,1.),.PIECEWISE_BEZIER_KNOTS.);
#6826 = CARTESIAN_POINT('',(26.5,-1.,12.));
#6827 = CARTESIAN_POINT('',(28.319851171331,0.819851171331,17.));
#6828 = ORIENTED_EDGE('',*,*,#6474,.T.);
#6829 = ORIENTED_EDGE('',*,*,#3909,.T.);
#6830 = ORIENTED_EDGE('',*,*,#3960,.T.);
#6831 = B_SPLINE_SURFACE_WITH_KNOTS('',1,1,(
    (#6832,#6833)
    ,(#6834,#6835
    )),.UNSPECIFIED.,.F.,.F.,.F.,(2,2),(2,2),(0.,7.),(0.,1.),
  .PIECEWISE_BEZIER_KNOTS.);
#6832 = CARTESIAN_POINT('',(26.5,6.,12.));
#6833 = CARTESIAN_POINT('',(28.319851171331,4.180148828669,17.));
#6834 = CARTESIAN_POINT('',(26.5,-1.,12.));
#6835 = CARTESIAN_POINT('',(28.319851171331,0.819851171331,17.));
#6836 = ADVANCED_FACE('',(#6837),#6847,.F.);
#6837 = FACE_BOUND('',#6838,.F.);
#6838 = EDGE_LOOP('',(#6839,#6844,#6845,#6846));
#6839 = ORIENTED_EDGE('',*,*,#6840,.F.);
#6840 = EDGE_CURVE('',#6248,#3984,#6841,.T.);
#6841 = B_SPLINE_CURVE_WITH_KNOTS('',1,(#6842,#6843),.UNSPECIFIED.,.F.,
  .F.,(2,2),(0.,1.),.PIECEWISE_BEZIER_KNOTS.);
#6842 = CARTESIAN_POINT('',(43.5,6.,12.));
#6843 = CARTESIAN_POINT('',(41.680148828669,4.180148828669,17.));
#6844 = ORIENTED_EDGE('',*,*,#6247,.T.);
#6845 = ORIENTED_EDGE('',*,*,#6818,.T.);
#6846 = ORIENTED_EDGE('',*,*,#3983,.T.);
#6847 = B_SPLINE_SURFACE_WITH_KNOTS('',1,1,(
    (#6848,#6849)
    ,(#6850,#6851
    )),.UNSPECIFIED.,.F.,.F.,.F.,(2,2),(2,2),(0.,17.),(0.,1.),
  .PIECEWISE_BEZIER_KNOTS.);
#6848 = CARTESIAN_POINT('',(43.5,6.,12.));
#6849 = CARTESIAN_POINT('',(41.680148828669,4.180148828669,17.));
#6850 = CARTESIAN_POINT('',(26.5,6.,12.));
#6851 = CARTESIAN_POINT('',(28.319851171331,4.180148828669,17.));
#6852 = ADVANCED_FACE('',(#6853),#6869,.F.);
#6853 = FACE_BOUND('',#6854,.F.);
#6854 = EDGE_LOOP('',(#6855,#6856,#6862,#6863));
#6855 = ORIENTED_EDGE('',*,*,#4000,.F.);
#6856 = ORIENTED_EDGE('',*,*,#6857,.T.);
#6857 = EDGE_CURVE('',#4001,#5040,#6858,.T.);
#6858 = LINE('',#6859,#6860);
#6859 = CARTESIAN_POINT('',(38.5,6.22E-15,28.));
#6860 = VECTOR('',#6861,1.);
#6861 = DIRECTION('',(0.,1.,-2.2E-16));
#6862 = ORIENTED_EDGE('',*,*,#5039,.T.);
#6863 = ORIENTED_EDGE('',*,*,#6864,.F.);
#6864 = EDGE_CURVE('',#4003,#5032,#6865,.T.);
#6865 = LINE('',#6866,#6867);
#6866 = CARTESIAN_POINT('',(31.5,6.22E-15,28.));
#6867 = VECTOR('',#6868,1.);
#6868 = DIRECTION('',(0.,1.,-2.2E-16));
#6869 = CYLINDRICAL_SURFACE('',#6870,3.5);
#6870 = AXIS2_PLACEMENT_3D('',#6871,#6872,#6873);
#6871 = CARTESIAN_POINT('',(35.,6.22E-15,28.));
#6872 = DIRECTION('',(0.,-1.,2.2E-16));
#6873 = DIRECTION('',(1.,0.,0.));
#6874 = ADVANCED_FACE('',(#6875),#6886,.T.);
#6875 = FACE_BOUND('',#6876,.T.);
#6876 = EDGE_LOOP('',(#6877,#6878,#6879,#6880));
#6877 = ORIENTED_EDGE('',*,*,#4011,.F.);
#6878 = ORIENTED_EDGE('',*,*,#6857,.T.);
#6879 = ORIENTED_EDGE('',*,*,#5048,.F.);
#6880 = ORIENTED_EDGE('',*,*,#6881,.F.);
#6881 = EDGE_CURVE('',#4012,#5049,#6882,.T.);
#6882 = LINE('',#6883,#6884);
#6883 = CARTESIAN_POINT('',(38.5,5.11E-15,22.999998787564));
#6884 = VECTOR('',#6885,1.);
#6885 = DIRECTION('',(0.,1.,-2.2E-16));
#6886 = PLANE('',#6887);
#6887 = AXIS2_PLACEMENT_3D('',#6888,#6889,#6890);
#6888 = CARTESIAN_POINT('',(38.5,6.22E-15,28.));
#6889 = DIRECTION('',(-1.,0.,0.));
#6890 = DIRECTION('',(-0.,-2.2E-16,-1.));
#6891 = ADVANCED_FACE('',(#6892),#6903,.F.);
#6892 = FACE_BOUND('',#6893,.F.);
#6893 = EDGE_LOOP('',(#6894,#6895,#6896,#6897));
#6894 = ORIENTED_EDGE('',*,*,#4028,.F.);
#6895 = ORIENTED_EDGE('',*,*,#6864,.T.);
#6896 = ORIENTED_EDGE('',*,*,#5031,.F.);
#6897 = ORIENTED_EDGE('',*,*,#6898,.F.);
#6898 = EDGE_CURVE('',#4020,#5023,#6899,.T.);
#6899 = LINE('',#6900,#6901);
#6900 = CARTESIAN_POINT('',(31.5,5.11E-15,22.999998787564));
#6901 = VECTOR('',#6902,1.);
#6902 = DIRECTION('',(0.,1.,-2.2E-16));
#6903 = PLANE('',#6904);
#6904 = AXIS2_PLACEMENT_3D('',#6905,#6906,#6907);
#6905 = CARTESIAN_POINT('',(31.5,6.22E-15,28.));
#6906 = DIRECTION('',(-1.,0.,6.537E-14));
#6907 = DIRECTION('',(-6.537E-14,-2.2E-16,-1.));
#6908 = ADVANCED_FACE('',(#6909),#6939,.F.);
#6909 = FACE_BOUND('',#6910,.F.);
#6910 = EDGE_LOOP('',(#6911,#6912,#6913,#6914,#6922,#6931,#6937,#6938));
#6911 = ORIENTED_EDGE('',*,*,#4019,.F.);
#6912 = ORIENTED_EDGE('',*,*,#6898,.T.);
#6913 = ORIENTED_EDGE('',*,*,#5022,.T.);
#6914 = ORIENTED_EDGE('',*,*,#6915,.F.);
#6915 = EDGE_CURVE('',#6916,#5015,#6918,.T.);
#6916 = VERTEX_POINT('',#6917);
#6917 = CARTESIAN_POINT('',(33.197222344654,10.,20.));
#6918 = LINE('',#6919,#6920);
#6919 = CARTESIAN_POINT('',(33.197222344654,5.11E-15,20.));
#6920 = VECTOR('',#6921,1.);
#6921 = DIRECTION('',(0.,-1.,2.2E-16));
#6922 = ORIENTED_EDGE('',*,*,#6923,.T.);
#6923 = EDGE_CURVE('',#6916,#6924,#6926,.T.);
#6924 = VERTEX_POINT('',#6925);
#6925 = CARTESIAN_POINT('',(36.802777655346,10.,20.));
#6926 = CIRCLE('',#6927,3.5);
#6927 = AXIS2_PLACEMENT_3D('',#6928,#6929,#6930);
#6928 = CARTESIAN_POINT('',(35.,10.,22.999998787564));
#6929 = DIRECTION('',(0.,-1.,0.));
#6930 = DIRECTION('',(1.,0.,0.));
#6931 = ORIENTED_EDGE('',*,*,#6932,.T.);
#6932 = EDGE_CURVE('',#6924,#5057,#6933,.T.);
#6933 = LINE('',#6934,#6935);
#6934 = CARTESIAN_POINT('',(36.802777655346,5.11E-15,20.));
#6935 = VECTOR('',#6936,1.);
#6936 = DIRECTION('',(0.,-1.,2.2E-16));
#6937 = ORIENTED_EDGE('',*,*,#5056,.T.);
#6938 = ORIENTED_EDGE('',*,*,#6881,.F.);
#6939 = CYLINDRICAL_SURFACE('',#6940,3.5);
#6940 = AXIS2_PLACEMENT_3D('',#6941,#6942,#6943);
#6941 = CARTESIAN_POINT('',(35.,5.11E-15,22.999998787564));
#6942 = DIRECTION('',(0.,-1.,2.2E-16));
#6943 = DIRECTION('',(1.,0.,0.));
#6944 = ADVANCED_FACE('',(#6945),#6957,.F.);
#6945 = FACE_BOUND('',#6946,.F.);
#6946 = EDGE_LOOP('',(#6947,#6952,#6953,#6954,#6955,#6956));
#6947 = ORIENTED_EDGE('',*,*,#6948,.F.);
#6948 = EDGE_CURVE('',#6256,#6461,#6949,.T.);
#6949 = B_SPLINE_CURVE_WITH_KNOTS('',1,(#6950,#6951),.UNSPECIFIED.,.F.,
  .F.,(2,2),(0.,1.),.PIECEWISE_BEZIER_KNOTS.);
#6950 = CARTESIAN_POINT('',(43.5,-1.,12.));
#6951 = CARTESIAN_POINT('',(41.680148828669,0.819851171331,17.));
#6952 = ORIENTED_EDGE('',*,*,#6255,.T.);
#6953 = ORIENTED_EDGE('',*,*,#6840,.T.);
#6954 = ORIENTED_EDGE('',*,*,#4043,.T.);
#6955 = ORIENTED_EDGE('',*,*,#4082,.F.);
#6956 = ORIENTED_EDGE('',*,*,#6460,.T.);
#6957 = B_SPLINE_SURFACE_WITH_KNOTS('',1,1,(
    (#6958,#6959)
    ,(#6960,#6961
    )),.UNSPECIFIED.,.F.,.F.,.F.,(2,2),(2,2),(0.,7.),(0.,1.),
  .PIECEWISE_BEZIER_KNOTS.);
#6958 = CARTESIAN_POINT('',(43.5,-1.,12.));
#6959 = CARTESIAN_POINT('',(41.680148828669,0.819851171331,17.));
#6960 = CARTESIAN_POINT('',(43.5,6.,12.));
#6961 = CARTESIAN_POINT('',(41.680148828669,4.180148828669,17.));
#6962 = ADVANCED_FACE('',(#6963),#6979,.F.);
#6963 = FACE_BOUND('',#6964,.F.);
#6964 = EDGE_LOOP('',(#6965,#6970,#6971,#6976,#6977,#6978));
#6965 = ORIENTED_EDGE('',*,*,#6966,.F.);
#6966 = EDGE_CURVE('',#6175,#4229,#6967,.T.);
#6967 = B_SPLINE_CURVE_WITH_KNOTS('',1,(#6968,#6969),.UNSPECIFIED.,.F.,
  .F.,(2,2),(0.,1.),.PIECEWISE_BEZIER_KNOTS.);
#6968 = CARTESIAN_POINT('',(116.5,6.,12.));
#6969 = CARTESIAN_POINT('',(118.31985117133,4.180148828669,17.));
#6970 = ORIENTED_EDGE('',*,*,#6174,.T.);
#6971 = ORIENTED_EDGE('',*,*,#6972,.T.);
#6972 = EDGE_CURVE('',#6177,#6500,#6973,.T.);
#6973 = B_SPLINE_CURVE_WITH_KNOTS('',1,(#6974,#6975),.UNSPECIFIED.,.F.,
  .F.,(2,2),(0.,1.),.PIECEWISE_BEZIER_KNOTS.);
#6974 = CARTESIAN_POINT('',(116.5,-1.,12.));
#6975 = CARTESIAN_POINT('',(118.31985117133,0.819851171331,17.));
#6976 = ORIENTED_EDGE('',*,*,#6506,.T.);
#6977 = ORIENTED_EDGE('',*,*,#4177,.T.);
#6978 = ORIENTED_EDGE('',*,*,#4228,.T.);
#6979 = B_SPLINE_SURFACE_WITH_KNOTS('',1,1,(
    (#6980,#6981)
    ,(#6982,#6983
    )),.UNSPECIFIED.,.F.,.F.,.F.,(2,2),(2,2),(0.,7.),(0.,1.),
  .PIECEWISE_BEZIER_KNOTS.);
#6980 = CARTESIAN_POINT('',(116.5,6.,12.));
#6981 = CARTESIAN_POINT('',(118.31985117133,4.180148828669,17.));
#6982 = CARTESIAN_POINT('',(116.5,-1.,12.));
#6983 = CARTESIAN_POINT('',(118.31985117133,0.819851171331,17.));
#6984 = ADVANCED_FACE('',(#6985),#6995,.F.);
#6985 = FACE_BOUND('',#6986,.F.);
#6986 = EDGE_LOOP('',(#6987,#6992,#6993,#6994));
#6987 = ORIENTED_EDGE('',*,*,#6988,.F.);
#6988 = EDGE_CURVE('',#6185,#4252,#6989,.T.);
#6989 = B_SPLINE_CURVE_WITH_KNOTS('',1,(#6990,#6991),.UNSPECIFIED.,.F.,
  .F.,(2,2),(0.,1.),.PIECEWISE_BEZIER_KNOTS.);
#6990 = CARTESIAN_POINT('',(133.5,6.,12.));
#6991 = CARTESIAN_POINT('',(131.68014882866,4.180148828669,17.));
#6992 = ORIENTED_EDGE('',*,*,#6184,.T.);
#6993 = ORIENTED_EDGE('',*,*,#6966,.T.);
#6994 = ORIENTED_EDGE('',*,*,#4251,.T.);
#6995 = B_SPLINE_SURFACE_WITH_KNOTS('',1,1,(
    (#6996,#6997)
    ,(#6998,#6999
    )),.UNSPECIFIED.,.F.,.F.,.F.,(2,2),(2,2),(0.,17.),(0.,1.),
  .PIECEWISE_BEZIER_KNOTS.);
#6996 = CARTESIAN_POINT('',(133.5,6.,12.));
#6997 = CARTESIAN_POINT('',(131.68014882866,4.180148828669,17.));
#6998 = CARTESIAN_POINT('',(116.5,6.,12.));
#6999 = CARTESIAN_POINT('',(118.31985117133,4.180148828669,17.));
#7000 = ADVANCED_FACE('',(#7001),#7017,.F.);
#7001 = FACE_BOUND('',#7002,.F.);
#7002 = EDGE_LOOP('',(#7003,#7004,#7010,#7011));
#7003 = ORIENTED_EDGE('',*,*,#4268,.F.);
#7004 = ORIENTED_EDGE('',*,*,#7005,.T.);
#7005 = EDGE_CURVE('',#4269,#5187,#7006,.T.);
#7006 = LINE('',#7007,#7008);
#7007 = CARTESIAN_POINT('',(128.5,6.22E-15,27.999998787564));
#7008 = VECTOR('',#7009,1.);
#7009 = DIRECTION('',(0.,1.,-2.2E-16));
#7010 = ORIENTED_EDGE('',*,*,#5186,.T.);
#7011 = ORIENTED_EDGE('',*,*,#7012,.F.);
#7012 = EDGE_CURVE('',#4271,#5179,#7013,.T.);
#7013 = LINE('',#7014,#7015);
#7014 = CARTESIAN_POINT('',(121.5,6.22E-15,27.999998787564));
#7015 = VECTOR('',#7016,1.);
#7016 = DIRECTION('',(0.,1.,-2.2E-16));
#7017 = CYLINDRICAL_SURFACE('',#7018,3.5);
#7018 = AXIS2_PLACEMENT_3D('',#7019,#7020,#7021);
#7019 = CARTESIAN_POINT('',(125.,6.22E-15,27.999998787564));
#7020 = DIRECTION('',(0.,-1.,2.2E-16));
#7021 = DIRECTION('',(1.,0.,0.));
#7022 = ADVANCED_FACE('',(#7023),#7034,.T.);
#7023 = FACE_BOUND('',#7024,.T.);
#7024 = EDGE_LOOP('',(#7025,#7026,#7027,#7028));
#7025 = ORIENTED_EDGE('',*,*,#4279,.F.);
#7026 = ORIENTED_EDGE('',*,*,#7005,.T.);
#7027 = ORIENTED_EDGE('',*,*,#5195,.F.);
#7028 = ORIENTED_EDGE('',*,*,#7029,.F.);
#7029 = EDGE_CURVE('',#4280,#5196,#7030,.T.);
#7030 = LINE('',#7031,#7032);
#7031 = CARTESIAN_POINT('',(128.5,5.11E-15,22.999997924871));
#7032 = VECTOR('',#7033,1.);
#7033 = DIRECTION('',(0.,1.,-2.2E-16));
#7034 = PLANE('',#7035);
#7035 = AXIS2_PLACEMENT_3D('',#7036,#7037,#7038);
#7036 = CARTESIAN_POINT('',(128.5,6.22E-15,27.999998787564));
#7037 = DIRECTION('',(-1.,0.,0.));
#7038 = DIRECTION('',(-0.,-2.2E-16,-1.));
#7039 = ADVANCED_FACE('',(#7040),#7051,.F.);
#7040 = FACE_BOUND('',#7041,.F.);
#7041 = EDGE_LOOP('',(#7042,#7043,#7044,#7045));
#7042 = ORIENTED_EDGE('',*,*,#4296,.F.);
#7043 = ORIENTED_EDGE('',*,*,#7012,.T.);
#7044 = ORIENTED_EDGE('',*,*,#5178,.F.);
#7045 = ORIENTED_EDGE('',*,*,#7046,.F.);
#7046 = EDGE_CURVE('',#4288,#5170,#7047,.T.);
#7047 = LINE('',#7048,#7049);
#7048 = CARTESIAN_POINT('',(121.5,5.11E-15,22.999997924872));
#7049 = VECTOR('',#7050,1.);
#7050 = DIRECTION('',(0.,1.,-2.2E-16));
#7051 = PLANE('',#7052);
#7052 = AXIS2_PLACEMENT_3D('',#7053,#7054,#7055);
#7053 = CARTESIAN_POINT('',(121.5,6.22E-15,27.999998787564));
#7054 = DIRECTION('',(-1.,-0.,-1.137E-14));
#7055 = DIRECTION('',(1.137E-14,-2.2E-16,-1.));
#7056 = ADVANCED_FACE('',(#7057),#7087,.F.);
#7057 = FACE_BOUND('',#7058,.F.);
#7058 = EDGE_LOOP('',(#7059,#7060,#7061,#7062,#7070,#7079,#7085,#7086));
#7059 = ORIENTED_EDGE('',*,*,#4287,.F.);
#7060 = ORIENTED_EDGE('',*,*,#7046,.T.);
#7061 = ORIENTED_EDGE('',*,*,#5169,.T.);
#7062 = ORIENTED_EDGE('',*,*,#7063,.F.);
#7063 = EDGE_CURVE('',#7064,#5162,#7066,.T.);
#7064 = VERTEX_POINT('',#7065);
#7065 = CARTESIAN_POINT('',(123.19722090905,10.,20.));
#7066 = LINE('',#7067,#7068);
#7067 = CARTESIAN_POINT('',(123.19722090905,5.11E-15,20.));
#7068 = VECTOR('',#7069,1.);
#7069 = DIRECTION('',(0.,-1.,2.2E-16));
#7070 = ORIENTED_EDGE('',*,*,#7071,.T.);
#7071 = EDGE_CURVE('',#7064,#7072,#7074,.T.);
#7072 = VERTEX_POINT('',#7073);
#7073 = CARTESIAN_POINT('',(126.80277909095,10.,20.));
#7074 = CIRCLE('',#7075,3.5);
#7075 = AXIS2_PLACEMENT_3D('',#7076,#7077,#7078);
#7076 = CARTESIAN_POINT('',(125.,10.,22.999997924871));
#7077 = DIRECTION('',(0.,-1.,0.));
#7078 = DIRECTION('',(1.,0.,0.));
#7079 = ORIENTED_EDGE('',*,*,#7080,.T.);
#7080 = EDGE_CURVE('',#7072,#5204,#7081,.T.);
#7081 = LINE('',#7082,#7083);
#7082 = CARTESIAN_POINT('',(126.80277909095,5.11E-15,20.));
#7083 = VECTOR('',#7084,1.);
#7084 = DIRECTION('',(0.,-1.,2.2E-16));
#7085 = ORIENTED_EDGE('',*,*,#5203,.T.);
#7086 = ORIENTED_EDGE('',*,*,#7029,.F.);
#7087 = CYLINDRICAL_SURFACE('',#7088,3.5);
#7088 = AXIS2_PLACEMENT_3D('',#7089,#7090,#7091);
#7089 = CARTESIAN_POINT('',(125.,5.11E-15,22.999997924871));
#7090 = DIRECTION('',(0.,-1.,2.2E-16));
#7091 = DIRECTION('',(1.,0.,0.));
#7092 = ADVANCED_FACE('',(#7093),#7105,.F.);
#7093 = FACE_BOUND('',#7094,.F.);
#7094 = EDGE_LOOP('',(#7095,#7100,#7101,#7102,#7103,#7104));
#7095 = ORIENTED_EDGE('',*,*,#7096,.F.);
#7096 = EDGE_CURVE('',#6193,#6493,#7097,.T.);
#7097 = B_SPLINE_CURVE_WITH_KNOTS('',1,(#7098,#7099),.UNSPECIFIED.,.F.,
  .F.,(2,2),(0.,1.),.PIECEWISE_BEZIER_KNOTS.);
#7098 = CARTESIAN_POINT('',(133.5,-1.,12.));
#7099 = CARTESIAN_POINT('',(131.68014882866,0.819851171331,17.));
#7100 = ORIENTED_EDGE('',*,*,#6192,.T.);
#7101 = ORIENTED_EDGE('',*,*,#6988,.T.);
#7102 = ORIENTED_EDGE('',*,*,#4311,.T.);
#7103 = ORIENTED_EDGE('',*,*,#4350,.F.);
#7104 = ORIENTED_EDGE('',*,*,#6492,.T.);
#7105 = B_SPLINE_SURFACE_WITH_KNOTS('',1,1,(
    (#7106,#7107)
    ,(#7108,#7109
    )),.UNSPECIFIED.,.F.,.F.,.F.,(2,2),(2,2),(0.,7.),(0.,1.),
  .PIECEWISE_BEZIER_KNOTS.);
#7106 = CARTESIAN_POINT('',(133.5,-1.,12.));
#7107 = CARTESIAN_POINT('',(131.68014882866,0.819851171331,17.));
#7108 = CARTESIAN_POINT('',(133.5,6.,12.));
#7109 = CARTESIAN_POINT('',(131.68014882866,4.180148828669,17.));
#7110 = ADVANCED_FACE('',(#7111),#7127,.F.);
#7111 = FACE_BOUND('',#7112,.F.);
#7112 = EDGE_LOOP('',(#7113,#7118,#7119,#7124,#7125,#7126));
#7113 = ORIENTED_EDGE('',*,*,#7114,.F.);
#7114 = EDGE_CURVE('',#6018,#4497,#7115,.T.);
#7115 = B_SPLINE_CURVE_WITH_KNOTS('',1,(#7116,#7117),.UNSPECIFIED.,.F.,
  .F.,(2,2),(0.,1.),.PIECEWISE_BEZIER_KNOTS.);
#7116 = CARTESIAN_POINT('',(206.5,6.,12.));
#7117 = CARTESIAN_POINT('',(208.31985117133,4.180148828669,17.));
#7118 = ORIENTED_EDGE('',*,*,#6017,.T.);
#7119 = ORIENTED_EDGE('',*,*,#7120,.T.);
#7120 = EDGE_CURVE('',#6020,#6532,#7121,.T.);
#7121 = B_SPLINE_CURVE_WITH_KNOTS('',1,(#7122,#7123),.UNSPECIFIED.,.F.,
  .F.,(2,2),(0.,1.),.PIECEWISE_BEZIER_KNOTS.);
#7122 = CARTESIAN_POINT('',(206.5,-1.,12.));
#7123 = CARTESIAN_POINT('',(208.31985117133,0.819851171331,17.));
#7124 = ORIENTED_EDGE('',*,*,#6538,.T.);
#7125 = ORIENTED_EDGE('',*,*,#4445,.T.);
#7126 = ORIENTED_EDGE('',*,*,#4496,.T.);
#7127 = B_SPLINE_SURFACE_WITH_KNOTS('',1,1,(
    (#7128,#7129)
    ,(#7130,#7131
    )),.UNSPECIFIED.,.F.,.F.,.F.,(2,2),(2,2),(0.,7.),(0.,1.),
  .PIECEWISE_BEZIER_KNOTS.);
#7128 = CARTESIAN_POINT('',(206.5,6.,12.));
#7129 = CARTESIAN_POINT('',(208.31985117133,4.180148828669,17.));
#7130 = CARTESIAN_POINT('',(206.5,-1.,12.));
#7131 = CARTESIAN_POINT('',(208.31985117133,0.819851171331,17.));
#7132 = ADVANCED_FACE('',(#7133),#7143,.F.);
#7133 = FACE_BOUND('',#7134,.F.);
#7134 = EDGE_LOOP('',(#7135,#7140,#7141,#7142));
#7135 = ORIENTED_EDGE('',*,*,#7136,.F.);
#7136 = EDGE_CURVE('',#6028,#4520,#7137,.T.);
#7137 = B_SPLINE_CURVE_WITH_KNOTS('',1,(#7138,#7139),.UNSPECIFIED.,.F.,
  .F.,(2,2),(0.,1.),.PIECEWISE_BEZIER_KNOTS.);
#7138 = CARTESIAN_POINT('',(223.5,6.,12.));
#7139 = CARTESIAN_POINT('',(221.68014882866,4.180148828669,17.));
#7140 = ORIENTED_EDGE('',*,*,#6027,.T.);
#7141 = ORIENTED_EDGE('',*,*,#7114,.T.);
#7142 = ORIENTED_EDGE('',*,*,#4519,.T.);
#7143 = B_SPLINE_SURFACE_WITH_KNOTS('',1,1,(
    (#7144,#7145)
    ,(#7146,#7147
    )),.UNSPECIFIED.,.F.,.F.,.F.,(2,2),(2,2),(0.,17.),(0.,1.),
  .PIECEWISE_BEZIER_KNOTS.);
#7144 = CARTESIAN_POINT('',(223.5,6.,12.));
#7145 = CARTESIAN_POINT('',(221.68014882866,4.180148828669,17.));
#7146 = CARTESIAN_POINT('',(206.5,6.,12.));
#7147 = CARTESIAN_POINT('',(208.31985117133,4.180148828669,17.));
#7148 = ADVANCED_FACE('',(#7149),#7165,.F.);
#7149 = FACE_BOUND('',#7150,.F.);
#7150 = EDGE_LOOP('',(#7151,#7152,#7158,#7159));
#7151 = ORIENTED_EDGE('',*,*,#4536,.F.);
#7152 = ORIENTED_EDGE('',*,*,#7153,.T.);
#7153 = EDGE_CURVE('',#4537,#5334,#7154,.T.);
#7154 = LINE('',#7155,#7156);
#7155 = CARTESIAN_POINT('',(218.5,6.22E-15,28.));
#7156 = VECTOR('',#7157,1.);
#7157 = DIRECTION('',(0.,1.,-2.2E-16));
#7158 = ORIENTED_EDGE('',*,*,#5333,.T.);
#7159 = ORIENTED_EDGE('',*,*,#7160,.F.);
#7160 = EDGE_CURVE('',#4539,#5326,#7161,.T.);
#7161 = LINE('',#7162,#7163);
#7162 = CARTESIAN_POINT('',(211.5,6.22E-15,28.));
#7163 = VECTOR('',#7164,1.);
#7164 = DIRECTION('',(0.,1.,-2.2E-16));
#7165 = CYLINDRICAL_SURFACE('',#7166,3.5);
#7166 = AXIS2_PLACEMENT_3D('',#7167,#7168,#7169);
#7167 = CARTESIAN_POINT('',(215.,6.22E-15,28.));
#7168 = DIRECTION('',(0.,-1.,2.2E-16));
#7169 = DIRECTION('',(1.,0.,0.));
#7170 = ADVANCED_FACE('',(#7171),#7182,.T.);
#7171 = FACE_BOUND('',#7172,.T.);
#7172 = EDGE_LOOP('',(#7173,#7174,#7175,#7176));
#7173 = ORIENTED_EDGE('',*,*,#4547,.F.);
#7174 = ORIENTED_EDGE('',*,*,#7153,.T.);
#7175 = ORIENTED_EDGE('',*,*,#5342,.F.);
#7176 = ORIENTED_EDGE('',*,*,#7177,.F.);
#7177 = EDGE_CURVE('',#4548,#5343,#7178,.T.);
#7178 = LINE('',#7179,#7180);
#7179 = CARTESIAN_POINT('',(218.5,5.11E-15,22.999999));
#7180 = VECTOR('',#7181,1.);
#7181 = DIRECTION('',(0.,1.,-2.2E-16));
#7182 = PLANE('',#7183);
#7183 = AXIS2_PLACEMENT_3D('',#7184,#7185,#7186);
#7184 = CARTESIAN_POINT('',(218.5,6.22E-15,28.));
#7185 = DIRECTION('',(-1.,0.,0.));
#7186 = DIRECTION('',(-0.,-2.2E-16,-1.));
#7187 = ADVANCED_FACE('',(#7188),#7199,.F.);
#7188 = FACE_BOUND('',#7189,.F.);
#7189 = EDGE_LOOP('',(#7190,#7191,#7192,#7193));
#7190 = ORIENTED_EDGE('',*,*,#4564,.F.);
#7191 = ORIENTED_EDGE('',*,*,#7160,.T.);
#7192 = ORIENTED_EDGE('',*,*,#5325,.F.);
#7193 = ORIENTED_EDGE('',*,*,#7194,.F.);
#7194 = EDGE_CURVE('',#4556,#5317,#7195,.T.);
#7195 = LINE('',#7196,#7197);
#7196 = CARTESIAN_POINT('',(211.5,5.11E-15,22.999999));
#7197 = VECTOR('',#7198,1.);
#7198 = DIRECTION('',(0.,1.,-2.2E-16));
#7199 = PLANE('',#7200);
#7200 = AXIS2_PLACEMENT_3D('',#7201,#7202,#7203);
#7201 = CARTESIAN_POINT('',(211.5,6.22E-15,28.));
#7202 = DIRECTION('',(-1.,-0.,-1.137E-14));
#7203 = DIRECTION('',(1.137E-14,-2.2E-16,-1.));
#7204 = ADVANCED_FACE('',(#7205),#7235,.F.);
#7205 = FACE_BOUND('',#7206,.F.);
#7206 = EDGE_LOOP('',(#7207,#7208,#7209,#7210,#7218,#7227,#7233,#7234));
#7207 = ORIENTED_EDGE('',*,*,#4555,.F.);
#7208 = ORIENTED_EDGE('',*,*,#7194,.T.);
#7209 = ORIENTED_EDGE('',*,*,#5316,.T.);
#7210 = ORIENTED_EDGE('',*,*,#7211,.F.);
#7211 = EDGE_CURVE('',#7212,#5309,#7214,.T.);
#7212 = VERTEX_POINT('',#7213);
#7213 = CARTESIAN_POINT('',(213.19722269816,10.,20.));
#7214 = LINE('',#7215,#7216);
#7215 = CARTESIAN_POINT('',(213.19722269816,5.11E-15,20.));
#7216 = VECTOR('',#7217,1.);
#7217 = DIRECTION('',(0.,-1.,2.2E-16));
#7218 = ORIENTED_EDGE('',*,*,#7219,.T.);
#7219 = EDGE_CURVE('',#7212,#7220,#7222,.T.);
#7220 = VERTEX_POINT('',#7221);
#7221 = CARTESIAN_POINT('',(216.80277730183,10.,20.));
#7222 = CIRCLE('',#7223,3.5);
#7223 = AXIS2_PLACEMENT_3D('',#7224,#7225,#7226);
#7224 = CARTESIAN_POINT('',(215.,10.,22.999999));
#7225 = DIRECTION('',(0.,-1.,0.));
#7226 = DIRECTION('',(1.,0.,0.));
#7227 = ORIENTED_EDGE('',*,*,#7228,.T.);
#7228 = EDGE_CURVE('',#7220,#5351,#7229,.T.);
#7229 = LINE('',#7230,#7231);
#7230 = CARTESIAN_POINT('',(216.80277730183,5.11E-15,20.));
#7231 = VECTOR('',#7232,1.);
#7232 = DIRECTION('',(0.,-1.,2.2E-16));
#7233 = ORIENTED_EDGE('',*,*,#5350,.T.);
#7234 = ORIENTED_EDGE('',*,*,#7177,.F.);
#7235 = CYLINDRICAL_SURFACE('',#7236,3.5);
#7236 = AXIS2_PLACEMENT_3D('',#7237,#7238,#7239);
#7237 = CARTESIAN_POINT('',(215.,5.11E-15,22.999999));
#7238 = DIRECTION('',(0.,-1.,2.2E-16));
#7239 = DIRECTION('',(1.,0.,0.));
#7240 = ADVANCED_FACE('',(#7241),#7253,.F.);
#7241 = FACE_BOUND('',#7242,.F.);
#7242 = EDGE_LOOP('',(#7243,#7248,#7249,#7250,#7251,#7252));
#7243 = ORIENTED_EDGE('',*,*,#7244,.F.);
#7244 = EDGE_CURVE('',#6036,#6525,#7245,.T.);
#7245 = B_SPLINE_CURVE_WITH_KNOTS('',1,(#7246,#7247),.UNSPECIFIED.,.F.,
  .F.,(2,2),(0.,1.),.PIECEWISE_BEZIER_KNOTS.);
#7246 = CARTESIAN_POINT('',(223.5,-1.,12.));
#7247 = CARTESIAN_POINT('',(221.68014882866,0.819851171331,17.));
#7248 = ORIENTED_EDGE('',*,*,#6035,.T.);
#7249 = ORIENTED_EDGE('',*,*,#7136,.T.);
#7250 = ORIENTED_EDGE('',*,*,#4579,.T.);
#7251 = ORIENTED_EDGE('',*,*,#4618,.F.);
#7252 = ORIENTED_EDGE('',*,*,#6524,.T.);
#7253 = B_SPLINE_SURFACE_WITH_KNOTS('',1,1,(
    (#7254,#7255)
    ,(#7256,#7257
    )),.UNSPECIFIED.,.F.,.F.,.F.,(2,2),(2,2),(0.,7.),(0.,1.),
  .PIECEWISE_BEZIER_KNOTS.);
#7254 = CARTESIAN_POINT('',(223.5,-1.,12.));
#7255 = CARTESIAN_POINT('',(221.68014882866,0.819851171331,17.));
#7256 = CARTESIAN_POINT('',(223.5,6.,12.));
#7257 = CARTESIAN_POINT('',(221.68014882866,4.180148828669,17.));
#7258 = ADVANCED_FACE('',(#7259),#7274,.T.);
#7259 = FACE_BOUND('',#7260,.T.);
#7260 = EDGE_LOOP('',(#7261,#7262,#7263,#7264,#7270,#7271,#7272,#7273));
#7261 = ORIENTED_EDGE('',*,*,#4877,.T.);
#7262 = ORIENTED_EDGE('',*,*,#4795,.T.);
#7263 = ORIENTED_EDGE('',*,*,#6321,.T.);
#7264 = ORIENTED_EDGE('',*,*,#7265,.F.);
#7265 = EDGE_CURVE('',#6330,#6322,#7266,.T.);
#7266 = LINE('',#7267,#7268);
#7267 = CARTESIAN_POINT('',(-18.,58.000000339018,24.4));
#7268 = VECTOR('',#7269,1.);
#7269 = DIRECTION('',(0.,1.,0.));
#7270 = ORIENTED_EDGE('',*,*,#6338,.F.);
#7271 = ORIENTED_EDGE('',*,*,#4846,.T.);
#7272 = ORIENTED_EDGE('',*,*,#4918,.T.);
#7273 = ORIENTED_EDGE('',*,*,#4901,.T.);
#7274 = PLANE('',#7275);
#7275 = AXIS2_PLACEMENT_3D('',#7276,#7277,#7278);
#7276 = CARTESIAN_POINT('',(-16.,58.000001,24.4));
#7277 = DIRECTION('',(0.,0.,1.));
#7278 = DIRECTION('',(1.,0.,0.));
#7279 = ADVANCED_FACE('',(#7280),#7295,.T.);
#7280 = FACE_BOUND('',#7281,.T.);
#7281 = EDGE_LOOP('',(#7282,#7283,#7284,#7285,#7286,#7292,#7293,#7294));
#7282 = ORIENTED_EDGE('',*,*,#4972,.T.);
#7283 = ORIENTED_EDGE('',*,*,#4941,.T.);
#7284 = ORIENTED_EDGE('',*,*,#5014,.T.);
#7285 = ORIENTED_EDGE('',*,*,#6915,.F.);
#7286 = ORIENTED_EDGE('',*,*,#7287,.T.);
#7287 = EDGE_CURVE('',#6916,#6924,#7288,.T.);
#7288 = LINE('',#7289,#7290);
#7289 = CARTESIAN_POINT('',(124.99999973705,10.,20.));
#7290 = VECTOR('',#7291,1.);
#7291 = DIRECTION('',(1.,0.,0.));
#7292 = ORIENTED_EDGE('',*,*,#6932,.T.);
#7293 = ORIENTED_EDGE('',*,*,#5065,.T.);
#7294 = ORIENTED_EDGE('',*,*,#4996,.T.);
#7295 = PLANE('',#7296);
#7296 = AXIS2_PLACEMENT_3D('',#7297,#7298,#7299);
#7297 = CARTESIAN_POINT('',(124.99999988528,9.666666673882,20.));
#7298 = DIRECTION('',(0.,0.,1.));
#7299 = DIRECTION('',(1.,0.,0.));
#7300 = ADVANCED_FACE('',(#7301),#7316,.T.);
#7301 = FACE_BOUND('',#7302,.T.);
#7302 = EDGE_LOOP('',(#7303,#7304,#7305,#7306,#7307,#7313,#7314,#7315));
#7303 = ORIENTED_EDGE('',*,*,#5119,.T.);
#7304 = ORIENTED_EDGE('',*,*,#5088,.T.);
#7305 = ORIENTED_EDGE('',*,*,#5161,.T.);
#7306 = ORIENTED_EDGE('',*,*,#7063,.F.);
#7307 = ORIENTED_EDGE('',*,*,#7308,.T.);
#7308 = EDGE_CURVE('',#7064,#7072,#7309,.T.);
#7309 = LINE('',#7310,#7311);
#7310 = CARTESIAN_POINT('',(124.99999973705,10.,20.));
#7311 = VECTOR('',#7312,1.);
#7312 = DIRECTION('',(1.,0.,0.));
#7313 = ORIENTED_EDGE('',*,*,#7080,.T.);
#7314 = ORIENTED_EDGE('',*,*,#5212,.T.);
#7315 = ORIENTED_EDGE('',*,*,#5143,.T.);
#7316 = PLANE('',#7317);
#7317 = AXIS2_PLACEMENT_3D('',#7318,#7319,#7320);
#7318 = CARTESIAN_POINT('',(124.99999988528,9.666666673882,20.));
#7319 = DIRECTION('',(0.,0.,1.));
#7320 = DIRECTION('',(1.,0.,0.));
#7321 = ADVANCED_FACE('',(#7322),#7337,.T.);
#7322 = FACE_BOUND('',#7323,.T.);
#7323 = EDGE_LOOP('',(#7324,#7325,#7326,#7327,#7328,#7334,#7335,#7336));
#7324 = ORIENTED_EDGE('',*,*,#5266,.T.);
#7325 = ORIENTED_EDGE('',*,*,#5235,.T.);
#7326 = ORIENTED_EDGE('',*,*,#5308,.T.);
#7327 = ORIENTED_EDGE('',*,*,#7211,.F.);
#7328 = ORIENTED_EDGE('',*,*,#7329,.T.);
#7329 = EDGE_CURVE('',#7212,#7220,#7330,.T.);
#7330 = LINE('',#7331,#7332);
#7331 = CARTESIAN_POINT('',(124.99999973705,10.,20.));
#7332 = VECTOR('',#7333,1.);
#7333 = DIRECTION('',(1.,0.,0.));
#7334 = ORIENTED_EDGE('',*,*,#7228,.T.);
#7335 = ORIENTED_EDGE('',*,*,#5359,.T.);
#7336 = ORIENTED_EDGE('',*,*,#5290,.T.);
#7337 = PLANE('',#7338);
#7338 = AXIS2_PLACEMENT_3D('',#7339,#7340,#7341);
#7339 = CARTESIAN_POINT('',(124.99999988528,9.666666673882,20.));
#7340 = DIRECTION('',(0.,0.,1.));
#7341 = DIRECTION('',(1.,0.,0.));
#7342 = ADVANCED_FACE('',(#7343),#7349,.F.);
#7343 = FACE_BOUND('',#7344,.F.);
#7344 = EDGE_LOOP('',(#7345,#7346,#7347,#7348));
#7345 = ORIENTED_EDGE('',*,*,#7120,.F.);
#7346 = ORIENTED_EDGE('',*,*,#6043,.T.);
#7347 = ORIENTED_EDGE('',*,*,#7244,.T.);
#7348 = ORIENTED_EDGE('',*,*,#6531,.T.);
#7349 = B_SPLINE_SURFACE_WITH_KNOTS('',1,1,(
    (#7350,#7351)
    ,(#7352,#7353
    )),.UNSPECIFIED.,.F.,.F.,.F.,(2,2),(2,2),(0.,17.),(0.,1.),
  .PIECEWISE_BEZIER_KNOTS.);
#7350 = CARTESIAN_POINT('',(206.5,-1.,12.));
#7351 = CARTESIAN_POINT('',(208.31985117133,0.819851171331,17.));
#7352 = CARTESIAN_POINT('',(223.5,-1.,12.));
#7353 = CARTESIAN_POINT('',(221.68014882866,0.819851171331,17.));
#7354 = ADVANCED_FACE('',(#7355),#7361,.F.);
#7355 = FACE_BOUND('',#7356,.F.);
#7356 = EDGE_LOOP('',(#7357,#7358,#7359,#7360));
#7357 = ORIENTED_EDGE('',*,*,#6972,.F.);
#7358 = ORIENTED_EDGE('',*,*,#6200,.T.);
#7359 = ORIENTED_EDGE('',*,*,#7096,.T.);
#7360 = ORIENTED_EDGE('',*,*,#6499,.T.);
#7361 = B_SPLINE_SURFACE_WITH_KNOTS('',1,1,(
    (#7362,#7363)
    ,(#7364,#7365
    )),.UNSPECIFIED.,.F.,.F.,.F.,(2,2),(2,2),(0.,17.),(0.,1.),
  .PIECEWISE_BEZIER_KNOTS.);
#7362 = CARTESIAN_POINT('',(116.5,-1.,12.));
#7363 = CARTESIAN_POINT('',(118.31985117133,0.819851171331,17.));
#7364 = CARTESIAN_POINT('',(133.5,-1.,12.));
#7365 = CARTESIAN_POINT('',(131.68014882866,0.819851171331,17.));
#7366 = ADVANCED_FACE('',(#7367),#7373,.F.);
#7367 = FACE_BOUND('',#7368,.F.);
#7368 = EDGE_LOOP('',(#7369,#7370,#7371,#7372));
#7369 = ORIENTED_EDGE('',*,*,#6824,.F.);
#7370 = ORIENTED_EDGE('',*,*,#6263,.T.);
#7371 = ORIENTED_EDGE('',*,*,#6948,.T.);
#7372 = ORIENTED_EDGE('',*,*,#6467,.T.);
#7373 = B_SPLINE_SURFACE_WITH_KNOTS('',1,1,(
    (#7374,#7375)
    ,(#7376,#7377
    )),.UNSPECIFIED.,.F.,.F.,.F.,(2,2),(2,2),(0.,17.),(0.,1.),
  .PIECEWISE_BEZIER_KNOTS.);
#7374 = CARTESIAN_POINT('',(26.5,-1.,12.));
#7375 = CARTESIAN_POINT('',(28.319851171331,0.819851171331,17.));
#7376 = CARTESIAN_POINT('',(43.5,-1.,12.));
#7377 = CARTESIAN_POINT('',(41.680148828669,0.819851171331,17.));
#7378 = ADVANCED_FACE('',(#7379),#7383,.F.);
#7379 = FACE_BOUND('',#7380,.F.);
#7380 = EDGE_LOOP('',(#7381,#7382));
#7381 = ORIENTED_EDGE('',*,*,#6329,.T.);
#7382 = ORIENTED_EDGE('',*,*,#7265,.F.);
#7383 = PLANE('',#7384);
#7384 = AXIS2_PLACEMENT_3D('',#7385,#7386,#7387);
#7385 = CARTESIAN_POINT('',(-18.,57.999999678035,29.499999696891));
#7386 = DIRECTION('',(1.,0.,0.));
#7387 = DIRECTION('',(0.,0.,1.));
#7388 = ADVANCED_FACE('',(#7389),#7393,.F.);
#7389 = FACE_BOUND('',#7390,.F.);
#7390 = EDGE_LOOP('',(#7391,#7392));
#7391 = ORIENTED_EDGE('',*,*,#7287,.T.);
#7392 = ORIENTED_EDGE('',*,*,#6923,.F.);
#7393 = PLANE('',#7394);
#7394 = AXIS2_PLACEMENT_3D('',#7395,#7396,#7397);
#7395 = CARTESIAN_POINT('',(124.99999958883,10.,25.499999083333));
#7396 = DIRECTION('',(0.,1.,0.));
#7397 = DIRECTION('',(0.,0.,1.));
#7398 = ADVANCED_FACE('',(#7399),#7403,.F.);
#7399 = FACE_BOUND('',#7400,.F.);
#7400 = EDGE_LOOP('',(#7401,#7402));
#7401 = ORIENTED_EDGE('',*,*,#7308,.T.);
#7402 = ORIENTED_EDGE('',*,*,#7071,.F.);
#7403 = PLANE('',#7404);
#7404 = AXIS2_PLACEMENT_3D('',#7405,#7406,#7407);
#7405 = CARTESIAN_POINT('',(124.99999958883,10.,25.499999083333));
#7406 = DIRECTION('',(0.,1.,0.));
#7407 = DIRECTION('',(0.,0.,1.));
#7408 = ADVANCED_FACE('',(#7409),#7413,.F.);
#7409 = FACE_BOUND('',#7410,.F.);
#7410 = EDGE_LOOP('',(#7411,#7412));
#7411 = ORIENTED_EDGE('',*,*,#7329,.T.);
#7412 = ORIENTED_EDGE('',*,*,#7219,.F.);
#7413 = PLANE('',#7414);
#7414 = AXIS2_PLACEMENT_3D('',#7415,#7416,#7417);
#7415 = CARTESIAN_POINT('',(124.99999958883,10.,25.499999083333));
#7416 = DIRECTION('',(0.,1.,0.));
#7417 = DIRECTION('',(0.,0.,1.));
#7418 = ( GEOMETRIC_REPRESENTATION_CONTEXT(3) 
GLOBAL_UNCERTAINTY_ASSIGNED_CONTEXT((#7422)) 
GLOBAL_UNIT_ASSIGNED_CONTEXT((#7419,#7420,#7421)) REPRESENTATION_CONTEXT
('Context #1','3D Context with UNIT and UNCERTAINTY') );
#7419 = ( LENGTH_UNIT() NAMED_UNIT(*) SI_UNIT(.MILLI.,.METRE.) );
#7420 = ( NAMED_UNIT(*) PLANE_ANGLE_UNIT() SI_UNIT($,.RADIAN.) );
#7421 = ( NAMED_UNIT(*) SI_UNIT($,.STERADIAN.) SOLID_ANGLE_UNIT() );
#7422 = UNCERTAINTY_MEASURE_WITH_UNIT(LENGTH_MEASURE(5.E-04),#7419,
  'distance_accuracy_value','confusion accuracy');
#7423 = PRODUCT_RELATED_PRODUCT_CATEGORY('part',$,(#7));
ENDSEC;
END-ISO-10303-21;
